ISO-10303-21;
HEADER;
/* Generated by software containing ST-Developer
 * from STEP Tools, Inc. (www.steptools.com) 
 */

FILE_DESCRIPTION(
/* description */ (''),
/* implementation_level */ '2;1');

FILE_NAME(
/* name */ 'triangle bracket - 6 way.step',
/* time_stamp */ '2026-07-28T01:29:21+09:00',
/* author */ (''),
/* organization */ (''),
/* preprocessor_version */ 'ST-DEVELOPER v20.1',
/* originating_system */ 'Autodesk Translation Framework v15.8.0.0',
/* authorisation */ '');

FILE_SCHEMA (('AUTOMOTIVE_DESIGN { 1 0 10303 214 3 1 1 }'));
ENDSEC;

DATA;
#10=MECHANICAL_DESIGN_GEOMETRIC_PRESENTATION_REPRESENTATION('',(#13),#2232);
#11=SHAPE_REPRESENTATION_RELATIONSHIP('SRR','None',#2239,#12);
#12=ADVANCED_BREP_SHAPE_REPRESENTATION('',(#14),#2231);
#13=STYLED_ITEM('',(#2248),#14);
#14=MANIFOLD_SOLID_BREP('Bracket_6way',#1242);
#15=FACE_BOUND('',#207,.T.);
#16=FACE_BOUND('',#208,.T.);
#17=FACE_BOUND('',#209,.T.);
#18=FACE_BOUND('',#210,.T.);
#19=FACE_BOUND('',#211,.T.);
#20=FACE_BOUND('',#212,.T.);
#21=FACE_BOUND('',#213,.T.);
#22=FACE_BOUND('',#228,.T.);
#23=FACE_BOUND('',#230,.T.);
#24=FACE_BOUND('',#232,.T.);
#25=FACE_BOUND('',#234,.T.);
#26=FACE_BOUND('',#236,.T.);
#27=FACE_BOUND('',#238,.T.);
#28=FACE_BOUND('',#246,.T.);
#29=FACE_BOUND('',#247,.T.);
#30=FACE_BOUND('',#248,.T.);
#31=FACE_BOUND('',#249,.T.);
#32=FACE_BOUND('',#250,.T.);
#33=FACE_BOUND('',#251,.T.);
#34=SPHERICAL_SURFACE('',#1335,0.7);
#35=SPHERICAL_SURFACE('',#1340,0.7);
#36=SPHERICAL_SURFACE('',#1344,0.7);
#37=SPHERICAL_SURFACE('',#1350,0.7);
#38=SPHERICAL_SURFACE('',#1355,0.7);
#39=SPHERICAL_SURFACE('',#1359,0.7);
#40=PLANE('',#1305);
#41=PLANE('',#1308);
#42=PLANE('',#1309);
#43=PLANE('',#1312);
#44=PLANE('',#1313);
#45=PLANE('',#1316);
#46=PLANE('',#1317);
#47=PLANE('',#1321);
#48=PLANE('',#1322);
#49=PLANE('',#1325);
#50=PLANE('',#1326);
#51=PLANE('',#1329);
#52=PLANE('',#1330);
#53=PLANE('',#1337);
#54=PLANE('',#1367);
#55=PLANE('',#1411);
#56=PLANE('',#1413);
#57=PLANE('',#1415);
#58=PLANE('',#1417);
#59=PLANE('',#1419);
#60=PLANE('',#1421);
#61=PLANE('',#1435);
#62=TOROIDAL_SURFACE('',#1259,1.2,0.5);
#63=TOROIDAL_SURFACE('',#1267,1.2,0.5);
#64=TOROIDAL_SURFACE('',#1275,1.2,0.5);
#65=TOROIDAL_SURFACE('',#1283,1.2,0.5);
#66=TOROIDAL_SURFACE('',#1291,1.2,0.5);
#67=TOROIDAL_SURFACE('',#1299,1.2,0.5);
#68=TOROIDAL_SURFACE('',#1362,2.3,0.5);
#69=TOROIDAL_SURFACE('',#1376,2.3,0.5);
#70=TOROIDAL_SURFACE('',#1382,2.3,0.5);
#71=TOROIDAL_SURFACE('',#1388,2.3,0.5);
#72=TOROIDAL_SURFACE('',#1394,2.3,0.5);
#73=TOROIDAL_SURFACE('',#1400,33.5,0.5);
#74=TOROIDAL_SURFACE('',#1405,2.3,0.5);
#75=FACE_OUTER_BOUND('',#154,.T.);
#76=FACE_OUTER_BOUND('',#155,.T.);
#77=FACE_OUTER_BOUND('',#156,.T.);
#78=FACE_OUTER_BOUND('',#157,.T.);
#79=FACE_OUTER_BOUND('',#158,.T.);
#80=FACE_OUTER_BOUND('',#159,.T.);
#81=FACE_OUTER_BOUND('',#160,.T.);
#82=FACE_OUTER_BOUND('',#161,.T.);
#83=FACE_OUTER_BOUND('',#162,.T.);
#84=FACE_OUTER_BOUND('',#163,.T.);
#85=FACE_OUTER_BOUND('',#164,.T.);
#86=FACE_OUTER_BOUND('',#165,.T.);
#87=FACE_OUTER_BOUND('',#166,.T.);
#88=FACE_OUTER_BOUND('',#167,.T.);
#89=FACE_OUTER_BOUND('',#168,.T.);
#90=FACE_OUTER_BOUND('',#169,.T.);
#91=FACE_OUTER_BOUND('',#170,.T.);
#92=FACE_OUTER_BOUND('',#171,.T.);
#93=FACE_OUTER_BOUND('',#172,.T.);
#94=FACE_OUTER_BOUND('',#173,.T.);
#95=FACE_OUTER_BOUND('',#174,.T.);
#96=FACE_OUTER_BOUND('',#175,.T.);
#97=FACE_OUTER_BOUND('',#176,.T.);
#98=FACE_OUTER_BOUND('',#177,.T.);
#99=FACE_OUTER_BOUND('',#178,.T.);
#100=FACE_OUTER_BOUND('',#179,.T.);
#101=FACE_OUTER_BOUND('',#180,.T.);
#102=FACE_OUTER_BOUND('',#181,.T.);
#103=FACE_OUTER_BOUND('',#182,.T.);
#104=FACE_OUTER_BOUND('',#183,.T.);
#105=FACE_OUTER_BOUND('',#184,.T.);
#106=FACE_OUTER_BOUND('',#185,.T.);
#107=FACE_OUTER_BOUND('',#186,.T.);
#108=FACE_OUTER_BOUND('',#187,.T.);
#109=FACE_OUTER_BOUND('',#188,.T.);
#110=FACE_OUTER_BOUND('',#189,.T.);
#111=FACE_OUTER_BOUND('',#190,.T.);
#112=FACE_OUTER_BOUND('',#191,.T.);
#113=FACE_OUTER_BOUND('',#192,.T.);
#114=FACE_OUTER_BOUND('',#193,.T.);
#115=FACE_OUTER_BOUND('',#194,.T.);
#116=FACE_OUTER_BOUND('',#195,.T.);
#117=FACE_OUTER_BOUND('',#196,.T.);
#118=FACE_OUTER_BOUND('',#197,.T.);
#119=FACE_OUTER_BOUND('',#198,.T.);
#120=FACE_OUTER_BOUND('',#199,.T.);
#121=FACE_OUTER_BOUND('',#200,.T.);
#122=FACE_OUTER_BOUND('',#201,.T.);
#123=FACE_OUTER_BOUND('',#202,.T.);
#124=FACE_OUTER_BOUND('',#203,.T.);
#125=FACE_OUTER_BOUND('',#204,.T.);
#126=FACE_OUTER_BOUND('',#205,.T.);
#127=FACE_OUTER_BOUND('',#206,.T.);
#128=FACE_OUTER_BOUND('',#214,.T.);
#129=FACE_OUTER_BOUND('',#215,.T.);
#130=FACE_OUTER_BOUND('',#216,.T.);
#131=FACE_OUTER_BOUND('',#217,.T.);
#132=FACE_OUTER_BOUND('',#218,.T.);
#133=FACE_OUTER_BOUND('',#219,.T.);
#134=FACE_OUTER_BOUND('',#220,.T.);
#135=FACE_OUTER_BOUND('',#221,.T.);
#136=FACE_OUTER_BOUND('',#222,.T.);
#137=FACE_OUTER_BOUND('',#223,.T.);
#138=FACE_OUTER_BOUND('',#224,.T.);
#139=FACE_OUTER_BOUND('',#225,.T.);
#140=FACE_OUTER_BOUND('',#226,.T.);
#141=FACE_OUTER_BOUND('',#227,.T.);
#142=FACE_OUTER_BOUND('',#229,.T.);
#143=FACE_OUTER_BOUND('',#231,.T.);
#144=FACE_OUTER_BOUND('',#233,.T.);
#145=FACE_OUTER_BOUND('',#235,.T.);
#146=FACE_OUTER_BOUND('',#237,.T.);
#147=FACE_OUTER_BOUND('',#239,.T.);
#148=FACE_OUTER_BOUND('',#240,.T.);
#149=FACE_OUTER_BOUND('',#241,.T.);
#150=FACE_OUTER_BOUND('',#242,.T.);
#151=FACE_OUTER_BOUND('',#243,.T.);
#152=FACE_OUTER_BOUND('',#244,.T.);
#153=FACE_OUTER_BOUND('',#245,.T.);
#154=EDGE_LOOP('',(#777,#778,#779,#780));
#155=EDGE_LOOP('',(#781,#782,#783,#784));
#156=EDGE_LOOP('',(#785,#786,#787,#788));
#157=EDGE_LOOP('',(#789,#790,#791,#792));
#158=EDGE_LOOP('',(#793,#794,#795,#796));
#159=EDGE_LOOP('',(#797,#798,#799,#800));
#160=EDGE_LOOP('',(#801,#802,#803,#804));
#161=EDGE_LOOP('',(#805,#806,#807,#808));
#162=EDGE_LOOP('',(#809,#810,#811,#812));
#163=EDGE_LOOP('',(#813,#814,#815,#816));
#164=EDGE_LOOP('',(#817,#818,#819,#820));
#165=EDGE_LOOP('',(#821,#822,#823,#824));
#166=EDGE_LOOP('',(#825,#826,#827,#828));
#167=EDGE_LOOP('',(#829,#830,#831,#832));
#168=EDGE_LOOP('',(#833,#834,#835,#836));
#169=EDGE_LOOP('',(#837,#838,#839,#840));
#170=EDGE_LOOP('',(#841,#842,#843,#844));
#171=EDGE_LOOP('',(#845,#846,#847,#848));
#172=EDGE_LOOP('',(#849,#850,#851,#852));
#173=EDGE_LOOP('',(#853,#854,#855,#856));
#174=EDGE_LOOP('',(#857,#858,#859,#860));
#175=EDGE_LOOP('',(#861,#862,#863,#864));
#176=EDGE_LOOP('',(#865,#866,#867,#868));
#177=EDGE_LOOP('',(#869,#870,#871,#872));
#178=EDGE_LOOP('',(#873,#874,#875,#876));
#179=EDGE_LOOP('',(#877,#878,#879,#880));
#180=EDGE_LOOP('',(#881,#882,#883,#884));
#181=EDGE_LOOP('',(#885,#886,#887,#888));
#182=EDGE_LOOP('',(#889,#890,#891,#892,#893));
#183=EDGE_LOOP('',(#894,#895,#896,#897));
#184=EDGE_LOOP('',(#898,#899,#900,#901));
#185=EDGE_LOOP('',(#902,#903,#904,#905));
#186=EDGE_LOOP('',(#906,#907,#908,#909));
#187=EDGE_LOOP('',(#910,#911,#912,#913));
#188=EDGE_LOOP('',(#914,#915,#916,#917));
#189=EDGE_LOOP('',(#918,#919,#920,#921));
#190=EDGE_LOOP('',(#922,#923,#924,#925,#926,#927,#928,#929));
#191=EDGE_LOOP('',(#930,#931,#932,#933));
#192=EDGE_LOOP('',(#934,#935,#936));
#193=EDGE_LOOP('',(#937,#938,#939,#940));
#194=EDGE_LOOP('',(#941,#942,#943,#944));
#195=EDGE_LOOP('',(#945,#946));
#196=EDGE_LOOP('',(#947,#948,#949,#950,#951,#952));
#197=EDGE_LOOP('',(#953,#954,#955,#956,#957));
#198=EDGE_LOOP('',(#958,#959,#960,#961,#962,#963));
#199=EDGE_LOOP('',(#964,#965,#966,#967,#968));
#200=EDGE_LOOP('',(#969,#970,#971,#972,#973));
#201=EDGE_LOOP('',(#974,#975));
#202=EDGE_LOOP('',(#976,#977,#978,#979,#980));
#203=EDGE_LOOP('',(#981,#982));
#204=EDGE_LOOP('',(#983,#984,#985,#986,#987));
#205=EDGE_LOOP('',(#988,#989,#990,#991,#992));
#206=EDGE_LOOP('',(#993));
#207=EDGE_LOOP('',(#994,#995,#996,#997,#998,#999,#1000,#1001,#1002,#1003,
#1004,#1005,#1006,#1007,#1008,#1009,#1010,#1011,#1012));
#208=EDGE_LOOP('',(#1013));
#209=EDGE_LOOP('',(#1014));
#210=EDGE_LOOP('',(#1015));
#211=EDGE_LOOP('',(#1016));
#212=EDGE_LOOP('',(#1017));
#213=EDGE_LOOP('',(#1018));
#214=EDGE_LOOP('',(#1019,#1020,#1021,#1022,#1023));
#215=EDGE_LOOP('',(#1024,#1025,#1026,#1027,#1028));
#216=EDGE_LOOP('',(#1029,#1030,#1031,#1032,#1033));
#217=EDGE_LOOP('',(#1034,#1035,#1036,#1037,#1038));
#218=EDGE_LOOP('',(#1039,#1040,#1041,#1042,#1043));
#219=EDGE_LOOP('',(#1044,#1045,#1046,#1047,#1048));
#220=EDGE_LOOP('',(#1049,#1050,#1051,#1052,#1053));
#221=EDGE_LOOP('',(#1054,#1055,#1056,#1057,#1058));
#222=EDGE_LOOP('',(#1059,#1060,#1061,#1062,#1063));
#223=EDGE_LOOP('',(#1064,#1065,#1066,#1067));
#224=EDGE_LOOP('',(#1068,#1069,#1070,#1071));
#225=EDGE_LOOP('',(#1072,#1073,#1074,#1075,#1076));
#226=EDGE_LOOP('',(#1077,#1078,#1079,#1080,#1081));
#227=EDGE_LOOP('',(#1082));
#228=EDGE_LOOP('',(#1083));
#229=EDGE_LOOP('',(#1084));
#230=EDGE_LOOP('',(#1085));
#231=EDGE_LOOP('',(#1086));
#232=EDGE_LOOP('',(#1087));
#233=EDGE_LOOP('',(#1088));
#234=EDGE_LOOP('',(#1089));
#235=EDGE_LOOP('',(#1090));
#236=EDGE_LOOP('',(#1091));
#237=EDGE_LOOP('',(#1092));
#238=EDGE_LOOP('',(#1093));
#239=EDGE_LOOP('',(#1094,#1095,#1096,#1097));
#240=EDGE_LOOP('',(#1098,#1099,#1100,#1101));
#241=EDGE_LOOP('',(#1102,#1103,#1104,#1105));
#242=EDGE_LOOP('',(#1106,#1107,#1108,#1109));
#243=EDGE_LOOP('',(#1110,#1111,#1112,#1113));
#244=EDGE_LOOP('',(#1114,#1115,#1116,#1117));
#245=EDGE_LOOP('',(#1118));
#246=EDGE_LOOP('',(#1119));
#247=EDGE_LOOP('',(#1120));
#248=EDGE_LOOP('',(#1121));
#249=EDGE_LOOP('',(#1122));
#250=EDGE_LOOP('',(#1123));
#251=EDGE_LOOP('',(#1124));
#252=CIRCLE('',#1258,0.5);
#253=CIRCLE('',#1260,0.5);
#254=CIRCLE('',#1261,1.2);
#255=CIRCLE('',#1262,0.7);
#256=CIRCLE('',#1266,0.500000000000001);
#257=CIRCLE('',#1268,0.499999999999999);
#258=CIRCLE('',#1269,1.2);
#259=CIRCLE('',#1270,0.7);
#260=CIRCLE('',#1274,0.499999999999998);
#261=CIRCLE('',#1276,0.499999999999999);
#262=CIRCLE('',#1277,1.2);
#263=CIRCLE('',#1278,0.7);
#264=CIRCLE('',#1282,0.5);
#265=CIRCLE('',#1284,0.5);
#266=CIRCLE('',#1285,1.2);
#267=CIRCLE('',#1286,0.7);
#268=CIRCLE('',#1290,0.500000000000001);
#269=CIRCLE('',#1292,0.499999999999998);
#270=CIRCLE('',#1293,1.2);
#271=CIRCLE('',#1294,0.7);
#272=CIRCLE('',#1298,0.499999999999999);
#273=CIRCLE('',#1300,0.500000000000002);
#274=CIRCLE('',#1301,1.2);
#275=CIRCLE('',#1302,0.7);
#276=CIRCLE('',#1304,0.5);
#277=CIRCLE('',#1307,0.700000000000003);
#278=CIRCLE('',#1311,0.699999999999998);
#279=CIRCLE('',#1315,0.699999999999998);
#280=CIRCLE('',#1319,0.699999999999999);
#281=CIRCLE('',#1320,0.699999999999999);
#282=CIRCLE('',#1324,0.699999999999993);
#283=CIRCLE('',#1328,0.699999999999998);
#284=CIRCLE('',#1331,0.7);
#285=CIRCLE('',#1334,0.699999999999998);
#286=CIRCLE('',#1336,0.699999999999998);
#287=CIRCLE('',#1341,0.7);
#288=CIRCLE('',#1345,0.700000000000001);
#289=CIRCLE('',#1346,0.7);
#290=CIRCLE('',#1347,0.700000000000001);
#291=CIRCLE('',#1351,0.699999999999999);
#292=CIRCLE('',#1352,0.7);
#293=CIRCLE('',#1356,0.7);
#294=CIRCLE('',#1360,0.699999999999999);
#295=CIRCLE('',#1363,2.3);
#296=CIRCLE('',#1364,0.5);
#297=CIRCLE('',#1365,1.8);
#298=CIRCLE('',#1366,1.8);
#299=CIRCLE('',#1368,33.5);
#300=CIRCLE('',#1369,2.3);
#301=CIRCLE('',#1370,2.3);
#302=CIRCLE('',#1371,2.3);
#303=CIRCLE('',#1372,2.3);
#304=CIRCLE('',#1373,2.3);
#305=CIRCLE('',#1375,1.8);
#306=CIRCLE('',#1377,0.5);
#307=CIRCLE('',#1378,1.8);
#308=CIRCLE('',#1379,1.8);
#309=CIRCLE('',#1381,1.8);
#310=CIRCLE('',#1383,0.5);
#311=CIRCLE('',#1384,1.8);
#312=CIRCLE('',#1385,1.8);
#313=CIRCLE('',#1387,1.8);
#314=CIRCLE('',#1389,0.5);
#315=CIRCLE('',#1390,1.8);
#316=CIRCLE('',#1391,1.8);
#317=CIRCLE('',#1393,1.8);
#318=CIRCLE('',#1395,0.5);
#319=CIRCLE('',#1396,1.8);
#320=CIRCLE('',#1397,1.8);
#321=CIRCLE('',#1399,1.8);
#322=CIRCLE('',#1401,0.5);
#323=CIRCLE('',#1402,34.);
#324=CIRCLE('',#1404,34.);
#325=CIRCLE('',#1406,0.5);
#326=CIRCLE('',#1407,1.8);
#327=CIRCLE('',#1408,1.8);
#328=CIRCLE('',#1410,1.8);
#329=CIRCLE('',#1412,1.7);
#330=CIRCLE('',#1414,1.7);
#331=CIRCLE('',#1416,1.7);
#332=CIRCLE('',#1418,1.7);
#333=CIRCLE('',#1420,1.7);
#334=CIRCLE('',#1422,1.7);
#335=CIRCLE('',#1424,1.7);
#336=CIRCLE('',#1426,1.7);
#337=CIRCLE('',#1428,1.7);
#338=CIRCLE('',#1430,1.7);
#339=CIRCLE('',#1432,1.7);
#340=CIRCLE('',#1434,1.7);
#341=LINE('',#1877,#414);
#342=LINE('',#1880,#415);
#343=LINE('',#1889,#416);
#344=LINE('',#1891,#417);
#345=LINE('',#1895,#418);
#346=LINE('',#1898,#419);
#347=LINE('',#1907,#420);
#348=LINE('',#1909,#421);
#349=LINE('',#1913,#422);
#350=LINE('',#1916,#423);
#351=LINE('',#1925,#424);
#352=LINE('',#1927,#425);
#353=LINE('',#1931,#426);
#354=LINE('',#1934,#427);
#355=LINE('',#1943,#428);
#356=LINE('',#1945,#429);
#357=LINE('',#1949,#430);
#358=LINE('',#1952,#431);
#359=LINE('',#1961,#432);
#360=LINE('',#1963,#433);
#361=LINE('',#1967,#434);
#362=LINE('',#1970,#435);
#363=LINE('',#1981,#436);
#364=LINE('',#1982,#437);
#365=LINE('',#1985,#438);
#366=LINE('',#1987,#439);
#367=LINE('',#1988,#440);
#368=LINE('',#1991,#441);
#369=LINE('',#1995,#442);
#370=LINE('',#1996,#443);
#371=LINE('',#1999,#444);
#372=LINE('',#2000,#445);
#373=LINE('',#2003,#446);
#374=LINE('',#2007,#447);
#375=LINE('',#2008,#448);
#376=LINE('',#2011,#449);
#377=LINE('',#2012,#450);
#378=LINE('',#2015,#451);
#379=LINE('',#2019,#452);
#380=LINE('',#2020,#453);
#381=LINE('',#2023,#454);
#382=LINE('',#2024,#455);
#383=LINE('',#2027,#456);
#384=LINE('',#2033,#457);
#385=LINE('',#2034,#458);
#386=LINE('',#2037,#459);
#387=LINE('',#2038,#460);
#388=LINE('',#2041,#461);
#389=LINE('',#2045,#462);
#390=LINE('',#2046,#463);
#391=LINE('',#2049,#464);
#392=LINE('',#2050,#465);
#393=LINE('',#2053,#466);
#394=LINE('',#2057,#467);
#395=LINE('',#2058,#468);
#396=LINE('',#2060,#469);
#397=LINE('',#2064,#470);
#398=LINE('',#2069,#471);
#399=LINE('',#2074,#472);
#400=LINE('',#2075,#473);
#401=LINE('',#2126,#474);
#402=LINE('',#2136,#475);
#403=LINE('',#2146,#476);
#404=LINE('',#2156,#477);
#405=LINE('',#2166,#478);
#406=LINE('',#2174,#479);
#407=LINE('',#2184,#480);
#408=LINE('',#2206,#481);
#409=LINE('',#2210,#482);
#410=LINE('',#2214,#483);
#411=LINE('',#2218,#484);
#412=LINE('',#2222,#485);
#413=LINE('',#2226,#486);
#414=VECTOR('',#1442,10.);
#415=VECTOR('',#1445,10.);
#416=VECTOR('',#1456,10.);
#417=VECTOR('',#1457,10.);
#418=VECTOR('',#1462,10.);
#419=VECTOR('',#1465,10.);
#420=VECTOR('',#1476,10.);
#421=VECTOR('',#1477,10.);
#422=VECTOR('',#1482,10.);
#423=VECTOR('',#1485,10.);
#424=VECTOR('',#1496,10.);
#425=VECTOR('',#1497,10.);
#426=VECTOR('',#1502,10.);
#427=VECTOR('',#1505,10.);
#428=VECTOR('',#1516,10.);
#429=VECTOR('',#1517,10.);
#430=VECTOR('',#1522,10.);
#431=VECTOR('',#1525,10.);
#432=VECTOR('',#1536,10.);
#433=VECTOR('',#1537,10.);
#434=VECTOR('',#1542,10.);
#435=VECTOR('',#1545,10.);
#436=VECTOR('',#1558,10.);
#437=VECTOR('',#1559,10.);
#438=VECTOR('',#1562,10.);
#439=VECTOR('',#1563,10.);
#440=VECTOR('',#1564,10.);
#441=VECTOR('',#1567,10.);
#442=VECTOR('',#1572,10.);
#443=VECTOR('',#1573,10.);
#444=VECTOR('',#1576,10.);
#445=VECTOR('',#1577,10.);
#446=VECTOR('',#1580,10.);
#447=VECTOR('',#1585,10.);
#448=VECTOR('',#1586,10.);
#449=VECTOR('',#1589,10.);
#450=VECTOR('',#1590,10.);
#451=VECTOR('',#1593,10.);
#452=VECTOR('',#1598,10.);
#453=VECTOR('',#1599,10.);
#454=VECTOR('',#1602,10.);
#455=VECTOR('',#1603,10.);
#456=VECTOR('',#1606,10.);
#457=VECTOR('',#1613,10.);
#458=VECTOR('',#1614,10.);
#459=VECTOR('',#1617,10.);
#460=VECTOR('',#1618,10.);
#461=VECTOR('',#1621,10.);
#462=VECTOR('',#1626,10.);
#463=VECTOR('',#1627,10.);
#464=VECTOR('',#1630,10.);
#465=VECTOR('',#1631,10.);
#466=VECTOR('',#1634,10.);
#467=VECTOR('',#1639,10.);
#468=VECTOR('',#1640,10.);
#469=VECTOR('',#1643,10.);
#470=VECTOR('',#1646,10.);
#471=VECTOR('',#1653,10.);
#472=VECTOR('',#1660,10.);
#473=VECTOR('',#1661,10.);
#474=VECTOR('',#1736,1.8);
#475=VECTOR('',#1749,1.8);
#476=VECTOR('',#1762,1.8);
#477=VECTOR('',#1775,1.8);
#478=VECTOR('',#1788,1.8);
#479=VECTOR('',#1799,34.);
#480=VECTOR('',#1812,1.8);
#481=VECTOR('',#1841,1.7);
#482=VECTOR('',#1846,1.7);
#483=VECTOR('',#1851,1.7);
#484=VECTOR('',#1856,1.7);
#485=VECTOR('',#1861,1.7);
#486=VECTOR('',#1866,1.7);
#487=ELLIPSE('',#1257,0.577350269189626,0.5);
#488=ELLIPSE('',#1264,1.,0.5);
#489=ELLIPSE('',#1272,1.,0.5);
#490=ELLIPSE('',#1280,1.,0.5);
#491=ELLIPSE('',#1288,1.,0.5);
#492=ELLIPSE('',#1296,0.999999999999999,0.5);
#493=ELLIPSE('',#1332,0.808290376865476,0.7);
#494=ELLIPSE('',#1339,1.4,0.7);
#495=ELLIPSE('',#1343,1.4,0.7);
#496=ELLIPSE('',#1349,1.4,0.7);
#497=ELLIPSE('',#1354,1.4,0.7);
#498=ELLIPSE('',#1358,1.4,0.7);
#499=VERTEX_POINT('',#1873);
#500=VERTEX_POINT('',#1874);
#501=VERTEX_POINT('',#1876);
#502=VERTEX_POINT('',#1878);
#503=VERTEX_POINT('',#1882);
#504=VERTEX_POINT('',#1883);
#505=VERTEX_POINT('',#1888);
#506=VERTEX_POINT('',#1890);
#507=VERTEX_POINT('',#1894);
#508=VERTEX_POINT('',#1896);
#509=VERTEX_POINT('',#1900);
#510=VERTEX_POINT('',#1901);
#511=VERTEX_POINT('',#1906);
#512=VERTEX_POINT('',#1908);
#513=VERTEX_POINT('',#1912);
#514=VERTEX_POINT('',#1914);
#515=VERTEX_POINT('',#1918);
#516=VERTEX_POINT('',#1919);
#517=VERTEX_POINT('',#1924);
#518=VERTEX_POINT('',#1926);
#519=VERTEX_POINT('',#1930);
#520=VERTEX_POINT('',#1932);
#521=VERTEX_POINT('',#1936);
#522=VERTEX_POINT('',#1937);
#523=VERTEX_POINT('',#1942);
#524=VERTEX_POINT('',#1944);
#525=VERTEX_POINT('',#1948);
#526=VERTEX_POINT('',#1950);
#527=VERTEX_POINT('',#1954);
#528=VERTEX_POINT('',#1955);
#529=VERTEX_POINT('',#1960);
#530=VERTEX_POINT('',#1962);
#531=VERTEX_POINT('',#1966);
#532=VERTEX_POINT('',#1968);
#533=VERTEX_POINT('',#1972);
#534=VERTEX_POINT('',#1973);
#535=VERTEX_POINT('',#1978);
#536=VERTEX_POINT('',#1979);
#537=VERTEX_POINT('',#1984);
#538=VERTEX_POINT('',#1986);
#539=VERTEX_POINT('',#1990);
#540=VERTEX_POINT('',#1994);
#541=VERTEX_POINT('',#1998);
#542=VERTEX_POINT('',#2002);
#543=VERTEX_POINT('',#2006);
#544=VERTEX_POINT('',#2010);
#545=VERTEX_POINT('',#2014);
#546=VERTEX_POINT('',#2018);
#547=VERTEX_POINT('',#2022);
#548=VERTEX_POINT('',#2026);
#549=VERTEX_POINT('',#2028);
#550=VERTEX_POINT('',#2032);
#551=VERTEX_POINT('',#2036);
#552=VERTEX_POINT('',#2040);
#553=VERTEX_POINT('',#2044);
#554=VERTEX_POINT('',#2048);
#555=VERTEX_POINT('',#2052);
#556=VERTEX_POINT('',#2056);
#557=VERTEX_POINT('',#2061);
#558=VERTEX_POINT('',#2063);
#559=VERTEX_POINT('',#2067);
#560=VERTEX_POINT('',#2073);
#561=VERTEX_POINT('',#2083);
#562=VERTEX_POINT('',#2085);
#563=VERTEX_POINT('',#2092);
#564=VERTEX_POINT('',#2104);
#565=VERTEX_POINT('',#2106);
#566=VERTEX_POINT('',#2108);
#567=VERTEX_POINT('',#2112);
#568=VERTEX_POINT('',#2114);
#569=VERTEX_POINT('',#2116);
#570=VERTEX_POINT('',#2118);
#571=VERTEX_POINT('',#2120);
#572=VERTEX_POINT('',#2122);
#573=VERTEX_POINT('',#2125);
#574=VERTEX_POINT('',#2129);
#575=VERTEX_POINT('',#2131);
#576=VERTEX_POINT('',#2135);
#577=VERTEX_POINT('',#2139);
#578=VERTEX_POINT('',#2141);
#579=VERTEX_POINT('',#2145);
#580=VERTEX_POINT('',#2149);
#581=VERTEX_POINT('',#2151);
#582=VERTEX_POINT('',#2155);
#583=VERTEX_POINT('',#2159);
#584=VERTEX_POINT('',#2161);
#585=VERTEX_POINT('',#2165);
#586=VERTEX_POINT('',#2169);
#587=VERTEX_POINT('',#2173);
#588=VERTEX_POINT('',#2177);
#589=VERTEX_POINT('',#2179);
#590=VERTEX_POINT('',#2183);
#591=VERTEX_POINT('',#2187);
#592=VERTEX_POINT('',#2190);
#593=VERTEX_POINT('',#2193);
#594=VERTEX_POINT('',#2196);
#595=VERTEX_POINT('',#2199);
#596=VERTEX_POINT('',#2202);
#597=VERTEX_POINT('',#2205);
#598=VERTEX_POINT('',#2209);
#599=VERTEX_POINT('',#2213);
#600=VERTEX_POINT('',#2217);
#601=VERTEX_POINT('',#2221);
#602=VERTEX_POINT('',#2225);
#603=EDGE_CURVE('',#499,#500,#487,.T.);
#604=EDGE_CURVE('',#499,#501,#341,.T.);
#605=EDGE_CURVE('',#501,#502,#252,.T.);
#606=EDGE_CURVE('',#502,#500,#342,.T.);
#607=EDGE_CURVE('',#503,#504,#253,.T.);
#608=EDGE_CURVE('',#504,#502,#254,.T.);
#609=EDGE_CURVE('',#501,#503,#255,.T.);
#610=EDGE_CURVE('',#505,#504,#343,.T.);
#611=EDGE_CURVE('',#503,#506,#344,.T.);
#612=EDGE_CURVE('',#506,#505,#488,.T.);
#613=EDGE_CURVE('',#506,#507,#345,.T.);
#614=EDGE_CURVE('',#507,#508,#256,.T.);
#615=EDGE_CURVE('',#508,#505,#346,.T.);
#616=EDGE_CURVE('',#509,#510,#257,.T.);
#617=EDGE_CURVE('',#510,#508,#258,.T.);
#618=EDGE_CURVE('',#507,#509,#259,.T.);
#619=EDGE_CURVE('',#511,#510,#347,.T.);
#620=EDGE_CURVE('',#509,#512,#348,.T.);
#621=EDGE_CURVE('',#512,#511,#489,.T.);
#622=EDGE_CURVE('',#512,#513,#349,.T.);
#623=EDGE_CURVE('',#513,#514,#260,.T.);
#624=EDGE_CURVE('',#514,#511,#350,.T.);
#625=EDGE_CURVE('',#515,#516,#261,.T.);
#626=EDGE_CURVE('',#516,#514,#262,.T.);
#627=EDGE_CURVE('',#513,#515,#263,.T.);
#628=EDGE_CURVE('',#517,#516,#351,.T.);
#629=EDGE_CURVE('',#515,#518,#352,.T.);
#630=EDGE_CURVE('',#518,#517,#490,.T.);
#631=EDGE_CURVE('',#518,#519,#353,.T.);
#632=EDGE_CURVE('',#519,#520,#264,.T.);
#633=EDGE_CURVE('',#520,#517,#354,.T.);
#634=EDGE_CURVE('',#521,#522,#265,.T.);
#635=EDGE_CURVE('',#522,#520,#266,.T.);
#636=EDGE_CURVE('',#519,#521,#267,.T.);
#637=EDGE_CURVE('',#523,#522,#355,.T.);
#638=EDGE_CURVE('',#521,#524,#356,.T.);
#639=EDGE_CURVE('',#524,#523,#491,.T.);
#640=EDGE_CURVE('',#524,#525,#357,.T.);
#641=EDGE_CURVE('',#525,#526,#268,.T.);
#642=EDGE_CURVE('',#526,#523,#358,.T.);
#643=EDGE_CURVE('',#527,#528,#269,.T.);
#644=EDGE_CURVE('',#528,#526,#270,.T.);
#645=EDGE_CURVE('',#525,#527,#271,.T.);
#646=EDGE_CURVE('',#529,#528,#359,.T.);
#647=EDGE_CURVE('',#527,#530,#360,.T.);
#648=EDGE_CURVE('',#530,#529,#492,.T.);
#649=EDGE_CURVE('',#530,#531,#361,.T.);
#650=EDGE_CURVE('',#531,#532,#272,.T.);
#651=EDGE_CURVE('',#532,#529,#362,.T.);
#652=EDGE_CURVE('',#533,#534,#273,.T.);
#653=EDGE_CURVE('',#534,#532,#274,.T.);
#654=EDGE_CURVE('',#531,#533,#275,.T.);
#655=EDGE_CURVE('',#535,#536,#276,.T.);
#656=EDGE_CURVE('',#536,#534,#363,.T.);
#657=EDGE_CURVE('',#533,#535,#364,.T.);
#658=EDGE_CURVE('',#537,#533,#365,.T.);
#659=EDGE_CURVE('',#538,#537,#366,.T.);
#660=EDGE_CURVE('',#535,#538,#367,.T.);
#661=EDGE_CURVE('',#531,#539,#368,.T.);
#662=EDGE_CURVE('',#539,#537,#277,.T.);
#663=EDGE_CURVE('',#530,#540,#369,.T.);
#664=EDGE_CURVE('',#539,#540,#370,.T.);
#665=EDGE_CURVE('',#541,#527,#371,.T.);
#666=EDGE_CURVE('',#540,#541,#372,.T.);
#667=EDGE_CURVE('',#525,#542,#373,.T.);
#668=EDGE_CURVE('',#542,#541,#278,.T.);
#669=EDGE_CURVE('',#524,#543,#374,.T.);
#670=EDGE_CURVE('',#542,#543,#375,.T.);
#671=EDGE_CURVE('',#544,#521,#376,.T.);
#672=EDGE_CURVE('',#543,#544,#377,.T.);
#673=EDGE_CURVE('',#519,#545,#378,.T.);
#674=EDGE_CURVE('',#545,#544,#279,.T.);
#675=EDGE_CURVE('',#518,#546,#379,.T.);
#676=EDGE_CURVE('',#545,#546,#380,.T.);
#677=EDGE_CURVE('',#547,#515,#381,.T.);
#678=EDGE_CURVE('',#546,#547,#382,.T.);
#679=EDGE_CURVE('',#513,#548,#383,.T.);
#680=EDGE_CURVE('',#548,#549,#280,.T.);
#681=EDGE_CURVE('',#549,#547,#281,.T.);
#682=EDGE_CURVE('',#512,#550,#384,.T.);
#683=EDGE_CURVE('',#548,#550,#385,.T.);
#684=EDGE_CURVE('',#551,#509,#386,.T.);
#685=EDGE_CURVE('',#550,#551,#387,.T.);
#686=EDGE_CURVE('',#507,#552,#388,.T.);
#687=EDGE_CURVE('',#552,#551,#282,.T.);
#688=EDGE_CURVE('',#506,#553,#389,.T.);
#689=EDGE_CURVE('',#552,#553,#390,.T.);
#690=EDGE_CURVE('',#554,#503,#391,.T.);
#691=EDGE_CURVE('',#553,#554,#392,.T.);
#692=EDGE_CURVE('',#501,#555,#393,.T.);
#693=EDGE_CURVE('',#555,#554,#283,.T.);
#694=EDGE_CURVE('',#499,#556,#394,.T.);
#695=EDGE_CURVE('',#555,#556,#395,.T.);
#696=EDGE_CURVE('',#536,#500,#396,.T.);
#697=EDGE_CURVE('',#557,#538,#284,.T.);
#698=EDGE_CURVE('',#558,#557,#397,.T.);
#699=EDGE_CURVE('',#556,#558,#493,.F.);
#700=EDGE_CURVE('',#537,#559,#285,.T.);
#701=EDGE_CURVE('',#559,#557,#398,.T.);
#702=EDGE_CURVE('',#539,#559,#286,.T.);
#703=EDGE_CURVE('',#560,#559,#399,.T.);
#704=EDGE_CURVE('',#558,#560,#400,.T.);
#705=EDGE_CURVE('',#560,#540,#494,.T.);
#706=EDGE_CURVE('',#555,#554,#287,.T.);
#707=EDGE_CURVE('',#560,#553,#495,.T.);
#708=EDGE_CURVE('',#552,#561,#288,.T.);
#709=EDGE_CURVE('',#562,#561,#289,.T.);
#710=EDGE_CURVE('',#561,#551,#290,.T.);
#711=EDGE_CURVE('',#560,#550,#496,.T.);
#712=EDGE_CURVE('',#548,#547,#291,.T.);
#713=EDGE_CURVE('',#563,#549,#292,.T.);
#714=EDGE_CURVE('',#560,#546,#497,.T.);
#715=EDGE_CURVE('',#545,#544,#293,.T.);
#716=EDGE_CURVE('',#560,#543,#498,.T.);
#717=EDGE_CURVE('',#542,#541,#294,.T.);
#718=EDGE_CURVE('',#564,#564,#295,.T.);
#719=EDGE_CURVE('',#564,#565,#296,.T.);
#720=EDGE_CURVE('',#565,#566,#297,.T.);
#721=EDGE_CURVE('',#566,#565,#298,.T.);
#722=EDGE_CURVE('',#567,#567,#299,.T.);
#723=EDGE_CURVE('',#568,#568,#300,.T.);
#724=EDGE_CURVE('',#569,#569,#301,.T.);
#725=EDGE_CURVE('',#570,#570,#302,.T.);
#726=EDGE_CURVE('',#571,#571,#303,.T.);
#727=EDGE_CURVE('',#572,#572,#304,.T.);
#728=EDGE_CURVE('',#566,#573,#401,.T.);
#729=EDGE_CURVE('',#573,#573,#305,.T.);
#730=EDGE_CURVE('',#568,#574,#306,.T.);
#731=EDGE_CURVE('',#574,#575,#307,.T.);
#732=EDGE_CURVE('',#575,#574,#308,.T.);
#733=EDGE_CURVE('',#575,#576,#402,.T.);
#734=EDGE_CURVE('',#576,#576,#309,.T.);
#735=EDGE_CURVE('',#572,#577,#310,.T.);
#736=EDGE_CURVE('',#577,#578,#311,.T.);
#737=EDGE_CURVE('',#578,#577,#312,.T.);
#738=EDGE_CURVE('',#578,#579,#403,.T.);
#739=EDGE_CURVE('',#579,#579,#313,.T.);
#740=EDGE_CURVE('',#569,#580,#314,.T.);
#741=EDGE_CURVE('',#580,#581,#315,.T.);
#742=EDGE_CURVE('',#581,#580,#316,.T.);
#743=EDGE_CURVE('',#581,#582,#404,.T.);
#744=EDGE_CURVE('',#582,#582,#317,.T.);
#745=EDGE_CURVE('',#571,#583,#318,.T.);
#746=EDGE_CURVE('',#583,#584,#319,.T.);
#747=EDGE_CURVE('',#584,#583,#320,.T.);
#748=EDGE_CURVE('',#584,#585,#405,.T.);
#749=EDGE_CURVE('',#585,#585,#321,.T.);
#750=EDGE_CURVE('',#567,#586,#322,.T.);
#751=EDGE_CURVE('',#586,#586,#323,.T.);
#752=EDGE_CURVE('',#586,#587,#406,.T.);
#753=EDGE_CURVE('',#587,#587,#324,.T.);
#754=EDGE_CURVE('',#570,#588,#325,.T.);
#755=EDGE_CURVE('',#588,#589,#326,.T.);
#756=EDGE_CURVE('',#589,#588,#327,.T.);
#757=EDGE_CURVE('',#589,#590,#407,.T.);
#758=EDGE_CURVE('',#590,#590,#328,.T.);
#759=EDGE_CURVE('',#591,#591,#329,.T.);
#760=EDGE_CURVE('',#592,#592,#330,.T.);
#761=EDGE_CURVE('',#593,#593,#331,.T.);
#762=EDGE_CURVE('',#594,#594,#332,.T.);
#763=EDGE_CURVE('',#595,#595,#333,.T.);
#764=EDGE_CURVE('',#596,#596,#334,.T.);
#765=EDGE_CURVE('',#591,#597,#408,.T.);
#766=EDGE_CURVE('',#597,#597,#335,.T.);
#767=EDGE_CURVE('',#592,#598,#409,.T.);
#768=EDGE_CURVE('',#598,#598,#336,.T.);
#769=EDGE_CURVE('',#593,#599,#410,.T.);
#770=EDGE_CURVE('',#599,#599,#337,.T.);
#771=EDGE_CURVE('',#594,#600,#411,.T.);
#772=EDGE_CURVE('',#600,#600,#338,.T.);
#773=EDGE_CURVE('',#595,#601,#412,.T.);
#774=EDGE_CURVE('',#601,#601,#339,.T.);
#775=EDGE_CURVE('',#596,#602,#413,.T.);
#776=EDGE_CURVE('',#602,#602,#340,.T.);
#777=ORIENTED_EDGE('',*,*,#603,.F.);
#778=ORIENTED_EDGE('',*,*,#604,.T.);
#779=ORIENTED_EDGE('',*,*,#605,.T.);
#780=ORIENTED_EDGE('',*,*,#606,.T.);
#781=ORIENTED_EDGE('',*,*,#607,.T.);
#782=ORIENTED_EDGE('',*,*,#608,.T.);
#783=ORIENTED_EDGE('',*,*,#605,.F.);
#784=ORIENTED_EDGE('',*,*,#609,.T.);
#785=ORIENTED_EDGE('',*,*,#610,.T.);
#786=ORIENTED_EDGE('',*,*,#607,.F.);
#787=ORIENTED_EDGE('',*,*,#611,.T.);
#788=ORIENTED_EDGE('',*,*,#612,.T.);
#789=ORIENTED_EDGE('',*,*,#613,.T.);
#790=ORIENTED_EDGE('',*,*,#614,.T.);
#791=ORIENTED_EDGE('',*,*,#615,.T.);
#792=ORIENTED_EDGE('',*,*,#612,.F.);
#793=ORIENTED_EDGE('',*,*,#616,.T.);
#794=ORIENTED_EDGE('',*,*,#617,.T.);
#795=ORIENTED_EDGE('',*,*,#614,.F.);
#796=ORIENTED_EDGE('',*,*,#618,.T.);
#797=ORIENTED_EDGE('',*,*,#619,.T.);
#798=ORIENTED_EDGE('',*,*,#616,.F.);
#799=ORIENTED_EDGE('',*,*,#620,.T.);
#800=ORIENTED_EDGE('',*,*,#621,.T.);
#801=ORIENTED_EDGE('',*,*,#622,.T.);
#802=ORIENTED_EDGE('',*,*,#623,.T.);
#803=ORIENTED_EDGE('',*,*,#624,.T.);
#804=ORIENTED_EDGE('',*,*,#621,.F.);
#805=ORIENTED_EDGE('',*,*,#625,.T.);
#806=ORIENTED_EDGE('',*,*,#626,.T.);
#807=ORIENTED_EDGE('',*,*,#623,.F.);
#808=ORIENTED_EDGE('',*,*,#627,.T.);
#809=ORIENTED_EDGE('',*,*,#628,.T.);
#810=ORIENTED_EDGE('',*,*,#625,.F.);
#811=ORIENTED_EDGE('',*,*,#629,.T.);
#812=ORIENTED_EDGE('',*,*,#630,.T.);
#813=ORIENTED_EDGE('',*,*,#631,.T.);
#814=ORIENTED_EDGE('',*,*,#632,.T.);
#815=ORIENTED_EDGE('',*,*,#633,.T.);
#816=ORIENTED_EDGE('',*,*,#630,.F.);
#817=ORIENTED_EDGE('',*,*,#634,.T.);
#818=ORIENTED_EDGE('',*,*,#635,.T.);
#819=ORIENTED_EDGE('',*,*,#632,.F.);
#820=ORIENTED_EDGE('',*,*,#636,.T.);
#821=ORIENTED_EDGE('',*,*,#637,.T.);
#822=ORIENTED_EDGE('',*,*,#634,.F.);
#823=ORIENTED_EDGE('',*,*,#638,.T.);
#824=ORIENTED_EDGE('',*,*,#639,.T.);
#825=ORIENTED_EDGE('',*,*,#640,.T.);
#826=ORIENTED_EDGE('',*,*,#641,.T.);
#827=ORIENTED_EDGE('',*,*,#642,.T.);
#828=ORIENTED_EDGE('',*,*,#639,.F.);
#829=ORIENTED_EDGE('',*,*,#643,.T.);
#830=ORIENTED_EDGE('',*,*,#644,.T.);
#831=ORIENTED_EDGE('',*,*,#641,.F.);
#832=ORIENTED_EDGE('',*,*,#645,.T.);
#833=ORIENTED_EDGE('',*,*,#646,.T.);
#834=ORIENTED_EDGE('',*,*,#643,.F.);
#835=ORIENTED_EDGE('',*,*,#647,.T.);
#836=ORIENTED_EDGE('',*,*,#648,.T.);
#837=ORIENTED_EDGE('',*,*,#649,.T.);
#838=ORIENTED_EDGE('',*,*,#650,.T.);
#839=ORIENTED_EDGE('',*,*,#651,.T.);
#840=ORIENTED_EDGE('',*,*,#648,.F.);
#841=ORIENTED_EDGE('',*,*,#652,.T.);
#842=ORIENTED_EDGE('',*,*,#653,.T.);
#843=ORIENTED_EDGE('',*,*,#650,.F.);
#844=ORIENTED_EDGE('',*,*,#654,.T.);
#845=ORIENTED_EDGE('',*,*,#655,.T.);
#846=ORIENTED_EDGE('',*,*,#656,.T.);
#847=ORIENTED_EDGE('',*,*,#652,.F.);
#848=ORIENTED_EDGE('',*,*,#657,.T.);
#849=ORIENTED_EDGE('',*,*,#657,.F.);
#850=ORIENTED_EDGE('',*,*,#658,.F.);
#851=ORIENTED_EDGE('',*,*,#659,.F.);
#852=ORIENTED_EDGE('',*,*,#660,.F.);
#853=ORIENTED_EDGE('',*,*,#654,.F.);
#854=ORIENTED_EDGE('',*,*,#661,.T.);
#855=ORIENTED_EDGE('',*,*,#662,.T.);
#856=ORIENTED_EDGE('',*,*,#658,.T.);
#857=ORIENTED_EDGE('',*,*,#649,.F.);
#858=ORIENTED_EDGE('',*,*,#663,.T.);
#859=ORIENTED_EDGE('',*,*,#664,.F.);
#860=ORIENTED_EDGE('',*,*,#661,.F.);
#861=ORIENTED_EDGE('',*,*,#647,.F.);
#862=ORIENTED_EDGE('',*,*,#665,.F.);
#863=ORIENTED_EDGE('',*,*,#666,.F.);
#864=ORIENTED_EDGE('',*,*,#663,.F.);
#865=ORIENTED_EDGE('',*,*,#645,.F.);
#866=ORIENTED_EDGE('',*,*,#667,.T.);
#867=ORIENTED_EDGE('',*,*,#668,.T.);
#868=ORIENTED_EDGE('',*,*,#665,.T.);
#869=ORIENTED_EDGE('',*,*,#640,.F.);
#870=ORIENTED_EDGE('',*,*,#669,.T.);
#871=ORIENTED_EDGE('',*,*,#670,.F.);
#872=ORIENTED_EDGE('',*,*,#667,.F.);
#873=ORIENTED_EDGE('',*,*,#638,.F.);
#874=ORIENTED_EDGE('',*,*,#671,.F.);
#875=ORIENTED_EDGE('',*,*,#672,.F.);
#876=ORIENTED_EDGE('',*,*,#669,.F.);
#877=ORIENTED_EDGE('',*,*,#636,.F.);
#878=ORIENTED_EDGE('',*,*,#673,.T.);
#879=ORIENTED_EDGE('',*,*,#674,.T.);
#880=ORIENTED_EDGE('',*,*,#671,.T.);
#881=ORIENTED_EDGE('',*,*,#631,.F.);
#882=ORIENTED_EDGE('',*,*,#675,.T.);
#883=ORIENTED_EDGE('',*,*,#676,.F.);
#884=ORIENTED_EDGE('',*,*,#673,.F.);
#885=ORIENTED_EDGE('',*,*,#629,.F.);
#886=ORIENTED_EDGE('',*,*,#677,.F.);
#887=ORIENTED_EDGE('',*,*,#678,.F.);
#888=ORIENTED_EDGE('',*,*,#675,.F.);
#889=ORIENTED_EDGE('',*,*,#627,.F.);
#890=ORIENTED_EDGE('',*,*,#679,.T.);
#891=ORIENTED_EDGE('',*,*,#680,.T.);
#892=ORIENTED_EDGE('',*,*,#681,.T.);
#893=ORIENTED_EDGE('',*,*,#677,.T.);
#894=ORIENTED_EDGE('',*,*,#622,.F.);
#895=ORIENTED_EDGE('',*,*,#682,.T.);
#896=ORIENTED_EDGE('',*,*,#683,.F.);
#897=ORIENTED_EDGE('',*,*,#679,.F.);
#898=ORIENTED_EDGE('',*,*,#620,.F.);
#899=ORIENTED_EDGE('',*,*,#684,.F.);
#900=ORIENTED_EDGE('',*,*,#685,.F.);
#901=ORIENTED_EDGE('',*,*,#682,.F.);
#902=ORIENTED_EDGE('',*,*,#618,.F.);
#903=ORIENTED_EDGE('',*,*,#686,.T.);
#904=ORIENTED_EDGE('',*,*,#687,.T.);
#905=ORIENTED_EDGE('',*,*,#684,.T.);
#906=ORIENTED_EDGE('',*,*,#613,.F.);
#907=ORIENTED_EDGE('',*,*,#688,.T.);
#908=ORIENTED_EDGE('',*,*,#689,.F.);
#909=ORIENTED_EDGE('',*,*,#686,.F.);
#910=ORIENTED_EDGE('',*,*,#611,.F.);
#911=ORIENTED_EDGE('',*,*,#690,.F.);
#912=ORIENTED_EDGE('',*,*,#691,.F.);
#913=ORIENTED_EDGE('',*,*,#688,.F.);
#914=ORIENTED_EDGE('',*,*,#609,.F.);
#915=ORIENTED_EDGE('',*,*,#692,.T.);
#916=ORIENTED_EDGE('',*,*,#693,.T.);
#917=ORIENTED_EDGE('',*,*,#690,.T.);
#918=ORIENTED_EDGE('',*,*,#604,.F.);
#919=ORIENTED_EDGE('',*,*,#694,.T.);
#920=ORIENTED_EDGE('',*,*,#695,.F.);
#921=ORIENTED_EDGE('',*,*,#692,.F.);
#922=ORIENTED_EDGE('',*,*,#603,.T.);
#923=ORIENTED_EDGE('',*,*,#696,.F.);
#924=ORIENTED_EDGE('',*,*,#655,.F.);
#925=ORIENTED_EDGE('',*,*,#660,.T.);
#926=ORIENTED_EDGE('',*,*,#697,.F.);
#927=ORIENTED_EDGE('',*,*,#698,.F.);
#928=ORIENTED_EDGE('',*,*,#699,.F.);
#929=ORIENTED_EDGE('',*,*,#694,.F.);
#930=ORIENTED_EDGE('',*,*,#697,.T.);
#931=ORIENTED_EDGE('',*,*,#659,.T.);
#932=ORIENTED_EDGE('',*,*,#700,.T.);
#933=ORIENTED_EDGE('',*,*,#701,.T.);
#934=ORIENTED_EDGE('',*,*,#662,.F.);
#935=ORIENTED_EDGE('',*,*,#702,.T.);
#936=ORIENTED_EDGE('',*,*,#700,.F.);
#937=ORIENTED_EDGE('',*,*,#701,.F.);
#938=ORIENTED_EDGE('',*,*,#703,.F.);
#939=ORIENTED_EDGE('',*,*,#704,.F.);
#940=ORIENTED_EDGE('',*,*,#698,.T.);
#941=ORIENTED_EDGE('',*,*,#702,.F.);
#942=ORIENTED_EDGE('',*,*,#664,.T.);
#943=ORIENTED_EDGE('',*,*,#705,.F.);
#944=ORIENTED_EDGE('',*,*,#703,.T.);
#945=ORIENTED_EDGE('',*,*,#693,.F.);
#946=ORIENTED_EDGE('',*,*,#706,.T.);
#947=ORIENTED_EDGE('',*,*,#706,.F.);
#948=ORIENTED_EDGE('',*,*,#695,.T.);
#949=ORIENTED_EDGE('',*,*,#699,.T.);
#950=ORIENTED_EDGE('',*,*,#704,.T.);
#951=ORIENTED_EDGE('',*,*,#707,.T.);
#952=ORIENTED_EDGE('',*,*,#691,.T.);
#953=ORIENTED_EDGE('',*,*,#687,.F.);
#954=ORIENTED_EDGE('',*,*,#708,.T.);
#955=ORIENTED_EDGE('',*,*,#709,.F.);
#956=ORIENTED_EDGE('',*,*,#709,.T.);
#957=ORIENTED_EDGE('',*,*,#710,.T.);
#958=ORIENTED_EDGE('',*,*,#708,.F.);
#959=ORIENTED_EDGE('',*,*,#689,.T.);
#960=ORIENTED_EDGE('',*,*,#707,.F.);
#961=ORIENTED_EDGE('',*,*,#711,.T.);
#962=ORIENTED_EDGE('',*,*,#685,.T.);
#963=ORIENTED_EDGE('',*,*,#710,.F.);
#964=ORIENTED_EDGE('',*,*,#680,.F.);
#965=ORIENTED_EDGE('',*,*,#712,.T.);
#966=ORIENTED_EDGE('',*,*,#681,.F.);
#967=ORIENTED_EDGE('',*,*,#713,.F.);
#968=ORIENTED_EDGE('',*,*,#713,.T.);
#969=ORIENTED_EDGE('',*,*,#712,.F.);
#970=ORIENTED_EDGE('',*,*,#683,.T.);
#971=ORIENTED_EDGE('',*,*,#711,.F.);
#972=ORIENTED_EDGE('',*,*,#714,.T.);
#973=ORIENTED_EDGE('',*,*,#678,.T.);
#974=ORIENTED_EDGE('',*,*,#674,.F.);
#975=ORIENTED_EDGE('',*,*,#715,.T.);
#976=ORIENTED_EDGE('',*,*,#715,.F.);
#977=ORIENTED_EDGE('',*,*,#676,.T.);
#978=ORIENTED_EDGE('',*,*,#714,.F.);
#979=ORIENTED_EDGE('',*,*,#716,.T.);
#980=ORIENTED_EDGE('',*,*,#672,.T.);
#981=ORIENTED_EDGE('',*,*,#668,.F.);
#982=ORIENTED_EDGE('',*,*,#717,.T.);
#983=ORIENTED_EDGE('',*,*,#717,.F.);
#984=ORIENTED_EDGE('',*,*,#670,.T.);
#985=ORIENTED_EDGE('',*,*,#716,.F.);
#986=ORIENTED_EDGE('',*,*,#705,.T.);
#987=ORIENTED_EDGE('',*,*,#666,.T.);
#988=ORIENTED_EDGE('',*,*,#718,.T.);
#989=ORIENTED_EDGE('',*,*,#719,.T.);
#990=ORIENTED_EDGE('',*,*,#720,.T.);
#991=ORIENTED_EDGE('',*,*,#721,.T.);
#992=ORIENTED_EDGE('',*,*,#719,.F.);
#993=ORIENTED_EDGE('',*,*,#722,.F.);
#994=ORIENTED_EDGE('',*,*,#696,.T.);
#995=ORIENTED_EDGE('',*,*,#606,.F.);
#996=ORIENTED_EDGE('',*,*,#608,.F.);
#997=ORIENTED_EDGE('',*,*,#610,.F.);
#998=ORIENTED_EDGE('',*,*,#615,.F.);
#999=ORIENTED_EDGE('',*,*,#617,.F.);
#1000=ORIENTED_EDGE('',*,*,#619,.F.);
#1001=ORIENTED_EDGE('',*,*,#624,.F.);
#1002=ORIENTED_EDGE('',*,*,#626,.F.);
#1003=ORIENTED_EDGE('',*,*,#628,.F.);
#1004=ORIENTED_EDGE('',*,*,#633,.F.);
#1005=ORIENTED_EDGE('',*,*,#635,.F.);
#1006=ORIENTED_EDGE('',*,*,#637,.F.);
#1007=ORIENTED_EDGE('',*,*,#642,.F.);
#1008=ORIENTED_EDGE('',*,*,#644,.F.);
#1009=ORIENTED_EDGE('',*,*,#646,.F.);
#1010=ORIENTED_EDGE('',*,*,#651,.F.);
#1011=ORIENTED_EDGE('',*,*,#653,.F.);
#1012=ORIENTED_EDGE('',*,*,#656,.F.);
#1013=ORIENTED_EDGE('',*,*,#723,.F.);
#1014=ORIENTED_EDGE('',*,*,#724,.F.);
#1015=ORIENTED_EDGE('',*,*,#725,.F.);
#1016=ORIENTED_EDGE('',*,*,#726,.F.);
#1017=ORIENTED_EDGE('',*,*,#727,.F.);
#1018=ORIENTED_EDGE('',*,*,#718,.F.);
#1019=ORIENTED_EDGE('',*,*,#721,.F.);
#1020=ORIENTED_EDGE('',*,*,#728,.T.);
#1021=ORIENTED_EDGE('',*,*,#729,.T.);
#1022=ORIENTED_EDGE('',*,*,#728,.F.);
#1023=ORIENTED_EDGE('',*,*,#720,.F.);
#1024=ORIENTED_EDGE('',*,*,#723,.T.);
#1025=ORIENTED_EDGE('',*,*,#730,.T.);
#1026=ORIENTED_EDGE('',*,*,#731,.T.);
#1027=ORIENTED_EDGE('',*,*,#732,.T.);
#1028=ORIENTED_EDGE('',*,*,#730,.F.);
#1029=ORIENTED_EDGE('',*,*,#732,.F.);
#1030=ORIENTED_EDGE('',*,*,#733,.T.);
#1031=ORIENTED_EDGE('',*,*,#734,.T.);
#1032=ORIENTED_EDGE('',*,*,#733,.F.);
#1033=ORIENTED_EDGE('',*,*,#731,.F.);
#1034=ORIENTED_EDGE('',*,*,#727,.T.);
#1035=ORIENTED_EDGE('',*,*,#735,.T.);
#1036=ORIENTED_EDGE('',*,*,#736,.T.);
#1037=ORIENTED_EDGE('',*,*,#737,.T.);
#1038=ORIENTED_EDGE('',*,*,#735,.F.);
#1039=ORIENTED_EDGE('',*,*,#737,.F.);
#1040=ORIENTED_EDGE('',*,*,#738,.T.);
#1041=ORIENTED_EDGE('',*,*,#739,.T.);
#1042=ORIENTED_EDGE('',*,*,#738,.F.);
#1043=ORIENTED_EDGE('',*,*,#736,.F.);
#1044=ORIENTED_EDGE('',*,*,#724,.T.);
#1045=ORIENTED_EDGE('',*,*,#740,.T.);
#1046=ORIENTED_EDGE('',*,*,#741,.T.);
#1047=ORIENTED_EDGE('',*,*,#742,.T.);
#1048=ORIENTED_EDGE('',*,*,#740,.F.);
#1049=ORIENTED_EDGE('',*,*,#742,.F.);
#1050=ORIENTED_EDGE('',*,*,#743,.T.);
#1051=ORIENTED_EDGE('',*,*,#744,.T.);
#1052=ORIENTED_EDGE('',*,*,#743,.F.);
#1053=ORIENTED_EDGE('',*,*,#741,.F.);
#1054=ORIENTED_EDGE('',*,*,#726,.T.);
#1055=ORIENTED_EDGE('',*,*,#745,.T.);
#1056=ORIENTED_EDGE('',*,*,#746,.T.);
#1057=ORIENTED_EDGE('',*,*,#747,.T.);
#1058=ORIENTED_EDGE('',*,*,#745,.F.);
#1059=ORIENTED_EDGE('',*,*,#747,.F.);
#1060=ORIENTED_EDGE('',*,*,#748,.T.);
#1061=ORIENTED_EDGE('',*,*,#749,.T.);
#1062=ORIENTED_EDGE('',*,*,#748,.F.);
#1063=ORIENTED_EDGE('',*,*,#746,.F.);
#1064=ORIENTED_EDGE('',*,*,#722,.T.);
#1065=ORIENTED_EDGE('',*,*,#750,.T.);
#1066=ORIENTED_EDGE('',*,*,#751,.T.);
#1067=ORIENTED_EDGE('',*,*,#750,.F.);
#1068=ORIENTED_EDGE('',*,*,#751,.F.);
#1069=ORIENTED_EDGE('',*,*,#752,.T.);
#1070=ORIENTED_EDGE('',*,*,#753,.T.);
#1071=ORIENTED_EDGE('',*,*,#752,.F.);
#1072=ORIENTED_EDGE('',*,*,#725,.T.);
#1073=ORIENTED_EDGE('',*,*,#754,.T.);
#1074=ORIENTED_EDGE('',*,*,#755,.T.);
#1075=ORIENTED_EDGE('',*,*,#756,.T.);
#1076=ORIENTED_EDGE('',*,*,#754,.F.);
#1077=ORIENTED_EDGE('',*,*,#756,.F.);
#1078=ORIENTED_EDGE('',*,*,#757,.T.);
#1079=ORIENTED_EDGE('',*,*,#758,.T.);
#1080=ORIENTED_EDGE('',*,*,#757,.F.);
#1081=ORIENTED_EDGE('',*,*,#755,.F.);
#1082=ORIENTED_EDGE('',*,*,#729,.F.);
#1083=ORIENTED_EDGE('',*,*,#759,.F.);
#1084=ORIENTED_EDGE('',*,*,#739,.F.);
#1085=ORIENTED_EDGE('',*,*,#760,.F.);
#1086=ORIENTED_EDGE('',*,*,#744,.F.);
#1087=ORIENTED_EDGE('',*,*,#761,.F.);
#1088=ORIENTED_EDGE('',*,*,#749,.F.);
#1089=ORIENTED_EDGE('',*,*,#762,.F.);
#1090=ORIENTED_EDGE('',*,*,#758,.F.);
#1091=ORIENTED_EDGE('',*,*,#763,.F.);
#1092=ORIENTED_EDGE('',*,*,#734,.F.);
#1093=ORIENTED_EDGE('',*,*,#764,.F.);
#1094=ORIENTED_EDGE('',*,*,#759,.T.);
#1095=ORIENTED_EDGE('',*,*,#765,.T.);
#1096=ORIENTED_EDGE('',*,*,#766,.F.);
#1097=ORIENTED_EDGE('',*,*,#765,.F.);
#1098=ORIENTED_EDGE('',*,*,#760,.T.);
#1099=ORIENTED_EDGE('',*,*,#767,.T.);
#1100=ORIENTED_EDGE('',*,*,#768,.F.);
#1101=ORIENTED_EDGE('',*,*,#767,.F.);
#1102=ORIENTED_EDGE('',*,*,#761,.T.);
#1103=ORIENTED_EDGE('',*,*,#769,.T.);
#1104=ORIENTED_EDGE('',*,*,#770,.F.);
#1105=ORIENTED_EDGE('',*,*,#769,.F.);
#1106=ORIENTED_EDGE('',*,*,#762,.T.);
#1107=ORIENTED_EDGE('',*,*,#771,.T.);
#1108=ORIENTED_EDGE('',*,*,#772,.F.);
#1109=ORIENTED_EDGE('',*,*,#771,.F.);
#1110=ORIENTED_EDGE('',*,*,#763,.T.);
#1111=ORIENTED_EDGE('',*,*,#773,.T.);
#1112=ORIENTED_EDGE('',*,*,#774,.F.);
#1113=ORIENTED_EDGE('',*,*,#773,.F.);
#1114=ORIENTED_EDGE('',*,*,#764,.T.);
#1115=ORIENTED_EDGE('',*,*,#775,.T.);
#1116=ORIENTED_EDGE('',*,*,#776,.F.);
#1117=ORIENTED_EDGE('',*,*,#775,.F.);
#1118=ORIENTED_EDGE('',*,*,#753,.F.);
#1119=ORIENTED_EDGE('',*,*,#776,.T.);
#1120=ORIENTED_EDGE('',*,*,#774,.T.);
#1121=ORIENTED_EDGE('',*,*,#772,.T.);
#1122=ORIENTED_EDGE('',*,*,#770,.T.);
#1123=ORIENTED_EDGE('',*,*,#768,.T.);
#1124=ORIENTED_EDGE('',*,*,#766,.T.);
#1125=CYLINDRICAL_SURFACE('',#1256,0.5);
#1126=CYLINDRICAL_SURFACE('',#1263,0.5);
#1127=CYLINDRICAL_SURFACE('',#1265,0.5);
#1128=CYLINDRICAL_SURFACE('',#1271,0.5);
#1129=CYLINDRICAL_SURFACE('',#1273,0.5);
#1130=CYLINDRICAL_SURFACE('',#1279,0.5);
#1131=CYLINDRICAL_SURFACE('',#1281,0.5);
#1132=CYLINDRICAL_SURFACE('',#1287,0.5);
#1133=CYLINDRICAL_SURFACE('',#1289,0.5);
#1134=CYLINDRICAL_SURFACE('',#1295,0.5);
#1135=CYLINDRICAL_SURFACE('',#1297,0.5);
#1136=CYLINDRICAL_SURFACE('',#1303,0.5);
#1137=CYLINDRICAL_SURFACE('',#1306,0.7);
#1138=CYLINDRICAL_SURFACE('',#1310,0.7);
#1139=CYLINDRICAL_SURFACE('',#1314,0.7);
#1140=CYLINDRICAL_SURFACE('',#1318,0.7);
#1141=CYLINDRICAL_SURFACE('',#1323,0.7);
#1142=CYLINDRICAL_SURFACE('',#1327,0.7);
#1143=CYLINDRICAL_SURFACE('',#1333,0.7);
#1144=CYLINDRICAL_SURFACE('',#1338,0.7);
#1145=CYLINDRICAL_SURFACE('',#1342,0.7);
#1146=CYLINDRICAL_SURFACE('',#1348,0.7);
#1147=CYLINDRICAL_SURFACE('',#1353,0.7);
#1148=CYLINDRICAL_SURFACE('',#1357,0.7);
#1149=CYLINDRICAL_SURFACE('',#1361,0.7);
#1150=CYLINDRICAL_SURFACE('',#1374,1.8);
#1151=CYLINDRICAL_SURFACE('',#1380,1.8);
#1152=CYLINDRICAL_SURFACE('',#1386,1.8);
#1153=CYLINDRICAL_SURFACE('',#1392,1.8);
#1154=CYLINDRICAL_SURFACE('',#1398,1.8);
#1155=CYLINDRICAL_SURFACE('',#1403,34.);
#1156=CYLINDRICAL_SURFACE('',#1409,1.8);
#1157=CYLINDRICAL_SURFACE('',#1423,1.7);
#1158=CYLINDRICAL_SURFACE('',#1425,1.7);
#1159=CYLINDRICAL_SURFACE('',#1427,1.7);
#1160=CYLINDRICAL_SURFACE('',#1429,1.7);
#1161=CYLINDRICAL_SURFACE('',#1431,1.7);
#1162=CYLINDRICAL_SURFACE('',#1433,1.7);
#1163=ADVANCED_FACE('',(#75),#1125,.F.);
#1164=ADVANCED_FACE('',(#76),#62,.F.);
#1165=ADVANCED_FACE('',(#77),#1126,.F.);
#1166=ADVANCED_FACE('',(#78),#1127,.F.);
#1167=ADVANCED_FACE('',(#79),#63,.F.);
#1168=ADVANCED_FACE('',(#80),#1128,.F.);
#1169=ADVANCED_FACE('',(#81),#1129,.F.);
#1170=ADVANCED_FACE('',(#82),#64,.F.);
#1171=ADVANCED_FACE('',(#83),#1130,.F.);
#1172=ADVANCED_FACE('',(#84),#1131,.F.);
#1173=ADVANCED_FACE('',(#85),#65,.F.);
#1174=ADVANCED_FACE('',(#86),#1132,.F.);
#1175=ADVANCED_FACE('',(#87),#1133,.F.);
#1176=ADVANCED_FACE('',(#88),#66,.F.);
#1177=ADVANCED_FACE('',(#89),#1134,.F.);
#1178=ADVANCED_FACE('',(#90),#1135,.F.);
#1179=ADVANCED_FACE('',(#91),#67,.F.);
#1180=ADVANCED_FACE('',(#92),#1136,.F.);
#1181=ADVANCED_FACE('',(#93),#40,.T.);
#1182=ADVANCED_FACE('',(#94),#1137,.T.);
#1183=ADVANCED_FACE('',(#95),#41,.T.);
#1184=ADVANCED_FACE('',(#96),#42,.T.);
#1185=ADVANCED_FACE('',(#97),#1138,.T.);
#1186=ADVANCED_FACE('',(#98),#43,.T.);
#1187=ADVANCED_FACE('',(#99),#44,.T.);
#1188=ADVANCED_FACE('',(#100),#1139,.T.);
#1189=ADVANCED_FACE('',(#101),#45,.T.);
#1190=ADVANCED_FACE('',(#102),#46,.T.);
#1191=ADVANCED_FACE('',(#103),#1140,.T.);
#1192=ADVANCED_FACE('',(#104),#47,.T.);
#1193=ADVANCED_FACE('',(#105),#48,.T.);
#1194=ADVANCED_FACE('',(#106),#1141,.T.);
#1195=ADVANCED_FACE('',(#107),#49,.T.);
#1196=ADVANCED_FACE('',(#108),#50,.T.);
#1197=ADVANCED_FACE('',(#109),#1142,.T.);
#1198=ADVANCED_FACE('',(#110),#51,.T.);
#1199=ADVANCED_FACE('',(#111),#52,.T.);
#1200=ADVANCED_FACE('',(#112),#1143,.T.);
#1201=ADVANCED_FACE('',(#113),#34,.T.);
#1202=ADVANCED_FACE('',(#114),#53,.T.);
#1203=ADVANCED_FACE('',(#115),#1144,.T.);
#1204=ADVANCED_FACE('',(#116),#35,.T.);
#1205=ADVANCED_FACE('',(#117),#1145,.T.);
#1206=ADVANCED_FACE('',(#118),#36,.T.);
#1207=ADVANCED_FACE('',(#119),#1146,.T.);
#1208=ADVANCED_FACE('',(#120),#37,.T.);
#1209=ADVANCED_FACE('',(#121),#1147,.T.);
#1210=ADVANCED_FACE('',(#122),#38,.T.);
#1211=ADVANCED_FACE('',(#123),#1148,.T.);
#1212=ADVANCED_FACE('',(#124),#39,.T.);
#1213=ADVANCED_FACE('',(#125),#1149,.T.);
#1214=ADVANCED_FACE('',(#126),#68,.T.);
#1215=ADVANCED_FACE('',(#127,#15,#16,#17,#18,#19,#20,#21),#54,.T.);
#1216=ADVANCED_FACE('',(#128),#1150,.F.);
#1217=ADVANCED_FACE('',(#129),#69,.T.);
#1218=ADVANCED_FACE('',(#130),#1151,.F.);
#1219=ADVANCED_FACE('',(#131),#70,.T.);
#1220=ADVANCED_FACE('',(#132),#1152,.F.);
#1221=ADVANCED_FACE('',(#133),#71,.T.);
#1222=ADVANCED_FACE('',(#134),#1153,.F.);
#1223=ADVANCED_FACE('',(#135),#72,.T.);
#1224=ADVANCED_FACE('',(#136),#1154,.F.);
#1225=ADVANCED_FACE('',(#137),#73,.T.);
#1226=ADVANCED_FACE('',(#138),#1155,.T.);
#1227=ADVANCED_FACE('',(#139),#74,.T.);
#1228=ADVANCED_FACE('',(#140),#1156,.F.);
#1229=ADVANCED_FACE('',(#141,#22),#55,.T.);
#1230=ADVANCED_FACE('',(#142,#23),#56,.T.);
#1231=ADVANCED_FACE('',(#143,#24),#57,.T.);
#1232=ADVANCED_FACE('',(#144,#25),#58,.T.);
#1233=ADVANCED_FACE('',(#145,#26),#59,.T.);
#1234=ADVANCED_FACE('',(#146,#27),#60,.T.);
#1235=ADVANCED_FACE('',(#147),#1157,.F.);
#1236=ADVANCED_FACE('',(#148),#1158,.F.);
#1237=ADVANCED_FACE('',(#149),#1159,.F.);
#1238=ADVANCED_FACE('',(#150),#1160,.F.);
#1239=ADVANCED_FACE('',(#151),#1161,.F.);
#1240=ADVANCED_FACE('',(#152),#1162,.F.);
#1241=ADVANCED_FACE('',(#153,#28,#29,#30,#31,#32,#33),#61,.F.);
#1242=CLOSED_SHELL('',(#1163,#1164,#1165,#1166,#1167,#1168,#1169,#1170,
#1171,#1172,#1173,#1174,#1175,#1176,#1177,#1178,#1179,#1180,#1181,#1182,
#1183,#1184,#1185,#1186,#1187,#1188,#1189,#1190,#1191,#1192,#1193,#1194,
#1195,#1196,#1197,#1198,#1199,#1200,#1201,#1202,#1203,#1204,#1205,#1206,
#1207,#1208,#1209,#1210,#1211,#1212,#1213,#1214,#1215,#1216,#1217,#1218,
#1219,#1220,#1221,#1222,#1223,#1224,#1225,#1226,#1227,#1228,#1229,#1230,
#1231,#1232,#1233,#1234,#1235,#1236,#1237,#1238,#1239,#1240,#1241));
#1243=DERIVED_UNIT_ELEMENT(#1245,1.);
#1244=DERIVED_UNIT_ELEMENT(#2234,-3.);
#1245=(
MASS_UNIT()
NAMED_UNIT(*)
SI_UNIT(.KILO.,.GRAM.)
);
#1246=DERIVED_UNIT((#1243,#1244));
#1247=MEASURE_REPRESENTATION_ITEM('density measure',
POSITIVE_RATIO_MEASURE(7850.),#1246);
#1248=PROPERTY_DEFINITION_REPRESENTATION(#1253,#1250);
#1249=PROPERTY_DEFINITION_REPRESENTATION(#1254,#1251);
#1250=REPRESENTATION('material name',(#1252),#2231);
#1251=REPRESENTATION('density',(#1247),#2231);
#1252=DESCRIPTIVE_REPRESENTATION_ITEM('Steel','Steel');
#1253=PROPERTY_DEFINITION('material property','material name',#2241);
#1254=PROPERTY_DEFINITION('material property','density of part',#2241);
#1255=AXIS2_PLACEMENT_3D('',#1871,#1436,#1437);
#1256=AXIS2_PLACEMENT_3D('',#1872,#1438,#1439);
#1257=AXIS2_PLACEMENT_3D('',#1875,#1440,#1441);
#1258=AXIS2_PLACEMENT_3D('',#1879,#1443,#1444);
#1259=AXIS2_PLACEMENT_3D('',#1881,#1446,#1447);
#1260=AXIS2_PLACEMENT_3D('',#1884,#1448,#1449);
#1261=AXIS2_PLACEMENT_3D('',#1885,#1450,#1451);
#1262=AXIS2_PLACEMENT_3D('',#1886,#1452,#1453);
#1263=AXIS2_PLACEMENT_3D('',#1887,#1454,#1455);
#1264=AXIS2_PLACEMENT_3D('',#1892,#1458,#1459);
#1265=AXIS2_PLACEMENT_3D('',#1893,#1460,#1461);
#1266=AXIS2_PLACEMENT_3D('',#1897,#1463,#1464);
#1267=AXIS2_PLACEMENT_3D('',#1899,#1466,#1467);
#1268=AXIS2_PLACEMENT_3D('',#1902,#1468,#1469);
#1269=AXIS2_PLACEMENT_3D('',#1903,#1470,#1471);
#1270=AXIS2_PLACEMENT_3D('',#1904,#1472,#1473);
#1271=AXIS2_PLACEMENT_3D('',#1905,#1474,#1475);
#1272=AXIS2_PLACEMENT_3D('',#1910,#1478,#1479);
#1273=AXIS2_PLACEMENT_3D('',#1911,#1480,#1481);
#1274=AXIS2_PLACEMENT_3D('',#1915,#1483,#1484);
#1275=AXIS2_PLACEMENT_3D('',#1917,#1486,#1487);
#1276=AXIS2_PLACEMENT_3D('',#1920,#1488,#1489);
#1277=AXIS2_PLACEMENT_3D('',#1921,#1490,#1491);
#1278=AXIS2_PLACEMENT_3D('',#1922,#1492,#1493);
#1279=AXIS2_PLACEMENT_3D('',#1923,#1494,#1495);
#1280=AXIS2_PLACEMENT_3D('',#1928,#1498,#1499);
#1281=AXIS2_PLACEMENT_3D('',#1929,#1500,#1501);
#1282=AXIS2_PLACEMENT_3D('',#1933,#1503,#1504);
#1283=AXIS2_PLACEMENT_3D('',#1935,#1506,#1507);
#1284=AXIS2_PLACEMENT_3D('',#1938,#1508,#1509);
#1285=AXIS2_PLACEMENT_3D('',#1939,#1510,#1511);
#1286=AXIS2_PLACEMENT_3D('',#1940,#1512,#1513);
#1287=AXIS2_PLACEMENT_3D('',#1941,#1514,#1515);
#1288=AXIS2_PLACEMENT_3D('',#1946,#1518,#1519);
#1289=AXIS2_PLACEMENT_3D('',#1947,#1520,#1521);
#1290=AXIS2_PLACEMENT_3D('',#1951,#1523,#1524);
#1291=AXIS2_PLACEMENT_3D('',#1953,#1526,#1527);
#1292=AXIS2_PLACEMENT_3D('',#1956,#1528,#1529);
#1293=AXIS2_PLACEMENT_3D('',#1957,#1530,#1531);
#1294=AXIS2_PLACEMENT_3D('',#1958,#1532,#1533);
#1295=AXIS2_PLACEMENT_3D('',#1959,#1534,#1535);
#1296=AXIS2_PLACEMENT_3D('',#1964,#1538,#1539);
#1297=AXIS2_PLACEMENT_3D('',#1965,#1540,#1541);
#1298=AXIS2_PLACEMENT_3D('',#1969,#1543,#1544);
#1299=AXIS2_PLACEMENT_3D('',#1971,#1546,#1547);
#1300=AXIS2_PLACEMENT_3D('',#1974,#1548,#1549);
#1301=AXIS2_PLACEMENT_3D('',#1975,#1550,#1551);
#1302=AXIS2_PLACEMENT_3D('',#1976,#1552,#1553);
#1303=AXIS2_PLACEMENT_3D('',#1977,#1554,#1555);
#1304=AXIS2_PLACEMENT_3D('',#1980,#1556,#1557);
#1305=AXIS2_PLACEMENT_3D('',#1983,#1560,#1561);
#1306=AXIS2_PLACEMENT_3D('',#1989,#1565,#1566);
#1307=AXIS2_PLACEMENT_3D('',#1992,#1568,#1569);
#1308=AXIS2_PLACEMENT_3D('',#1993,#1570,#1571);
#1309=AXIS2_PLACEMENT_3D('',#1997,#1574,#1575);
#1310=AXIS2_PLACEMENT_3D('',#2001,#1578,#1579);
#1311=AXIS2_PLACEMENT_3D('',#2004,#1581,#1582);
#1312=AXIS2_PLACEMENT_3D('',#2005,#1583,#1584);
#1313=AXIS2_PLACEMENT_3D('',#2009,#1587,#1588);
#1314=AXIS2_PLACEMENT_3D('',#2013,#1591,#1592);
#1315=AXIS2_PLACEMENT_3D('',#2016,#1594,#1595);
#1316=AXIS2_PLACEMENT_3D('',#2017,#1596,#1597);
#1317=AXIS2_PLACEMENT_3D('',#2021,#1600,#1601);
#1318=AXIS2_PLACEMENT_3D('',#2025,#1604,#1605);
#1319=AXIS2_PLACEMENT_3D('',#2029,#1607,#1608);
#1320=AXIS2_PLACEMENT_3D('',#2030,#1609,#1610);
#1321=AXIS2_PLACEMENT_3D('',#2031,#1611,#1612);
#1322=AXIS2_PLACEMENT_3D('',#2035,#1615,#1616);
#1323=AXIS2_PLACEMENT_3D('',#2039,#1619,#1620);
#1324=AXIS2_PLACEMENT_3D('',#2042,#1622,#1623);
#1325=AXIS2_PLACEMENT_3D('',#2043,#1624,#1625);
#1326=AXIS2_PLACEMENT_3D('',#2047,#1628,#1629);
#1327=AXIS2_PLACEMENT_3D('',#2051,#1632,#1633);
#1328=AXIS2_PLACEMENT_3D('',#2054,#1635,#1636);
#1329=AXIS2_PLACEMENT_3D('',#2055,#1637,#1638);
#1330=AXIS2_PLACEMENT_3D('',#2059,#1641,#1642);
#1331=AXIS2_PLACEMENT_3D('',#2062,#1644,#1645);
#1332=AXIS2_PLACEMENT_3D('',#2065,#1647,#1648);
#1333=AXIS2_PLACEMENT_3D('',#2066,#1649,#1650);
#1334=AXIS2_PLACEMENT_3D('',#2068,#1651,#1652);
#1335=AXIS2_PLACEMENT_3D('',#2070,#1654,#1655);
#1336=AXIS2_PLACEMENT_3D('',#2071,#1656,#1657);
#1337=AXIS2_PLACEMENT_3D('',#2072,#1658,#1659);
#1338=AXIS2_PLACEMENT_3D('',#2076,#1662,#1663);
#1339=AXIS2_PLACEMENT_3D('',#2077,#1664,#1665);
#1340=AXIS2_PLACEMENT_3D('',#2078,#1666,#1667);
#1341=AXIS2_PLACEMENT_3D('',#2079,#1668,#1669);
#1342=AXIS2_PLACEMENT_3D('',#2080,#1670,#1671);
#1343=AXIS2_PLACEMENT_3D('',#2081,#1672,#1673);
#1344=AXIS2_PLACEMENT_3D('',#2082,#1674,#1675);
#1345=AXIS2_PLACEMENT_3D('',#2084,#1676,#1677);
#1346=AXIS2_PLACEMENT_3D('',#2086,#1678,#1679);
#1347=AXIS2_PLACEMENT_3D('',#2087,#1680,#1681);
#1348=AXIS2_PLACEMENT_3D('',#2088,#1682,#1683);
#1349=AXIS2_PLACEMENT_3D('',#2089,#1684,#1685);
#1350=AXIS2_PLACEMENT_3D('',#2090,#1686,#1687);
#1351=AXIS2_PLACEMENT_3D('',#2091,#1688,#1689);
#1352=AXIS2_PLACEMENT_3D('',#2093,#1690,#1691);
#1353=AXIS2_PLACEMENT_3D('',#2094,#1692,#1693);
#1354=AXIS2_PLACEMENT_3D('',#2095,#1694,#1695);
#1355=AXIS2_PLACEMENT_3D('',#2096,#1696,#1697);
#1356=AXIS2_PLACEMENT_3D('',#2097,#1698,#1699);
#1357=AXIS2_PLACEMENT_3D('',#2098,#1700,#1701);
#1358=AXIS2_PLACEMENT_3D('',#2099,#1702,#1703);
#1359=AXIS2_PLACEMENT_3D('',#2100,#1704,#1705);
#1360=AXIS2_PLACEMENT_3D('',#2101,#1706,#1707);
#1361=AXIS2_PLACEMENT_3D('',#2102,#1708,#1709);
#1362=AXIS2_PLACEMENT_3D('',#2103,#1710,#1711);
#1363=AXIS2_PLACEMENT_3D('',#2105,#1712,#1713);
#1364=AXIS2_PLACEMENT_3D('',#2107,#1714,#1715);
#1365=AXIS2_PLACEMENT_3D('',#2109,#1716,#1717);
#1366=AXIS2_PLACEMENT_3D('',#2110,#1718,#1719);
#1367=AXIS2_PLACEMENT_3D('',#2111,#1720,#1721);
#1368=AXIS2_PLACEMENT_3D('',#2113,#1722,#1723);
#1369=AXIS2_PLACEMENT_3D('',#2115,#1724,#1725);
#1370=AXIS2_PLACEMENT_3D('',#2117,#1726,#1727);
#1371=AXIS2_PLACEMENT_3D('',#2119,#1728,#1729);
#1372=AXIS2_PLACEMENT_3D('',#2121,#1730,#1731);
#1373=AXIS2_PLACEMENT_3D('',#2123,#1732,#1733);
#1374=AXIS2_PLACEMENT_3D('',#2124,#1734,#1735);
#1375=AXIS2_PLACEMENT_3D('',#2127,#1737,#1738);
#1376=AXIS2_PLACEMENT_3D('',#2128,#1739,#1740);
#1377=AXIS2_PLACEMENT_3D('',#2130,#1741,#1742);
#1378=AXIS2_PLACEMENT_3D('',#2132,#1743,#1744);
#1379=AXIS2_PLACEMENT_3D('',#2133,#1745,#1746);
#1380=AXIS2_PLACEMENT_3D('',#2134,#1747,#1748);
#1381=AXIS2_PLACEMENT_3D('',#2137,#1750,#1751);
#1382=AXIS2_PLACEMENT_3D('',#2138,#1752,#1753);
#1383=AXIS2_PLACEMENT_3D('',#2140,#1754,#1755);
#1384=AXIS2_PLACEMENT_3D('',#2142,#1756,#1757);
#1385=AXIS2_PLACEMENT_3D('',#2143,#1758,#1759);
#1386=AXIS2_PLACEMENT_3D('',#2144,#1760,#1761);
#1387=AXIS2_PLACEMENT_3D('',#2147,#1763,#1764);
#1388=AXIS2_PLACEMENT_3D('',#2148,#1765,#1766);
#1389=AXIS2_PLACEMENT_3D('',#2150,#1767,#1768);
#1390=AXIS2_PLACEMENT_3D('',#2152,#1769,#1770);
#1391=AXIS2_PLACEMENT_3D('',#2153,#1771,#1772);
#1392=AXIS2_PLACEMENT_3D('',#2154,#1773,#1774);
#1393=AXIS2_PLACEMENT_3D('',#2157,#1776,#1777);
#1394=AXIS2_PLACEMENT_3D('',#2158,#1778,#1779);
#1395=AXIS2_PLACEMENT_3D('',#2160,#1780,#1781);
#1396=AXIS2_PLACEMENT_3D('',#2162,#1782,#1783);
#1397=AXIS2_PLACEMENT_3D('',#2163,#1784,#1785);
#1398=AXIS2_PLACEMENT_3D('',#2164,#1786,#1787);
#1399=AXIS2_PLACEMENT_3D('',#2167,#1789,#1790);
#1400=AXIS2_PLACEMENT_3D('',#2168,#1791,#1792);
#1401=AXIS2_PLACEMENT_3D('',#2170,#1793,#1794);
#1402=AXIS2_PLACEMENT_3D('',#2171,#1795,#1796);
#1403=AXIS2_PLACEMENT_3D('',#2172,#1797,#1798);
#1404=AXIS2_PLACEMENT_3D('',#2175,#1800,#1801);
#1405=AXIS2_PLACEMENT_3D('',#2176,#1802,#1803);
#1406=AXIS2_PLACEMENT_3D('',#2178,#1804,#1805);
#1407=AXIS2_PLACEMENT_3D('',#2180,#1806,#1807);
#1408=AXIS2_PLACEMENT_3D('',#2181,#1808,#1809);
#1409=AXIS2_PLACEMENT_3D('',#2182,#1810,#1811);
#1410=AXIS2_PLACEMENT_3D('',#2185,#1813,#1814);
#1411=AXIS2_PLACEMENT_3D('',#2186,#1815,#1816);
#1412=AXIS2_PLACEMENT_3D('',#2188,#1817,#1818);
#1413=AXIS2_PLACEMENT_3D('',#2189,#1819,#1820);
#1414=AXIS2_PLACEMENT_3D('',#2191,#1821,#1822);
#1415=AXIS2_PLACEMENT_3D('',#2192,#1823,#1824);
#1416=AXIS2_PLACEMENT_3D('',#2194,#1825,#1826);
#1417=AXIS2_PLACEMENT_3D('',#2195,#1827,#1828);
#1418=AXIS2_PLACEMENT_3D('',#2197,#1829,#1830);
#1419=AXIS2_PLACEMENT_3D('',#2198,#1831,#1832);
#1420=AXIS2_PLACEMENT_3D('',#2200,#1833,#1834);
#1421=AXIS2_PLACEMENT_3D('',#2201,#1835,#1836);
#1422=AXIS2_PLACEMENT_3D('',#2203,#1837,#1838);
#1423=AXIS2_PLACEMENT_3D('',#2204,#1839,#1840);
#1424=AXIS2_PLACEMENT_3D('',#2207,#1842,#1843);
#1425=AXIS2_PLACEMENT_3D('',#2208,#1844,#1845);
#1426=AXIS2_PLACEMENT_3D('',#2211,#1847,#1848);
#1427=AXIS2_PLACEMENT_3D('',#2212,#1849,#1850);
#1428=AXIS2_PLACEMENT_3D('',#2215,#1852,#1853);
#1429=AXIS2_PLACEMENT_3D('',#2216,#1854,#1855);
#1430=AXIS2_PLACEMENT_3D('',#2219,#1857,#1858);
#1431=AXIS2_PLACEMENT_3D('',#2220,#1859,#1860);
#1432=AXIS2_PLACEMENT_3D('',#2223,#1862,#1863);
#1433=AXIS2_PLACEMENT_3D('',#2224,#1864,#1865);
#1434=AXIS2_PLACEMENT_3D('',#2227,#1867,#1868);
#1435=AXIS2_PLACEMENT_3D('',#2228,#1869,#1870);
#1436=DIRECTION('axis',(0.,0.,1.));
#1437=DIRECTION('refdir',(1.,0.,0.));
#1438=DIRECTION('center_axis',(-1.,1.21430643318376E-16,0.));
#1439=DIRECTION('ref_axis',(0.,0.707106781186547,-0.707106781186548));
#1440=DIRECTION('center_axis',(-0.866025403784438,0.5,0.));
#1441=DIRECTION('ref_axis',(0.5,0.866025403784438,0.));
#1442=DIRECTION('',(-1.,1.21430643318376E-16,0.));
#1443=DIRECTION('center_axis',(-1.,0.,0.));
#1444=DIRECTION('ref_axis',(0.,1.,0.));
#1445=DIRECTION('',(1.,-1.21430643318376E-16,0.));
#1446=DIRECTION('center_axis',(0.,0.,1.));
#1447=DIRECTION('ref_axis',(-1.,-2.9861597890357E-15,0.));
#1448=DIRECTION('center_axis',(1.,0.,0.));
#1449=DIRECTION('ref_axis',(0.,-1.,0.));
#1450=DIRECTION('center_axis',(0.,0.,1.));
#1451=DIRECTION('ref_axis',(-1.,6.6750287800686E-17,0.));
#1452=DIRECTION('center_axis',(0.,0.,-1.));
#1453=DIRECTION('ref_axis',(-1.,6.6750287800686E-17,0.));
#1454=DIRECTION('center_axis',(1.,-1.21430643318376E-16,0.));
#1455=DIRECTION('ref_axis',(-1.96261557335472E-16,-0.707106781186547,-0.707106781186548));
#1456=DIRECTION('',(-1.,1.21430643318376E-16,0.));
#1457=DIRECTION('',(1.,-1.21430643318376E-16,0.));
#1458=DIRECTION('center_axis',(0.500000000000001,0.866025403784438,5.7236932596046E-16));
#1459=DIRECTION('ref_axis',(-0.866025403784438,0.500000000000001,3.30457584419156E-16));
#1460=DIRECTION('center_axis',(-0.5,0.866025403784439,0.));
#1461=DIRECTION('ref_axis',(0.612372435695794,0.353553390593273,-0.707106781186548));
#1462=DIRECTION('',(-0.5,0.866025403784439,0.));
#1463=DIRECTION('center_axis',(-0.499999999999997,0.86602540378444,0.));
#1464=DIRECTION('ref_axis',(0.86602540378444,0.499999999999997,0.));
#1465=DIRECTION('',(0.5,-0.866025403784439,0.));
#1466=DIRECTION('center_axis',(0.,0.,1.));
#1467=DIRECTION('ref_axis',(-0.500000000000005,0.866025403784436,0.));
#1468=DIRECTION('center_axis',(0.499999999999999,-0.866025403784439,0.));
#1469=DIRECTION('ref_axis',(-0.866025403784439,-0.499999999999999,0.));
#1470=DIRECTION('center_axis',(0.,0.,1.));
#1471=DIRECTION('ref_axis',(-0.5,0.866025403784439,0.));
#1472=DIRECTION('center_axis',(0.,0.,-1.));
#1473=DIRECTION('ref_axis',(-0.5,0.866025403784439,0.));
#1474=DIRECTION('center_axis',(0.5,-0.866025403784439,0.));
#1475=DIRECTION('ref_axis',(-0.612372435695794,-0.353553390593274,-0.707106781186548));
#1476=DIRECTION('',(-0.5,0.866025403784439,0.));
#1477=DIRECTION('',(0.5,-0.866025403784439,0.));
#1478=DIRECTION('center_axis',(1.,1.38777878078144E-16,2.77555756156289E-16));
#1479=DIRECTION('ref_axis',(-1.38777878078145E-16,1.,1.60246890531963E-16));
#1480=DIRECTION('center_axis',(0.5,0.866025403784439,0.));
#1481=DIRECTION('ref_axis',(0.612372435695794,-0.353553390593273,-0.707106781186548));
#1482=DIRECTION('',(0.5,0.866025403784439,0.));
#1483=DIRECTION('center_axis',(0.500000000000001,0.866025403784438,0.));
#1484=DIRECTION('ref_axis',(0.866025403784438,-0.500000000000001,0.));
#1485=DIRECTION('',(-0.5,-0.866025403784439,0.));
#1486=DIRECTION('center_axis',(0.,0.,1.));
#1487=DIRECTION('ref_axis',(1.,0.,0.));
#1488=DIRECTION('center_axis',(-0.499999999999999,-0.866025403784439,0.));
#1489=DIRECTION('ref_axis',(-0.866025403784439,0.499999999999999,0.));
#1490=DIRECTION('center_axis',(0.,0.,1.));
#1491=DIRECTION('ref_axis',(0.5,0.866025403784439,0.));
#1492=DIRECTION('center_axis',(0.,0.,-1.));
#1493=DIRECTION('ref_axis',(0.5,0.866025403784439,0.));
#1494=DIRECTION('center_axis',(-0.5,-0.866025403784439,0.));
#1495=DIRECTION('ref_axis',(-0.612372435695794,0.353553390593274,-0.707106781186548));
#1496=DIRECTION('',(0.5,0.866025403784439,0.));
#1497=DIRECTION('',(-0.5,-0.866025403784439,0.));
#1498=DIRECTION('center_axis',(0.500000000000001,-0.866025403784438,1.11022302462516E-15));
#1499=DIRECTION('ref_axis',(0.866025403784438,0.500000000000001,6.40987562127854E-16));
#1500=DIRECTION('center_axis',(1.,0.,0.));
#1501=DIRECTION('ref_axis',(0.,-0.707106781186547,-0.707106781186548));
#1502=DIRECTION('',(1.,0.,0.));
#1503=DIRECTION('center_axis',(1.,0.,0.));
#1504=DIRECTION('ref_axis',(0.,-1.,0.));
#1505=DIRECTION('',(-1.,0.,0.));
#1506=DIRECTION('center_axis',(0.,0.,1.));
#1507=DIRECTION('ref_axis',(1.,0.,0.));
#1508=DIRECTION('center_axis',(-1.,0.,0.));
#1509=DIRECTION('ref_axis',(0.,1.,0.));
#1510=DIRECTION('center_axis',(0.,0.,1.));
#1511=DIRECTION('ref_axis',(1.,-3.17206578464331E-15,0.));
#1512=DIRECTION('center_axis',(0.,0.,-1.));
#1513=DIRECTION('ref_axis',(1.,-3.17206578464331E-15,0.));
#1514=DIRECTION('center_axis',(-1.,0.,0.));
#1515=DIRECTION('ref_axis',(0.,0.707106781186547,-0.707106781186548));
#1516=DIRECTION('',(1.,0.,0.));
#1517=DIRECTION('',(-1.,0.,0.));
#1518=DIRECTION('center_axis',(-0.499999999999998,-0.86602540378444,2.47807419869614E-15));
#1519=DIRECTION('ref_axis',(0.86602540378444,-0.499999999999998,1.43071680568908E-15));
#1520=DIRECTION('center_axis',(0.5,-0.866025403784439,0.));
#1521=DIRECTION('ref_axis',(-0.612372435695794,-0.353553390593273,-0.707106781186548));
#1522=DIRECTION('',(0.5,-0.866025403784439,0.));
#1523=DIRECTION('center_axis',(0.499999999999997,-0.86602540378444,0.));
#1524=DIRECTION('ref_axis',(-0.86602540378444,-0.499999999999997,0.));
#1525=DIRECTION('',(-0.5,0.866025403784439,0.));
#1526=DIRECTION('center_axis',(0.,0.,1.));
#1527=DIRECTION('ref_axis',(1.,0.,0.));
#1528=DIRECTION('center_axis',(-0.500000000000001,0.866025403784438,0.));
#1529=DIRECTION('ref_axis',(0.866025403784438,0.500000000000001,0.));
#1530=DIRECTION('center_axis',(0.,0.,1.));
#1531=DIRECTION('ref_axis',(0.5,-0.866025403784439,0.));
#1532=DIRECTION('center_axis',(0.,0.,-1.));
#1533=DIRECTION('ref_axis',(0.5,-0.866025403784439,0.));
#1534=DIRECTION('center_axis',(-0.5,0.866025403784439,0.));
#1535=DIRECTION('ref_axis',(0.612372435695794,0.353553390593274,-0.707106781186548));
#1536=DIRECTION('',(0.5,-0.866025403784439,0.));
#1537=DIRECTION('',(-0.5,0.866025403784439,0.));
#1538=DIRECTION('center_axis',(-1.,6.93889390390724E-16,-1.38777878078144E-15));
#1539=DIRECTION('ref_axis',(-6.93889390390723E-16,-1.,-8.01234452659819E-16));
#1540=DIRECTION('center_axis',(-0.5,-0.866025403784438,0.));
#1541=DIRECTION('ref_axis',(-0.612372435695793,0.353553390593278,-0.707106781186547));
#1542=DIRECTION('',(-0.5,-0.866025403784438,0.));
#1543=DIRECTION('center_axis',(-0.499999999999999,-0.866025403784439,0.));
#1544=DIRECTION('ref_axis',(-0.866025403784439,0.499999999999999,0.));
#1545=DIRECTION('',(0.5,0.866025403784438,0.));
#1546=DIRECTION('center_axis',(0.,0.,1.));
#1547=DIRECTION('ref_axis',(1.,0.,0.));
#1548=DIRECTION('center_axis',(-0.866025403784439,0.5,0.));
#1549=DIRECTION('ref_axis',(0.5,0.866025403784439,0.));
#1550=DIRECTION('center_axis',(0.,0.,1.));
#1551=DIRECTION('ref_axis',(0.258819045102519,-0.965925826289069,0.));
#1552=DIRECTION('center_axis',(0.,0.,-1.));
#1553=DIRECTION('ref_axis',(0.258819045102519,-0.965925826289069,0.));
#1554=DIRECTION('center_axis',(-0.866025403784438,0.500000000000002,0.));
#1555=DIRECTION('ref_axis',(0.353553390593273,0.612372435695792,-0.70710678118655));
#1556=DIRECTION('center_axis',(-0.866025403784438,0.5,0.));
#1557=DIRECTION('ref_axis',(0.353553390593273,0.612372435695792,-0.70710678118655));
#1558=DIRECTION('',(0.866025403784438,-0.500000000000002,0.));
#1559=DIRECTION('',(-0.866025403784438,0.500000000000002,0.));
#1560=DIRECTION('center_axis',(-0.500000000000002,-0.866025403784438,0.));
#1561=DIRECTION('ref_axis',(0.866025403784438,-0.500000000000002,0.));
#1562=DIRECTION('',(0.,0.,-1.));
#1563=DIRECTION('',(0.866025403784438,-0.500000000000002,0.));
#1564=DIRECTION('',(0.,0.,1.));
#1565=DIRECTION('center_axis',(0.,0.,1.));
#1566=DIRECTION('ref_axis',(0.258819045102522,-0.965925826289068,0.));
#1567=DIRECTION('',(0.,0.,1.));
#1568=DIRECTION('center_axis',(0.,0.,-1.));
#1569=DIRECTION('ref_axis',(0.866025403784439,-0.5,0.));
#1570=DIRECTION('center_axis',(0.866025403784438,-0.5,0.));
#1571=DIRECTION('ref_axis',(0.5,0.866025403784438,0.));
#1572=DIRECTION('',(0.,0.,1.));
#1573=DIRECTION('',(0.5,0.866025403784438,0.));
#1574=DIRECTION('center_axis',(-0.866025403784439,-0.5,0.));
#1575=DIRECTION('ref_axis',(0.5,-0.866025403784439,0.));
#1576=DIRECTION('',(0.,0.,-1.));
#1577=DIRECTION('',(0.5,-0.866025403784439,0.));
#1578=DIRECTION('center_axis',(0.,0.,1.));
#1579=DIRECTION('ref_axis',(-0.258819045102522,-0.965925826289068,0.));
#1580=DIRECTION('',(0.,0.,1.));
#1581=DIRECTION('center_axis',(0.,0.,-1.));
#1582=DIRECTION('ref_axis',(0.5,-0.866025403784439,0.));
#1583=DIRECTION('center_axis',(0.866025403784439,0.5,0.));
#1584=DIRECTION('ref_axis',(-0.5,0.866025403784439,0.));
#1585=DIRECTION('',(0.,0.,1.));
#1586=DIRECTION('',(-0.5,0.866025403784439,0.));
#1587=DIRECTION('center_axis',(0.,-1.,0.));
#1588=DIRECTION('ref_axis',(1.,0.,0.));
#1589=DIRECTION('',(0.,0.,-1.));
#1590=DIRECTION('',(1.,0.,0.));
#1591=DIRECTION('center_axis',(0.,0.,1.));
#1592=DIRECTION('ref_axis',(0.707106781186545,-0.707106781186551,0.));
#1593=DIRECTION('',(0.,0.,1.));
#1594=DIRECTION('center_axis',(0.,0.,-1.));
#1595=DIRECTION('ref_axis',(1.,0.,0.));
#1596=DIRECTION('center_axis',(0.,1.,0.));
#1597=DIRECTION('ref_axis',(-1.,0.,0.));
#1598=DIRECTION('',(0.,0.,1.));
#1599=DIRECTION('',(-1.,0.,0.));
#1600=DIRECTION('center_axis',(0.866025403784439,-0.5,0.));
#1601=DIRECTION('ref_axis',(0.5,0.866025403784439,0.));
#1602=DIRECTION('',(0.,0.,-1.));
#1603=DIRECTION('',(0.5,0.866025403784439,0.));
#1604=DIRECTION('center_axis',(0.,0.,1.));
#1605=DIRECTION('ref_axis',(0.965925826289069,0.258819045102518,0.));
#1606=DIRECTION('',(0.,0.,1.));
#1607=DIRECTION('center_axis',(0.,0.,-1.));
#1608=DIRECTION('ref_axis',(0.500000000000002,0.866025403784437,0.));
#1609=DIRECTION('center_axis',(0.,0.,-1.));
#1610=DIRECTION('ref_axis',(0.500000000000002,0.866025403784437,0.));
#1611=DIRECTION('center_axis',(-0.866025403784439,0.5,0.));
#1612=DIRECTION('ref_axis',(-0.5,-0.866025403784439,0.));
#1613=DIRECTION('',(0.,0.,1.));
#1614=DIRECTION('',(-0.5,-0.866025403784439,0.));
#1615=DIRECTION('center_axis',(0.866025403784439,0.5,0.));
#1616=DIRECTION('ref_axis',(-0.5,0.866025403784439,0.));
#1617=DIRECTION('',(0.,0.,-1.));
#1618=DIRECTION('',(-0.5,0.866025403784439,0.));
#1619=DIRECTION('center_axis',(0.,0.,1.));
#1620=DIRECTION('ref_axis',(0.258819045102529,0.965925826289066,0.));
#1621=DIRECTION('',(0.,0.,1.));
#1622=DIRECTION('center_axis',(0.,0.,-1.));
#1623=DIRECTION('ref_axis',(-0.5,0.866025403784438,0.));
#1624=DIRECTION('center_axis',(-0.866025403784439,-0.5,0.));
#1625=DIRECTION('ref_axis',(0.5,-0.866025403784439,0.));
#1626=DIRECTION('',(0.,0.,1.));
#1627=DIRECTION('',(0.5,-0.866025403784439,0.));
#1628=DIRECTION('center_axis',(1.21430643318376E-16,1.,0.));
#1629=DIRECTION('ref_axis',(-1.,1.21430643318376E-16,0.));
#1630=DIRECTION('',(0.,0.,-1.));
#1631=DIRECTION('',(-1.,1.21430643318376E-16,0.));
#1632=DIRECTION('center_axis',(0.,0.,1.));
#1633=DIRECTION('ref_axis',(-0.707106781186545,0.707106781186551,0.));
#1634=DIRECTION('',(0.,0.,1.));
#1635=DIRECTION('center_axis',(0.,0.,-1.));
#1636=DIRECTION('ref_axis',(-1.,0.,0.));
#1637=DIRECTION('center_axis',(-1.21430643318376E-16,-1.,0.));
#1638=DIRECTION('ref_axis',(1.,-1.21430643318376E-16,0.));
#1639=DIRECTION('',(0.,0.,1.));
#1640=DIRECTION('',(1.,-1.21430643318376E-16,0.));
#1641=DIRECTION('center_axis',(-0.866025403784438,0.5,0.));
#1642=DIRECTION('ref_axis',(-0.5,-0.866025403784438,0.));
#1643=DIRECTION('',(0.5,0.866025403784438,0.));
#1644=DIRECTION('center_axis',(0.866025403784438,-0.5,0.));
#1645=DIRECTION('ref_axis',(-0.353553390593275,-0.612372435695793,0.707106781186548));
#1646=DIRECTION('',(-0.5,-0.866025403784438,0.));
#1647=DIRECTION('center_axis',(0.866025403784438,-0.5,0.));
#1648=DIRECTION('ref_axis',(-0.5,-0.866025403784438,1.71693096998533E-16));
#1649=DIRECTION('center_axis',(0.866025403784438,-0.500000000000002,0.));
#1650=DIRECTION('ref_axis',(-0.353553390593275,-0.612372435695793,0.707106781186548));
#1651=DIRECTION('center_axis',(-0.866025403784439,0.5,0.));
#1652=DIRECTION('ref_axis',(-0.5,-0.866025403784439,0.));
#1653=DIRECTION('',(-0.866025403784438,0.500000000000002,0.));
#1654=DIRECTION('center_axis',(-0.97741587937862,-0.170517658023544,0.124827589260889));
#1655=DIRECTION('ref_axis',(0.211324865405186,-0.788675134594813,0.577350269189626));
#1656=DIRECTION('center_axis',(-0.5,-0.866025403784438,0.));
#1657=DIRECTION('ref_axis',(0.612372435695796,-0.353553390593271,0.707106781186548));
#1658=DIRECTION('center_axis',(0.,0.,1.));
#1659=DIRECTION('ref_axis',(1.,0.,0.));
#1660=DIRECTION('',(-0.5,-0.866025403784438,0.));
#1661=DIRECTION('',(1.,-1.21430643318376E-16,0.));
#1662=DIRECTION('center_axis',(0.5,0.866025403784438,0.));
#1663=DIRECTION('ref_axis',(0.612372435695796,-0.353553390593274,0.707106781186546));
#1664=DIRECTION('center_axis',(1.,1.73472347597681E-16,2.82512108944794E-15));
#1665=DIRECTION('ref_axis',(-1.73472347597685E-16,1.,1.63108442148606E-15));
#1666=DIRECTION('center_axis',(0.,1.,0.));
#1667=DIRECTION('ref_axis',(0.,0.,-1.));
#1668=DIRECTION('center_axis',(-1.,1.21430643318376E-16,0.));
#1669=DIRECTION('ref_axis',(0.,0.707106781186547,0.707106781186548));
#1670=DIRECTION('center_axis',(-1.,1.21430643318376E-16,0.));
#1671=DIRECTION('ref_axis',(1.40186826668194E-16,0.707106781186547,0.707106781186548));
#1672=DIRECTION('center_axis',(-0.5,-0.866025403784439,1.71670833436947E-15));
#1673=DIRECTION('ref_axis',(0.866025403784439,-0.5,9.91142018968286E-16));
#1674=DIRECTION('center_axis',(0.577350269189625,0.577350269189627,0.577350269189626));
#1675=DIRECTION('ref_axis',(-0.707106781186547,0.,0.707106781186548));
#1676=DIRECTION('center_axis',(-0.5,0.866025403784439,0.));
#1677=DIRECTION('ref_axis',(-0.612372435695794,-0.353553390593277,0.707106781186547));
#1678=DIRECTION('center_axis',(-0.408248290463863,0.816496580927726,-0.408248290463863));
#1679=DIRECTION('ref_axis',(0.707106781186548,0.,-0.707106781186548));
#1680=DIRECTION('center_axis',(-0.5,0.866025403784439,0.));
#1681=DIRECTION('ref_axis',(-0.612372435695794,-0.353553390593277,0.707106781186547));
#1682=DIRECTION('center_axis',(0.5,-0.866025403784439,0.));
#1683=DIRECTION('ref_axis',(-0.612372435695794,-0.353553390593275,0.707106781186547));
#1684=DIRECTION('center_axis',(-1.,-2.47817639425258E-16,-2.08166817117217E-15));
#1685=DIRECTION('ref_axis',(2.4781763942526E-16,-1.,-1.20185167898972E-15));
#1686=DIRECTION('center_axis',(0.577350269189626,0.577350269189626,0.577350269189625));
#1687=DIRECTION('ref_axis',(-0.707106781186547,0.,0.707106781186548));
#1688=DIRECTION('center_axis',(0.5,0.866025403784439,0.));
#1689=DIRECTION('ref_axis',(-0.612372435695795,0.353553390593271,0.707106781186548));
#1690=DIRECTION('center_axis',(-0.408248290463863,0.816496580927726,-0.408248290463863));
#1691=DIRECTION('ref_axis',(0.707106781186548,0.,-0.707106781186548));
#1692=DIRECTION('center_axis',(-0.5,-0.866025403784439,0.));
#1693=DIRECTION('ref_axis',(-0.612372435695794,0.353553390593275,0.707106781186547));
#1694=DIRECTION('center_axis',(-0.499999999999999,0.866025403784439,2.47817639425258E-17));
#1695=DIRECTION('ref_axis',(-0.866025403784439,-0.499999999999999,1.4307758083211E-17));
#1696=DIRECTION('center_axis',(0.,1.,0.));
#1697=DIRECTION('ref_axis',(0.,0.,-1.));
#1698=DIRECTION('center_axis',(1.,0.,0.));
#1699=DIRECTION('ref_axis',(0.,0.707106781186547,0.707106781186548));
#1700=DIRECTION('center_axis',(-1.,0.,0.));
#1701=DIRECTION('ref_axis',(0.,0.707106781186547,0.707106781186548));
#1702=DIRECTION('center_axis',(0.500000000000001,0.866025403784438,6.93889390390723E-16));
#1703=DIRECTION('ref_axis',(-0.866025403784438,0.500000000000001,4.0061722632991E-16));
#1704=DIRECTION('center_axis',(0.577350269189626,0.577350269189626,0.577350269189625));
#1705=DIRECTION('ref_axis',(0.469535400794022,-0.813259170127462,0.343723769333442));
#1706=DIRECTION('center_axis',(0.5,-0.866025403784439,0.));
#1707=DIRECTION('ref_axis',(0.612372435695795,0.353553390593271,0.707106781186548));
#1708=DIRECTION('center_axis',(-0.5,0.866025403784439,0.));
#1709=DIRECTION('ref_axis',(0.612372435695794,0.353553390593275,0.707106781186547));
#1710=DIRECTION('center_axis',(0.,0.,-1.));
#1711=DIRECTION('ref_axis',(-1.,0.,0.));
#1712=DIRECTION('center_axis',(0.,0.,1.));
#1713=DIRECTION('ref_axis',(1.,0.,0.));
#1714=DIRECTION('center_axis',(0.,-1.,0.));
#1715=DIRECTION('ref_axis',(1.,0.,0.));
#1716=DIRECTION('center_axis',(0.,0.,-1.));
#1717=DIRECTION('ref_axis',(1.,0.,0.));
#1718=DIRECTION('center_axis',(0.,0.,-1.));
#1719=DIRECTION('ref_axis',(1.,0.,0.));
#1720=DIRECTION('center_axis',(0.,0.,1.));
#1721=DIRECTION('ref_axis',(1.,0.,0.));
#1722=DIRECTION('center_axis',(0.,0.,-1.));
#1723=DIRECTION('ref_axis',(1.,0.,0.));
#1724=DIRECTION('center_axis',(0.,0.,1.));
#1725=DIRECTION('ref_axis',(1.,0.,0.));
#1726=DIRECTION('center_axis',(0.,0.,1.));
#1727=DIRECTION('ref_axis',(1.,0.,0.));
#1728=DIRECTION('center_axis',(0.,0.,1.));
#1729=DIRECTION('ref_axis',(1.,0.,0.));
#1730=DIRECTION('center_axis',(0.,0.,1.));
#1731=DIRECTION('ref_axis',(1.,0.,0.));
#1732=DIRECTION('center_axis',(0.,0.,1.));
#1733=DIRECTION('ref_axis',(1.,0.,0.));
#1734=DIRECTION('center_axis',(0.,0.,-1.));
#1735=DIRECTION('ref_axis',(1.,0.,0.));
#1736=DIRECTION('',(0.,0.,-1.));
#1737=DIRECTION('center_axis',(0.,0.,-1.));
#1738=DIRECTION('ref_axis',(1.,0.,0.));
#1739=DIRECTION('center_axis',(0.,0.,-1.));
#1740=DIRECTION('ref_axis',(-1.,0.,0.));
#1741=DIRECTION('center_axis',(0.,-1.,0.));
#1742=DIRECTION('ref_axis',(1.,0.,0.));
#1743=DIRECTION('center_axis',(0.,0.,-1.));
#1744=DIRECTION('ref_axis',(1.,0.,0.));
#1745=DIRECTION('center_axis',(0.,0.,-1.));
#1746=DIRECTION('ref_axis',(1.,0.,0.));
#1747=DIRECTION('center_axis',(0.,0.,-1.));
#1748=DIRECTION('ref_axis',(1.,0.,0.));
#1749=DIRECTION('',(0.,0.,-1.));
#1750=DIRECTION('center_axis',(0.,0.,-1.));
#1751=DIRECTION('ref_axis',(1.,0.,0.));
#1752=DIRECTION('center_axis',(0.,0.,-1.));
#1753=DIRECTION('ref_axis',(-1.,0.,0.));
#1754=DIRECTION('center_axis',(0.,-1.,0.));
#1755=DIRECTION('ref_axis',(1.,0.,0.));
#1756=DIRECTION('center_axis',(0.,0.,-1.));
#1757=DIRECTION('ref_axis',(1.,0.,0.));
#1758=DIRECTION('center_axis',(0.,0.,-1.));
#1759=DIRECTION('ref_axis',(1.,0.,0.));
#1760=DIRECTION('center_axis',(0.,0.,-1.));
#1761=DIRECTION('ref_axis',(1.,0.,0.));
#1762=DIRECTION('',(0.,0.,-1.));
#1763=DIRECTION('center_axis',(0.,0.,-1.));
#1764=DIRECTION('ref_axis',(1.,0.,0.));
#1765=DIRECTION('center_axis',(0.,0.,-1.));
#1766=DIRECTION('ref_axis',(-1.,0.,0.));
#1767=DIRECTION('center_axis',(0.,-1.,0.));
#1768=DIRECTION('ref_axis',(1.,0.,0.));
#1769=DIRECTION('center_axis',(0.,0.,-1.));
#1770=DIRECTION('ref_axis',(1.,0.,0.));
#1771=DIRECTION('center_axis',(0.,0.,-1.));
#1772=DIRECTION('ref_axis',(1.,0.,0.));
#1773=DIRECTION('center_axis',(0.,0.,-1.));
#1774=DIRECTION('ref_axis',(1.,0.,0.));
#1775=DIRECTION('',(0.,0.,-1.));
#1776=DIRECTION('center_axis',(0.,0.,-1.));
#1777=DIRECTION('ref_axis',(1.,0.,0.));
#1778=DIRECTION('center_axis',(0.,0.,-1.));
#1779=DIRECTION('ref_axis',(-1.,0.,0.));
#1780=DIRECTION('center_axis',(0.,-1.,0.));
#1781=DIRECTION('ref_axis',(1.,0.,0.));
#1782=DIRECTION('center_axis',(0.,0.,-1.));
#1783=DIRECTION('ref_axis',(1.,0.,0.));
#1784=DIRECTION('center_axis',(0.,0.,-1.));
#1785=DIRECTION('ref_axis',(1.,0.,0.));
#1786=DIRECTION('center_axis',(0.,0.,-1.));
#1787=DIRECTION('ref_axis',(1.,0.,0.));
#1788=DIRECTION('',(0.,0.,-1.));
#1789=DIRECTION('center_axis',(0.,0.,-1.));
#1790=DIRECTION('ref_axis',(1.,0.,0.));
#1791=DIRECTION('center_axis',(0.,0.,1.));
#1792=DIRECTION('ref_axis',(1.,0.,0.));
#1793=DIRECTION('center_axis',(1.22464679914735E-16,-1.,0.));
#1794=DIRECTION('ref_axis',(-1.,-1.22464679914735E-16,0.));
#1795=DIRECTION('center_axis',(0.,0.,1.));
#1796=DIRECTION('ref_axis',(1.,0.,0.));
#1797=DIRECTION('center_axis',(0.,0.,1.));
#1798=DIRECTION('ref_axis',(1.,0.,0.));
#1799=DIRECTION('',(0.,0.,-1.));
#1800=DIRECTION('center_axis',(0.,0.,1.));
#1801=DIRECTION('ref_axis',(1.,0.,0.));
#1802=DIRECTION('center_axis',(0.,0.,-1.));
#1803=DIRECTION('ref_axis',(-1.,0.,0.));
#1804=DIRECTION('center_axis',(0.,-1.,0.));
#1805=DIRECTION('ref_axis',(1.,0.,0.));
#1806=DIRECTION('center_axis',(0.,0.,-1.));
#1807=DIRECTION('ref_axis',(1.,0.,0.));
#1808=DIRECTION('center_axis',(0.,0.,-1.));
#1809=DIRECTION('ref_axis',(1.,0.,0.));
#1810=DIRECTION('center_axis',(0.,0.,-1.));
#1811=DIRECTION('ref_axis',(1.,0.,0.));
#1812=DIRECTION('',(0.,0.,-1.));
#1813=DIRECTION('center_axis',(0.,0.,-1.));
#1814=DIRECTION('ref_axis',(1.,0.,0.));
#1815=DIRECTION('center_axis',(0.,0.,1.));
#1816=DIRECTION('ref_axis',(1.,0.,0.));
#1817=DIRECTION('center_axis',(0.,0.,1.));
#1818=DIRECTION('ref_axis',(1.,0.,0.));
#1819=DIRECTION('center_axis',(0.,0.,1.));
#1820=DIRECTION('ref_axis',(1.,0.,0.));
#1821=DIRECTION('center_axis',(0.,0.,1.));
#1822=DIRECTION('ref_axis',(1.,0.,0.));
#1823=DIRECTION('center_axis',(0.,0.,1.));
#1824=DIRECTION('ref_axis',(1.,0.,0.));
#1825=DIRECTION('center_axis',(0.,0.,1.));
#1826=DIRECTION('ref_axis',(1.,0.,0.));
#1827=DIRECTION('center_axis',(0.,0.,1.));
#1828=DIRECTION('ref_axis',(1.,0.,0.));
#1829=DIRECTION('center_axis',(0.,0.,1.));
#1830=DIRECTION('ref_axis',(1.,0.,0.));
#1831=DIRECTION('center_axis',(0.,0.,1.));
#1832=DIRECTION('ref_axis',(1.,0.,0.));
#1833=DIRECTION('center_axis',(0.,0.,1.));
#1834=DIRECTION('ref_axis',(1.,0.,0.));
#1835=DIRECTION('center_axis',(0.,0.,1.));
#1836=DIRECTION('ref_axis',(1.,0.,0.));
#1837=DIRECTION('center_axis',(0.,0.,1.));
#1838=DIRECTION('ref_axis',(1.,0.,0.));
#1839=DIRECTION('center_axis',(0.,0.,-1.));
#1840=DIRECTION('ref_axis',(1.,0.,0.));
#1841=DIRECTION('',(0.,0.,-1.));
#1842=DIRECTION('center_axis',(0.,0.,1.));
#1843=DIRECTION('ref_axis',(1.,0.,0.));
#1844=DIRECTION('center_axis',(0.,0.,-1.));
#1845=DIRECTION('ref_axis',(1.,0.,0.));
#1846=DIRECTION('',(0.,0.,-1.));
#1847=DIRECTION('center_axis',(0.,0.,1.));
#1848=DIRECTION('ref_axis',(1.,0.,0.));
#1849=DIRECTION('center_axis',(0.,0.,-1.));
#1850=DIRECTION('ref_axis',(1.,0.,0.));
#1851=DIRECTION('',(0.,0.,-1.));
#1852=DIRECTION('center_axis',(0.,0.,1.));
#1853=DIRECTION('ref_axis',(1.,0.,0.));
#1854=DIRECTION('center_axis',(0.,0.,-1.));
#1855=DIRECTION('ref_axis',(1.,0.,0.));
#1856=DIRECTION('',(0.,0.,-1.));
#1857=DIRECTION('center_axis',(0.,0.,1.));
#1858=DIRECTION('ref_axis',(1.,0.,0.));
#1859=DIRECTION('center_axis',(0.,0.,-1.));
#1860=DIRECTION('ref_axis',(1.,0.,0.));
#1861=DIRECTION('',(0.,0.,-1.));
#1862=DIRECTION('center_axis',(0.,0.,1.));
#1863=DIRECTION('ref_axis',(1.,0.,0.));
#1864=DIRECTION('center_axis',(0.,0.,-1.));
#1865=DIRECTION('ref_axis',(1.,0.,0.));
#1866=DIRECTION('',(0.,0.,-1.));
#1867=DIRECTION('center_axis',(0.,0.,1.));
#1868=DIRECTION('ref_axis',(1.,0.,0.));
#1869=DIRECTION('center_axis',(0.,0.,1.));
#1870=DIRECTION('ref_axis',(1.,0.,0.));
#1871=CARTESIAN_POINT('',(0.,0.,0.));
#1872=CARTESIAN_POINT('Origin',(-16.,-1.2,6.5));
#1873=CARTESIAN_POINT('',(-1.21243556529822,-0.700000000000003,6.5));
#1874=CARTESIAN_POINT('',(-1.50111069989303,-1.2,6.));
#1875=CARTESIAN_POINT('Origin',(-1.50111069989303,-1.2,6.5));
#1876=CARTESIAN_POINT('',(-31.3,-0.699999999999996,6.5));
#1877=CARTESIAN_POINT('',(-16.,-0.699999999999998,6.5));
#1878=CARTESIAN_POINT('',(-31.3,-1.2,6.));
#1879=CARTESIAN_POINT('Origin',(-31.3,-1.2,6.5));
#1880=CARTESIAN_POINT('',(-16.,-1.2,6.));
#1881=CARTESIAN_POINT('Origin',(-31.3,3.7696664456885E-15,6.5));
#1882=CARTESIAN_POINT('',(-31.3,0.700000000000004,6.5));
#1883=CARTESIAN_POINT('',(-31.3,1.2,6.));
#1884=CARTESIAN_POINT('Origin',(-31.3,1.2,6.5));
#1885=CARTESIAN_POINT('Origin',(-31.3,3.7696664456885E-15,6.));
#1886=CARTESIAN_POINT('Origin',(-31.3,3.7696664456885E-15,6.5));
#1887=CARTESIAN_POINT('Origin',(-0.606217782649108,1.2,6.5));
#1888=CARTESIAN_POINT('',(-2.07846096908265,1.2,6.));
#1889=CARTESIAN_POINT('',(-0.606217782649108,1.2,6.));
#1890=CARTESIAN_POINT('',(-1.21243556529822,0.7,6.5));
#1891=CARTESIAN_POINT('',(-0.606217782649108,0.7,6.5));
#1892=CARTESIAN_POINT('Origin',(-2.07846096908265,1.2,6.5));
#1893=CARTESIAN_POINT('Origin',(-9.03923048454132,13.256406460551,6.5));
#1894=CARTESIAN_POINT('',(-16.2562177826491,26.7565951384529,6.5));
#1895=CARTESIAN_POINT('',(-8.60621778264911,13.506406460551,6.5));
#1896=CARTESIAN_POINT('',(-16.6892304845413,26.5065951384529,6.));
#1897=CARTESIAN_POINT('Origin',(-16.6892304845413,26.5065951384529,6.5));
#1898=CARTESIAN_POINT('',(-9.03923048454132,13.256406460551,6.));
#1899=CARTESIAN_POINT('Origin',(-15.65,27.1065951384529,6.5));
#1900=CARTESIAN_POINT('',(-15.0437822173509,27.4565951384529,6.5));
#1901=CARTESIAN_POINT('',(-14.6107695154587,27.7065951384529,6.));
#1902=CARTESIAN_POINT('Origin',(-14.6107695154587,27.7065951384529,6.5));
#1903=CARTESIAN_POINT('Origin',(-15.65,27.1065951384529,6.));
#1904=CARTESIAN_POINT('Origin',(-15.65,27.1065951384529,6.5));
#1905=CARTESIAN_POINT('Origin',(0.736121593216775,1.125,6.5));
#1906=CARTESIAN_POINT('',(1.94289029309402E-15,2.4,6.));
#1907=CARTESIAN_POINT('',(0.736121593216775,1.125,6.));
#1908=CARTESIAN_POINT('',(2.22044604925031E-15,1.4,6.5));
#1909=CARTESIAN_POINT('',(0.303108891324556,0.875000000000001,6.5));
#1910=CARTESIAN_POINT('Origin',(2.08166817117217E-15,2.4,6.5));
#1911=CARTESIAN_POINT('Origin',(6.96076951545868,14.456406460551,6.5));
#1912=CARTESIAN_POINT('',(15.0437822173509,27.4565951384529,6.5));
#1913=CARTESIAN_POINT('',(7.3937822173509,14.206406460551,6.5));
#1914=CARTESIAN_POINT('',(14.6107695154587,27.7065951384529,6.));
#1915=CARTESIAN_POINT('Origin',(14.6107695154587,27.7065951384529,6.5));
#1916=CARTESIAN_POINT('',(6.96076951545868,14.456406460551,6.));
#1917=CARTESIAN_POINT('Origin',(15.65,27.1065951384529,6.5));
#1918=CARTESIAN_POINT('',(16.2562177826491,26.7565951384529,6.5));
#1919=CARTESIAN_POINT('',(16.6892304845413,26.5065951384529,6.));
#1920=CARTESIAN_POINT('Origin',(16.6892304845413,26.5065951384529,6.5));
#1921=CARTESIAN_POINT('Origin',(15.65,27.1065951384529,6.));
#1922=CARTESIAN_POINT('Origin',(15.65,27.1065951384529,6.5));
#1923=CARTESIAN_POINT('Origin',(1.34233937586588,-0.0750000000000009,6.5));
#1924=CARTESIAN_POINT('',(2.07846096908265,1.2,6.));
#1925=CARTESIAN_POINT('',(1.34233937586588,-0.0750000000000009,6.));
#1926=CARTESIAN_POINT('',(1.21243556529821,0.699999999999998,6.5));
#1927=CARTESIAN_POINT('',(0.90932667397366,0.174999999999999,6.5));
#1928=CARTESIAN_POINT('Origin',(2.07846096908265,1.2,6.5));
#1929=CARTESIAN_POINT('Origin',(16.,1.2,6.5));
#1930=CARTESIAN_POINT('',(31.3,0.7,6.5));
#1931=CARTESIAN_POINT('',(16.,0.7,6.5));
#1932=CARTESIAN_POINT('',(31.3,1.2,6.));
#1933=CARTESIAN_POINT('Origin',(31.3,1.2,6.5));
#1934=CARTESIAN_POINT('',(16.,1.2,6.));
#1935=CARTESIAN_POINT('Origin',(31.3,0.,6.5));
#1936=CARTESIAN_POINT('',(31.3,-0.7,6.5));
#1937=CARTESIAN_POINT('',(31.3,-1.2,6.));
#1938=CARTESIAN_POINT('Origin',(31.3,-1.2,6.5));
#1939=CARTESIAN_POINT('Origin',(31.3,0.,6.));
#1940=CARTESIAN_POINT('Origin',(31.3,0.,6.5));
#1941=CARTESIAN_POINT('Origin',(0.606217782649108,-1.2,6.5));
#1942=CARTESIAN_POINT('',(2.07846096908266,-1.2,6.));
#1943=CARTESIAN_POINT('',(0.606217782649108,-1.2,6.));
#1944=CARTESIAN_POINT('',(1.21243556529821,-0.700000000000001,6.5));
#1945=CARTESIAN_POINT('',(0.606217782649108,-0.7,6.5));
#1946=CARTESIAN_POINT('Origin',(2.07846096908266,-1.2,6.5));
#1947=CARTESIAN_POINT('Origin',(9.03923048454133,-13.256406460551,6.5));
#1948=CARTESIAN_POINT('',(16.2562177826491,-26.7565951384529,6.5));
#1949=CARTESIAN_POINT('',(8.60621778264911,-13.506406460551,6.5));
#1950=CARTESIAN_POINT('',(16.6892304845413,-26.5065951384529,6.));
#1951=CARTESIAN_POINT('Origin',(16.6892304845413,-26.5065951384529,6.5));
#1952=CARTESIAN_POINT('',(9.03923048454133,-13.256406460551,6.));
#1953=CARTESIAN_POINT('Origin',(15.65,-27.1065951384529,6.5));
#1954=CARTESIAN_POINT('',(15.0437822173509,-27.4565951384529,6.5));
#1955=CARTESIAN_POINT('',(14.6107695154587,-27.7065951384529,6.));
#1956=CARTESIAN_POINT('Origin',(14.6107695154587,-27.7065951384529,6.5));
#1957=CARTESIAN_POINT('Origin',(15.65,-27.1065951384529,6.));
#1958=CARTESIAN_POINT('Origin',(15.65,-27.1065951384529,6.5));
#1959=CARTESIAN_POINT('Origin',(-0.736121593216773,-1.125,6.5));
#1960=CARTESIAN_POINT('',(-5.55111512312578E-16,-2.4,6.));
#1961=CARTESIAN_POINT('',(-0.736121593216773,-1.125,6.));
#1962=CARTESIAN_POINT('',(0.,-1.4,6.5));
#1963=CARTESIAN_POINT('',(-0.303108891324554,-0.875000000000001,6.5));
#1964=CARTESIAN_POINT('Origin',(-6.93889390390723E-16,-2.4,6.5));
#1965=CARTESIAN_POINT('Origin',(-6.96076951545868,-14.456406460551,6.5));
#1966=CARTESIAN_POINT('',(-15.0437822173509,-27.4565951384529,6.5));
#1967=CARTESIAN_POINT('',(-7.3937822173509,-14.206406460551,6.5));
#1968=CARTESIAN_POINT('',(-14.6107695154587,-27.7065951384529,6.));
#1969=CARTESIAN_POINT('Origin',(-14.6107695154587,-27.7065951384529,6.5));
#1970=CARTESIAN_POINT('',(-6.96076951545868,-14.456406460551,6.));
#1971=CARTESIAN_POINT('Origin',(-15.65,-27.1065951384529,6.5));
#1972=CARTESIAN_POINT('',(-16.,-27.712812921102,6.5));
#1973=CARTESIAN_POINT('',(-16.25,-28.1458256229942,6.));
#1974=CARTESIAN_POINT('Origin',(-16.25,-28.1458256229942,6.5));
#1975=CARTESIAN_POINT('Origin',(-15.65,-27.1065951384529,6.));
#1976=CARTESIAN_POINT('Origin',(-15.65,-27.1065951384529,6.5));
#1977=CARTESIAN_POINT('Origin',(-16.5531088913246,-27.9708256229942,6.5));
#1978=CARTESIAN_POINT('',(-16.6062177826491,-27.362812921102,6.5));
#1979=CARTESIAN_POINT('',(-16.8562177826491,-27.7958256229942,6.));
#1980=CARTESIAN_POINT('Origin',(-16.8562177826492,-27.7958256229942,6.5));
#1981=CARTESIAN_POINT('',(-16.5531088913246,-27.9708256229942,6.));
#1982=CARTESIAN_POINT('',(-16.3031088913246,-27.537812921102,6.5));
#1983=CARTESIAN_POINT('Origin',(-16.6062177826491,-27.362812921102,6.));
#1984=CARTESIAN_POINT('',(-16.,-27.712812921102,7.3));
#1985=CARTESIAN_POINT('',(-16.,-27.712812921102,6.));
#1986=CARTESIAN_POINT('',(-16.6062177826491,-27.362812921102,7.3));
#1987=CARTESIAN_POINT('',(-16.3031088913246,-27.537812921102,7.3));
#1988=CARTESIAN_POINT('',(-16.6062177826491,-27.362812921102,6.));
#1989=CARTESIAN_POINT('Origin',(-15.65,-27.1065951384529,6.));
#1990=CARTESIAN_POINT('',(-15.0437822173509,-27.4565951384529,7.3));
#1991=CARTESIAN_POINT('',(-15.0437822173509,-27.4565951384529,6.));
#1992=CARTESIAN_POINT('Origin',(-15.65,-27.1065951384529,7.3));
#1993=CARTESIAN_POINT('Origin',(-15.3937822173509,-28.062812921102,6.));
#1994=CARTESIAN_POINT('',(0.,-1.4,7.3));
#1995=CARTESIAN_POINT('',(0.,-1.4,6.));
#1996=CARTESIAN_POINT('',(-7.3937822173509,-14.206406460551,7.3));
#1997=CARTESIAN_POINT('Origin',(0.,-1.4,6.));
#1998=CARTESIAN_POINT('',(15.0437822173509,-27.4565951384529,7.3));
#1999=CARTESIAN_POINT('',(15.0437822173509,-27.4565951384529,6.));
#2000=CARTESIAN_POINT('',(-0.303108891324554,-0.875000000000001,7.3));
#2001=CARTESIAN_POINT('Origin',(15.65,-27.1065951384529,6.));
#2002=CARTESIAN_POINT('',(16.2562177826491,-26.7565951384529,7.3));
#2003=CARTESIAN_POINT('',(16.2562177826491,-26.7565951384529,6.));
#2004=CARTESIAN_POINT('Origin',(15.65,-27.1065951384529,7.3));
#2005=CARTESIAN_POINT('Origin',(16.6062177826491,-27.362812921102,6.));
#2006=CARTESIAN_POINT('',(1.21243556529821,-0.700000000000001,7.3));
#2007=CARTESIAN_POINT('',(1.21243556529821,-0.700000000000001,6.));
#2008=CARTESIAN_POINT('',(8.60621778264911,-13.506406460551,7.3));
#2009=CARTESIAN_POINT('Origin',(1.21243556529822,-0.7,6.));
#2010=CARTESIAN_POINT('',(31.3,-0.7,7.3));
#2011=CARTESIAN_POINT('',(31.3,-0.7,6.));
#2012=CARTESIAN_POINT('',(0.606217782649108,-0.7,7.3));
#2013=CARTESIAN_POINT('Origin',(31.3,0.,6.));
#2014=CARTESIAN_POINT('',(31.3,0.7,7.3));
#2015=CARTESIAN_POINT('',(31.3,0.7,6.));
#2016=CARTESIAN_POINT('Origin',(31.3,0.,7.3));
#2017=CARTESIAN_POINT('Origin',(32.,0.7,6.));
#2018=CARTESIAN_POINT('',(1.21243556529821,0.699999999999998,7.3));
#2019=CARTESIAN_POINT('',(1.21243556529821,0.699999999999998,6.));
#2020=CARTESIAN_POINT('',(16.,0.7,7.3));
#2021=CARTESIAN_POINT('Origin',(1.21243556529821,0.699999999999998,6.));
#2022=CARTESIAN_POINT('',(16.2562177826491,26.7565951384529,7.3));
#2023=CARTESIAN_POINT('',(16.2562177826491,26.7565951384529,6.));
#2024=CARTESIAN_POINT('',(0.90932667397366,0.174999999999999,7.3));
#2025=CARTESIAN_POINT('Origin',(15.65,27.1065951384529,6.));
#2026=CARTESIAN_POINT('',(15.0437822173509,27.4565951384529,7.3));
#2027=CARTESIAN_POINT('',(15.0437822173509,27.4565951384529,6.));
#2028=CARTESIAN_POINT('',(16.2760990336999,27.4196446553029,7.3));
#2029=CARTESIAN_POINT('Origin',(15.65,27.1065951384529,7.3));
#2030=CARTESIAN_POINT('Origin',(15.65,27.1065951384529,7.3));
#2031=CARTESIAN_POINT('Origin',(15.3937822173509,28.062812921102,6.));
#2032=CARTESIAN_POINT('',(2.22044604925031E-15,1.4,7.3));
#2033=CARTESIAN_POINT('',(2.22044604925031E-15,1.4,6.));
#2034=CARTESIAN_POINT('',(7.39378221735089,14.206406460551,7.3));
#2035=CARTESIAN_POINT('Origin',(2.22044604925031E-15,1.4,6.));
#2036=CARTESIAN_POINT('',(-15.0437822173509,27.4565951384529,7.3));
#2037=CARTESIAN_POINT('',(-15.0437822173509,27.4565951384529,6.));
#2038=CARTESIAN_POINT('',(0.303108891324556,0.875000000000001,7.3));
#2039=CARTESIAN_POINT('Origin',(-15.65,27.1065951384529,6.));
#2040=CARTESIAN_POINT('',(-16.2562177826491,26.7565951384529,7.3));
#2041=CARTESIAN_POINT('',(-16.2562177826491,26.7565951384529,6.));
#2042=CARTESIAN_POINT('Origin',(-15.65,27.1065951384529,7.3));
#2043=CARTESIAN_POINT('Origin',(-16.6062177826491,27.362812921102,6.));
#2044=CARTESIAN_POINT('',(-1.21243556529822,0.7,7.3));
#2045=CARTESIAN_POINT('',(-1.21243556529822,0.7,6.));
#2046=CARTESIAN_POINT('',(-8.60621778264911,13.506406460551,7.3));
#2047=CARTESIAN_POINT('Origin',(-1.21243556529822,0.7,6.));
#2048=CARTESIAN_POINT('',(-31.3,0.700000000000004,7.3));
#2049=CARTESIAN_POINT('',(-31.3,0.700000000000004,6.));
#2050=CARTESIAN_POINT('',(-0.606217782649108,0.7,7.3));
#2051=CARTESIAN_POINT('Origin',(-31.3,3.7696664456885E-15,6.));
#2052=CARTESIAN_POINT('',(-31.3,-0.699999999999996,7.3));
#2053=CARTESIAN_POINT('',(-31.3,-0.699999999999996,6.));
#2054=CARTESIAN_POINT('Origin',(-31.3,3.7696664456885E-15,7.3));
#2055=CARTESIAN_POINT('Origin',(-32.,-0.699999999999996,6.));
#2056=CARTESIAN_POINT('',(-1.21243556529822,-0.700000000000003,7.3));
#2057=CARTESIAN_POINT('',(-1.21243556529822,-0.700000000000003,6.));
#2058=CARTESIAN_POINT('',(-16.,-0.699999999999998,7.3));
#2059=CARTESIAN_POINT('Origin',(-1.21243556529822,-0.700000000000003,6.));
#2060=CARTESIAN_POINT('',(-0.909326673973663,-0.175000000000001,6.));
#2061=CARTESIAN_POINT('',(-16.2562177826491,-26.7565951384529,8.));
#2062=CARTESIAN_POINT('Origin',(-16.2562177826492,-26.7565951384529,7.3));
#2063=CARTESIAN_POINT('',(-0.808290376865477,9.81512204508277E-17,8.));
#2064=CARTESIAN_POINT('',(-16.6062177826491,-27.362812921102,8.));
#2065=CARTESIAN_POINT('Origin',(-0.808290376865477,9.81512204508277E-17,
7.3));
#2066=CARTESIAN_POINT('Origin',(-15.9531088913246,-26.9315951384529,7.3));
#2067=CARTESIAN_POINT('',(-15.65,-27.1065951384529,8.));
#2068=CARTESIAN_POINT('Origin',(-15.65,-27.1065951384529,7.3));
#2069=CARTESIAN_POINT('',(-15.9531088913246,-26.9315951384529,8.));
#2070=CARTESIAN_POINT('Origin',(-15.65,-27.1065951384529,7.3));
#2071=CARTESIAN_POINT('Origin',(-15.65,-27.1065951384529,7.3));
#2072=CARTESIAN_POINT('Origin',(0.,0.,8.));
#2073=CARTESIAN_POINT('',(0.,0.,8.));
#2074=CARTESIAN_POINT('',(-8.00000000000001,-13.856406460551,8.));
#2075=CARTESIAN_POINT('',(-0.606217782649108,6.51644627400237E-17,8.));
#2076=CARTESIAN_POINT('Origin',(-8.00000000000001,-13.856406460551,7.3));
#2077=CARTESIAN_POINT('Origin',(-2.42861286636753E-16,-1.17961196366423E-15,
7.3));
#2078=CARTESIAN_POINT('Origin',(-31.3,3.79233018326709E-15,7.3));
#2079=CARTESIAN_POINT('Origin',(-31.3,3.79233018326709E-15,7.3));
#2080=CARTESIAN_POINT('Origin',(-0.606217782649108,6.51644627400237E-17,
7.3));
#2081=CARTESIAN_POINT('Origin',(3.46944695195361E-16,-8.44895259809728E-18,
7.3));
#2082=CARTESIAN_POINT('Origin',(-15.65,27.1065951384529,7.3));
#2083=CARTESIAN_POINT('',(-15.0491506154982,27.4534956923375,7.39295172326727));
#2084=CARTESIAN_POINT('Origin',(-15.65,27.1065951384529,7.3));
#2085=CARTESIAN_POINT('',(-15.2458548115673,27.5107403268857,7.70414518843274));
#2086=CARTESIAN_POINT('Origin',(-15.65,27.1065951384529,7.3));
#2087=CARTESIAN_POINT('Origin',(-15.65,27.1065951384529,7.3));
#2088=CARTESIAN_POINT('Origin',(-8.,13.856406460551,7.3));
#2089=CARTESIAN_POINT('Origin',(2.56739074444567E-15,1.38777878078145E-16,
7.3));
#2090=CARTESIAN_POINT('Origin',(15.65,27.1065951384529,7.3));
#2091=CARTESIAN_POINT('Origin',(15.65,27.1065951384529,7.3));
#2092=CARTESIAN_POINT('',(16.0541451884327,27.5107403268857,7.70414518843274));
#2093=CARTESIAN_POINT('Origin',(15.65,27.1065951384529,7.3));
#2094=CARTESIAN_POINT('Origin',(8.,13.856406460551,7.3));
#2095=CARTESIAN_POINT('Origin',(-3.46944695195361E-17,0.,7.3));
#2096=CARTESIAN_POINT('Origin',(31.3,0.,7.3));
#2097=CARTESIAN_POINT('Origin',(31.3,0.,7.3));
#2098=CARTESIAN_POINT('Origin',(16.,0.,7.3));
#2099=CARTESIAN_POINT('Origin',(2.08166817117217E-15,0.,7.3));
#2100=CARTESIAN_POINT('Origin',(15.65,-27.1065951384529,7.3));
#2101=CARTESIAN_POINT('Origin',(15.65,-27.1065951384529,7.3));
#2102=CARTESIAN_POINT('Origin',(8.,-13.856406460551,7.3));
#2103=CARTESIAN_POINT('Origin',(-5.25373476834215E-15,-28.6,5.5));
#2104=CARTESIAN_POINT('',(2.29999999999999,-28.6,6.));
#2105=CARTESIAN_POINT('Origin',(-5.25373476834215E-15,-28.6,6.));
#2106=CARTESIAN_POINT('',(1.79999999999999,-28.6,5.5));
#2107=CARTESIAN_POINT('Origin',(2.29999999999999,-28.6,5.5));
#2108=CARTESIAN_POINT('',(-1.80000000000001,-28.6,5.5));
#2109=CARTESIAN_POINT('Origin',(-5.25373476834215E-15,-28.6,5.5));
#2110=CARTESIAN_POINT('Origin',(-5.25373476834215E-15,-28.6,5.5));
#2111=CARTESIAN_POINT('Origin',(0.,0.,6.));
#2112=CARTESIAN_POINT('',(-33.5,4.10256677714363E-15,6.));
#2113=CARTESIAN_POINT('Origin',(0.,0.,6.));
#2114=CARTESIAN_POINT('',(27.0683265482349,-14.3,6.));
#2115=CARTESIAN_POINT('Origin',(24.7683265482349,-14.3,6.));
#2116=CARTESIAN_POINT('',(2.3,28.6,6.));
#2117=CARTESIAN_POINT('Origin',(1.75124492278072E-15,28.6,6.));
#2118=CARTESIAN_POINT('',(-22.4683265482349,-14.3,6.));
#2119=CARTESIAN_POINT('Origin',(-24.7683265482349,-14.3,6.));
#2120=CARTESIAN_POINT('',(-22.4683265482349,14.3,6.));
#2121=CARTESIAN_POINT('Origin',(-24.7683265482349,14.3,6.));
#2122=CARTESIAN_POINT('',(27.0683265482349,14.3,6.));
#2123=CARTESIAN_POINT('Origin',(24.7683265482349,14.3,6.));
#2124=CARTESIAN_POINT('Origin',(-5.25373476834215E-15,-28.6,6.));
#2125=CARTESIAN_POINT('',(-1.80000000000001,-28.6,1.));
#2126=CARTESIAN_POINT('',(-1.80000000000001,-28.6,6.));
#2127=CARTESIAN_POINT('Origin',(-5.25373476834215E-15,-28.6,1.));
#2128=CARTESIAN_POINT('Origin',(24.7683265482349,-14.3,5.5));
#2129=CARTESIAN_POINT('',(26.5683265482349,-14.3,5.5));
#2130=CARTESIAN_POINT('Origin',(27.0683265482349,-14.3,5.5));
#2131=CARTESIAN_POINT('',(22.9683265482349,-14.3,5.5));
#2132=CARTESIAN_POINT('Origin',(24.7683265482349,-14.3,5.5));
#2133=CARTESIAN_POINT('Origin',(24.7683265482349,-14.3,5.5));
#2134=CARTESIAN_POINT('Origin',(24.7683265482349,-14.3,6.));
#2135=CARTESIAN_POINT('',(22.9683265482349,-14.3,1.));
#2136=CARTESIAN_POINT('',(22.9683265482349,-14.3,6.));
#2137=CARTESIAN_POINT('Origin',(24.7683265482349,-14.3,1.));
#2138=CARTESIAN_POINT('Origin',(24.7683265482349,14.3,5.5));
#2139=CARTESIAN_POINT('',(26.5683265482349,14.3,5.5));
#2140=CARTESIAN_POINT('Origin',(27.0683265482349,14.3,5.5));
#2141=CARTESIAN_POINT('',(22.9683265482349,14.3,5.5));
#2142=CARTESIAN_POINT('Origin',(24.7683265482349,14.3,5.5));
#2143=CARTESIAN_POINT('Origin',(24.7683265482349,14.3,5.5));
#2144=CARTESIAN_POINT('Origin',(24.7683265482349,14.3,6.));
#2145=CARTESIAN_POINT('',(22.9683265482349,14.3,1.));
#2146=CARTESIAN_POINT('',(22.9683265482349,14.3,6.));
#2147=CARTESIAN_POINT('Origin',(24.7683265482349,14.3,1.));
#2148=CARTESIAN_POINT('Origin',(1.75124492278072E-15,28.6,5.5));
#2149=CARTESIAN_POINT('',(1.8,28.6,5.5));
#2150=CARTESIAN_POINT('Origin',(2.3,28.6,5.5));
#2151=CARTESIAN_POINT('',(-1.8,28.6,5.5));
#2152=CARTESIAN_POINT('Origin',(1.75124492278072E-15,28.6,5.5));
#2153=CARTESIAN_POINT('Origin',(1.75124492278072E-15,28.6,5.5));
#2154=CARTESIAN_POINT('Origin',(1.75124492278072E-15,28.6,6.));
#2155=CARTESIAN_POINT('',(-1.8,28.6,1.));
#2156=CARTESIAN_POINT('',(-1.8,28.6,6.));
#2157=CARTESIAN_POINT('Origin',(1.75124492278072E-15,28.6,1.));
#2158=CARTESIAN_POINT('Origin',(-24.7683265482349,14.3,5.5));
#2159=CARTESIAN_POINT('',(-22.9683265482349,14.3,5.5));
#2160=CARTESIAN_POINT('Origin',(-22.4683265482349,14.3,5.5));
#2161=CARTESIAN_POINT('',(-26.5683265482349,14.3,5.5));
#2162=CARTESIAN_POINT('Origin',(-24.7683265482349,14.3,5.5));
#2163=CARTESIAN_POINT('Origin',(-24.7683265482349,14.3,5.5));
#2164=CARTESIAN_POINT('Origin',(-24.7683265482349,14.3,6.));
#2165=CARTESIAN_POINT('',(-26.5683265482349,14.3,1.));
#2166=CARTESIAN_POINT('',(-26.5683265482349,14.3,6.));
#2167=CARTESIAN_POINT('Origin',(-24.7683265482349,14.3,1.));
#2168=CARTESIAN_POINT('Origin',(0.,0.,5.5));
#2169=CARTESIAN_POINT('',(-34.,-4.163799117101E-15,5.5));
#2170=CARTESIAN_POINT('Origin',(-33.5,-4.10256677714363E-15,5.5));
#2171=CARTESIAN_POINT('Origin',(0.,0.,5.5));
#2172=CARTESIAN_POINT('Origin',(0.,0.,0.));
#2173=CARTESIAN_POINT('',(-34.,-4.163799117101E-15,0.));
#2174=CARTESIAN_POINT('',(-34.,-4.163799117101E-15,0.));
#2175=CARTESIAN_POINT('Origin',(0.,0.,0.));
#2176=CARTESIAN_POINT('Origin',(-24.7683265482349,-14.3,5.5));
#2177=CARTESIAN_POINT('',(-22.9683265482349,-14.3,5.5));
#2178=CARTESIAN_POINT('Origin',(-22.4683265482349,-14.3,5.5));
#2179=CARTESIAN_POINT('',(-26.5683265482349,-14.3,5.5));
#2180=CARTESIAN_POINT('Origin',(-24.7683265482349,-14.3,5.5));
#2181=CARTESIAN_POINT('Origin',(-24.7683265482349,-14.3,5.5));
#2182=CARTESIAN_POINT('Origin',(-24.7683265482349,-14.3,6.));
#2183=CARTESIAN_POINT('',(-26.5683265482349,-14.3,1.));
#2184=CARTESIAN_POINT('',(-26.5683265482349,-14.3,6.));
#2185=CARTESIAN_POINT('Origin',(-24.7683265482349,-14.3,1.));
#2186=CARTESIAN_POINT('Origin',(-5.27355936696949E-15,-28.6,1.));
#2187=CARTESIAN_POINT('',(-1.70000000000001,-28.6,1.));
#2188=CARTESIAN_POINT('Origin',(-5.25373476834215E-15,-28.6,1.));
#2189=CARTESIAN_POINT('Origin',(24.7683265482349,14.3,1.));
#2190=CARTESIAN_POINT('',(23.0683265482349,14.3,1.));
#2191=CARTESIAN_POINT('Origin',(24.7683265482349,14.3,1.));
#2192=CARTESIAN_POINT('Origin',(1.66533453693773E-15,28.6,1.));
#2193=CARTESIAN_POINT('',(-1.7,28.6,1.));
#2194=CARTESIAN_POINT('Origin',(1.75124492278072E-15,28.6,1.));
#2195=CARTESIAN_POINT('Origin',(-24.7683265482349,14.3,1.));
#2196=CARTESIAN_POINT('',(-26.4683265482349,14.3,1.));
#2197=CARTESIAN_POINT('Origin',(-24.7683265482349,14.3,1.));
#2198=CARTESIAN_POINT('Origin',(-24.7683265482349,-14.3,1.));
#2199=CARTESIAN_POINT('',(-26.4683265482349,-14.3,1.));
#2200=CARTESIAN_POINT('Origin',(-24.7683265482349,-14.3,1.));
#2201=CARTESIAN_POINT('Origin',(24.7683265482349,-14.3,1.));
#2202=CARTESIAN_POINT('',(23.0683265482349,-14.3,1.));
#2203=CARTESIAN_POINT('Origin',(24.7683265482349,-14.3,1.));
#2204=CARTESIAN_POINT('Origin',(-5.25373476834215E-15,-28.6,6.));
#2205=CARTESIAN_POINT('',(-1.70000000000001,-28.6,0.));
#2206=CARTESIAN_POINT('',(-1.70000000000001,-28.6,6.));
#2207=CARTESIAN_POINT('Origin',(-5.25373476834215E-15,-28.6,0.));
#2208=CARTESIAN_POINT('Origin',(24.7683265482349,14.3,6.));
#2209=CARTESIAN_POINT('',(23.0683265482349,14.3,0.));
#2210=CARTESIAN_POINT('',(23.0683265482349,14.3,6.));
#2211=CARTESIAN_POINT('Origin',(24.7683265482349,14.3,0.));
#2212=CARTESIAN_POINT('Origin',(1.75124492278072E-15,28.6,6.));
#2213=CARTESIAN_POINT('',(-1.7,28.6,0.));
#2214=CARTESIAN_POINT('',(-1.7,28.6,6.));
#2215=CARTESIAN_POINT('Origin',(1.75124492278072E-15,28.6,0.));
#2216=CARTESIAN_POINT('Origin',(-24.7683265482349,14.3,6.));
#2217=CARTESIAN_POINT('',(-26.4683265482349,14.3,0.));
#2218=CARTESIAN_POINT('',(-26.4683265482349,14.3,6.));
#2219=CARTESIAN_POINT('Origin',(-24.7683265482349,14.3,0.));
#2220=CARTESIAN_POINT('Origin',(-24.7683265482349,-14.3,6.));
#2221=CARTESIAN_POINT('',(-26.4683265482349,-14.3,0.));
#2222=CARTESIAN_POINT('',(-26.4683265482349,-14.3,6.));
#2223=CARTESIAN_POINT('Origin',(-24.7683265482349,-14.3,0.));
#2224=CARTESIAN_POINT('Origin',(24.7683265482349,-14.3,6.));
#2225=CARTESIAN_POINT('',(23.0683265482349,-14.3,0.));
#2226=CARTESIAN_POINT('',(23.0683265482349,-14.3,6.));
#2227=CARTESIAN_POINT('Origin',(24.7683265482349,-14.3,0.));
#2228=CARTESIAN_POINT('Origin',(0.,0.,0.));
#2229=UNCERTAINTY_MEASURE_WITH_UNIT(LENGTH_MEASURE(0.01),#2233,
'DISTANCE_ACCURACY_VALUE',
'Maximum model space distance between geometric entities at asserted c
onnectivities');
#2230=UNCERTAINTY_MEASURE_WITH_UNIT(LENGTH_MEASURE(0.01),#2233,
'DISTANCE_ACCURACY_VALUE',
'Maximum model space distance between geometric entities at asserted c
onnectivities');
#2231=(
GEOMETRIC_REPRESENTATION_CONTEXT(3)
GLOBAL_UNCERTAINTY_ASSIGNED_CONTEXT((#2229))
GLOBAL_UNIT_ASSIGNED_CONTEXT((#2233,#2235,#2236))
REPRESENTATION_CONTEXT('','3D')
);
#2232=(
GEOMETRIC_REPRESENTATION_CONTEXT(3)
GLOBAL_UNCERTAINTY_ASSIGNED_CONTEXT((#2230))
GLOBAL_UNIT_ASSIGNED_CONTEXT((#2233,#2235,#2236))
REPRESENTATION_CONTEXT('','3D')
);
#2233=(
LENGTH_UNIT()
NAMED_UNIT(*)
SI_UNIT(.MILLI.,.METRE.)
);
#2234=(
LENGTH_UNIT()
NAMED_UNIT(*)
SI_UNIT($,.METRE.)
);
#2235=(
NAMED_UNIT(*)
PLANE_ANGLE_UNIT()
SI_UNIT($,.RADIAN.)
);
#2236=(
NAMED_UNIT(*)
SI_UNIT($,.STERADIAN.)
SOLID_ANGLE_UNIT()
);
#2237=SHAPE_DEFINITION_REPRESENTATION(#2238,#2239);
#2238=PRODUCT_DEFINITION_SHAPE('',$,#2241);
#2239=SHAPE_REPRESENTATION('',(#1255),#2231);
#2240=PRODUCT_DEFINITION_CONTEXT('part definition',#2245,'design');
#2241=PRODUCT_DEFINITION('triangle brackets','triangle brackets v3',#2242,
#2240);
#2242=PRODUCT_DEFINITION_FORMATION('',$,#2247);
#2243=PRODUCT_RELATED_PRODUCT_CATEGORY('triangle brackets v3',
'triangle brackets v3',(#2247));
#2244=APPLICATION_PROTOCOL_DEFINITION('international standard',
'automotive_design',2009,#2245);
#2245=APPLICATION_CONTEXT(
'Core Data for Automotive Mechanical Design Process');
#2246=PRODUCT_CONTEXT('part definition',#2245,'mechanical');
#2247=PRODUCT('triangle brackets','triangle brackets v3',$,(#2246));
#2248=PRESENTATION_STYLE_ASSIGNMENT((#2249));
#2249=SURFACE_STYLE_USAGE(.BOTH.,#2250);
#2250=SURFACE_SIDE_STYLE('',(#2251));
#2251=SURFACE_STYLE_FILL_AREA(#2252);
#2252=FILL_AREA_STYLE('Steel - Satin',(#2253));
#2253=FILL_AREA_STYLE_COLOUR('Steel - Satin',#2254);
#2254=COLOUR_RGB('Steel - Satin',0.627450980392157,0.627450980392157,0.627450980392157);
ENDSEC;
END-ISO-10303-21;
