#VRML V2.0 utf8
# 3D model generated by easyeda2kicad.py (https://github.com/uPesy/easyeda2kicad.py)

Shape{
    appearance Appearance {
        material  Material 	{
            diffuseColor 0.6666666666666666 0.6980392156862745 0.7686274509803922
            specularColor 0.3333333333333333 0.34901960784313724 0.3843137254901961
            ambientIntensity 0.6967
            transparency 0.0
            shininess 0.5
        }
    }
    geometry IndexedFaceSet {
        ccw TRUE
        solid FALSE
        coord DEF co Coordinate {
            point [
                1.2795 0.4409 -1.1024, 1.2795 0.4409 2.6936, 1.1614 0.4409 -1.1024, 1.1614 0.4409 2.6936, 1.2795 0.9528 -1.5748, 1.2795 0.9134 -1.5748, 1.1614 0.9528 -1.5748, 1.1614 0.9134 -1.5748, 1.1614 1.4252 -1.1024, 1.1614 1.4252 2.6936, 1.2795 1.4252 -1.1024, 1.2795 1.4252 2.6936, 1.1614 1.4273 2.7986, 1.2795 1.4273 2.7986, 1.1614 1.4072 2.9017, 1.2795 1.4072 2.9017, 1.1614 1.3659 2.9982, 1.2795 1.3659 2.9982, 1.1614 1.3052 3.0839, 1.2795 1.3052 3.0839, 1.1614 1.2278 3.1549, 1.2795 1.2278 3.1549, 1.1614 1.1372 3.208, 1.2795 1.1372 3.208, 1.1614 1.0375 3.2409, 1.2795 1.0375 3.2409, 1.1614 0.9331 3.252, 1.2795 0.9331 3.252, 1.1614 0.8286 3.2409, 1.2795 0.8286 3.2409, 1.1614 0.7289 3.208, 1.2795 0.7289 3.208, 1.1614 0.6383 3.1549, 1.2795 0.6383 3.1549, 1.1614 0.5609 3.0839, 1.2795 0.5609 3.0839, 1.1614 0.5002 2.9982, 1.2795 0.5002 2.9982, 1.1614 0.4589 2.9017, 1.2795 0.4589 2.9017, 1.1614 0.4388 2.7986, 1.2795 0.4388 2.7986, 1.2795 0.9942 -0.6683, 1.2795 1.0512 -0.6919, 1.2795 0.9942 -1.1247, 1.2795 0.9331 -1.1327, 1.2795 0.8719 -1.1247, 1.2795 0.8083 -1.563, 1.2795 1.0512 -1.1011, 1.2795 1.3221 -1.3969, 1.2795 1.1001 -1.0635, 1.2795 1.3784 -1.3073, 1.2795 1.1376 -1.0146, 1.2795 1.4133 -1.2075, 1.2795 1.1612 -0.9576, 1.2795 1.1693 -0.8965, 1.2795 1.0579 -1.563, 1.2795 1.1577 -1.528, 1.2795 1.2473 -1.4717, 1.2795 1.1001 -0.7295, 1.2795 1.1376 -0.7784, 1.2795 1.1612 -0.8354, 1.2795 0.7084 -1.528, 1.2795 0.815 -1.1011, 1.2795 0.6188 -1.4717, 1.2795 0.544 -1.3969, 1.2795 0.766 -1.0635, 1.2795 0.4877 -1.3073, 1.2795 0.7285 -0.7784, 1.2795 0.766 -0.7295, 1.2795 0.7049 -0.8354, 1.2795 0.6968 -0.8965, 1.2795 0.4528 -1.2075, 1.2795 0.7285 -1.0146, 1.2795 0.7049 -0.9576, 1.2795 0.7256 2.3252, 1.2795 0.635 2.3821, 1.2795 0.8719 -0.6683, 1.2795 0.5593 2.4578, 1.2795 0.5024 2.5485, 1.2795 0.467 2.6495, 1.2795 0.455 2.7559, 1.2795 1.3068 2.4578, 1.2795 1.2311 2.3821, 1.2795 0.9331 -0.6603, 1.2795 1.1405 2.3252, 1.2795 1.0394 2.2898, 1.2795 0.9331 2.2779, 1.2795 0.8267 2.2898, 1.2795 0.815 -0.6919, 1.2795 1.3638 2.5485, 1.2795 1.3991 2.6495, 1.2795 1.4111 2.7559, 1.2795 1.3991 2.8623, 1.2795 1.3638 2.9633, 1.2795 1.3068 3.054, 1.2795 1.2311 3.1297, 1.2795 1.1405 3.1866, 1.2795 1.0394 3.222, 1.2795 0.9331 3.234, 1.2795 0.8267 3.222, 1.2795 0.7256 3.1866, 1.2795 0.635 3.1297, 1.2795 0.5593 3.054, 1.2795 0.5024 2.9633, 1.2795 0.467 2.8623, 1.1614 0.7049 -0.8354, 1.1614 0.7285 -0.7784, 1.1614 0.766 -0.7295, 1.1614 1.1001 -0.7295, 1.1614 1.0512 -0.6919, 1.1614 0.8719 -1.1247, 1.1614 0.9331 -1.1327, 1.1614 1.0512 -1.1011, 1.1614 1.1577 -1.528, 1.1614 0.9942 -1.1247, 1.1614 1.0579 -1.563, 1.1614 1.1001 -1.0635, 1.1614 1.3221 -1.3969, 1.1614 1.2473 -1.4717, 1.1614 0.9942 -0.6683, 1.1614 0.9331 -0.6603, 1.1614 0.8719 -0.6683, 1.1614 0.815 -0.6919, 1.1614 1.1612 -0.9576, 1.1614 1.1376 -1.0146, 1.1614 1.4133 -1.2075, 1.1614 1.3784 -1.3073, 1.1614 0.6968 -0.8965, 1.1614 0.7049 -0.9576, 1.1614 0.4528 -1.2075, 1.1614 0.7285 -1.0146, 1.1614 0.4877 -1.3073, 1.1614 0.766 -1.0635, 1.1614 0.544 -1.3969, 1.1614 0.815 -1.1011, 1.1614 0.8083 -1.563, 1.1614 0.7084 -1.528, 1.1614 0.6188 -1.4717, 1.1614 1.1693 -0.8965, 1.1614 1.1612 -0.8354, 1.1614 1.1376 -0.7784, 1.3976 0.6869 2.4626, 1.3976 0.6868 2.4169, 1.3976 0.7416 2.4243, 1.3976 0.7428 2.3826, 1.3976 0.8021 2.3961, 1.3976 0.8036 2.3574, 1.3976 0.8666 2.3788, 1.3976 0.8675 2.3421, 1.3976 0.9331 2.373, 1.3976 0.9331 2.3369, 1.3976 0.9996 2.3788, 1.3976 0.9986 2.3421, 1.3976 1.064 2.3961, 1.3976 1.0625 2.3574, 1.3976 1.1245 2.4243, 1.3976 1.1233 2.3826, 1.3976 1.1792 2.4626, 1.3976 1.1793 2.4169, 1.3976 1.2264 2.5098, 1.3976 1.2293 2.4596, 1.3976 1.272 2.5096, 1.3976 1.2647 2.5644, 1.3976 1.3064 2.5657, 1.3976 1.2929 2.6249, 1.3976 1.3316 2.6264, 1.3976 1.3102 2.6894, 1.3976 1.3469 2.6904, 1.3976 1.316 2.7559, 1.3976 1.3521 2.7559, 1.3976 1.3102 2.8224, 1.3976 1.3469 2.8215, 1.3976 1.2929 2.8869, 1.3976 1.3316 2.8854, 1.3976 1.2647 2.9474, 1.3976 1.3064 2.9461, 1.3976 1.2264 3.0021, 1.3976 0.6397 3.0021, 1.3976 0.5941 3.0022, 1.3976 0.6014 2.9474, 1.3976 0.5597 2.9461, 1.3976 0.5732 2.8869, 1.3976 0.5346 2.8854, 1.3976 0.556 2.8224, 1.3976 0.5192 2.8215, 1.3976 0.5501 2.7559, 1.3976 0.5141 2.7559, 1.3976 0.556 2.6894, 1.3976 0.5192 2.6904, 1.3976 0.5732 2.6249, 1.3976 0.5346 2.6264, 1.3976 0.6014 2.5644, 1.3976 0.5597 2.5657, 1.3976 0.6397 2.5098, 1.3976 0.5941 2.5096, 1.3976 0.6368 2.4596, 1.3976 1.272 3.0022, 1.3976 1.2293 3.0522, 1.3976 1.1792 3.0493, 1.3976 1.1793 3.0949, 1.3976 1.1245 3.0875, 1.3976 1.1233 3.1292, 1.3976 1.064 3.1157, 1.3976 1.0625 3.1544, 1.3976 0.9996 3.133, 1.3976 0.9986 3.1698, 1.3976 0.9331 3.1388, 1.3976 0.9331 3.1749, 1.3976 0.8666 3.133, 1.3976 0.8675 3.1698, 1.3976 0.8021 3.1157, 1.3976 0.8036 3.1544, 1.3976 0.7416 3.0875, 1.3976 0.7428 3.1292, 1.3976 0.6869 3.0493, 1.3976 0.6868 3.0949, 1.3976 0.6368 3.0522, 1.3386 1.2141 3.1427, 1.3386 1.2303 3.1288, 1.3386 0.4684 2.6499, 1.3386 0.4609 2.6811, 1.3386 0.503 2.5488, 1.3386 0.4784 2.6082, 1.3386 0.595 2.4179, 1.3386 0.5602 2.4586, 1.3386 0.5463 2.4749, 1.3386 0.5071 2.5389, 1.3386 0.6358 2.3831, 1.3386 0.6521 2.3692, 1.3386 0.716 2.33, 1.3386 0.7853 2.3013, 1.3386 0.7259 2.3259, 1.3386 0.8583 2.2837, 1.3386 0.827 2.2912, 1.3386 1.0808 2.3013, 1.3386 1.0391 2.2912, 1.3386 1.0079 2.2837, 1.3386 0.9331 2.2779, 1.3386 1.1402 2.3259, 1.3386 1.1501 2.33, 1.3386 1.2141 2.3692, 1.3386 1.3198 2.4749, 1.3386 1.3059 2.4586, 1.3386 1.2711 2.4179, 1.3386 1.2303 2.3831, 1.3386 1.359 2.5389, 1.3386 1.3631 2.5488, 1.3386 1.3877 2.6082, 1.3386 1.3977 2.6499, 1.3386 1.4052 2.6811, 1.3386 1.4111 2.7559, 1.3386 1.4052 2.8307, 1.3386 1.3977 2.8619, 1.3386 1.3059 3.0532, 1.3386 1.3198 3.0369, 1.3386 1.359 2.9729, 1.3386 1.3631 2.9631, 1.3386 1.3877 2.9036, 1.3386 1.2711 3.0939, 1.3386 1.1501 3.1819, 1.3386 1.1402 3.186, 1.3386 1.0808 3.2106, 1.3386 1.0391 3.2206, 1.3386 1.0079 3.2281, 1.3386 0.9331 3.234, 1.3386 0.8583 3.2281, 1.3386 0.827 3.2206, 1.3386 0.7259 3.186, 1.3386 0.7853 3.2106, 1.3386 0.595 3.0939, 1.3386 0.6358 3.1288, 1.3386 0.6521 3.1427, 1.3386 0.716 3.1819, 1.3386 0.5602 3.0532, 1.3386 0.5463 3.0369, 1.3386 0.5071 2.9729, 1.3386 0.4784 2.9036, 1.3386 0.503 2.9631, 1.3386 0.455 2.7559, 1.3386 0.4609 2.8307, 1.3386 0.4684 2.8619, 1.2795 0.6092 2.7559, 1.2795 0.6202 2.8397, 1.3386 0.6141 2.8121, 1.2795 0.6526 2.9178, 1.3386 0.6287 2.8667, 1.3386 0.6214 2.8394, 1.2795 0.7041 2.9849, 1.3386 0.685 2.9641, 1.3386 0.6526 2.9178, 1.2795 0.7711 3.0364, 1.3386 0.7249 3.004, 1.3386 0.7049 2.9841, 1.2795 0.8492 3.0688, 1.3386 0.8223 3.0603, 1.3386 0.7711 3.0364, 1.2795 0.9331 3.0798, 1.3386 0.8768 3.0749, 1.3386 0.8496 3.0676, 1.2795 1.0169 3.0688, 1.3386 0.9893 3.0749, 1.3386 0.9331 3.0798, 1.2795 1.095 3.0364, 1.3386 1.0438 3.0603, 1.3386 1.0166 3.0676, 1.2795 1.1621 2.9849, 1.3386 1.1413 3.004, 1.3386 1.095 3.0364, 1.2795 1.2136 2.9178, 1.3386 1.1812 2.9641, 1.3386 1.1612 2.9841, 1.2795 1.2459 2.8397, 1.3386 1.2374 2.8667, 1.3386 1.2136 2.9178, 1.2795 1.2569 2.7559, 1.3386 1.252 2.8121, 1.3386 1.2447 2.8394, 1.2795 1.2459 2.6721, 1.3386 1.252 2.6997, 1.3386 1.2569 2.7559, 1.2795 1.2136 2.594, 1.3386 1.2374 2.6451, 1.3386 1.2447 2.6724, 1.2795 1.1621 2.5269, 1.3386 1.1812 2.5477, 1.3386 1.2136 2.594, 1.2795 1.095 2.4754, 1.3386 1.1413 2.5078, 1.3386 1.1612 2.5278, 1.2795 1.0169 2.4431, 1.3386 1.0438 2.4516, 1.3386 1.095 2.4754, 1.2795 0.9331 2.432, 1.3386 0.9893 2.437, 1.3386 1.0166 2.4443, 1.2795 0.8492 2.4431, 1.3386 0.8768 2.437, 1.3386 0.9331 2.432, 1.2795 0.7711 2.4754, 1.3386 0.8223 2.4516, 1.3386 0.8496 2.4443, 1.2795 0.7041 2.5269, 1.3386 0.7249 2.5078, 1.3386 0.7711 2.4754, 1.2795 0.6526 2.594, 1.3386 0.685 2.5477, 1.3386 0.7049 2.5278, 1.2795 0.6202 2.6721, 1.3386 0.6287 2.6451, 1.3386 0.6526 2.594, 1.3386 0.6092 2.7559, 1.3386 0.6141 2.6997, 1.3386 0.6214 2.6724, 1.2795 0.9331 2.7559, 1.3539 1.2393 2.6444, 1.3539 1.2153 2.593, 1.3539 1.1827 2.5464, 1.3539 1.1425 2.5063, 1.3539 1.096 2.4737, 1.3539 1.0445 2.4497, 1.3539 0.9897 2.435, 1.3539 0.9331 2.43, 1.3539 0.8765 2.435, 1.3539 0.8216 2.4497, 1.3539 0.7701 2.4737, 1.3539 0.7236 2.5063, 1.3539 0.6834 2.5464, 1.3539 0.6508 2.593, 1.3539 0.6268 2.6444, 1.3539 0.6121 2.6993, 1.3539 0.6072 2.7559, 1.3539 0.6121 2.8125, 1.3539 0.6268 2.8674, 1.3539 0.6508 2.9189, 1.3539 0.7236 3.0056, 1.3539 0.6834 2.9654, 1.3539 0.7701 3.0381, 1.3539 0.8765 3.0768, 1.3539 0.8216 3.0621, 1.3539 0.9331 3.0818, 1.3539 0.9897 3.0768, 1.3539 1.0445 3.0621, 1.3539 1.096 3.0381, 1.3539 1.1827 2.9654, 1.3539 1.1425 3.0056, 1.3539 1.2153 2.9189, 1.3539 1.2393 2.8674, 1.3539 1.254 2.8125, 1.3539 1.259 2.7559, 1.3539 1.254 2.6993, 1.3681 1.2598 2.8135, 1.3681 1.2448 2.8694, 1.3681 1.2204 2.9218, 1.3681 1.1872 2.9692, 1.3681 1.1463 3.0101, 1.3681 1.099 3.0432, 1.3681 1.0465 3.0677, 1.3681 0.9907 3.0827, 1.3681 0.9331 3.0877, 1.3681 0.8755 3.0827, 1.3681 0.8196 3.0677, 1.3681 0.7672 3.0432, 1.3681 0.7198 3.0101, 1.3681 0.6789 2.9692, 1.3681 0.6457 2.9218, 1.3681 0.6213 2.8694, 1.3681 0.6063 2.8135, 1.3681 0.6013 2.7559, 1.3681 0.6063 2.6983, 1.3681 0.6213 2.6424, 1.3681 0.6457 2.59, 1.3681 0.6789 2.5426, 1.3681 0.7198 2.5017, 1.3681 0.7672 2.4686, 1.3681 0.8196 2.4441, 1.3681 0.8755 2.4292, 1.3681 0.9331 2.4241, 1.3681 0.9907 2.4292, 1.3681 1.0465 2.4441, 1.3681 1.099 2.4686, 1.3681 1.1463 2.5017, 1.3681 1.1872 2.5426, 1.3681 1.2204 2.59, 1.3681 1.2448 2.6424, 1.3681 1.2598 2.6983, 1.3681 1.2649 2.7559, 1.3803 1.2691 2.8152, 1.3803 1.2537 2.8726, 1.3803 1.2285 2.9265, 1.3803 1.1944 2.9752, 1.3803 1.1524 3.0173, 1.3803 1.1037 3.0514, 1.3803 1.0498 3.0765, 1.3803 0.9923 3.0919, 1.3803 0.9331 3.0971, 1.3803 0.8738 3.0919, 1.3803 0.8164 3.0765, 1.3803 0.7625 3.0514, 1.3803 0.7138 3.0173, 1.3803 0.6717 2.9752, 1.3803 0.6376 2.9265, 1.3803 0.6125 2.8726, 1.3803 0.5971 2.8152, 1.3803 0.5919 2.7559, 1.3803 0.5971 2.6967, 1.3803 0.6125 2.6392, 1.3803 0.6376 2.5853, 1.3803 0.6717 2.5366, 1.3803 0.7138 2.4946, 1.3803 0.7625 2.4604, 1.3803 0.8164 2.4353, 1.3803 0.8738 2.4199, 1.3803 0.9331 2.4147, 1.3803 0.9923 2.4199, 1.3803 1.0498 2.4353, 1.3803 1.1037 2.4604, 1.3803 1.1524 2.4946, 1.3803 1.1944 2.5366, 1.3803 1.2285 2.5853, 1.3803 1.2537 2.6392, 1.3803 1.2691 2.6967, 1.3803 1.2742 2.7559, 1.3897 1.2811 2.8173, 1.3897 1.2652 2.8768, 1.3897 1.2391 2.9326, 1.3897 1.2038 2.9831, 1.3897 1.1602 3.0266, 1.3897 1.1098 3.062, 1.3897 1.0539 3.088, 1.3897 0.9944 3.1039, 1.3897 0.9331 3.1093, 1.3897 0.8717 3.1039, 1.3897 0.8122 3.088, 1.3897 0.7564 3.062, 1.3897 0.7059 3.0266, 1.3897 0.6623 2.9831, 1.3897 0.627 2.9326, 1.3897 0.601 2.8768, 1.3897 0.585 2.8173, 1.3897 0.5797 2.7559, 1.3897 0.585 2.6945, 1.3897 0.601 2.635, 1.3897 0.627 2.5792, 1.3897 0.6623 2.5287, 1.3897 0.7059 2.4852, 1.3897 0.7564 2.4498, 1.3897 0.8122 2.4238, 1.3897 0.8717 2.4079, 1.3897 0.9331 2.4025, 1.3897 0.9944 2.4079, 1.3897 1.0539 2.4238, 1.3897 1.1098 2.4498, 1.3897 1.1602 2.4852, 1.3897 1.2038 2.5287, 1.3897 1.2391 2.5792, 1.3897 1.2652 2.635, 1.3897 1.2811 2.6945, 1.3897 1.2865 2.7559, 1.3956 1.2951 2.8198, 1.3956 1.2785 2.8817, 1.3956 1.2515 2.9397, 1.3956 1.2147 2.9922, 1.3956 1.1694 3.0375, 1.3956 1.1169 3.0743, 1.3956 1.0588 3.1014, 1.3956 0.9969 3.118, 1.3956 0.9331 3.1236, 1.3956 0.8692 3.118, 1.3956 0.8073 3.1014, 1.3956 0.7492 3.0743, 1.3956 0.6967 3.0375, 1.3956 0.6514 2.9922, 1.3956 0.6147 2.9397, 1.3956 0.5876 2.8817, 1.3956 0.571 2.8198, 1.3956 0.5654 2.7559, 1.3956 0.571 2.6921, 1.3956 0.5876 2.6302, 1.3956 0.6147 2.5721, 1.3956 0.6514 2.5196, 1.3956 0.6967 2.4743, 1.3956 0.7492 2.4375, 1.3956 0.8073 2.4104, 1.3956 0.8692 2.3938, 1.3956 0.9331 2.3883, 1.3956 0.9969 2.3938, 1.3956 1.0588 2.4104, 1.3956 1.1169 2.4375, 1.3956 1.1694 2.4743, 1.3956 1.2147 2.5196, 1.3956 1.2515 2.5721, 1.3956 1.2785 2.6302, 1.3956 1.2951 2.6921, 1.3956 1.3007 2.7559, 1.3539 1.3858 2.903, 1.3539 1.2697 3.0925, 1.3539 1.0802 3.2087, 1.3539 0.786 3.2087, 1.3539 0.5965 3.0925, 1.3539 0.4803 2.903, 1.3539 0.4803 2.6088, 1.3539 0.5965 2.4193, 1.3539 0.786 2.3032, 1.3539 1.0802 2.3032, 1.3539 1.2697 2.4193, 1.3539 1.3858 2.6088, 1.3956 1.362 2.688, 1.3956 1.3461 2.6217, 1.3897 1.3761 2.6857, 1.3897 1.3596 2.6173, 1.3803 1.3882 2.6838, 1.3803 1.3713 2.6135, 1.3681 1.3974 2.6824, 1.3681 1.3802 2.6106, 1.3539 1.4033 2.6814, 1.3956 1.2844 2.5006, 1.3956 1.2402 2.4488, 1.3897 1.2959 2.4923, 1.3897 1.2502 2.4388, 1.3803 1.3058 2.4851, 1.3803 1.2589 2.4301, 1.3681 1.3134 2.4796, 1.3681 1.2655 2.4235, 1.3539 1.3182 2.4761, 1.3956 1.1302 2.369, 1.3956 1.0673 2.3429, 1.3897 1.1367 2.3563, 1.3897 1.0717 2.3293, 1.3803 1.1422 2.3454, 1.3803 1.0754 2.3177, 1.3681 1.1465 2.337, 1.3681 1.0784 2.3088, 1.3539 1.1492 2.3318, 1.3956 0.8651 2.327, 1.3956 0.7989 2.3429, 1.3897 0.8629 2.3129, 1.3897 0.7945 2.3293, 1.3803 0.861 2.3008, 1.3803 0.7907 2.3177, 1.3681 0.8595 2.2916, 1.3681 0.7878 2.3088, 1.3539 0.8586 2.2857, 1.3956 0.6778 2.4046, 1.3956 0.626 2.4488, 1.3897 0.6694 2.393, 1.3897 0.6159 2.4388, 1.3803 0.6622 2.3831, 1.3803 0.6073 2.4301, 1.3681 0.6567 2.3756, 1.3681 0.6006 2.4235, 1.3539 0.6533 2.3708, 1.3956 0.5461 2.5587, 1.3956 0.52 2.6217, 1.3897 0.5334 2.5523, 1.3897 0.5065 2.6173, 1.3803 0.5225 2.5467, 1.3803 0.4949 2.6135, 1.3681 0.5142 2.5425, 1.3681 0.4859 2.6106, 1.3539 0.5089 2.5398, 1.3956 0.5041 2.8238, 1.3956 0.52 2.8901, 1.3897 0.4901 2.8261, 1.3897 0.5065 2.8945, 1.3803 0.478 2.828, 1.3803 0.4949 2.8983, 1.3681 0.4687 2.8295, 1.3681 0.4859 2.9012, 1.3539 0.4629 2.8304, 1.3956 0.5817 3.0112, 1.3956 0.626 3.063, 1.3897 0.5702 3.0195, 1.3897 0.6159 3.0731, 1.3803 0.5603 3.0267, 1.3803 0.6073 3.0817, 1.3681 0.5527 3.0323, 1.3681 0.6006 3.0884, 1.3539 0.5479 3.0357, 1.3956 0.7359 3.1429, 1.3956 0.7989 3.1689, 1.3897 0.7294 3.1556, 1.3897 0.7945 3.1825, 1.3803 0.7239 3.1664, 1.3803 0.7907 3.1941, 1.3681 0.7196 3.1748, 1.3681 0.7878 3.203, 1.3539 0.7169 3.1801, 1.3956 1.001 3.1848, 1.3956 1.0673 3.1689, 1.3897 1.0032 3.1989, 1.3897 1.0717 3.1825, 1.3803 1.0051 3.211, 1.3803 1.0754 3.1941, 1.3681 1.0066 3.2203, 1.3681 1.0784 3.203, 1.3539 1.0075 3.2261, 1.3956 1.1883 3.1073, 1.3956 1.2402 3.063, 1.3897 1.1967 3.1188, 1.3897 1.2502 3.0731, 1.3803 1.2039 3.1287, 1.3803 1.2589 3.0817, 1.3681 1.2094 3.1363, 1.3681 1.2655 3.0884, 1.3539 1.2129 3.141, 1.3956 1.32 2.9531, 1.3956 1.3461 2.8901, 1.3897 1.3327 2.9595, 1.3897 1.3596 2.8945, 1.3803 1.3436 2.9651, 1.3803 1.3713 2.8983, 1.3681 1.352 2.9693, 1.3681 1.3802 2.9012, 1.3539 1.3572 2.972, 1.3956 1.3674 2.7559, 1.3897 1.3816 2.7559, 1.3803 1.3938 2.7559, 1.3681 1.4032 2.7559, 1.3539 1.4091 2.7559, 1.3539 1.3572 2.5398, 1.3681 1.352 2.5425, 1.3803 1.3436 2.5467, 1.3897 1.3327 2.5523, 1.3956 1.32 2.5587, 1.3539 1.2129 2.3708, 1.3681 1.2094 2.3756, 1.3803 1.2039 2.3831, 1.3897 1.1967 2.393, 1.3956 1.1883 2.4046, 1.3539 1.0075 2.2857, 1.3681 1.0066 2.2916, 1.3803 1.0051 2.3008, 1.3897 1.0032 2.3129, 1.3956 1.001 2.327, 1.3956 0.9331 2.3216, 1.3897 0.9331 2.3074, 1.3803 0.9331 2.2952, 1.3681 0.9331 2.2858, 1.3539 0.9331 2.2799, 1.3539 0.7169 2.3318, 1.3681 0.7196 2.337, 1.3803 0.7239 2.3454, 1.3897 0.7294 2.3563, 1.3956 0.7359 2.369, 1.3539 0.5479 2.4761, 1.3681 0.5527 2.4796, 1.3803 0.5603 2.4851, 1.3897 0.5702 2.4923, 1.3956 0.5817 2.5006, 1.3539 0.4629 2.6814, 1.3681 0.4687 2.6824, 1.3803 0.478 2.6838, 1.3897 0.4901 2.6857, 1.3956 0.5041 2.688, 1.3956 0.4988 2.7559, 1.3897 0.4845 2.7559, 1.3803 0.4723 2.7559, 1.3681 0.4629 2.7559, 1.3539 0.457 2.7559, 1.3539 0.5089 2.972, 1.3681 0.5142 2.9693, 1.3803 0.5225 2.9651, 1.3897 0.5334 2.9595, 1.3956 0.5461 2.9531, 1.3539 0.6533 3.141, 1.3681 0.6567 3.1363, 1.3803 0.6622 3.1287, 1.3897 0.6694 3.1188, 1.3956 0.6778 3.1073, 1.3539 0.8586 3.2261, 1.3681 0.8595 3.2203, 1.3803 0.861 3.211, 1.3897 0.8629 3.1989, 1.3956 0.8651 3.1848, 1.3956 0.9331 3.1902, 1.3897 0.9331 3.2044, 1.3803 0.9331 3.2167, 1.3681 0.9331 3.2261, 1.3539 0.9331 3.232, 1.3539 1.1492 3.1801, 1.3681 1.1465 3.1748, 1.3803 1.1422 3.1664, 1.3897 1.1367 3.1556, 1.3956 1.1302 3.1429, 1.3539 1.3182 3.0357, 1.3681 1.3134 3.0323, 1.3803 1.3058 3.0267, 1.3897 1.2959 3.0195, 1.3956 1.2844 3.0112, 1.3539 1.4033 2.8304, 1.3681 1.3974 2.8295, 1.3803 1.3882 2.828, 1.3897 1.3761 2.8261, 1.3956 1.362 2.8238, -0.0116 -0.8583 -0.991, -0.059 -0.8583 -1.0106, -0.4528 -0.8583 1.3938, -0.0998 -0.8583 -1.0419, -0.4528 -0.8583 -1.0827, -0.1508 -0.8583 -1.232, -0.4231 -0.8583 -1.251, -0.1575 -0.8583 -1.1811, -0.4453 -0.8583 -1.1681, -0.1508 -0.8583 -1.1302, -0.1311 -0.8583 -1.0827, -0.059 -0.8583 -1.3516, -0.2067 -0.8583 -1.5089, -0.0998 -0.8583 -1.3203, -0.277 -0.8583 -1.4597, -0.1311 -0.8583 -1.2795, -0.3376 -0.8583 -1.399, -0.3868 -0.8583 -1.3287, 0.2362 -0.8583 -1.1811, 0.2295 -0.8583 -1.1302, 0.5315 -0.8583 -1.0827, 0.2099 -0.8583 -1.0827, 0.5315 -0.8583 1.3938, 0.1786 -0.8583 -1.0419, 0.1378 -0.8583 -1.0106, 0.0903 -0.8583 -0.991, 0.0394 -0.8583 -0.9842, 0.1786 -0.8583 -1.3203, 0.2854 -0.8583 -1.5089, 0.1378 -0.8583 -1.3516, 0.2077 -0.8583 -1.5451, 0.0903 -0.8583 -1.3712, 0.1248 -0.8583 -1.5673, 0.0394 -0.8583 -1.3779, 0.0394 -0.8583 -1.5748, -0.0116 -0.8583 -1.3712, -0.0461 -0.8583 -1.5673, -0.1289 -0.8583 -1.5451, 0.524 -0.8583 -1.1681, 0.5018 -0.8583 -1.251, 0.2295 -0.8583 -1.232, 0.4656 -0.8583 -1.3287, 0.2099 -0.8583 -1.2795, 0.4164 -0.8583 -1.399, 0.3557 -0.8583 -1.4597, 0.1378 -0.9764 -1.0106, 0.1786 -0.9764 -1.0419, 0.5315 -0.9764 1.3938, 0.5315 -0.9764 -1.0827, 0.2295 -0.9764 -1.232, 0.5018 -0.9764 -1.251, 0.2362 -0.9764 -1.1811, 0.524 -0.9764 -1.1681, 0.2295 -0.9764 -1.1302, 0.2099 -0.9764 -1.0827, 0.1378 -0.9764 -1.3516, 0.2854 -0.9764 -1.5089, 0.1786 -0.9764 -1.3203, 0.3557 -0.9764 -1.4597, 0.2099 -0.9764 -1.2795, 0.4164 -0.9764 -1.399, 0.4656 -0.9764 -1.3287, -0.0998 -0.9764 -1.3203, -0.2067 -0.9764 -1.5089, -0.059 -0.9764 -1.3516, -0.1289 -0.9764 -1.5451, -0.0116 -0.9764 -1.3712, -0.0461 -0.9764 -1.5673, 0.0394 -0.9764 -1.3779, 0.0394 -0.9764 -1.5748, 0.0903 -0.9764 -1.3712, 0.1248 -0.9764 -1.5673, 0.2077 -0.9764 -1.5451, -0.059 -0.9764 -1.0106, -0.0116 -0.9764 -0.991, -0.4528 -0.9764 1.3938, 0.0394 -0.9764 -0.9842, 0.0903 -0.9764 -0.991, -0.4528 -0.9764 -1.0827, -0.4453 -0.9764 -1.1681, -0.1575 -0.9764 -1.1811, -0.4231 -0.9764 -1.251, -0.1508 -0.9764 -1.232, -0.3868 -0.9764 -1.3287, -0.1311 -0.9764 -1.2795, -0.3376 -0.9764 -1.399, -0.277 -0.9764 -1.4597, -0.1508 -0.9764 -1.1302, -0.1311 -0.9764 -1.0827, -0.0998 -0.9764 -1.0419, 0.5315 -0.9703 1.4397, -0.4528 -0.9703 1.4397, 0.5315 -0.9526 1.4824, -0.4528 -0.9526 1.4824, 0.5315 -0.9245 1.5191, -0.4528 -0.9245 1.5191, 0.5315 -0.8878 1.5472, -0.4528 -0.8878 1.5472, 0.5315 -0.8451 1.5649, -0.4528 -0.8451 1.5649, 0.5315 -0.7992 1.571, -0.4528 -0.7992 1.571, -0.4528 -0.416 1.571, 0.5315 -0.416 1.571, -0.4528 -0.416 1.4529, 0.5315 -0.416 1.4529, -0.4528 -0.7992 1.4529, 0.5315 -0.7992 1.4529, -0.4528 -0.8145 1.4509, 0.5315 -0.8145 1.4509, -0.4528 -0.8287 1.445, 0.5315 -0.8287 1.445, -0.4528 -0.841 1.4356, 0.5315 -0.841 1.4356, -0.4528 -0.8504 1.4233, 0.5315 -0.8504 1.4233, -0.4528 -0.8563 1.4091, 0.5315 -0.8563 1.4091
            ]
        }
        coordIndex [
            0,1,2,-1,2,1,3,-1,4,5,6,-1,6,5,7,-1,8,9,10,-1,10,9,11,-1,11,9,12,-1,11,12,13,-1,13,12,14,-1,13,14,15,-1,15,14,16,-1,15,16,17,-1,17,16,18,-1,17,18,19,-1,19,18,20,-1,19,20,21,-1,21,20,22,-1,21,22,23,-1,23,22,24,-1,23,24,25,-1,25,24,26,-1,25,26,27,-1,27,26,28,-1,27,28,29,-1,29,28,30,-1,29,30,31,-1,31,30,32,-1,31,32,33,-1,33,32,34,-1,33,34,35,-1,35,34,36,-1,35,36,37,-1,37,36,38,-1,37,38,39,-1,39,38,40,-1,39,40,41,-1,41,40,3,-1,41,3,1,-1,11,42,43,-1,44,45,4,-1,4,45,5,-1,5,45,46,-1,5,46,47,-1,48,49,50,-1,50,49,51,-1,50,51,52,-1,52,51,53,-1,52,53,54,-1,54,53,10,-1,54,10,55,-1,4,56,44,-1,44,56,57,-1,44,57,48,-1,48,57,58,-1,48,58,49,-1,43,59,11,-1,11,59,60,-1,11,60,10,-1,10,60,61,-1,10,61,55,-1,47,46,62,-1,62,46,63,-1,62,63,64,-1,64,63,65,-1,65,63,66,-1,65,66,67,-1,1,68,69,-1,68,1,70,-1,70,1,0,-1,70,0,71,-1,67,66,72,-1,72,66,73,-1,72,73,0,-1,0,73,74,-1,0,74,71,-1,75,76,77,-1,77,76,78,-1,77,78,79,-1,1,80,81,-1,82,83,84,-1,84,83,85,-1,85,86,84,-1,84,86,87,-1,84,87,77,-1,77,87,88,-1,77,88,75,-1,69,89,1,-1,1,89,77,-1,1,77,80,-1,80,77,79,-1,82,84,90,-1,90,84,42,-1,90,42,91,-1,91,42,11,-1,91,11,92,-1,92,11,13,-1,92,13,93,-1,93,13,15,-1,93,15,94,-1,94,15,17,-1,94,17,95,-1,95,17,19,-1,95,19,96,-1,96,19,21,-1,96,21,97,-1,97,21,23,-1,97,23,98,-1,98,23,25,-1,98,25,99,-1,99,25,27,-1,99,27,100,-1,100,27,29,-1,100,29,101,-1,101,29,31,-1,101,31,102,-1,102,31,33,-1,102,33,103,-1,103,33,35,-1,103,35,104,-1,104,35,37,-1,104,37,105,-1,105,37,39,-1,105,39,81,-1,81,39,41,-1,81,41,1,-1,28,26,3,-1,106,2,107,-1,107,2,3,-1,107,3,108,-1,9,109,110,-1,111,112,7,-1,113,114,115,-1,115,114,116,-1,115,116,112,-1,112,116,6,-1,112,6,7,-1,117,118,113,-1,113,118,119,-1,113,119,114,-1,9,26,24,-1,110,120,9,-1,9,120,121,-1,9,121,26,-1,26,121,122,-1,26,122,3,-1,3,122,123,-1,3,123,108,-1,124,8,125,-1,125,8,126,-1,125,126,117,-1,117,126,127,-1,117,127,118,-1,106,128,2,-1,2,128,129,-1,2,129,130,-1,130,129,131,-1,130,131,132,-1,132,131,133,-1,132,133,134,-1,134,133,135,-1,7,136,111,-1,111,136,137,-1,111,137,135,-1,135,137,138,-1,135,138,134,-1,124,139,8,-1,8,139,140,-1,8,140,9,-1,9,140,141,-1,9,141,109,-1,22,20,24,-1,24,20,18,-1,24,18,16,-1,16,14,24,-1,24,14,12,-1,24,12,9,-1,28,3,30,-1,30,3,40,-1,30,40,38,-1,38,36,30,-1,30,36,34,-1,30,34,32,-1,142,143,144,-1,144,143,145,-1,144,145,146,-1,146,145,147,-1,146,147,148,-1,148,147,149,-1,148,149,150,-1,150,149,151,-1,150,151,152,-1,152,151,153,-1,152,153,154,-1,154,153,155,-1,154,155,156,-1,156,155,157,-1,156,157,158,-1,158,157,159,-1,158,159,160,-1,159,161,160,-1,160,161,162,-1,160,162,163,-1,163,162,164,-1,163,164,165,-1,165,164,166,-1,165,166,167,-1,167,166,168,-1,167,168,169,-1,169,168,170,-1,169,170,171,-1,171,170,172,-1,171,172,173,-1,173,172,174,-1,173,174,175,-1,175,174,176,-1,175,176,177,-1,178,179,180,-1,180,179,181,-1,180,181,182,-1,182,181,183,-1,182,183,184,-1,184,183,185,-1,184,185,186,-1,186,185,187,-1,186,187,188,-1,188,187,189,-1,188,189,190,-1,190,189,191,-1,190,191,192,-1,192,191,193,-1,192,193,194,-1,194,193,195,-1,194,195,142,-1,142,195,196,-1,142,196,143,-1,176,197,177,-1,177,197,198,-1,177,198,199,-1,199,198,200,-1,199,200,201,-1,201,200,202,-1,201,202,203,-1,203,202,204,-1,203,204,205,-1,205,204,206,-1,205,206,207,-1,207,206,208,-1,207,208,209,-1,209,208,210,-1,209,210,211,-1,211,210,212,-1,211,212,213,-1,213,212,214,-1,213,214,215,-1,215,214,216,-1,215,216,178,-1,178,216,217,-1,178,217,179,-1,218,219,96,-1,80,220,221,-1,80,221,81,-1,79,222,80,-1,80,222,223,-1,80,223,220,-1,224,225,78,-1,78,225,226,-1,78,226,79,-1,79,226,227,-1,79,227,222,-1,224,78,228,-1,228,78,76,-1,228,76,229,-1,229,76,75,-1,229,75,230,-1,88,231,75,-1,75,231,232,-1,75,232,230,-1,87,233,88,-1,88,233,234,-1,88,234,231,-1,235,236,86,-1,86,236,237,-1,86,237,87,-1,87,237,238,-1,87,238,233,-1,235,86,239,-1,239,86,85,-1,239,85,240,-1,240,85,83,-1,240,83,241,-1,242,243,82,-1,82,243,244,-1,82,244,83,-1,83,244,245,-1,83,245,241,-1,242,82,246,-1,246,82,90,-1,246,90,247,-1,247,90,248,-1,248,90,91,-1,248,91,249,-1,249,91,250,-1,250,91,92,-1,250,92,251,-1,251,92,252,-1,252,92,93,-1,252,93,253,-1,254,255,95,-1,95,255,256,-1,95,256,94,-1,94,256,257,-1,94,257,93,-1,93,257,258,-1,93,258,253,-1,96,219,95,-1,95,219,259,-1,95,259,254,-1,218,96,260,-1,260,96,97,-1,260,97,261,-1,261,97,262,-1,262,97,98,-1,262,98,263,-1,263,98,264,-1,264,98,99,-1,264,99,265,-1,265,99,266,-1,266,99,100,-1,266,100,267,-1,101,268,100,-1,100,268,269,-1,100,269,267,-1,270,271,102,-1,102,271,272,-1,102,272,101,-1,101,272,273,-1,101,273,268,-1,270,102,274,-1,274,102,103,-1,274,103,275,-1,275,103,104,-1,275,104,276,-1,105,277,104,-1,104,277,278,-1,104,278,276,-1,221,279,81,-1,81,279,280,-1,81,280,105,-1,105,280,281,-1,105,281,277,-1,282,283,284,-1,285,286,283,-1,283,286,287,-1,283,287,284,-1,288,289,285,-1,285,289,290,-1,285,290,286,-1,291,292,288,-1,288,292,293,-1,288,293,289,-1,294,295,291,-1,291,295,296,-1,291,296,292,-1,297,298,294,-1,294,298,299,-1,294,299,295,-1,300,301,297,-1,297,301,302,-1,297,302,298,-1,303,304,300,-1,300,304,305,-1,300,305,301,-1,306,307,303,-1,303,307,308,-1,303,308,304,-1,309,310,306,-1,306,310,311,-1,306,311,307,-1,312,313,309,-1,309,313,314,-1,309,314,310,-1,315,316,312,-1,312,316,317,-1,312,317,313,-1,318,319,315,-1,315,319,320,-1,315,320,316,-1,321,322,318,-1,318,322,323,-1,318,323,319,-1,324,325,321,-1,321,325,326,-1,321,326,322,-1,327,328,324,-1,324,328,329,-1,324,329,325,-1,330,331,327,-1,327,331,332,-1,327,332,328,-1,333,334,330,-1,330,334,335,-1,330,335,331,-1,336,337,333,-1,333,337,338,-1,333,338,334,-1,339,340,336,-1,336,340,341,-1,336,341,337,-1,342,343,339,-1,339,343,344,-1,339,344,340,-1,345,346,342,-1,342,346,347,-1,342,347,343,-1,348,349,345,-1,345,349,350,-1,345,350,346,-1,284,351,282,-1,282,351,352,-1,282,352,348,-1,348,352,353,-1,348,353,349,-1,321,318,354,-1,354,318,315,-1,354,315,312,-1,330,327,354,-1,354,327,324,-1,354,324,321,-1,339,336,354,-1,354,336,333,-1,354,333,330,-1,348,345,354,-1,354,345,342,-1,354,342,339,-1,285,283,354,-1,354,283,282,-1,354,282,348,-1,294,291,354,-1,354,291,288,-1,354,288,285,-1,303,300,354,-1,354,300,297,-1,354,297,294,-1,312,309,354,-1,354,309,306,-1,354,306,303,-1,355,326,356,-1,356,326,325,-1,356,325,357,-1,357,325,329,-1,357,329,358,-1,329,328,358,-1,358,328,332,-1,358,332,359,-1,359,332,331,-1,359,331,360,-1,360,331,335,-1,360,335,361,-1,335,334,361,-1,361,334,338,-1,361,338,362,-1,362,338,337,-1,362,337,363,-1,363,337,341,-1,363,341,364,-1,341,340,364,-1,364,340,344,-1,364,344,365,-1,365,344,343,-1,365,343,366,-1,366,343,347,-1,366,347,367,-1,347,346,367,-1,367,346,350,-1,367,350,368,-1,368,350,349,-1,368,349,369,-1,369,349,353,-1,369,353,370,-1,353,352,370,-1,370,352,351,-1,370,351,371,-1,371,351,284,-1,371,284,372,-1,372,284,287,-1,372,287,373,-1,289,374,290,-1,290,374,373,-1,290,373,286,-1,286,373,287,-1,293,375,289,-1,289,375,376,-1,289,376,374,-1,295,377,296,-1,296,377,375,-1,296,375,292,-1,292,375,293,-1,299,378,295,-1,295,378,379,-1,295,379,377,-1,299,298,378,-1,378,298,302,-1,378,302,380,-1,380,302,301,-1,380,301,381,-1,381,301,305,-1,381,305,382,-1,307,383,308,-1,308,383,382,-1,308,382,304,-1,304,382,305,-1,311,384,307,-1,307,384,385,-1,307,385,383,-1,311,310,384,-1,384,310,314,-1,384,314,386,-1,386,314,313,-1,386,313,387,-1,387,313,317,-1,387,317,388,-1,317,316,388,-1,388,316,320,-1,388,320,389,-1,389,320,319,-1,389,319,390,-1,390,319,323,-1,390,323,355,-1,355,323,322,-1,355,322,326,-1,389,391,388,-1,388,391,392,-1,388,392,387,-1,387,392,393,-1,387,393,386,-1,386,393,394,-1,386,394,384,-1,384,394,395,-1,384,395,385,-1,385,395,396,-1,385,396,383,-1,383,396,397,-1,383,397,382,-1,382,397,398,-1,382,398,381,-1,381,398,399,-1,381,399,380,-1,380,399,400,-1,380,400,378,-1,378,400,401,-1,378,401,379,-1,379,401,402,-1,379,402,377,-1,377,402,403,-1,377,403,375,-1,375,403,404,-1,375,404,376,-1,376,404,405,-1,376,405,374,-1,374,405,406,-1,374,406,373,-1,373,406,407,-1,373,407,372,-1,372,407,408,-1,372,408,371,-1,371,408,409,-1,371,409,370,-1,370,409,410,-1,370,410,369,-1,369,410,411,-1,369,411,368,-1,368,411,412,-1,368,412,367,-1,367,412,413,-1,367,413,366,-1,366,413,414,-1,366,414,365,-1,365,414,415,-1,365,415,364,-1,364,415,416,-1,364,416,363,-1,363,416,417,-1,363,417,362,-1,362,417,418,-1,362,418,361,-1,361,418,419,-1,361,419,360,-1,360,419,420,-1,360,420,359,-1,359,420,421,-1,359,421,358,-1,358,421,422,-1,358,422,357,-1,357,422,423,-1,357,423,356,-1,356,423,424,-1,356,424,355,-1,355,424,425,-1,355,425,390,-1,390,425,426,-1,390,426,389,-1,389,426,391,-1,426,427,391,-1,391,427,428,-1,391,428,392,-1,392,428,429,-1,392,429,393,-1,393,429,430,-1,393,430,394,-1,394,430,431,-1,394,431,395,-1,395,431,432,-1,395,432,396,-1,396,432,433,-1,396,433,397,-1,397,433,434,-1,397,434,398,-1,398,434,435,-1,398,435,399,-1,399,435,436,-1,399,436,400,-1,400,436,437,-1,400,437,401,-1,401,437,438,-1,401,438,402,-1,402,438,439,-1,402,439,403,-1,403,439,440,-1,403,440,404,-1,404,440,441,-1,404,441,405,-1,405,441,442,-1,405,442,406,-1,406,442,443,-1,406,443,407,-1,407,443,444,-1,407,444,408,-1,408,444,445,-1,408,445,409,-1,409,445,446,-1,409,446,410,-1,410,446,447,-1,410,447,411,-1,411,447,448,-1,411,448,412,-1,412,448,449,-1,412,449,413,-1,413,449,450,-1,413,450,414,-1,414,450,451,-1,414,451,415,-1,415,451,452,-1,415,452,416,-1,416,452,453,-1,416,453,417,-1,417,453,454,-1,417,454,418,-1,418,454,455,-1,418,455,419,-1,419,455,456,-1,419,456,420,-1,420,456,457,-1,420,457,421,-1,421,457,458,-1,421,458,422,-1,422,458,459,-1,422,459,423,-1,423,459,460,-1,423,460,424,-1,424,460,461,-1,424,461,425,-1,425,461,462,-1,425,462,426,-1,426,462,427,-1,462,463,427,-1,427,463,464,-1,427,464,428,-1,428,464,465,-1,428,465,429,-1,429,465,466,-1,429,466,430,-1,430,466,467,-1,430,467,431,-1,431,467,468,-1,431,468,432,-1,432,468,469,-1,432,469,433,-1,433,469,470,-1,433,470,434,-1,434,470,471,-1,434,471,435,-1,435,471,472,-1,435,472,436,-1,436,472,473,-1,436,473,437,-1,437,473,474,-1,437,474,438,-1,438,474,475,-1,438,475,439,-1,439,475,476,-1,439,476,440,-1,440,476,477,-1,440,477,441,-1,441,477,478,-1,441,478,442,-1,442,478,479,-1,442,479,443,-1,443,479,480,-1,443,480,444,-1,444,480,481,-1,444,481,445,-1,445,481,482,-1,445,482,446,-1,446,482,483,-1,446,483,447,-1,447,483,484,-1,447,484,448,-1,448,484,485,-1,448,485,449,-1,449,485,486,-1,449,486,450,-1,450,486,487,-1,450,487,451,-1,451,487,488,-1,451,488,452,-1,452,488,489,-1,452,489,453,-1,453,489,490,-1,453,490,454,-1,454,490,491,-1,454,491,455,-1,455,491,492,-1,455,492,456,-1,456,492,493,-1,456,493,457,-1,457,493,494,-1,457,494,458,-1,458,494,495,-1,458,495,459,-1,459,495,496,-1,459,496,460,-1,460,496,497,-1,460,497,461,-1,461,497,498,-1,461,498,462,-1,462,498,463,-1,498,499,463,-1,463,499,500,-1,463,500,464,-1,464,500,501,-1,464,501,465,-1,465,501,502,-1,465,502,466,-1,466,502,503,-1,466,503,467,-1,467,503,504,-1,467,504,468,-1,468,504,505,-1,468,505,469,-1,469,505,506,-1,469,506,470,-1,470,506,507,-1,470,507,471,-1,471,507,508,-1,471,508,472,-1,472,508,509,-1,472,509,473,-1,473,509,510,-1,473,510,474,-1,474,510,511,-1,474,511,475,-1,475,511,512,-1,475,512,476,-1,476,512,513,-1,476,513,477,-1,477,513,514,-1,477,514,478,-1,478,514,515,-1,478,515,479,-1,479,515,516,-1,479,516,480,-1,480,516,517,-1,480,517,481,-1,481,517,518,-1,481,518,482,-1,482,518,519,-1,482,519,483,-1,483,519,520,-1,483,520,484,-1,484,520,521,-1,484,521,485,-1,485,521,522,-1,485,522,486,-1,486,522,523,-1,486,523,487,-1,487,523,524,-1,487,524,488,-1,488,524,525,-1,488,525,489,-1,489,525,526,-1,489,526,490,-1,490,526,527,-1,490,527,491,-1,491,527,528,-1,491,528,492,-1,492,528,529,-1,492,529,493,-1,493,529,530,-1,493,530,494,-1,494,530,531,-1,494,531,495,-1,495,531,532,-1,495,532,496,-1,496,532,533,-1,496,533,497,-1,497,533,534,-1,497,534,498,-1,498,534,499,-1,534,171,499,-1,499,171,173,-1,499,173,500,-1,500,173,175,-1,500,175,501,-1,501,175,177,-1,501,177,502,-1,502,177,199,-1,502,199,503,-1,503,199,201,-1,503,201,504,-1,504,201,203,-1,504,203,505,-1,505,203,205,-1,505,205,506,-1,506,205,207,-1,506,207,507,-1,507,207,209,-1,507,209,508,-1,508,209,211,-1,508,211,509,-1,509,211,213,-1,509,213,510,-1,510,213,215,-1,510,215,511,-1,511,215,178,-1,511,178,512,-1,512,178,180,-1,512,180,513,-1,513,180,182,-1,513,182,514,-1,514,182,184,-1,514,184,515,-1,515,184,186,-1,515,186,516,-1,516,186,188,-1,516,188,517,-1,517,188,190,-1,517,190,518,-1,518,190,192,-1,518,192,519,-1,519,192,194,-1,519,194,520,-1,520,194,142,-1,520,142,521,-1,521,142,144,-1,521,144,522,-1,522,144,146,-1,522,146,523,-1,523,146,148,-1,523,148,524,-1,524,148,150,-1,524,150,525,-1,525,150,152,-1,525,152,526,-1,526,152,154,-1,526,154,527,-1,527,154,156,-1,527,156,528,-1,528,156,158,-1,528,158,529,-1,529,158,160,-1,529,160,530,-1,530,160,163,-1,530,163,531,-1,531,163,165,-1,531,165,532,-1,532,165,167,-1,532,167,533,-1,533,167,169,-1,533,169,534,-1,534,169,171,-1,253,258,535,-1,254,259,536,-1,261,262,537,-1,267,269,538,-1,271,270,539,-1,278,277,540,-1,220,223,541,-1,225,224,542,-1,232,231,543,-1,236,235,544,-1,245,244,545,-1,247,248,546,-1,168,166,547,-1,547,166,548,-1,547,548,549,-1,549,548,550,-1,549,550,551,-1,551,550,552,-1,551,552,553,-1,553,552,554,-1,553,554,555,-1,555,554,546,-1,162,161,556,-1,556,161,557,-1,556,557,558,-1,558,557,559,-1,558,559,560,-1,560,559,561,-1,560,561,562,-1,562,561,563,-1,562,563,564,-1,564,563,545,-1,157,155,565,-1,565,155,566,-1,565,566,567,-1,567,566,568,-1,567,568,569,-1,569,568,570,-1,569,570,571,-1,571,570,572,-1,571,572,573,-1,573,572,544,-1,149,147,574,-1,574,147,575,-1,574,575,576,-1,576,575,577,-1,576,577,578,-1,578,577,579,-1,578,579,580,-1,580,579,581,-1,580,581,582,-1,582,581,543,-1,143,196,583,-1,583,196,584,-1,583,584,585,-1,585,584,586,-1,585,586,587,-1,587,586,588,-1,587,588,589,-1,589,588,590,-1,589,590,591,-1,591,590,542,-1,193,191,592,-1,592,191,593,-1,592,593,594,-1,594,593,595,-1,594,595,596,-1,596,595,597,-1,596,597,598,-1,598,597,599,-1,598,599,600,-1,600,599,541,-1,185,183,601,-1,601,183,602,-1,601,602,603,-1,603,602,604,-1,603,604,605,-1,605,604,606,-1,605,606,607,-1,607,606,608,-1,607,608,609,-1,609,608,540,-1,179,217,610,-1,610,217,611,-1,610,611,612,-1,612,611,613,-1,612,613,614,-1,614,613,615,-1,614,615,616,-1,616,615,617,-1,616,617,618,-1,618,617,539,-1,214,212,619,-1,619,212,620,-1,619,620,621,-1,621,620,622,-1,621,622,623,-1,623,622,624,-1,623,624,625,-1,625,624,626,-1,625,626,627,-1,627,626,538,-1,206,204,628,-1,628,204,629,-1,628,629,630,-1,630,629,631,-1,630,631,632,-1,632,631,633,-1,632,633,634,-1,634,633,635,-1,634,635,636,-1,636,635,537,-1,200,198,637,-1,637,198,638,-1,637,638,639,-1,639,638,640,-1,639,640,641,-1,641,640,642,-1,641,642,643,-1,643,642,644,-1,643,644,645,-1,645,644,536,-1,176,174,646,-1,646,174,647,-1,646,647,648,-1,648,647,649,-1,648,649,650,-1,650,649,651,-1,650,651,652,-1,652,651,653,-1,652,653,654,-1,654,653,535,-1,170,168,655,-1,655,168,547,-1,655,547,656,-1,656,547,549,-1,656,549,657,-1,657,549,551,-1,657,551,658,-1,658,551,553,-1,658,553,659,-1,659,553,555,-1,659,555,251,-1,251,555,250,-1,546,248,555,-1,555,248,249,-1,555,249,250,-1,246,247,660,-1,660,247,546,-1,660,546,661,-1,661,546,554,-1,661,554,662,-1,662,554,552,-1,662,552,663,-1,663,552,550,-1,663,550,664,-1,664,550,548,-1,664,548,164,-1,164,548,166,-1,164,162,664,-1,664,162,556,-1,664,556,663,-1,663,556,558,-1,663,558,662,-1,662,558,560,-1,662,560,661,-1,661,560,562,-1,661,562,660,-1,660,562,564,-1,660,564,246,-1,246,564,242,-1,545,244,564,-1,564,244,243,-1,564,243,242,-1,241,245,665,-1,665,245,545,-1,665,545,666,-1,666,545,563,-1,666,563,667,-1,667,563,561,-1,667,561,668,-1,668,561,559,-1,668,559,669,-1,669,559,557,-1,669,557,159,-1,159,557,161,-1,159,157,669,-1,669,157,565,-1,669,565,668,-1,668,565,567,-1,668,567,667,-1,667,567,569,-1,667,569,666,-1,666,569,571,-1,666,571,665,-1,665,571,573,-1,665,573,241,-1,241,573,240,-1,544,235,573,-1,573,235,239,-1,573,239,240,-1,237,236,670,-1,670,236,544,-1,670,544,671,-1,671,544,572,-1,671,572,672,-1,672,572,570,-1,672,570,673,-1,673,570,568,-1,673,568,674,-1,674,568,566,-1,674,566,153,-1,153,566,155,-1,153,151,674,-1,674,151,675,-1,674,675,673,-1,673,675,676,-1,673,676,672,-1,672,676,677,-1,672,677,671,-1,671,677,678,-1,671,678,670,-1,670,678,679,-1,670,679,237,-1,237,679,238,-1,151,149,675,-1,675,149,574,-1,675,574,676,-1,676,574,576,-1,676,576,677,-1,677,576,578,-1,677,578,678,-1,678,578,580,-1,678,580,679,-1,679,580,582,-1,679,582,238,-1,238,582,233,-1,543,231,582,-1,582,231,234,-1,582,234,233,-1,230,232,680,-1,680,232,543,-1,680,543,681,-1,681,543,581,-1,681,581,682,-1,682,581,579,-1,682,579,683,-1,683,579,577,-1,683,577,684,-1,684,577,575,-1,684,575,145,-1,145,575,147,-1,145,143,684,-1,684,143,583,-1,684,583,683,-1,683,583,585,-1,683,585,682,-1,682,585,587,-1,682,587,681,-1,681,587,589,-1,681,589,680,-1,680,589,591,-1,680,591,230,-1,230,591,229,-1,542,224,591,-1,591,224,228,-1,591,228,229,-1,226,225,685,-1,685,225,542,-1,685,542,686,-1,686,542,590,-1,686,590,687,-1,687,590,588,-1,687,588,688,-1,688,588,586,-1,688,586,689,-1,689,586,584,-1,689,584,195,-1,195,584,196,-1,195,193,689,-1,689,193,592,-1,689,592,688,-1,688,592,594,-1,688,594,687,-1,687,594,596,-1,687,596,686,-1,686,596,598,-1,686,598,685,-1,685,598,600,-1,685,600,226,-1,226,600,227,-1,541,223,600,-1,600,223,222,-1,600,222,227,-1,221,220,690,-1,690,220,541,-1,690,541,691,-1,691,541,599,-1,691,599,692,-1,692,599,597,-1,692,597,693,-1,693,597,595,-1,693,595,694,-1,694,595,593,-1,694,593,189,-1,189,593,191,-1,189,187,694,-1,694,187,695,-1,694,695,693,-1,693,695,696,-1,693,696,692,-1,692,696,697,-1,692,697,691,-1,691,697,698,-1,691,698,690,-1,690,698,699,-1,690,699,221,-1,221,699,279,-1,187,185,695,-1,695,185,601,-1,695,601,696,-1,696,601,603,-1,696,603,697,-1,697,603,605,-1,697,605,698,-1,698,605,607,-1,698,607,699,-1,699,607,609,-1,699,609,279,-1,279,609,280,-1,540,277,609,-1,609,277,281,-1,609,281,280,-1,276,278,700,-1,700,278,540,-1,700,540,701,-1,701,540,608,-1,701,608,702,-1,702,608,606,-1,702,606,703,-1,703,606,604,-1,703,604,704,-1,704,604,602,-1,704,602,181,-1,181,602,183,-1,181,179,704,-1,704,179,610,-1,704,610,703,-1,703,610,612,-1,703,612,702,-1,702,612,614,-1,702,614,701,-1,701,614,616,-1,701,616,700,-1,700,616,618,-1,700,618,276,-1,276,618,275,-1,539,270,618,-1,618,270,274,-1,618,274,275,-1,272,271,705,-1,705,271,539,-1,705,539,706,-1,706,539,617,-1,706,617,707,-1,707,617,615,-1,707,615,708,-1,708,615,613,-1,708,613,709,-1,709,613,611,-1,709,611,216,-1,216,611,217,-1,216,214,709,-1,709,214,619,-1,709,619,708,-1,708,619,621,-1,708,621,707,-1,707,621,623,-1,707,623,706,-1,706,623,625,-1,706,625,705,-1,705,625,627,-1,705,627,272,-1,272,627,273,-1,538,269,627,-1,627,269,268,-1,627,268,273,-1,266,267,710,-1,710,267,538,-1,710,538,711,-1,711,538,626,-1,711,626,712,-1,712,626,624,-1,712,624,713,-1,713,624,622,-1,713,622,714,-1,714,622,620,-1,714,620,210,-1,210,620,212,-1,210,208,714,-1,714,208,715,-1,714,715,713,-1,713,715,716,-1,713,716,712,-1,712,716,717,-1,712,717,711,-1,711,717,718,-1,711,718,710,-1,710,718,719,-1,710,719,266,-1,266,719,265,-1,208,206,715,-1,715,206,628,-1,715,628,716,-1,716,628,630,-1,716,630,717,-1,717,630,632,-1,717,632,718,-1,718,632,634,-1,718,634,719,-1,719,634,636,-1,719,636,265,-1,265,636,264,-1,537,262,636,-1,636,262,263,-1,636,263,264,-1,260,261,720,-1,720,261,537,-1,720,537,721,-1,721,537,635,-1,721,635,722,-1,722,635,633,-1,722,633,723,-1,723,633,631,-1,723,631,724,-1,724,631,629,-1,724,629,202,-1,202,629,204,-1,202,200,724,-1,724,200,637,-1,724,637,723,-1,723,637,639,-1,723,639,722,-1,722,639,641,-1,722,641,721,-1,721,641,643,-1,721,643,720,-1,720,643,645,-1,720,645,260,-1,260,645,218,-1,536,259,645,-1,645,259,219,-1,645,219,218,-1,255,254,725,-1,725,254,536,-1,725,536,726,-1,726,536,644,-1,726,644,727,-1,727,644,642,-1,727,642,728,-1,728,642,640,-1,728,640,729,-1,729,640,638,-1,729,638,197,-1,197,638,198,-1,197,176,729,-1,729,176,646,-1,729,646,728,-1,728,646,648,-1,728,648,727,-1,727,648,650,-1,727,650,726,-1,726,650,652,-1,726,652,725,-1,725,652,654,-1,725,654,255,-1,255,654,256,-1,535,258,654,-1,654,258,257,-1,654,257,256,-1,252,253,730,-1,730,253,535,-1,730,535,731,-1,731,535,653,-1,731,653,732,-1,732,653,651,-1,732,651,733,-1,733,651,649,-1,733,649,734,-1,734,649,647,-1,734,647,172,-1,172,647,174,-1,172,170,734,-1,734,170,655,-1,734,655,733,-1,733,655,656,-1,733,656,732,-1,732,656,657,-1,732,657,731,-1,731,657,658,-1,731,658,730,-1,730,658,659,-1,730,659,252,-1,252,659,251,-1,4,6,116,-1,4,116,56,-1,56,116,114,-1,56,114,57,-1,57,114,119,-1,57,119,58,-1,58,119,118,-1,58,118,49,-1,49,118,127,-1,49,127,51,-1,51,127,126,-1,51,126,53,-1,53,126,8,-1,53,8,10,-1,0,2,130,-1,0,130,72,-1,72,130,132,-1,72,132,67,-1,67,132,134,-1,67,134,65,-1,65,134,138,-1,65,138,64,-1,64,138,137,-1,64,137,62,-1,62,137,136,-1,62,136,47,-1,47,136,7,-1,47,7,5,-1,139,55,140,-1,140,55,61,-1,140,61,141,-1,141,61,60,-1,141,60,109,-1,109,60,59,-1,109,59,110,-1,110,59,43,-1,110,43,120,-1,120,43,42,-1,120,42,121,-1,121,42,84,-1,121,84,122,-1,122,84,77,-1,122,77,123,-1,123,77,89,-1,123,89,108,-1,108,89,69,-1,108,69,107,-1,107,69,68,-1,107,68,106,-1,106,68,70,-1,106,70,128,-1,128,70,71,-1,128,71,129,-1,129,71,74,-1,129,74,131,-1,131,74,73,-1,131,73,133,-1,133,73,66,-1,133,66,135,-1,135,66,63,-1,135,63,111,-1,111,63,46,-1,111,46,112,-1,112,46,45,-1,112,45,115,-1,115,45,44,-1,115,44,113,-1,113,44,48,-1,113,48,117,-1,117,48,50,-1,117,50,125,-1,125,50,52,-1,125,52,124,-1,124,52,54,-1,124,54,139,-1,139,54,55,-1,735,736,737,-1,737,736,738,-1,737,738,739,-1,740,741,742,-1,742,741,743,-1,742,743,744,-1,744,743,739,-1,744,739,745,-1,745,739,738,-1,746,747,748,-1,748,747,749,-1,748,749,750,-1,750,749,751,-1,750,751,740,-1,740,751,752,-1,740,752,741,-1,753,754,755,-1,755,754,756,-1,755,756,757,-1,757,756,758,-1,758,759,757,-1,757,759,760,-1,757,760,737,-1,737,760,761,-1,737,761,735,-1,762,763,764,-1,764,763,765,-1,764,765,766,-1,766,765,767,-1,766,767,768,-1,768,767,769,-1,768,769,770,-1,770,769,771,-1,770,771,746,-1,746,771,772,-1,746,772,747,-1,755,773,753,-1,753,773,774,-1,753,774,775,-1,775,774,776,-1,775,776,777,-1,777,776,778,-1,777,778,762,-1,762,778,779,-1,762,779,763,-1,780,781,782,-1,782,781,783,-1,784,785,786,-1,786,785,787,-1,786,787,788,-1,788,787,783,-1,788,783,789,-1,789,783,781,-1,790,791,792,-1,792,791,793,-1,792,793,794,-1,794,793,795,-1,794,795,784,-1,784,795,796,-1,784,796,785,-1,797,798,799,-1,799,798,800,-1,799,800,801,-1,801,800,802,-1,801,802,803,-1,803,802,804,-1,803,804,805,-1,805,804,806,-1,805,806,790,-1,790,806,807,-1,790,807,791,-1,808,809,810,-1,810,809,811,-1,810,811,782,-1,782,811,812,-1,782,812,780,-1,813,814,815,-1,815,814,816,-1,815,816,817,-1,817,816,818,-1,817,818,819,-1,819,818,820,-1,819,820,797,-1,797,820,821,-1,797,821,798,-1,815,822,813,-1,813,822,823,-1,813,823,810,-1,810,823,824,-1,810,824,808,-1,810,782,825,-1,810,825,826,-1,826,825,827,-1,826,827,828,-1,828,827,829,-1,828,829,830,-1,830,829,831,-1,830,831,832,-1,832,831,833,-1,832,833,834,-1,834,833,835,-1,834,835,836,-1,837,836,838,-1,838,836,835,-1,839,837,840,-1,840,837,838,-1,841,839,842,-1,842,839,840,-1,841,842,843,-1,843,842,844,-1,843,844,845,-1,845,844,846,-1,845,846,847,-1,847,846,848,-1,847,848,849,-1,849,848,850,-1,849,850,851,-1,851,850,852,-1,851,852,737,-1,737,852,757,-1,739,813,737,-1,737,813,810,-1,737,810,851,-1,851,810,826,-1,851,826,849,-1,849,826,828,-1,849,828,847,-1,847,828,830,-1,847,830,845,-1,845,830,832,-1,845,832,843,-1,843,832,834,-1,843,834,841,-1,841,834,836,-1,841,836,839,-1,839,836,837,-1,840,838,842,-1,842,838,835,-1,842,835,844,-1,844,835,833,-1,844,833,846,-1,846,833,831,-1,846,831,848,-1,848,831,829,-1,848,829,850,-1,850,829,827,-1,850,827,852,-1,852,827,825,-1,852,825,757,-1,757,825,782,-1,757,782,755,-1,755,782,783,-1,813,739,743,-1,813,743,814,-1,814,743,741,-1,814,741,816,-1,816,741,752,-1,816,752,818,-1,818,752,751,-1,818,751,820,-1,820,751,749,-1,820,749,821,-1,821,749,747,-1,821,747,798,-1,798,747,772,-1,798,772,800,-1,800,772,771,-1,800,771,802,-1,802,771,769,-1,802,769,804,-1,755,783,787,-1,755,787,773,-1,773,787,785,-1,773,785,774,-1,774,785,796,-1,774,796,776,-1,776,796,795,-1,776,795,778,-1,778,795,793,-1,778,793,779,-1,779,793,791,-1,779,791,763,-1,763,791,807,-1,763,807,765,-1,765,807,806,-1,765,806,767,-1,767,806,804,-1,767,804,769,-1,768,803,766,-1,766,803,805,-1,766,805,764,-1,764,805,790,-1,764,790,762,-1,762,790,792,-1,762,792,777,-1,777,792,794,-1,777,794,775,-1,775,794,784,-1,775,784,753,-1,753,784,786,-1,753,786,754,-1,754,786,788,-1,754,788,756,-1,756,788,789,-1,756,789,758,-1,758,789,781,-1,758,781,759,-1,759,781,780,-1,759,780,760,-1,760,780,812,-1,760,812,761,-1,761,812,811,-1,761,811,735,-1,735,811,809,-1,735,809,736,-1,736,809,808,-1,736,808,738,-1,738,808,824,-1,738,824,745,-1,745,824,823,-1,745,823,744,-1,744,823,822,-1,744,822,742,-1,742,822,815,-1,742,815,740,-1,740,815,817,-1,740,817,750,-1,750,817,819,-1,750,819,748,-1,748,819,797,-1,748,797,746,-1,746,797,799,-1,746,799,770,-1,770,799,801,-1,770,801,768,-1,768,801,803,-1,
        ]
    }
}
Shape{
    appearance Appearance {
        material  Material 	{
            diffuseColor 0.2235294117647059 0.2235294117647059 0.2235294117647059
            specularColor 0.06666666666666667 0.06666666666666667 0.06666666666666667
            ambientIntensity 0.2235
            transparency 0.0
            shininess 0.5
        }
    }
    geometry IndexedFaceSet {
        ccw TRUE
        solid FALSE
        coord DEF co Coordinate {
            point [
                1.2992 2.583 1.1811, 1.2992 1.5433 1.1811, 1.2992 2.583 0.0394, 1.2992 1.5433 0.0394, 1.1614 1.5433 1.1811, 1.1614 2.583 1.1811, 1.2992 0.3228 0.0394, 1.2992 0.3228 1.1811, 1.2992 -0.7169 0.0394, 1.2992 -0.7169 1.1811, -1.1614 1.4252 0.0, 0.7087 2.6654 0.0, 0.7087 1.5433 0.0, -4.2126 2.6654 0.0, -1.2795 1.4252 0.0, -4.2126 -0.7992 0.0, -1.2795 0.4409 0.0, 0.7087 -0.7992 0.0, -1.1614 0.4409 0.0, 0.7087 0.3228 0.0, 1.1614 1.5433 0.0, 1.1614 0.3228 0.0, 1.1614 0.3228 1.1811, 1.1614 -0.7169 1.1811, 1.1614 1.5433 0.0394, 1.1614 0.3228 0.0394, 1.1614 2.2679 3.5289, 1.1614 2.0997 3.7257, 1.1614 0.184 4.0292, 1.1614 -0.4018 3.5289, 1.1614 -0.537 3.3081, 1.1614 2.4032 3.3081, 1.1614 2.583 2.5591, 1.1614 2.5627 2.8172, 1.1614 -0.2336 3.7257, 1.1614 -0.6361 3.0689, 1.1614 -0.6966 2.8172, 1.1614 -0.7169 2.5591, 1.1614 2.5023 3.0689, 1.1614 1.9029 3.8939, 1.1614 1.6821 4.0292, 1.1614 0.4232 4.1282, 1.1614 1.4429 4.1282, 1.1614 1.1912 4.1887, 1.1614 -0.0367 3.8939, 1.1614 0.9331 4.209, 1.1614 0.675 4.1887, -3.3961 -0.8386 0.6365, -3.3961 -0.8386 0.5183, -3.343 -0.8386 0.5183, -2.8344 -0.8386 0.0394, -1.001 -0.8386 0.0394, -1.001 -0.8386 0.2374, -2.9594 -0.8386 0.0394, -2.8344 -0.8386 0.2374, -3.1296 -0.8386 0.2647, -3.1265 -0.8386 0.2682, -3.1265 -0.8386 0.2902, -3.3295 -0.8386 0.5317, -3.3315 -0.8386 0.537, -3.3315 -0.8386 0.5019, -2.9528 -0.8386 2.5591, -2.9528 -0.8386 4.2913, -2.9594 -0.8386 4.2913, -3.1874 -0.8386 0.2904, -3.1893 -0.8386 0.2902, -3.1576 -0.8386 0.2902, -3.0438 -0.8386 0.4248, -3.0015 -0.8386 0.4248, -3.0015 -0.8386 0.4628, -3.5837 -0.8386 0.5324, -3.5579 -0.8386 0.5107, -3.468 -0.8386 0.6376, -3.468 -0.8386 0.5019, -3.7066 -0.8386 0.6496, -3.6892 -0.8386 0.6376, -3.6678 -0.8386 0.623, -3.636 -0.8386 0.5861, -3.6166 -0.8386 0.548, -3.6119 -0.8386 0.5464, -3.8855 -0.8386 0.6507, -3.8416 -0.8386 0.6671, -4.2126 -0.8386 4.2913, -3.468 -0.8386 4.2913, -3.7968 -0.8386 0.6723, -3.7539 -0.8386 0.6673, -4.2126 -0.8386 0.6376, -4.0116 -0.8386 0.5908, -3.9743 -0.8386 0.5955, -4.2126 -0.8386 0.5019, -4.1145 -0.8386 0.5019, -4.1062 -0.8386 0.5207, -4.0834 -0.8386 0.5499, -3.9069 -0.8386 0.6376, -3.9107 -0.8386 0.6353, -3.933 -0.8386 0.6162, -3.9633 -0.8386 0.5949, -3.9524 -0.8386 0.5936, -4.077 -0.8386 0.556, -4.0468 -0.8386 0.5772, -4.0122 -0.8386 0.2928, -4.0242 -0.8386 0.2964, -4.2126 -0.8386 0.2902, -4.0585 -0.8386 0.3131, -4.0881 -0.8386 0.3383, -4.1098 -0.8386 0.3693, -4.1234 -0.8386 0.4046, -4.2126 -0.8386 0.4628, -4.128 -0.8386 0.4417, -4.1277 -0.8386 0.4509, -4.1256 -0.8386 0.4628, -4.1213 -0.8386 0.4865, -3.97 -0.8386 0.241, -3.9886 -0.8386 0.255, -4.2126 -0.8386 0.2374, -4.0027 -0.8386 0.2724, -4.011 -0.8386 0.2902, -3.468 -0.8386 0.2374, -3.8828 -0.8386 0.2374, -3.468 -0.8386 0.0394, -3.8991 -0.8386 0.2311, -4.2126 -0.8386 0.0394, -3.9221 -0.8386 0.2283, -3.9257 -0.8386 0.2283, -3.9481 -0.8386 0.2318, -3.9613 -0.8386 0.2374, -3.468 -0.8386 0.2902, -3.8332 -0.8386 0.2902, -3.8333 -0.8386 0.2898, -3.8445 -0.8386 0.2687, -3.859 -0.8386 0.2524, -3.8779 -0.8386 0.2392, -3.527 -0.8386 0.4547, -3.5226 -0.8386 0.4237, -3.468 -0.8386 0.4628, -3.712 -0.8386 0.3462, -3.7055 -0.8386 0.3488, -3.6944 -0.8386 0.4028, -3.5577 -0.8386 0.3336, -3.5835 -0.8386 0.3117, -3.8509 -0.8386 0.3867, -3.7238 -0.8386 0.4531, -3.8675 -0.8386 0.4018, -3.8876 -0.8386 0.4126, -3.7179 -0.8386 0.3421, -3.5389 -0.8386 0.3598, -3.5819 -0.8386 0.4311, -3.5864 -0.8386 0.4493, -3.5936 -0.8386 0.4628, -4.0658 -0.8386 0.4628, -3.527 -0.8386 0.3899, -3.6982 -0.8386 0.3497, -3.6972 -0.8386 0.3496, -3.6944 -0.8386 0.349, -4.0602 -0.8386 0.4058, -4.049 -0.8386 0.3866, -4.0008 -0.8386 0.3767, -4.0319 -0.8386 0.3691, -4.0113 -0.8386 0.3564, -3.9657 -0.8386 0.4082, -3.9851 -0.8386 0.3947, -4.0682 -0.8386 0.4436, -4.0671 -0.8386 0.429, -3.9447 -0.8386 0.4162, -3.9221 -0.8386 0.419, -3.9105 -0.8386 0.4183, -3.7276 -0.8386 0.3203, -3.7273 -0.8386 0.324, -3.8272 -0.8386 0.3326, -3.7254 -0.8386 0.3313, -3.7218 -0.8386 0.3377, -3.6007 -0.8386 0.3726, -3.5903 -0.8386 0.3874, -3.5837 -0.8386 0.4043, -3.5815 -0.8386 0.4228, -3.7054 -0.8386 0.2917, -3.7117 -0.8386 0.2942, -3.7178 -0.8386 0.2986, -3.72 -0.8386 0.3008, -3.7242 -0.8386 0.3068, -3.7267 -0.8386 0.3132, -3.8277 -0.8386 0.3132, -3.8272 -0.8386 0.3231, -3.6125 -0.8386 0.2976, -3.6441 -0.8386 0.2909, -3.7001 -0.8386 0.2909, -3.6925 -0.8386 0.3488, -3.6498 -0.8386 0.3488, -3.6327 -0.8386 0.352, -3.616 -0.8386 0.3598, -3.6019 -0.8386 0.3713, -3.6631 -0.8386 0.4968, -4.0572 -0.8386 0.4878, -4.0654 -0.8386 0.4666, -3.6555 -0.8386 0.4968, -3.5952 -0.8386 0.4657, -3.6061 -0.8386 0.4779, -3.6208 -0.8386 0.4882, -3.6374 -0.8386 0.4945, -3.6835 -0.8386 0.5538, -3.7049 -0.8386 0.5794, -3.923 -0.8386 0.5243, -3.7073 -0.8386 0.5815, -3.7339 -0.8386 0.6, -3.9085 -0.8386 0.5543, -4.0474 -0.8386 0.5019, -3.9297 -0.8386 0.528, -3.6642 -0.8386 0.5019, -3.6689 -0.8386 0.5232, -3.951 -0.8386 0.5358, -3.9733 -0.8386 0.5385, -3.9832 -0.8386 0.538, -3.8872 -0.8386 0.5797, -3.7637 -0.8386 0.6114, -3.8618 -0.8386 0.5983, -3.7959 -0.8386 0.6154, -3.8308 -0.8386 0.6109, -4.0066 -0.8386 0.5324, -4.0278 -0.8386 0.5212, -4.0441 -0.8386 0.5067, -3.5517 -0.8386 0.5019, -3.5386 -0.8386 0.4837, -3.5302 -0.8386 0.4628, -2.972 -0.8386 0.3066, -2.972 -0.8386 0.2913, -2.9594 -0.8386 0.2902, -2.9594 -0.8386 0.4628, -2.975 -0.8386 0.4248, -2.975 -0.8386 0.4094, -3.0265 -0.8386 0.3515, -3.0265 -0.8386 0.3066, -3.0015 -0.8386 0.3515, -3.0015 -0.8386 0.3066, -2.9788 -0.8386 0.3515, -2.9788 -0.8386 0.3667, -3.0265 -0.8386 0.4094, -3.0265 -0.8386 0.3667, -3.0015 -0.8386 0.4094, -3.0015 -0.8386 0.3667, -3.0015 -0.8386 0.2902, -3.0015 -0.8386 0.2913, -3.0438 -0.8386 0.2913, -3.1097 -0.8386 0.315, -3.1076 -0.8386 0.3072, -3.1072 -0.8386 0.3072, -3.0618 -0.8386 0.3867, -3.1265 -0.8386 0.4628, -3.0791 -0.8386 0.3867, -3.1265 -0.8386 0.3634, -3.1051 -0.8386 0.3149, -3.1064 -0.8386 0.3104, -3.2263 -0.8386 0.312, -3.2433 -0.8386 0.4628, -3.2433 -0.8386 0.2902, -3.22 -0.8386 0.308, -3.2186 -0.8386 0.3075, -3.2186 -0.8386 0.3429, -3.2215 -0.8386 0.3459, -3.2237 -0.8386 0.3493, -3.2255 -0.8386 0.3544, -3.2262 -0.8386 0.3609, -3.2256 -0.8386 0.3669, -3.2187 -0.8386 0.343, -3.2104 -0.8386 0.2902, -3.2157 -0.8386 0.2908, -3.2186 -0.8386 0.2902, -3.2186 -0.8386 0.2919, -3.2263 -0.8386 0.2947, -3.1665 -0.8386 0.3846, -3.1665 -0.8386 0.3684, -3.2155 -0.8386 0.3813, -3.2105 -0.8386 0.3843, -3.2186 -0.8386 0.4628, -3.1628 -0.8386 0.3106, -3.1648 -0.8386 0.3053, -3.1679 -0.8386 0.3009, -3.2236 -0.8386 0.3723, -3.2205 -0.8386 0.3768, -3.2186 -0.8386 0.3785, -3.2013 -0.8386 0.3875, -3.1891 -0.8386 0.3888, -3.1576 -0.8386 0.4628, -3.1778 -0.8386 0.3879, -3.1676 -0.8386 0.333, -3.1644 -0.8386 0.3284, -3.1626 -0.8386 0.3235, -3.162 -0.8386 0.3173, -3.1727 -0.8386 0.2967, -3.1781 -0.8386 0.2935, -3.1907 -0.8386 0.3753, -3.1957 -0.8386 0.3749, -3.209 -0.8386 0.3624, -3.2002 -0.8386 0.3737, -3.2039 -0.8386 0.3717, -3.2088 -0.8386 0.3602, -3.2082 -0.8386 0.3576, -3.207 -0.8386 0.3554, -3.2053 -0.8386 0.3536, -3.1995 -0.8386 0.3499, -3.1796 -0.8386 0.374, -3.1891 -0.8386 0.3454, -3.1702 -0.8386 0.3705, -3.1826 -0.8386 0.3428, -3.1715 -0.8386 0.3366, -3.2064 -0.8386 0.3695, -3.2079 -0.8386 0.3674, -3.2087 -0.8386 0.3651, -3.2096 -0.8386 0.304, -3.2009 -0.8386 0.3332, -3.2109 -0.8386 0.3378, -3.1988 -0.8386 0.3027, -3.1981 -0.8386 0.3027, -3.1899 -0.8386 0.3286, -3.1895 -0.8386 0.3037, -3.1791 -0.8386 0.3156, -3.1793 -0.8386 0.3177, -3.1852 -0.8386 0.3053, -3.1837 -0.8386 0.3062, -3.1818 -0.8386 0.3079, -3.1803 -0.8386 0.3101, -3.1795 -0.8386 0.3124, -3.18 -0.8386 0.3203, -3.1813 -0.8386 0.3225, -3.1834 -0.8386 0.3247, -2.9104 -0.8386 0.5396, -2.9594 -0.8386 0.5396, -2.8968 -0.8386 0.5031, -2.9594 -0.8386 0.5019, -2.8344 -0.8386 0.5019, -2.966 -0.8386 0.5396, -2.9788 -0.8386 0.5031, -3.0015 -0.8386 0.5019, -2.9978 -0.8386 0.5031, -3.0015 -0.8386 0.6376, -2.9594 -0.8386 0.604, -2.9594 -0.8386 0.6376, -2.947 -0.8386 0.6365, -2.9286 -0.8386 0.6365, -3.1265 -0.8386 0.6376, -3.1576 -0.8386 0.6376, -3.1421 -0.8386 0.6365, -3.1576 -0.8386 0.6365, -3.1936 -0.8386 0.5632, -3.1936 -0.8386 0.5183, -3.1576 -0.8386 0.5632, -3.1576 -0.8386 0.5183, -3.1459 -0.8386 0.5632, -3.1391 -0.8386 0.5183, -3.1459 -0.8386 0.5784, -3.1421 -0.8386 0.6211, -3.1576 -0.8386 0.5784, -3.1576 -0.8386 0.6211, -3.1936 -0.8386 0.5784, -3.1936 -0.8386 0.6211, -3.2109 -0.8386 0.5031, -3.2186 -0.8386 0.5019, -3.1576 -0.8386 0.5019, -3.1265 -0.8386 0.5019, -3.1391 -0.8386 0.5031, -3.1576 -0.8386 0.5031, -3.2109 -0.8386 0.6365, -3.2186 -0.8386 0.6376, -2.8344 -0.8386 2.5591, -2.8344 -0.8386 0.6376, -2.8778 -0.8386 0.5031, 0.7087 -0.8386 2.5591, -1.001 -0.8386 2.5591, -1.001 -0.8386 0.6376, -3.269 -0.8386 0.6232, -3.2749 -0.8386 0.6229, -3.2433 -0.8386 0.5224, -3.2526 -0.8386 0.6212, -3.2376 -0.8386 0.6153, -3.2376 -0.8386 0.5251, -3.2391 -0.8386 0.6161, -3.2433 -0.8386 0.6177, -3.2864 -0.8386 0.6206, -3.2968 -0.8386 0.6156, -3.3054 -0.8386 0.6084, -3.3064 -0.8386 0.6073, -3.3128 -0.8386 0.5981, -3.3172 -0.8386 0.5865, -3.3194 -0.8386 0.5683, -3.3192 -0.8386 0.5628, -3.2487 -0.8386 0.5199, -3.2634 -0.8386 0.5166, -3.272 -0.8386 0.5162, -3.317 -0.8386 0.5496, -3.3126 -0.8386 0.5389, -3.3063 -0.8386 0.5302, -3.3029 -0.8386 0.5269, -3.2842 -0.8386 0.5175, -3.2939 -0.8386 0.5209, -3.2549 -0.8386 0.6376, -3.2517 -0.8386 0.6374, -3.2433 -0.8386 0.6376, -3.2433 -0.8386 0.6349, -3.2376 -0.8386 0.6333, -3.3315 -0.8386 0.6376, -3.3279 -0.8386 0.6065, -3.3182 -0.8386 0.6191, -3.3153 -0.8386 0.6219, -3.3024 -0.8386 0.631, -3.2884 -0.8386 0.6364, -3.3395 -0.8386 0.6376, -3.3342 -0.8386 0.5916, -3.3315 -0.8386 0.598, -3.3349 -0.8386 0.5456, -3.3395 -0.8386 0.5019, -3.3375 -0.8386 0.5673, -3.3373 -0.8386 0.5742, -3.2987 -0.8386 0.5047, -3.3111 -0.8386 0.5111, -3.3204 -0.8386 0.519, -3.3215 -0.8386 0.5203, -3.2868 -0.8386 0.5019, -3.3315 -0.8386 0.4628, -3.2846 -0.8386 0.5014, -3.2745 -0.8386 0.5008, -3.2628 -0.8386 0.5019, -3.2376 -0.8386 0.5086, -3.2399 -0.8386 0.5074, -3.2433 -0.8386 0.5019, -3.2433 -0.8386 0.5063, -3.2542 -0.8386 0.5027, -3.3188 -0.8386 0.3368, -3.3162 -0.8386 0.3637, -3.3221 -0.8386 0.332, -3.3244 -0.8386 0.3262, -3.3315 -0.8386 0.2902, -3.3227 -0.8386 0.3036, -3.3247 -0.8386 0.3093, -3.2734 -0.8386 0.3879, -3.2664 -0.8386 0.3858, -3.3136 -0.8386 0.3413, -3.3065 -0.8386 0.3449, -3.306 -0.8386 0.3704, -3.2939 -0.8386 0.348, -3.2793 -0.8386 0.3747, -3.285 -0.8386 0.3753, -3.2955 -0.8386 0.3741, -3.3117 -0.8386 0.2927, -3.3174 -0.8386 0.2966, -3.3192 -0.8386 0.2985, -3.2608 -0.8386 0.3827, -3.2563 -0.8386 0.3784, -3.2529 -0.8386 0.373, -3.2657 -0.8386 0.3061, -3.2661 -0.8386 0.3061, -3.2657 -0.8386 0.2913, -3.2688 -0.8386 0.302, -3.2741 -0.8386 0.2964, -3.3162 -0.8386 0.38, -3.3127 -0.8386 0.382, -3.3003 -0.8386 0.3868, -3.2834 -0.8386 0.3888, -3.3256 -0.8386 0.3169, -3.3255 -0.8386 0.319, -3.2657 -0.8386 0.3519, -3.2663 -0.8386 0.3593, -3.268 -0.8386 0.3653, -3.27 -0.8386 0.3687, -3.2503 -0.8386 0.3654, -3.249 -0.8386 0.3527, -3.249 -0.8386 0.2913, -3.2725 -0.8386 0.3714, -3.2755 -0.8386 0.3733, -3.2862 -0.8386 0.2902, -3.2867 -0.8386 0.2901, -3.2433 -0.8386 0.2374, -3.3315 -0.8386 0.2374, -3.2953 -0.8386 0.2891, -3.305 -0.8386 0.2902, -3.3053 -0.8386 0.2903, -3.1265 -0.8386 0.3186, -3.1533 -0.8386 0.3867, -3.1346 -0.8386 0.3867, -3.1159 -0.8386 0.2916, -3.1164 -0.8386 0.2902, -3.1232 -0.8386 0.2742, -3.1576 -0.8386 0.2374, -3.1498 -0.8386 0.2478, -3.1498 -0.8386 0.2627, -3.2005 -0.8386 0.2891, -3.2186 -0.8386 0.2374, -3.1464 -0.8386 0.2616, -3.1403 -0.8386 0.2608, -3.1265 -0.8386 0.2494, -3.1323 -0.8386 0.2472, -3.1265 -0.8386 0.2374, -3.139 -0.8386 0.2465, -3.1427 -0.8386 0.2466, -3.1362 -0.8386 0.2613, -3.1326 -0.8386 0.2626, -3.105 -0.8386 0.277, -3.1126 -0.8386 0.2622, -3.0015 -0.8386 0.2374, -3.0998 -0.8386 0.2902, -3.1187 -0.8386 0.2549, -3.1198 -0.8386 0.2538, -3.1257 -0.8386 0.2497, -2.9594 -0.8386 0.2374, -3.0015 -0.8386 0.0394, -3.1265 -0.8386 0.0394, -3.1576 -0.8386 0.0394, -3.2186 -0.8386 0.0394, -3.2433 -0.8386 0.0394, -3.3315 -0.8386 0.0394, -3.2799 -0.8386 0.2925, -1.001 -0.8386 0.2902, -2.8344 -0.8386 0.2902, -3.4133 -0.8386 0.4248, -3.4133 -0.8386 0.2913, -3.3395 -0.8386 0.2902, -3.3395 -0.8386 0.2374, -3.3395 -0.8386 0.0394, -3.3446 -0.8386 0.4248, -3.3395 -0.8386 0.4628, -3.3446 -0.8386 0.4094, -3.3416 -0.8386 0.3066, -3.3416 -0.8386 0.2913, -3.3961 -0.8386 0.3515, -3.3961 -0.8386 0.3066, -3.3484 -0.8386 0.3515, -3.3484 -0.8386 0.3667, -3.3961 -0.8386 0.3667, -3.3961 -0.8386 0.4094, -2.9468 -0.8386 0.2913, -2.8418 -0.8386 0.3356, -2.8483 -0.8386 0.3218, -2.8583 -0.8386 0.31, -2.8452 -0.8386 0.3908, -2.8403 -0.8386 0.3781, -2.8344 -0.8386 0.4628, -2.8381 -0.8386 0.3598, -2.8385 -0.8386 0.3513, -2.8723 -0.8386 0.3, -2.8875 -0.8386 0.2941, -2.9101 -0.8386 0.2913, -2.9468 -0.8386 0.4248, -2.9087 -0.8386 0.4248, -2.8883 -0.8386 0.4225, -2.8722 -0.8386 0.4167, -2.8583 -0.8386 0.4071, -2.8535 -0.8386 0.4025, -2.8117 -0.8386 0.2913, -2.8307 -0.8386 0.2913, -2.7297 -0.8386 0.2913, -2.7433 -0.8386 0.3278, -2.7989 -0.8386 0.3278, -2.7799 -0.8386 0.4248, -2.7615 -0.8386 0.4248, -3.4133 -0.8386 0.5031, -3.4133 -0.8386 0.6365, -3.343 -0.8386 0.5031, -3.0089 -0.8386 0.5473, -3.0155 -0.8386 0.5335, -3.0254 -0.8386 0.5217, -3.0394 -0.8386 0.5117, -3.0124 -0.8386 0.6025, -3.0074 -0.8386 0.5898, -3.0052 -0.8386 0.5715, -3.0056 -0.8386 0.563, -3.0758 -0.8386 0.6365, -3.0554 -0.8386 0.6343, -3.0393 -0.8386 0.6284, -3.0546 -0.8386 0.5058, -3.0772 -0.8386 0.5031, -3.1139 -0.8386 0.5031, -3.1139 -0.8386 0.6365, -3.0254 -0.8386 0.6188, -3.0206 -0.8386 0.6142, -2.7106 -0.8386 0.2913, -1.001 -0.8386 0.4628, -1.001 -0.8386 0.5019, 0.7087 -0.8386 0.6376, 0.7087 -0.8386 0.5019, 0.7087 -0.8386 0.4628, 0.7087 -0.8386 0.2902, 0.7087 -0.8386 0.2374, 0.7087 -0.8386 0.0394, -3.2785 -0.8386 0.6376, -3.3315 -0.8386 4.2913, -3.3395 -0.8386 4.2913, -3.0015 -0.8386 4.2913, -3.1265 -0.8386 4.2913, -3.1576 -0.8386 4.2913, -3.2186 -0.8386 4.2913, -3.2433 -0.8386 4.2913, -3.2692 -0.8386 0.6388
            ]
        }
        coordIndex [
            0,1,2,-1,2,1,3,-1,4,1,5,-1,5,1,0,-1,6,7,8,-1,8,7,9,-1,10,11,12,-1,11,10,13,-1,13,10,14,-1,13,14,15,-1,15,14,16,-1,15,16,17,-1,17,16,18,-1,17,18,19,-1,20,21,12,-1,12,21,19,-1,12,19,10,-1,10,19,18,-1,7,22,9,-1,9,22,23,-1,4,22,24,-1,24,22,25,-1,24,25,20,-1,20,25,21,-1,26,27,28,-1,29,30,31,-1,5,32,4,-1,4,32,33,-1,29,31,34,-1,30,35,31,-1,31,35,36,-1,31,36,37,-1,33,38,4,-1,4,38,31,-1,4,31,22,-1,22,31,37,-1,22,37,23,-1,27,39,28,-1,28,39,40,-1,28,40,41,-1,40,42,43,-1,26,28,31,-1,31,28,44,-1,31,44,34,-1,43,45,40,-1,40,45,46,-1,40,46,41,-1,1,4,3,-1,3,4,24,-1,22,7,25,-1,25,7,6,-1,47,48,49,-1,50,51,52,-1,53,50,54,-1,55,56,57,-1,58,59,60,-1,61,62,63,-1,64,65,66,-1,67,68,69,-1,70,71,72,-1,72,71,73,-1,74,75,72,-1,72,75,76,-1,72,76,77,-1,77,78,72,-1,72,78,79,-1,72,79,70,-1,80,81,82,-1,82,81,83,-1,83,81,84,-1,83,84,85,-1,86,87,88,-1,89,90,86,-1,86,90,91,-1,86,91,92,-1,80,82,93,-1,93,82,86,-1,93,86,94,-1,94,86,88,-1,94,88,95,-1,95,88,96,-1,95,96,97,-1,92,98,86,-1,86,98,99,-1,86,99,87,-1,100,101,102,-1,102,101,103,-1,102,103,104,-1,104,105,102,-1,102,105,106,-1,102,106,107,-1,107,106,108,-1,108,109,107,-1,107,109,110,-1,107,110,89,-1,89,110,111,-1,89,111,90,-1,112,113,114,-1,114,113,115,-1,114,115,102,-1,102,115,116,-1,102,116,100,-1,117,118,119,-1,119,118,120,-1,119,120,121,-1,121,120,122,-1,122,123,121,-1,121,123,124,-1,121,124,114,-1,114,124,125,-1,114,125,112,-1,126,127,117,-1,117,127,128,-1,117,128,129,-1,129,130,117,-1,117,130,131,-1,117,131,118,-1,132,133,134,-1,135,136,137,-1,138,139,126,-1,140,141,142,-1,142,141,143,-1,135,137,144,-1,138,126,145,-1,146,147,141,-1,141,147,148,-1,141,148,149,-1,134,133,126,-1,126,133,150,-1,126,150,145,-1,136,151,137,-1,137,151,152,-1,137,152,153,-1,154,155,156,-1,156,155,157,-1,156,157,158,-1,159,149,160,-1,160,149,161,-1,160,161,156,-1,156,161,162,-1,156,162,154,-1,159,163,149,-1,149,163,164,-1,149,164,141,-1,141,164,165,-1,141,165,143,-1,166,167,168,-1,168,167,169,-1,168,169,137,-1,137,169,170,-1,137,170,144,-1,171,172,137,-1,137,172,173,-1,137,173,141,-1,141,173,174,-1,141,174,146,-1,175,176,127,-1,127,176,177,-1,127,177,178,-1,178,179,127,-1,127,179,180,-1,127,180,181,-1,181,180,166,-1,181,166,182,-1,182,166,168,-1,139,183,126,-1,126,183,184,-1,126,184,127,-1,127,184,185,-1,127,185,175,-1,153,186,137,-1,137,186,187,-1,137,187,188,-1,188,189,137,-1,137,189,190,-1,137,190,171,-1,191,192,193,-1,193,149,191,-1,191,149,148,-1,191,148,194,-1,194,148,195,-1,195,196,194,-1,194,196,197,-1,194,197,198,-1,199,200,201,-1,200,202,201,-1,201,202,203,-1,201,203,204,-1,205,201,206,-1,192,191,205,-1,205,191,207,-1,205,207,201,-1,201,207,208,-1,201,208,199,-1,206,209,205,-1,205,209,210,-1,205,210,211,-1,204,203,212,-1,212,203,213,-1,212,213,214,-1,214,213,215,-1,214,215,216,-1,217,218,211,-1,211,218,219,-1,211,219,205,-1,71,220,73,-1,73,220,221,-1,73,221,134,-1,134,221,222,-1,134,222,132,-1,223,224,225,-1,69,68,226,-1,226,68,227,-1,226,227,228,-1,229,230,231,-1,231,230,232,-1,231,232,233,-1,233,232,223,-1,233,223,234,-1,235,236,237,-1,237,236,238,-1,237,238,228,-1,225,224,239,-1,239,224,240,-1,239,240,241,-1,242,243,244,-1,245,246,247,-1,247,246,248,-1,247,248,249,-1,249,248,242,-1,249,242,250,-1,250,242,244,-1,251,252,253,-1,254,255,256,-1,257,258,251,-1,258,259,251,-1,251,259,260,-1,251,260,252,-1,252,260,261,-1,254,256,251,-1,251,256,262,-1,251,262,257,-1,263,264,265,-1,265,264,266,-1,265,266,253,-1,253,266,267,-1,253,267,251,-1,268,269,66,-1,270,271,272,-1,273,274,66,-1,66,274,275,-1,261,276,252,-1,252,276,277,-1,252,277,272,-1,272,277,278,-1,272,278,270,-1,271,279,272,-1,272,279,280,-1,272,280,281,-1,281,280,282,-1,281,282,268,-1,283,284,269,-1,269,284,285,-1,269,285,66,-1,66,285,286,-1,66,286,273,-1,275,287,66,-1,66,287,288,-1,66,288,64,-1,289,290,291,-1,291,290,292,-1,291,292,293,-1,291,294,289,-1,289,294,295,-1,289,295,296,-1,296,297,289,-1,289,297,298,-1,289,298,299,-1,299,298,300,-1,299,300,301,-1,301,300,302,-1,301,302,269,-1,269,302,303,-1,269,303,283,-1,304,305,293,-1,293,305,306,-1,293,306,291,-1,307,308,255,-1,255,308,309,-1,255,309,256,-1,307,310,308,-1,308,310,311,-1,308,311,312,-1,312,311,313,-1,312,314,315,-1,313,316,312,-1,312,316,317,-1,312,317,318,-1,318,319,312,-1,312,319,320,-1,312,320,314,-1,315,321,312,-1,312,321,322,-1,312,322,323,-1,324,325,326,-1,326,325,327,-1,326,327,328,-1,325,329,327,-1,327,329,330,-1,327,330,331,-1,331,330,332,-1,331,332,333,-1,333,332,334,-1,333,334,335,-1,335,334,336,-1,335,336,337,-1,338,339,340,-1,340,339,341,-1,342,343,344,-1,344,343,345,-1,344,345,346,-1,346,345,347,-1,346,347,348,-1,348,347,349,-1,348,349,350,-1,350,349,351,-1,350,351,352,-1,352,351,353,-1,354,355,356,-1,340,349,338,-1,338,349,347,-1,338,347,357,-1,357,347,358,-1,357,358,356,-1,356,358,359,-1,356,359,354,-1,341,339,360,-1,360,339,361,-1,360,361,354,-1,362,335,363,-1,363,335,337,-1,363,337,328,-1,328,337,364,-1,328,364,326,-1,365,366,367,-1,368,369,370,-1,368,370,371,-1,354,361,355,-1,355,361,372,-1,355,372,373,-1,373,372,374,-1,373,374,370,-1,370,374,375,-1,370,375,371,-1,369,376,370,-1,370,376,377,-1,370,377,378,-1,378,379,370,-1,370,379,380,-1,370,380,381,-1,381,382,370,-1,370,382,383,-1,370,383,384,-1,384,383,385,-1,385,383,386,-1,386,383,387,-1,386,387,388,-1,388,389,386,-1,386,389,390,-1,386,390,391,-1,391,390,392,-1,393,394,395,-1,395,394,396,-1,395,396,361,-1,361,396,397,-1,361,397,372,-1,398,399,400,-1,400,401,398,-1,398,401,402,-1,398,402,403,-1,404,405,398,-1,398,405,406,-1,398,406,399,-1,59,407,408,-1,408,407,409,-1,408,409,404,-1,404,409,410,-1,404,410,405,-1,60,411,412,-1,412,413,60,-1,60,413,414,-1,60,414,58,-1,411,60,415,-1,415,60,416,-1,415,416,417,-1,417,416,418,-1,418,416,252,-1,418,252,419,-1,373,420,355,-1,355,420,421,-1,355,421,422,-1,422,421,423,-1,422,423,424,-1,425,426,427,-1,427,426,428,-1,429,430,431,-1,432,433,252,-1,425,434,426,-1,426,434,435,-1,426,435,436,-1,436,435,437,-1,438,439,437,-1,437,439,440,-1,437,440,436,-1,441,442,429,-1,429,442,443,-1,429,443,430,-1,433,444,252,-1,252,444,445,-1,252,445,446,-1,447,448,449,-1,449,448,450,-1,449,450,451,-1,452,453,416,-1,416,453,454,-1,416,454,252,-1,252,454,455,-1,252,455,432,-1,431,456,429,-1,429,456,457,-1,429,457,416,-1,416,457,428,-1,416,428,452,-1,452,428,426,-1,458,459,437,-1,437,459,460,-1,437,460,461,-1,446,462,252,-1,252,462,463,-1,252,463,253,-1,253,463,464,-1,253,464,449,-1,461,465,437,-1,437,465,466,-1,437,466,438,-1,467,468,469,-1,469,468,470,-1,468,471,470,-1,470,471,472,-1,470,472,429,-1,429,472,473,-1,429,473,441,-1,57,474,66,-1,66,474,475,-1,268,66,281,-1,281,66,475,-1,281,475,246,-1,246,475,476,-1,246,476,248,-1,477,474,478,-1,478,474,57,-1,478,57,479,-1,479,57,56,-1,480,481,482,-1,483,484,65,-1,65,484,480,-1,65,480,66,-1,66,480,482,-1,66,482,57,-1,57,482,485,-1,57,485,486,-1,487,488,489,-1,489,488,490,-1,489,490,480,-1,480,490,491,-1,480,491,481,-1,486,492,57,-1,57,492,493,-1,57,493,55,-1,494,495,496,-1,494,496,497,-1,495,498,496,-1,496,498,499,-1,496,499,489,-1,489,499,500,-1,489,500,487,-1,53,501,502,-1,502,501,496,-1,502,496,503,-1,503,496,489,-1,503,489,504,-1,504,489,480,-1,504,480,505,-1,505,480,484,-1,505,484,506,-1,506,484,469,-1,506,469,507,-1,507,469,470,-1,483,263,484,-1,484,263,265,-1,484,265,469,-1,469,265,253,-1,469,253,467,-1,467,253,449,-1,467,449,508,-1,508,449,451,-1,501,225,496,-1,496,225,239,-1,496,239,497,-1,497,239,241,-1,497,241,245,-1,245,241,67,-1,245,67,246,-1,246,67,69,-1,50,52,54,-1,54,52,509,-1,54,509,510,-1,511,134,512,-1,512,134,126,-1,512,126,513,-1,513,126,117,-1,513,117,514,-1,514,117,119,-1,514,119,515,-1,511,516,517,-1,516,518,517,-1,517,518,519,-1,517,519,513,-1,513,519,520,-1,513,520,512,-1,521,522,523,-1,523,522,519,-1,523,519,524,-1,524,519,518,-1,524,518,525,-1,525,518,526,-1,238,234,228,-1,228,234,223,-1,228,223,226,-1,226,223,225,-1,226,225,527,-1,528,529,510,-1,510,529,530,-1,531,532,533,-1,533,532,534,-1,533,534,510,-1,510,534,535,-1,510,535,528,-1,530,536,510,-1,510,536,537,-1,510,537,538,-1,53,54,501,-1,501,54,510,-1,501,510,225,-1,225,510,538,-1,225,538,527,-1,527,539,226,-1,226,539,540,-1,226,540,533,-1,533,540,541,-1,533,541,542,-1,542,543,533,-1,533,543,544,-1,533,544,531,-1,545,546,510,-1,547,548,549,-1,510,546,533,-1,533,546,550,-1,533,550,551,-1,59,408,60,-1,60,408,517,-1,60,517,416,-1,416,517,513,-1,416,513,429,-1,429,513,514,-1,429,514,470,-1,470,514,515,-1,470,515,507,-1,533,328,226,-1,226,328,327,-1,226,327,69,-1,69,327,331,-1,69,331,246,-1,246,331,357,-1,246,357,281,-1,281,357,356,-1,281,356,272,-1,272,356,355,-1,272,355,252,-1,252,355,422,-1,252,422,419,-1,419,422,424,-1,511,517,134,-1,134,517,408,-1,134,408,73,-1,73,408,552,-1,73,552,72,-1,552,553,72,-1,72,553,47,-1,72,47,404,-1,404,47,49,-1,404,49,408,-1,408,49,554,-1,408,554,552,-1,555,556,331,-1,331,556,557,-1,331,557,558,-1,559,560,333,-1,333,560,561,-1,333,561,331,-1,331,561,562,-1,331,562,555,-1,338,563,333,-1,333,563,564,-1,333,564,565,-1,558,566,331,-1,331,566,567,-1,331,567,357,-1,357,567,568,-1,357,568,338,-1,338,568,569,-1,338,569,563,-1,565,570,333,-1,333,570,571,-1,333,571,559,-1,549,545,547,-1,547,545,510,-1,547,510,572,-1,572,510,509,-1,572,509,551,-1,551,509,573,-1,551,573,533,-1,533,573,574,-1,533,574,328,-1,328,574,367,-1,328,367,363,-1,363,367,366,-1,363,366,362,-1,365,367,575,-1,575,367,574,-1,575,574,576,-1,576,574,573,-1,576,573,577,-1,577,573,509,-1,577,509,578,-1,578,509,52,-1,578,52,579,-1,579,52,51,-1,579,51,580,-1,403,581,398,-1,398,581,582,-1,398,582,404,-1,404,582,583,-1,404,583,72,-1,72,583,83,-1,72,83,74,-1,74,83,85,-1,362,61,335,-1,335,61,63,-1,335,63,333,-1,333,63,584,-1,333,584,338,-1,338,584,585,-1,338,585,339,-1,339,585,586,-1,339,586,361,-1,361,586,587,-1,361,587,395,-1,395,587,588,-1,395,588,393,-1,393,588,582,-1,393,582,589,-1,589,582,581,-1,
        ]
    }
}
Shape{
    appearance Appearance {
        material  Material 	{
            diffuseColor 0.6666666666666666 0.6980392156862745 0.7686274509803922
            specularColor 0.3333333333333333 0.34901960784313724 0.3843137254901961
            ambientIntensity 0.6967
            transparency 0.0
            shininess 0.5
        }
    }
    geometry IndexedFaceSet {
        ccw TRUE
        solid FALSE
        coord DEF co Coordinate {
            point [
                -1.4919 0.4409 1.5154, -1.4919 0.6449 1.5154, -1.4961 0.6407 1.5166, -1.4919 1.2212 1.5154, -1.4919 1.4252 1.5154, -1.4961 1.2255 1.5166, -2.4597 1.4252 1.787, -2.4597 0.4409 1.787, -1.2645 1.3951 1.3665, -1.2737 1.4252 1.378, -1.3179 1.4252 1.4219, -1.2737 0.4409 1.378, -1.2645 0.4711 1.3665, -1.3179 0.4409 1.4219, -1.2503 0.5173 1.349, -1.2107 1.0508 1.285, -1.2195 1.1682 1.3013, -1.2408 0.9775 1.3356, -1.2318 1.26 1.322, -1.2503 1.3488 1.349, -1.2318 0.6062 1.322, -1.2195 0.698 1.3013, -1.2107 0.8153 1.285, -1.208 0.9331 1.2795, -1.4625 0.6812 1.5061, -1.3997 0.4409 1.4783, -1.4394 0.7218 1.4972, -1.4394 1.1443 1.4972, -1.4135 1.0724 1.4854, -1.3997 1.4252 1.4783, -1.3997 0.9967 1.4783, -1.3963 0.9331 1.4764, -1.3997 0.8695 1.4783, -1.4135 0.7937 1.4854, -1.4624 1.1849 1.5061
            ]
        }
        coordIndex [
            0,1,2,-1,3,4,5,-1,5,4,6,-1,5,6,2,-1,2,6,7,-1,2,7,0,-1,8,9,10,-1,11,12,13,-1,13,12,14,-1,13,14,10,-1,15,16,17,-1,17,16,18,-1,17,18,19,-1,8,10,19,-1,19,10,14,-1,19,14,17,-1,17,14,20,-1,17,20,21,-1,21,22,17,-1,17,22,23,-1,17,23,15,-1,1,0,24,-1,24,0,25,-1,24,25,26,-1,27,28,29,-1,29,28,30,-1,29,30,10,-1,10,30,31,-1,10,31,13,-1,13,31,32,-1,13,32,25,-1,25,32,33,-1,25,33,26,-1,4,3,29,-1,29,3,34,-1,29,34,27,-1,
        ]
    }
}
Shape{
    appearance Appearance {
        material  Material 	{
            diffuseColor 0.2235294117647059 0.2235294117647059 0.2235294117647059
            specularColor 0.06666666666666667 0.06666666666666667 0.06666666666666667
            ambientIntensity 0.2235
            transparency 0.0
            shininess 0.5
        }
    }
    geometry IndexedFaceSet {
        ccw TRUE
        solid FALSE
        coord DEF co Coordinate {
            point [
                -4.2126 2.6654 4.3307, -4.2126 -0.7992 4.3307, -2.9528 2.6654 4.3307, -2.9528 -0.7992 4.3307, 0.7087 2.7047 2.5591, 0.7087 2.7047 0.0394, -2.9528 2.7047 2.5591, -4.2126 2.7047 0.0394, -2.9528 2.7047 4.2913, -4.2126 2.7047 4.2913, -4.252 1.3953 1.3659, -4.252 1.6067 1.4712, -4.252 2.6654 0.0394, -4.252 -0.2123 1.9887, -4.252 -0.088 1.788, -4.252 -0.7992 0.0394, -4.252 -0.7992 4.2913, -4.252 -0.341 2.6771, -4.252 -0.341 2.441, -4.252 -0.2976 2.2089, -4.252 0.0711 1.6135, -4.252 0.2595 1.4712, -4.252 0.4708 1.3659, -4.252 1.3953 3.7522, -4.252 1.1682 3.8168, -4.252 2.6654 4.2913, -4.252 0.9331 3.8386, -4.252 0.698 3.8168, -4.252 0.4708 3.7522, -4.252 2.1638 2.9092, -4.252 2.0785 3.1294, -4.252 1.9542 3.3301, -4.252 0.698 1.3013, -4.252 0.9331 1.2795, -4.252 1.1682 1.3013, -4.252 1.7951 1.6135, -4.252 1.9542 1.788, -4.252 2.0785 1.9887, -4.252 1.7951 3.5046, -4.252 1.6067 3.6469, -4.252 0.2595 3.6469, -4.252 0.0711 3.5046, -4.252 -0.088 3.3301, -4.252 -0.2123 3.1294, -4.252 -0.2976 2.9092, -4.252 2.1638 2.2089, -4.252 2.2071 2.441, -4.252 2.2071 2.6771, -3.4799 1.1576 1.2994, -3.477 1.1682 1.3013, -1.2737 0.4409 1.378, 0.0787 0.2595 1.4712, -1.2645 0.4711 1.3665, 0.0787 0.4708 1.3659, -1.2503 0.5173 1.349, -1.4529 0.4537 1.3727, -3.1655 0.4708 1.3659, -1.4628 0.4409 1.378, -3.1474 0.4409 1.378, -3.3613 0.4409 1.378, -1.3636 0.698 1.3013, -3.2631 0.698 1.3013, -3.2222 0.5829 1.3284, -1.443 0.471 1.3663, -1.4123 0.5248 1.3464, -1.3905 0.5828 1.3284, -3.2877 0.815 1.285, -1.35 0.815 1.285, -3.296 0.9331 1.2795, -1.3459 0.9331 1.2795, -1.3501 1.0517 1.285, -3.2877 1.0511 1.285, -1.3636 1.1682 1.3013, -3.2631 1.1682 1.3013, -1.2645 1.3951 1.3665, 0.0787 1.3953 1.3659, -1.2737 1.4252 1.378, 0.0787 1.6067 1.4712, -1.4628 1.4252 1.378, -3.4361 1.2832 1.3284, -3.3773 1.3948 1.3673, -3.3613 1.4252 1.378, -3.1474 1.4252 1.378, -3.47 1.0458 1.2845, -3.4668 0.9331 1.2795, -3.47 0.8204 1.2845, -3.4799 0.7086 1.2994, -3.3794 0.4708 1.3659, -3.4361 0.5829 1.3284, -3.4762 0.6981 1.3018, 0.0787 0.698 1.3013, -1.2195 0.698 1.3013, -1.2318 0.6062 1.322, 0.0787 1.1682 1.3013, -1.2107 1.0508 1.285, 0.0787 0.9331 1.2795, -1.208 0.9331 1.2795, -1.2107 0.8153 1.285, -1.2503 1.3488 1.349, -1.2318 1.26 1.322, -1.2195 1.1682 1.3013, 0.0787 0.0711 1.6135, 0.0787 -0.088 1.788, 0.0787 -0.2123 1.9887, 0.0787 -0.2976 2.2089, 0.0787 -0.341 2.441, 0.0787 -0.341 2.6771, 0.0787 -0.2976 2.9092, 0.0787 -0.2123 3.1294, 0.0787 -0.088 3.3301, 0.0787 0.0711 3.5046, 0.0787 0.2595 3.6469, 0.0787 0.4708 3.7522, 0.0787 0.698 3.8168, 0.0787 0.9331 3.8386, 0.0787 1.1682 3.8168, 0.0787 1.3953 3.7522, 0.0787 1.6067 3.6469, 0.0787 1.7951 3.5046, 0.0787 1.9542 3.3301, 0.0787 2.0785 3.1294, 0.0787 2.1638 2.9092, 0.0787 2.2071 2.6771, 0.0787 2.2071 2.441, 0.0787 2.1638 2.2089, 0.0787 2.0785 1.9887, 0.0787 1.9542 1.788, 0.0787 1.7951 1.6135, -1.453 1.4117 1.3725, -3.1634 1.3948 1.3673, -1.4411 1.3953 1.3659, -3.2222 1.2832 1.3284, -1.4123 1.3413 1.3464, -1.3905 1.2834 1.3284, 0.0787 -0.1496 2.5591, 0.0787 -0.1288 2.7703, 0.0787 -0.0672 2.9734, 0.0787 0.0329 3.1606, 0.0787 0.1675 3.3246, 0.0787 0.3316 3.4593, 0.0787 0.5187 3.5593, 0.0787 0.7218 3.6209, 0.0787 0.9331 3.6417, 0.0787 1.1443 3.6209, 0.0787 1.3474 3.5593, 0.0787 1.5346 3.4593, 0.0787 1.6986 3.3246, 0.0787 1.8333 3.1606, 0.0787 1.9333 2.9734, 0.0787 1.9949 2.7703, 0.0787 2.0157 2.5591, 0.0787 1.9949 2.3478, 0.0787 1.9333 2.1447, 0.0787 1.8333 1.9576, 0.0787 1.6986 1.7935, 0.0787 1.5346 1.6588, 0.0787 1.3474 1.5588, 0.0787 1.1443 1.4972, 0.0787 0.9331 1.4764, 0.0787 0.7218 1.4972, 0.0787 0.5187 1.5588, 0.0787 0.3316 1.6588, 0.0787 0.1675 1.7935, 0.0787 0.0329 1.9576, 0.0787 -0.0672 2.1447, 0.0787 -0.1288 2.3478, -2.9528 -0.7562 2.5591, 0.7087 -0.7562 2.5591, 0.7087 -0.7354 2.8233, -2.9528 -0.7354 2.8233, 0.7087 -0.6736 3.0811, -2.9528 -0.6736 3.0811, 0.7087 -0.5721 3.326, -2.9528 -0.5721 3.326, 0.7087 -0.4336 3.552, -2.9528 -0.4336 3.552, 0.7087 -0.2615 3.7536, -2.9528 -0.2615 3.7536, 0.7087 -0.0599 3.9257, -2.9528 -0.0599 3.9257, 0.7087 0.1661 4.0642, -2.9528 0.1661 4.0642, 0.7087 0.411 4.1657, -2.9528 0.411 4.1657, 0.7087 0.6688 4.2276, -2.9528 0.6688 4.2276, 0.7087 0.9331 4.2484, -2.9528 0.9331 4.2484, 0.7087 1.1973 4.2276, -2.9528 1.1973 4.2276, 0.7087 1.4551 4.1657, -2.9528 1.4551 4.1657, 0.7087 1.7 4.0642, -2.9528 1.7 4.0642, 0.7087 1.926 3.9257, -2.9528 1.926 3.9257, 0.7087 2.1276 3.7536, -2.9528 2.1276 3.7536, 0.7087 2.2997 3.552, -2.9528 2.2997 3.552, 0.7087 2.4383 3.326, -2.9528 2.4383 3.326, 0.7087 2.5397 3.0811, -2.9528 2.5397 3.0811, 0.7087 2.6016 2.8233, -2.9528 2.6016 2.8233, 0.7087 2.6224 2.5591, -2.9528 2.6224 2.5591, -2.9528 -0.8386 2.5591, -2.8344 -0.8386 2.5591, -1.001 -0.8386 2.5591, 0.7087 -0.8386 2.5591, -2.9528 -0.8189 4.3254, -2.9528 -0.8271 4.3192, -2.9528 -0.8386 4.2913, -2.9528 2.6994 4.311, -2.9528 2.6932 4.3192, -2.9528 2.6755 4.3294, -2.9528 2.685 4.3254, -2.9528 -0.8372 4.3015, -2.9528 -0.8333 4.311, -2.9528 -0.8094 4.3294, -2.9528 2.7034 4.3015, 0.7087 2.583 0.0394, 0.7087 1.5433 0.0394, 0.7087 1.5433 0.0, 0.7087 0.3228 0.0, 0.7087 0.3228 0.0394, 0.7087 -0.7992 0.0, 0.7087 -0.7169 0.0394, 0.7087 -0.8094 0.0013, 0.7087 2.583 2.5591, 0.7087 2.7034 0.0292, 0.7087 -0.8386 0.6376, 0.7087 2.6654 0.0, 0.7087 2.6755 0.0013, 0.7087 2.685 0.0053, 0.7087 2.6932 0.0115, 0.7087 2.6994 0.0197, 0.7087 -0.8386 0.5019, 0.7087 -0.8386 0.4628, 0.7087 -0.8386 0.2902, 0.7087 -0.8386 0.2374, 0.7087 2.5627 2.8172, 0.7087 2.5023 3.0689, 0.7087 2.4032 3.3081, 0.7087 2.2679 3.5289, 0.7087 2.0997 3.7257, 0.7087 1.9029 3.8939, 0.7087 1.6821 4.0292, 0.7087 1.4429 4.1282, 0.7087 1.1912 4.1887, 0.7087 0.9331 4.209, 0.7087 0.675 4.1887, 0.7087 0.4232 4.1282, 0.7087 0.184 4.0292, 0.7087 -0.0367 3.8939, 0.7087 -0.2336 3.7257, 0.7087 -0.4018 3.5289, 0.7087 -0.537 3.3081, 0.7087 -0.6361 3.0689, 0.7087 -0.6966 2.8172, 0.7087 -0.7169 2.5591, 0.7087 -0.8386 0.0394, 0.7087 -0.8372 0.0292, 0.7087 -0.8333 0.0197, 0.7087 -0.8271 0.0115, 0.7087 -0.8189 0.0053
            ]
        }
        coordIndex [
            0,1,2,-1,2,1,3,-1,4,5,6,-1,6,5,7,-1,6,7,8,-1,8,7,9,-1,10,11,12,-1,13,14,15,-1,16,17,18,-1,16,18,15,-1,15,18,19,-1,15,19,13,-1,14,20,15,-1,15,20,21,-1,15,21,22,-1,23,24,25,-1,25,24,26,-1,25,26,16,-1,16,26,27,-1,16,27,28,-1,29,30,25,-1,25,30,31,-1,22,32,15,-1,15,32,33,-1,15,33,12,-1,12,33,34,-1,12,34,10,-1,11,35,12,-1,12,35,36,-1,12,36,37,-1,31,38,25,-1,25,38,39,-1,25,39,23,-1,28,40,16,-1,16,40,41,-1,16,41,42,-1,42,43,16,-1,16,43,44,-1,16,44,17,-1,37,45,12,-1,12,45,46,-1,12,46,25,-1,25,46,47,-1,25,47,29,-1,48,49,34,-1,50,51,52,-1,52,51,53,-1,52,53,54,-1,55,56,57,-1,57,56,58,-1,57,58,21,-1,21,58,59,-1,21,59,22,-1,60,61,62,-1,55,63,56,-1,56,63,64,-1,56,64,62,-1,62,64,65,-1,62,65,60,-1,61,60,66,-1,66,60,67,-1,66,67,68,-1,67,69,68,-1,68,69,70,-1,68,70,71,-1,71,70,72,-1,71,72,73,-1,74,75,76,-1,76,75,77,-1,76,77,78,-1,34,49,10,-1,49,79,10,-1,10,79,80,-1,10,80,11,-1,11,80,81,-1,11,81,82,-1,48,34,83,-1,83,34,33,-1,83,33,84,-1,84,33,85,-1,85,33,32,-1,85,32,86,-1,59,87,22,-1,22,87,88,-1,22,88,32,-1,32,88,89,-1,32,89,86,-1,90,91,53,-1,53,91,92,-1,53,92,54,-1,93,94,95,-1,95,94,96,-1,95,96,90,-1,90,96,97,-1,90,97,91,-1,74,98,75,-1,75,98,99,-1,75,99,93,-1,93,99,100,-1,93,100,94,-1,50,57,51,-1,51,57,21,-1,51,21,101,-1,101,21,20,-1,101,20,102,-1,102,20,14,-1,102,14,103,-1,103,14,13,-1,103,13,104,-1,104,13,19,-1,104,19,105,-1,105,19,18,-1,105,18,106,-1,106,18,17,-1,106,17,107,-1,107,17,44,-1,107,44,108,-1,108,44,43,-1,108,43,109,-1,109,43,42,-1,109,42,110,-1,110,42,41,-1,110,41,111,-1,111,41,40,-1,111,40,112,-1,112,40,28,-1,112,28,113,-1,113,28,27,-1,113,27,114,-1,114,27,26,-1,114,26,115,-1,115,26,24,-1,115,24,116,-1,116,24,23,-1,116,23,117,-1,117,23,39,-1,117,39,118,-1,118,39,38,-1,118,38,119,-1,119,38,31,-1,119,31,120,-1,120,31,30,-1,120,30,121,-1,121,30,29,-1,121,29,122,-1,122,29,47,-1,122,47,123,-1,123,47,46,-1,123,46,124,-1,124,46,45,-1,124,45,125,-1,125,45,37,-1,125,37,126,-1,126,37,36,-1,126,36,127,-1,127,36,35,-1,127,35,77,-1,77,35,11,-1,77,11,78,-1,78,11,82,-1,78,82,128,-1,128,82,129,-1,128,129,130,-1,130,129,131,-1,130,131,132,-1,132,131,73,-1,132,73,133,-1,133,73,72,-1,134,106,135,-1,135,106,107,-1,135,107,136,-1,136,107,108,-1,136,108,137,-1,137,108,109,-1,137,109,138,-1,138,109,110,-1,138,110,139,-1,139,110,111,-1,139,111,140,-1,140,111,112,-1,140,112,141,-1,141,112,113,-1,141,113,142,-1,142,113,114,-1,142,114,143,-1,143,114,115,-1,143,115,144,-1,144,115,116,-1,144,116,145,-1,145,116,117,-1,145,117,146,-1,146,117,118,-1,146,118,147,-1,147,118,119,-1,147,119,148,-1,148,119,120,-1,148,120,149,-1,149,120,121,-1,149,121,150,-1,121,122,150,-1,150,122,123,-1,150,123,151,-1,151,123,124,-1,151,124,152,-1,152,124,125,-1,152,125,153,-1,153,125,126,-1,153,126,154,-1,154,126,127,-1,154,127,155,-1,155,127,77,-1,155,77,156,-1,156,77,75,-1,156,75,157,-1,157,75,93,-1,157,93,158,-1,158,93,95,-1,158,95,159,-1,159,95,90,-1,159,90,160,-1,160,90,53,-1,160,53,161,-1,161,53,51,-1,161,51,162,-1,162,51,101,-1,162,101,163,-1,163,101,102,-1,163,102,164,-1,164,102,103,-1,164,103,165,-1,165,103,104,-1,165,104,134,-1,134,104,105,-1,134,105,106,-1,166,167,168,-1,166,168,169,-1,169,168,170,-1,169,170,171,-1,171,170,172,-1,171,172,173,-1,173,172,174,-1,173,174,175,-1,175,174,176,-1,175,176,177,-1,177,176,178,-1,177,178,179,-1,179,178,180,-1,179,180,181,-1,181,180,182,-1,181,182,183,-1,183,182,184,-1,183,184,185,-1,185,184,186,-1,185,186,187,-1,187,186,188,-1,187,188,189,-1,189,188,190,-1,189,190,191,-1,191,190,192,-1,191,192,193,-1,193,192,194,-1,193,194,195,-1,195,194,196,-1,195,196,197,-1,197,196,198,-1,197,198,199,-1,199,198,200,-1,199,200,201,-1,201,200,202,-1,201,202,203,-1,203,202,204,-1,203,204,205,-1,205,204,206,-1,205,206,207,-1,208,209,166,-1,166,209,210,-1,166,210,167,-1,167,210,211,-1,4,6,206,-1,206,6,207,-1,199,201,8,-1,212,213,177,-1,179,181,3,-1,3,181,183,-1,171,214,169,-1,169,214,208,-1,169,208,166,-1,215,216,197,-1,207,6,205,-1,205,6,8,-1,205,8,203,-1,203,8,201,-1,183,185,3,-1,3,185,187,-1,3,187,2,-1,2,187,189,-1,2,189,191,-1,191,193,2,-1,2,193,195,-1,2,195,217,-1,217,195,197,-1,217,197,218,-1,218,197,216,-1,171,173,214,-1,214,173,175,-1,214,175,219,-1,219,175,177,-1,219,177,220,-1,220,177,213,-1,179,3,177,-1,177,3,221,-1,177,221,212,-1,199,8,197,-1,197,8,222,-1,197,222,215,-1,223,224,225,-1,226,227,228,-1,228,227,229,-1,228,229,230,-1,231,223,206,-1,4,206,5,-1,5,206,223,-1,5,223,232,-1,167,211,233,-1,225,234,223,-1,223,234,235,-1,223,235,236,-1,236,237,223,-1,223,237,238,-1,223,238,232,-1,239,240,229,-1,229,240,241,-1,229,241,242,-1,231,206,243,-1,243,206,204,-1,243,204,244,-1,244,204,202,-1,244,202,245,-1,245,202,200,-1,245,200,246,-1,246,200,198,-1,246,198,247,-1,247,198,196,-1,247,196,248,-1,248,196,194,-1,248,194,249,-1,249,194,192,-1,249,192,250,-1,250,192,190,-1,250,190,251,-1,251,190,188,-1,251,188,252,-1,252,188,186,-1,252,186,253,-1,253,186,184,-1,253,184,254,-1,254,184,182,-1,254,182,255,-1,255,182,180,-1,255,180,256,-1,256,180,178,-1,256,178,257,-1,257,178,176,-1,257,176,258,-1,258,176,174,-1,258,174,259,-1,259,174,172,-1,259,172,260,-1,260,172,170,-1,260,170,261,-1,261,170,168,-1,261,168,262,-1,262,168,167,-1,262,167,229,-1,229,167,233,-1,229,233,239,-1,242,263,229,-1,229,263,264,-1,229,264,265,-1,265,266,229,-1,229,266,267,-1,229,267,230,-1,
        ]
    }
}
Shape{
    appearance Appearance {
        material  Material 	{
            diffuseColor 0.6666666666666666 0.6980392156862745 0.7686274509803922
            specularColor 0.3333333333333333 0.34901960784313724 0.3843137254901961
            ambientIntensity 0.6967
            transparency 0.0
            shininess 0.5
        }
    }
    geometry IndexedFaceSet {
        ccw TRUE
        solid FALSE
        coord DEF co Coordinate {
            point [
                -2.4597 0.4409 1.787, -2.4597 1.4252 1.787, -2.5553 1.4252 1.803, -2.5553 0.4409 1.803, -2.6522 1.4252 1.7983, -2.6522 0.4409 1.7983, -2.7458 1.4252 1.7731, -2.7458 0.4409 1.7731, -2.832 1.4252 1.7285, -2.832 0.4409 1.7285, -2.7668 0.4409 1.6301, -2.7668 1.4252 1.6301, -2.7031 0.4409 1.663, -2.7031 1.4252 1.663, -2.6339 0.4409 1.6817, -2.6339 1.4252 1.6817, -2.5623 0.4409 1.6851, -2.5623 1.4252 1.6851, -2.4916 0.4409 1.6733, -2.4916 1.4252 1.6733, -1.5238 0.4409 1.4017, -1.5238 1.4252 1.4017, -3.3613 0.4409 1.378, -3.1474 0.4409 1.378, -1.4919 0.4409 1.5154, -1.3997 0.4409 1.4783, -1.4628 0.4409 1.378, -1.3179 0.4409 1.4219, -1.2737 0.4409 1.378, -3.1474 1.4252 1.378, -3.3613 1.4252 1.378, -1.4919 1.4252 1.5154, -1.3997 1.4252 1.4783, -1.4628 1.4252 1.378, -1.3179 1.4252 1.4219, -1.2737 1.4252 1.378, -1.4529 0.4537 1.3727, -1.453 1.4117 1.3725, -1.4411 1.3953 1.3659, -1.4478 0.9414 1.3699, -1.4123 1.3413 1.3464, -1.3905 1.2834 1.3284, -1.4123 0.5248 1.3464, -1.443 0.471 1.3663, -1.3501 1.0517 1.285, -1.3459 0.9331 1.2795, -1.367 0.7579 1.3051, -1.3905 0.5828 1.3284, -1.3636 1.1682 1.3013, -1.35 0.815 1.285, -1.3636 0.698 1.3013, -3.1655 0.4708 1.3659, -3.1634 1.3948 1.3673, -3.2222 1.2832 1.3284, -3.2631 1.1682 1.3013, -3.2222 0.5829 1.3284, -3.2631 0.698 1.3013, -3.2877 0.815 1.285, -3.296 0.9331 1.2795, -3.2877 1.0511 1.285, -3.4668 0.9331 1.2795, -3.47 0.8204 1.2845, -3.47 1.0458 1.2845, -3.4799 0.7086 1.2994, -3.4799 1.1576 1.2994, -3.3794 0.4708 1.3659, -3.4361 0.5829 1.3284, -3.4762 0.6981 1.3018, -3.3773 1.3948 1.3673, -3.4361 1.2832 1.3284, -3.477 1.1682 1.3013, -1.2795 0.9942 -1.1247, -1.2795 0.9528 -1.5748, -1.2795 0.9331 -1.1327, -1.2795 0.9134 -1.5748, -1.2795 0.8719 -1.1247, -1.2795 1.4252 -1.1024, -1.2795 1.4091 -1.2246, -1.2795 1.1376 -1.0146, -1.2795 0.4409 -1.1024, -1.2795 0.7049 -0.9576, -1.2795 0.457 -1.2246, -1.2795 0.7285 -1.0146, -1.2795 0.5042 -1.3386, -1.2795 0.766 -1.0635, -1.2795 0.5793 -1.4364, -1.2795 0.815 -1.1011, -1.2795 0.6772 -1.5115, -1.2795 0.7911 -1.5587, -1.2795 1.0512 -1.1011, -1.2795 1.189 -1.5115, -1.2795 1.075 -1.5587, -1.2795 1.1001 -1.0635, -1.2795 1.3619 -1.3386, -1.2795 1.2868 -1.4364, -1.2795 1.1612 -0.9576, -1.2795 1.1693 -0.8965, -1.2795 1.4252 0.0, -1.2795 1.1612 -0.8354, -1.2795 1.1376 -0.7784, -1.2795 1.1001 -0.7295, -1.2795 1.0512 -0.6919, -1.2795 0.815 -0.6919, -1.2795 0.766 -0.7295, -1.2795 0.4409 0.0, -1.2795 0.9942 -0.6683, -1.2795 0.9331 -0.6603, -1.2795 0.8719 -0.6683, -1.2795 0.7285 -0.7784, -1.2795 0.7049 -0.8354, -1.2795 0.6968 -0.8965, -1.1614 1.4252 0.0, -1.1614 1.1376 -0.7784, -1.1614 1.1612 -0.8354, -1.1614 1.4252 -1.1024, -1.1614 0.4409 0.0, -1.1614 0.7285 -0.7784, -1.1614 0.766 -0.7295, -1.1614 0.9942 -0.6683, -1.1614 1.0512 -0.6919, -1.1614 1.1001 -0.7295, -1.1614 1.1693 -0.8965, -1.1614 1.1612 -0.9576, -1.1614 1.4091 -1.2246, -1.1614 1.1376 -1.0146, -1.1614 1.3619 -1.3386, -1.1614 1.1001 -1.0635, -1.1614 1.2868 -1.4364, -1.1614 1.0512 -1.1011, -1.1614 1.189 -1.5115, -1.1614 0.9942 -1.1247, -1.1614 1.075 -1.5587, -1.1614 0.9528 -1.5748, -1.1614 0.9331 -1.1327, -1.1614 0.9134 -1.5748, -1.1614 0.7911 -1.5587, -1.1614 0.8719 -1.1247, -1.1614 0.6772 -1.5115, -1.1614 0.815 -1.1011, -1.1614 0.5793 -1.4364, -1.1614 0.4409 -1.1024, -1.1614 0.6968 -0.8965, -1.1614 0.7049 -0.8354, -1.1614 0.815 -0.6919, -1.1614 0.8719 -0.6683, -1.1614 0.9331 -0.6603, -1.1614 0.5042 -1.3386, -1.1614 0.766 -1.0635, -1.1614 0.457 -1.2246, -1.1614 0.7285 -1.0146, -1.1614 0.7049 -0.9576
            ]
        }
        coordIndex [
            0,1,2,-1,0,2,3,-1,3,2,4,-1,3,4,5,-1,5,4,6,-1,5,6,7,-1,7,6,8,-1,7,8,9,-1,10,11,12,-1,12,11,13,-1,12,13,14,-1,14,13,15,-1,14,15,16,-1,16,15,17,-1,16,17,18,-1,18,17,19,-1,20,18,21,-1,21,18,19,-1,22,23,9,-1,9,23,10,-1,9,10,7,-1,7,10,12,-1,7,12,5,-1,5,12,14,-1,5,14,3,-1,3,14,16,-1,3,16,0,-1,0,16,18,-1,0,18,24,-1,24,18,20,-1,24,20,25,-1,25,20,26,-1,25,26,27,-1,27,26,28,-1,29,30,11,-1,11,30,8,-1,11,8,13,-1,13,8,6,-1,13,6,15,-1,15,6,4,-1,15,4,17,-1,17,4,2,-1,17,2,19,-1,19,2,1,-1,19,1,21,-1,1,31,21,-1,21,31,32,-1,21,32,33,-1,33,32,34,-1,33,34,35,-1,26,20,36,-1,36,20,21,-1,37,38,39,-1,39,38,40,-1,39,40,41,-1,42,43,39,-1,39,43,36,-1,39,36,37,-1,37,36,21,-1,37,21,33,-1,44,45,46,-1,42,39,47,-1,47,39,41,-1,47,41,46,-1,46,41,48,-1,46,48,44,-1,45,49,46,-1,46,49,50,-1,46,50,47,-1,10,23,51,-1,29,11,52,-1,52,11,10,-1,52,10,53,-1,53,10,54,-1,51,55,10,-1,10,55,56,-1,10,56,57,-1,57,58,10,-1,10,58,59,-1,10,59,54,-1,60,61,62,-1,62,61,63,-1,62,63,64,-1,22,9,65,-1,65,9,8,-1,65,8,66,-1,66,8,67,-1,30,68,8,-1,8,68,69,-1,63,67,64,-1,64,67,8,-1,64,8,70,-1,70,8,69,-1,71,72,73,-1,73,72,74,-1,73,74,75,-1,76,77,78,-1,79,80,81,-1,81,80,82,-1,81,82,83,-1,83,82,84,-1,83,84,85,-1,85,84,86,-1,85,86,87,-1,87,86,75,-1,87,75,88,-1,88,75,74,-1,89,90,71,-1,71,90,91,-1,71,91,72,-1,78,77,92,-1,92,77,93,-1,92,93,89,-1,89,93,94,-1,89,94,90,-1,78,95,76,-1,76,95,96,-1,76,96,97,-1,97,96,98,-1,98,99,97,-1,97,99,100,-1,97,100,101,-1,102,103,104,-1,101,105,97,-1,97,105,106,-1,97,106,104,-1,104,106,107,-1,104,107,102,-1,103,108,104,-1,104,108,109,-1,104,109,79,-1,79,109,110,-1,79,110,80,-1,111,112,113,-1,111,113,114,-1,115,116,117,-1,118,119,111,-1,111,119,120,-1,111,120,112,-1,113,121,114,-1,114,121,122,-1,114,122,123,-1,123,122,124,-1,123,124,125,-1,125,124,126,-1,125,126,127,-1,127,126,128,-1,127,128,129,-1,129,128,130,-1,129,130,131,-1,131,130,132,-1,132,130,133,-1,132,133,134,-1,134,133,135,-1,135,133,136,-1,135,136,137,-1,137,136,138,-1,137,138,139,-1,140,141,115,-1,115,141,142,-1,115,142,116,-1,117,143,115,-1,115,143,144,-1,115,144,111,-1,111,144,145,-1,111,145,118,-1,139,138,146,-1,146,138,147,-1,146,147,148,-1,148,147,149,-1,148,149,140,-1,140,149,150,-1,140,150,141,-1,140,115,79,-1,79,115,104,-1,76,97,114,-1,114,97,111,-1,132,134,72,-1,72,134,74,-1,76,114,123,-1,76,123,77,-1,77,123,125,-1,77,125,93,-1,93,125,127,-1,93,127,94,-1,94,127,129,-1,94,129,90,-1,90,129,131,-1,90,131,91,-1,91,131,132,-1,91,132,72,-1,140,79,81,-1,140,81,148,-1,148,81,83,-1,148,83,146,-1,146,83,85,-1,146,85,139,-1,139,85,87,-1,139,87,137,-1,137,87,88,-1,137,88,135,-1,135,88,74,-1,135,74,134,-1,96,121,98,-1,98,121,113,-1,98,113,99,-1,99,113,112,-1,99,112,100,-1,100,112,120,-1,100,120,101,-1,101,120,119,-1,101,119,105,-1,105,119,118,-1,105,118,106,-1,106,118,145,-1,106,145,107,-1,107,145,144,-1,107,144,102,-1,102,144,143,-1,102,143,103,-1,103,143,117,-1,103,117,108,-1,108,117,116,-1,108,116,109,-1,109,116,142,-1,109,142,110,-1,110,142,141,-1,110,141,80,-1,80,141,150,-1,80,150,82,-1,82,150,149,-1,82,149,84,-1,84,149,147,-1,84,147,86,-1,86,147,138,-1,86,138,75,-1,75,138,136,-1,75,136,73,-1,73,136,133,-1,73,133,71,-1,71,133,130,-1,71,130,89,-1,89,130,128,-1,89,128,92,-1,92,128,126,-1,92,126,78,-1,78,126,124,-1,78,124,95,-1,95,124,122,-1,95,122,96,-1,96,122,121,-1,
        ]
    }
}
Shape{
    appearance Appearance {
        material  Material 	{
            diffuseColor 0.2980392156862745 0.2980392156862745 0.2980392156862745
            specularColor 0.09019607843137255 0.09019607843137255 0.09019607843137255
            ambientIntensity 0.298
            transparency 0.0
            shininess 0.5
        }
    }
    geometry IndexedFaceSet {
        ccw TRUE
        solid FALSE
        coord DEF co Coordinate {
            point [
                -4.2126 2.6654 4.3307, -2.9528 2.6654 4.3307, -2.9528 2.6755 4.3294, -4.2126 2.6755 4.3294, -2.9528 2.685 4.3254, -4.2126 2.685 4.3254, -2.9528 2.6932 4.3192, -4.2126 2.6932 4.3192, -2.9528 2.6994 4.311, -4.2126 2.6994 4.311, -2.9528 2.7034 4.3015, -4.2126 2.7034 4.3015, -2.9528 2.7047 4.2913, -4.2126 2.7047 4.2913, -4.2213 2.7036 4.2913, -4.2228 2.7034 4.2913, -4.2224 2.7021 4.3015, -4.2296 2.7006 4.2913, -4.2323 2.6994 4.2913, -4.2316 2.6983 4.3015, -4.2369 2.6959 4.2913, -4.2404 2.6932 4.2913, -4.2395 2.6922 4.3015, -4.2431 2.6897 4.2913, -4.2467 2.685 4.2913, -4.2455 2.6844 4.3015, -4.2478 2.6823 4.2913, -4.2506 2.6755 4.2913, -4.2493 2.6752 4.3015, -4.2508 2.6741 4.2913, -4.252 2.6654 4.2913, -4.2506 2.6654 4.3015, -4.2455 2.6742 4.311, -4.2467 2.6654 4.311, -4.2395 2.6726 4.3192, -4.2404 2.6654 4.3192, -4.2316 2.6704 4.3254, -4.2323 2.6654 4.3254, -4.2224 2.668 4.3294, -4.2228 2.6654 4.3294, -4.2421 2.6824 4.311, -4.2367 2.6793 4.3192, -4.2296 2.6752 4.3254, -4.2214 2.6704 4.3294, -4.2367 2.6895 4.311, -4.2323 2.685 4.3192, -4.2265 2.6793 4.3254, -4.2198 2.6726 4.3294, -4.2296 2.6949 4.311, -4.2265 2.6895 4.3192, -4.2224 2.6824 4.3254, -4.2177 2.6742 4.3294, -4.2214 2.6983 4.311, -4.2198 2.6922 4.3192, -4.2177 2.6844 4.3254, -4.2152 2.6752 4.3294, 0.7087 2.6654 0.0, -4.2126 2.6654 0.0, -4.2126 2.6755 0.0013, 0.7087 2.6755 0.0013, -4.2126 2.685 0.0053, 0.7087 2.685 0.0053, -4.2126 2.6932 0.0115, 0.7087 2.6932 0.0115, -4.2126 2.6994 0.0197, 0.7087 2.6994 0.0197, -4.2126 2.7034 0.0292, 0.7087 2.7034 0.0292, -4.2126 2.7047 0.0394, 0.7087 2.7047 0.0394, -4.2213 2.7036 0.0394, -4.2228 2.7034 0.0394, -4.2296 2.7006 0.0394, -4.2323 2.6994 0.0394, -4.2369 2.6959 0.0394, -4.2404 2.6932 0.0394, -4.2431 2.6897 0.0394, -4.2467 2.685 0.0394, -4.2478 2.6823 0.0394, -4.2506 2.6755 0.0394, -4.2508 2.6741 0.0394, -4.252 2.6654 0.0394, -4.2126 -0.7992 4.3307, -4.2228 -0.7992 4.3294, -4.2323 -0.7992 4.3254, -4.2404 -0.7992 4.3192, -4.2467 -0.7992 4.311, -4.2506 -0.7992 4.3015, -4.252 -0.7992 4.2913, -2.9528 -0.7992 4.3307, -4.2126 -0.8094 4.3294, -2.9528 -0.8094 4.3294, -4.2126 -0.8189 4.3254, -2.9528 -0.8189 4.3254, -4.2126 -0.8271 4.3192, -2.9528 -0.8271 4.3192, -4.2126 -0.8333 4.311, -2.9528 -0.8333 4.311, -4.2126 -0.8372 4.3015, -2.9528 -0.8372 4.3015, -4.2126 -0.8386 4.2913, -3.468 -0.8386 4.2913, -3.3315 -0.8386 4.2913, -3.2433 -0.8386 4.2913, -3.3395 -0.8386 4.2913, -3.2186 -0.8386 4.2913, -3.1576 -0.8386 4.2913, -3.1265 -0.8386 4.2913, -3.0015 -0.8386 4.2913, -2.9594 -0.8386 4.2913, -2.9528 -0.8386 4.2913, -4.2214 2.6704 0.0013, -4.2198 2.6726 0.0013, -4.2296 2.6654 0.0042, -4.2323 2.6654 0.0053, -4.2316 2.6704 0.0053, -4.2369 2.6654 0.0089, -4.2404 2.6654 0.0115, -4.2395 2.6726 0.0115, -4.2421 2.6824 0.0197, -4.2455 2.6844 0.0292, -4.2395 2.6922 0.0292, -4.2493 2.6752 0.0292, -4.2508 2.6654 0.0306, -4.2506 2.6654 0.0292, -4.2316 2.6983 0.0292, -4.2224 2.7021 0.0292, -4.2478 2.6654 0.0224, -4.2455 2.6742 0.0197, -4.2467 2.6654 0.0197, -4.2214 2.6983 0.0197, -4.2431 2.6654 0.015, -4.2198 2.6922 0.0115, -4.2265 2.6895 0.0115, -4.2367 2.6793 0.0115, -4.2367 2.6895 0.0197, -4.2224 2.6824 0.0053, -4.2265 2.6793 0.0053, -4.2296 2.6949 0.0197, -4.2323 2.685 0.0115, -4.2296 2.6752 0.0053, -4.2224 2.668 0.0013, -4.2177 2.6742 0.0013, -4.2177 2.6844 0.0053, -4.2152 2.6752 0.0013, -4.2213 2.6654 0.0012, -4.2228 2.6654 0.0013, -4.2508 -0.808 4.2913, -4.2506 -0.8094 4.2913, -4.2493 -0.8091 4.3015, -4.2478 -0.8162 4.2913, -4.2467 -0.8189 4.2913, -4.2455 -0.8182 4.3015, -4.2431 -0.8236 4.2913, -4.2404 -0.8271 4.2913, -4.2395 -0.8261 4.3015, -4.2369 -0.8297 4.2913, -4.2323 -0.8333 4.2913, -4.2316 -0.8321 4.3015, -4.2296 -0.8344 4.2913, -4.2228 -0.8372 4.2913, -4.2224 -0.8359 4.3015, -4.2213 -0.8374 4.2913, -4.2214 -0.8321 4.311, -4.2198 -0.8261 4.3192, -4.2177 -0.8182 4.3254, -4.2152 -0.8091 4.3294, -4.2296 -0.8287 4.311, -4.2265 -0.8233 4.3192, -4.2224 -0.8163 4.3254, -4.2177 -0.808 4.3294, -4.2367 -0.8233 4.311, -4.2323 -0.8189 4.3192, -4.2265 -0.8131 4.3254, -4.2198 -0.8064 4.3294, -4.2421 -0.8163 4.311, -4.2367 -0.8131 4.3192, -4.2296 -0.8091 4.3254, -4.2214 -0.8043 4.3294, -4.2455 -0.808 4.311, -4.2395 -0.8064 4.3192, -4.2316 -0.8043 4.3254, -4.2224 -0.8019 4.3294, -4.2126 -0.7992 0.0, -4.2213 -0.7992 0.0012, -4.2228 -0.7992 0.0013, -4.2296 -0.7992 0.0042, -4.2323 -0.7992 0.0053, -4.2369 -0.7992 0.0089, -4.2404 -0.7992 0.0115, -4.2431 -0.7992 0.015, -4.2467 -0.7992 0.0197, -4.2478 -0.7992 0.0224, -4.2506 -0.7992 0.0292, -4.2508 -0.7992 0.0306, -4.252 -0.7992 0.0394, -4.251 -0.808 0.0394, -4.2481 -0.8163 0.0394, -4.2434 -0.8238 0.0394, -4.2371 -0.83 0.0394, -4.2297 -0.8347 0.0394, -4.2214 -0.8376 0.0394, -4.2126 -0.8386 0.0394, -4.2126 -0.8386 0.2374, -4.2126 -0.8386 0.6376, -4.2126 -0.8386 0.2902, -4.2126 -0.8386 0.4628, -4.2126 -0.8386 0.5019, -4.2225 -0.8015 0.0013, -4.2497 -0.8077 0.0292, -4.2458 -0.8068 0.0197, -4.2397 -0.8054 0.0115, -4.2318 -0.8036 0.0053, -4.2126 -0.8372 0.0292, -4.2211 -0.8363 0.0292, -4.2126 -0.8333 0.0197, -4.2202 -0.8325 0.0197, -4.2126 -0.8271 0.0115, -4.2188 -0.8264 0.0115, -4.2126 -0.8189 0.0053, -4.217 -0.8184 0.0053, -4.2126 -0.8094 0.0013, -4.2149 -0.8092 0.0013, -4.2291 -0.8335 0.0292, -4.2363 -0.8289 0.0292, -4.2274 -0.8299 0.0197, -4.2339 -0.8259 0.0197, -4.2247 -0.8243 0.0115, -4.23 -0.821 0.0115, -4.2211 -0.817 0.0053, -4.2249 -0.8146 0.0053, -4.217 -0.8084 0.0013, -4.2189 -0.8072 0.0013, -4.2423 -0.8229 0.0292, -4.2392 -0.8205 0.0197, -4.2344 -0.8166 0.0115, -4.228 -0.8115 0.0053, -4.2206 -0.8056 0.0013, -4.2469 -0.8157 0.0292, -4.2433 -0.814 0.0197, -4.2377 -0.8113 0.0115, -4.2303 -0.8078 0.0053, -4.2218 -0.8036 0.0013, 0.7087 -0.7992 0.0, 0.7087 -0.8094 0.0013, 0.7087 -0.8189 0.0053, 0.7087 -0.8271 0.0115, 0.7087 -0.8333 0.0197, 0.7087 -0.8372 0.0292, 0.7087 -0.8386 0.0394, -1.001 -0.8386 0.0394, -2.8344 -0.8386 0.0394, -2.9594 -0.8386 0.0394, -3.0015 -0.8386 0.0394, -3.1265 -0.8386 0.0394, -3.1576 -0.8386 0.0394, -3.2186 -0.8386 0.0394, -3.2433 -0.8386 0.0394, -3.3315 -0.8386 0.0394, -3.3395 -0.8386 0.0394, -3.468 -0.8386 0.0394
            ]
        }
        coordIndex [
            0,1,2,-1,0,2,3,-1,3,2,4,-1,3,4,5,-1,5,4,6,-1,5,6,7,-1,7,6,8,-1,7,8,9,-1,9,8,10,-1,9,10,11,-1,11,10,12,-1,11,12,13,-1,14,15,16,-1,17,18,19,-1,20,21,22,-1,23,24,25,-1,26,27,28,-1,29,30,31,-1,27,29,28,-1,28,29,31,-1,28,31,32,-1,32,31,33,-1,32,33,34,-1,34,33,35,-1,34,35,36,-1,36,35,37,-1,36,37,38,-1,38,37,39,-1,38,39,0,-1,24,26,25,-1,25,26,28,-1,25,28,40,-1,40,28,32,-1,40,32,41,-1,41,32,34,-1,41,34,42,-1,42,34,36,-1,42,36,43,-1,43,36,38,-1,43,38,0,-1,21,23,22,-1,22,23,25,-1,22,25,44,-1,44,25,40,-1,44,40,45,-1,45,40,41,-1,45,41,46,-1,46,41,42,-1,46,42,47,-1,47,42,43,-1,47,43,0,-1,18,20,19,-1,19,20,22,-1,19,22,48,-1,48,22,44,-1,48,44,49,-1,49,44,45,-1,49,45,50,-1,50,45,46,-1,50,46,51,-1,51,46,47,-1,51,47,0,-1,15,17,16,-1,16,17,19,-1,16,19,52,-1,52,19,48,-1,52,48,53,-1,53,48,49,-1,53,49,54,-1,54,49,50,-1,54,50,55,-1,55,50,51,-1,55,51,0,-1,13,14,11,-1,11,14,16,-1,11,16,9,-1,9,16,52,-1,9,52,7,-1,7,52,53,-1,7,53,5,-1,5,53,54,-1,5,54,3,-1,3,54,55,-1,3,55,0,-1,56,57,58,-1,56,58,59,-1,59,58,60,-1,59,60,61,-1,61,60,62,-1,61,62,63,-1,63,62,64,-1,63,64,65,-1,65,64,66,-1,65,66,67,-1,67,66,68,-1,67,68,69,-1,68,70,13,-1,13,70,14,-1,14,70,15,-1,15,70,71,-1,15,71,17,-1,17,71,72,-1,17,72,18,-1,18,72,73,-1,18,73,20,-1,20,73,74,-1,20,74,21,-1,21,74,75,-1,21,75,23,-1,23,75,76,-1,23,76,24,-1,24,76,77,-1,24,77,26,-1,26,77,78,-1,26,78,27,-1,27,78,79,-1,27,79,29,-1,79,80,29,-1,29,80,81,-1,29,81,30,-1,82,0,39,-1,82,39,83,-1,83,39,37,-1,83,37,84,-1,84,37,35,-1,84,35,85,-1,85,35,33,-1,85,33,86,-1,86,33,31,-1,86,31,87,-1,87,31,30,-1,87,30,88,-1,89,82,90,-1,89,90,91,-1,91,90,92,-1,91,92,93,-1,93,92,94,-1,93,94,95,-1,95,94,96,-1,95,96,97,-1,97,96,98,-1,97,98,99,-1,98,100,101,-1,102,103,99,-1,98,101,99,-1,99,101,104,-1,99,104,102,-1,103,105,99,-1,99,105,106,-1,99,106,107,-1,107,108,99,-1,99,108,109,-1,99,109,110,-1,111,112,57,-1,113,114,115,-1,116,117,118,-1,119,120,121,-1,70,68,66,-1,80,79,122,-1,81,80,123,-1,123,80,122,-1,123,122,124,-1,78,77,120,-1,120,77,76,-1,120,76,121,-1,121,76,75,-1,121,75,74,-1,125,73,72,-1,72,71,126,-1,126,71,70,-1,124,122,127,-1,127,122,128,-1,127,128,129,-1,79,78,122,-1,122,78,120,-1,122,120,128,-1,128,120,119,-1,128,119,118,-1,66,64,130,-1,118,117,128,-1,128,117,131,-1,128,131,129,-1,130,132,133,-1,114,116,115,-1,115,116,118,-1,115,118,134,-1,134,118,119,-1,134,119,135,-1,135,119,121,-1,135,121,125,-1,125,121,74,-1,125,74,73,-1,133,136,137,-1,72,126,125,-1,125,126,138,-1,125,138,135,-1,135,138,139,-1,135,139,134,-1,134,139,140,-1,134,140,115,-1,115,140,141,-1,115,141,113,-1,112,111,137,-1,137,136,112,-1,112,136,142,-1,112,142,57,-1,133,132,136,-1,136,132,143,-1,136,143,142,-1,142,143,144,-1,142,144,57,-1,130,64,132,-1,132,64,62,-1,132,62,143,-1,143,62,60,-1,143,60,144,-1,144,60,58,-1,144,58,57,-1,57,145,141,-1,141,145,146,-1,141,146,113,-1,70,66,126,-1,126,66,130,-1,126,130,138,-1,138,130,133,-1,138,133,139,-1,139,133,137,-1,139,137,140,-1,140,137,111,-1,140,111,141,-1,141,111,57,-1,147,148,149,-1,150,151,152,-1,153,154,155,-1,156,157,158,-1,159,160,161,-1,162,100,98,-1,160,162,161,-1,161,162,98,-1,161,98,163,-1,163,98,96,-1,163,96,164,-1,164,96,94,-1,164,94,165,-1,165,94,92,-1,165,92,166,-1,166,92,90,-1,166,90,82,-1,157,159,158,-1,158,159,161,-1,158,161,167,-1,167,161,163,-1,167,163,168,-1,168,163,164,-1,168,164,169,-1,169,164,165,-1,169,165,170,-1,170,165,166,-1,170,166,82,-1,154,156,155,-1,155,156,158,-1,155,158,171,-1,171,158,167,-1,171,167,172,-1,172,167,168,-1,172,168,173,-1,173,168,169,-1,173,169,174,-1,174,169,170,-1,174,170,82,-1,151,153,152,-1,152,153,155,-1,152,155,175,-1,175,155,171,-1,175,171,176,-1,176,171,172,-1,176,172,177,-1,177,172,173,-1,177,173,178,-1,178,173,174,-1,178,174,82,-1,148,150,149,-1,149,150,152,-1,149,152,179,-1,179,152,175,-1,179,175,180,-1,180,175,176,-1,180,176,181,-1,181,176,177,-1,181,177,182,-1,182,177,178,-1,182,178,82,-1,88,147,87,-1,87,147,149,-1,87,149,86,-1,86,149,179,-1,86,179,85,-1,85,179,180,-1,85,180,84,-1,84,180,181,-1,84,181,83,-1,83,181,182,-1,83,182,82,-1,183,184,57,-1,57,184,145,-1,145,184,146,-1,146,184,185,-1,146,185,113,-1,113,185,186,-1,113,186,114,-1,114,186,187,-1,114,187,116,-1,116,187,188,-1,116,188,117,-1,117,188,189,-1,117,189,131,-1,131,189,190,-1,131,190,129,-1,129,190,191,-1,129,191,127,-1,127,191,192,-1,127,192,124,-1,124,192,193,-1,124,193,123,-1,193,194,123,-1,123,194,195,-1,123,195,81,-1,195,196,88,-1,88,196,147,-1,147,196,148,-1,148,196,197,-1,148,197,150,-1,150,197,151,-1,151,197,198,-1,151,198,153,-1,199,200,159,-1,159,157,199,-1,199,157,156,-1,199,156,198,-1,198,156,154,-1,198,154,153,-1,201,202,203,-1,204,100,162,-1,203,205,201,-1,201,205,206,-1,201,206,207,-1,207,204,201,-1,201,204,162,-1,201,162,200,-1,200,162,160,-1,200,160,159,-1,184,183,208,-1,195,194,196,-1,196,194,209,-1,194,193,209,-1,209,193,192,-1,209,192,210,-1,192,191,210,-1,210,191,190,-1,210,190,211,-1,190,189,211,-1,211,189,188,-1,211,188,212,-1,202,201,213,-1,213,201,214,-1,213,214,215,-1,215,214,216,-1,215,216,217,-1,217,216,218,-1,217,218,219,-1,219,218,220,-1,219,220,221,-1,221,220,222,-1,221,222,183,-1,200,199,223,-1,223,199,224,-1,223,224,225,-1,225,224,226,-1,225,226,227,-1,227,226,228,-1,227,228,229,-1,229,228,230,-1,229,230,231,-1,231,230,232,-1,231,232,183,-1,199,198,224,-1,224,198,233,-1,224,233,226,-1,226,233,234,-1,226,234,228,-1,228,234,235,-1,228,235,230,-1,230,235,236,-1,230,236,232,-1,232,236,237,-1,232,237,183,-1,201,200,214,-1,214,200,223,-1,214,223,216,-1,216,223,225,-1,216,225,218,-1,218,225,227,-1,218,227,220,-1,220,227,229,-1,220,229,222,-1,222,229,231,-1,222,231,183,-1,197,196,238,-1,238,196,209,-1,238,209,239,-1,239,209,210,-1,239,210,240,-1,240,210,211,-1,240,211,241,-1,241,211,212,-1,241,212,242,-1,242,212,208,-1,242,208,183,-1,188,187,212,-1,212,187,186,-1,212,186,208,-1,208,186,185,-1,208,185,184,-1,198,197,233,-1,233,197,238,-1,233,238,234,-1,234,238,239,-1,234,239,235,-1,235,239,240,-1,235,240,236,-1,236,240,241,-1,236,241,237,-1,237,241,242,-1,237,242,183,-1,183,243,244,-1,183,244,221,-1,221,244,245,-1,221,245,219,-1,219,245,246,-1,219,246,217,-1,217,246,247,-1,217,247,215,-1,215,247,248,-1,215,248,213,-1,248,249,250,-1,248,250,213,-1,213,250,251,-1,213,251,252,-1,252,253,213,-1,213,253,254,-1,213,254,255,-1,255,256,213,-1,213,256,257,-1,213,257,258,-1,258,259,213,-1,213,259,260,-1,213,260,202,-1,
        ]
    }
}
Shape{
    appearance Appearance {
        material  Material 	{
            diffuseColor 0.2235294117647059 0.2235294117647059 0.2235294117647059
            specularColor 0.06666666666666667 0.06666666666666667 0.06666666666666667
            ambientIntensity 0.2235
            transparency 0.0
            shininess 0.5
        }
    }
    geometry IndexedFaceSet {
        ccw TRUE
        solid FALSE
        coord DEF co Coordinate {
            point [
                -1.4961 0.5751 2.3524, -1.4961 -0.0672 2.1447, -1.4961 0.5338 2.4521, -1.4961 -0.1288 2.3478, -1.4961 0.5197 2.5591, -1.4961 -0.1496 2.5591, -1.4961 0.5338 2.6661, -1.4961 1.2255 1.5166, -1.4961 0.6407 1.5166, -1.4961 0.8261 2.1598, -1.4961 0.5187 1.5588, -1.4961 0.7264 2.2011, -1.4961 0.3316 1.6588, -1.4961 0.6408 2.2668, -1.4961 0.1675 1.7935, -1.4961 0.0329 1.9576, -1.4961 0.9331 2.1457, -1.4961 1.0401 2.1598, -1.4961 1.3474 1.5588, -1.4961 1.1398 2.2011, -1.4961 1.3324 2.4521, -1.4961 1.9333 2.1447, -1.4961 1.2911 2.3524, -1.4961 1.8333 1.9576, -1.4961 1.2254 2.2668, -1.4961 1.6986 1.7935, -1.4961 1.5346 1.6588, -1.4961 1.0401 2.9584, -1.4961 1.3474 3.5593, -1.4961 1.1398 2.9171, -1.4961 1.5346 3.4593, -1.4961 1.2254 2.8514, -1.4961 1.6986 3.3246, -1.4961 1.2911 2.7658, -1.4961 0.7264 2.9171, -1.4961 0.5187 3.5593, -1.4961 0.8261 2.9584, -1.4961 0.7218 3.6209, -1.4961 0.9331 2.9724, -1.4961 0.9331 3.6417, -1.4961 1.1443 3.6209, -1.4961 -0.1288 2.7703, -1.4961 -0.0672 2.9734, -1.4961 0.5751 2.7658, -1.4961 0.0329 3.1606, -1.4961 0.6408 2.8514, -1.4961 0.1675 3.3246, -1.4961 0.3316 3.4593, -1.4961 1.8333 3.1606, -1.4961 1.9333 2.9734, -1.4961 1.3324 2.6661, -1.4961 1.9949 2.7703, -1.4961 1.3465 2.5591, -1.4961 2.0157 2.5591, -1.4961 1.9949 2.3478, -1.4135 1.0724 1.4854, -1.4394 1.1443 1.4972, 0.0787 1.1443 1.4972, -1.4919 1.2212 1.5154, 0.0787 1.3474 1.5588, -1.4624 1.1849 1.5061, -1.4394 0.7218 1.4972, -1.4135 0.7937 1.4854, 0.0787 0.7218 1.4972, -1.3997 0.8695 1.4783, 0.0787 0.9331 1.4764, -1.3963 0.9331 1.4764, -1.3997 0.9967 1.4783, -1.4625 0.6812 1.5061, 0.0787 0.5187 1.5588, -1.4919 0.6449 1.5154, 0.0787 1.5346 1.6588, 0.0787 1.6986 1.7935, 0.0787 1.8333 1.9576, 0.0787 1.9333 2.1447, 0.0787 1.9949 2.3478, 0.0787 2.0157 2.5591, 0.0787 1.9949 2.7703, 0.0787 1.9333 2.9734, 0.0787 1.8333 3.1606, 0.0787 1.6986 3.3246, 0.0787 1.5346 3.4593, 0.0787 1.3474 3.5593, 0.0787 1.1443 3.6209, 0.0787 0.9331 3.6417, 0.0787 0.7218 3.6209, 0.0787 0.5187 3.5593, 0.0787 0.3316 3.4593, 0.0787 0.1675 3.3246, 0.0787 0.0329 3.1606, 0.0787 -0.0672 2.9734, 0.0787 -0.1288 2.7703, 0.0787 -0.1496 2.5591, 0.0787 -0.1288 2.3478, 0.0787 -0.0672 2.1447, 0.0787 0.0329 1.9576, 0.0787 0.1675 1.7935, 0.0787 0.3316 1.6588
            ]
        }
        coordIndex [
            0,1,2,-1,2,1,3,-1,2,3,4,-1,4,3,5,-1,4,5,6,-1,7,8,9,-1,9,8,10,-1,9,10,11,-1,11,10,12,-1,11,12,13,-1,13,12,14,-1,13,14,0,-1,0,14,15,-1,0,15,1,-1,9,16,7,-1,7,16,17,-1,7,17,18,-1,18,17,19,-1,20,21,22,-1,22,21,23,-1,22,23,24,-1,24,23,25,-1,24,25,19,-1,19,25,26,-1,19,26,18,-1,27,28,29,-1,29,28,30,-1,29,30,31,-1,31,30,32,-1,31,32,33,-1,34,35,36,-1,36,35,37,-1,36,37,38,-1,38,37,39,-1,38,39,27,-1,27,39,40,-1,27,40,28,-1,5,41,6,-1,6,41,42,-1,6,42,43,-1,43,42,44,-1,43,44,45,-1,45,44,46,-1,45,46,34,-1,34,46,47,-1,34,47,35,-1,32,48,33,-1,33,48,49,-1,33,49,50,-1,50,49,51,-1,50,51,52,-1,52,51,53,-1,52,53,20,-1,20,53,54,-1,20,54,21,-1,55,56,57,-1,58,7,18,-1,57,56,59,-1,59,56,60,-1,59,60,58,-1,61,62,63,-1,63,62,64,-1,63,64,65,-1,65,64,66,-1,65,66,57,-1,57,66,67,-1,57,67,55,-1,61,63,68,-1,68,63,69,-1,68,69,70,-1,58,18,59,-1,59,18,26,-1,59,26,71,-1,71,26,25,-1,71,25,72,-1,72,25,23,-1,72,23,73,-1,73,23,21,-1,73,21,74,-1,74,21,54,-1,74,54,75,-1,75,54,53,-1,75,53,76,-1,76,53,51,-1,76,51,77,-1,77,51,49,-1,77,49,78,-1,78,49,48,-1,78,48,79,-1,79,48,32,-1,79,32,80,-1,80,32,30,-1,80,30,81,-1,81,30,28,-1,81,28,82,-1,82,28,40,-1,82,40,83,-1,83,40,39,-1,83,39,84,-1,84,39,37,-1,84,37,85,-1,85,37,35,-1,85,35,86,-1,86,35,47,-1,86,47,87,-1,87,47,46,-1,87,46,88,-1,88,46,44,-1,88,44,89,-1,89,44,42,-1,89,42,90,-1,90,42,41,-1,90,41,91,-1,91,41,5,-1,91,5,92,-1,92,5,3,-1,92,3,93,-1,93,3,1,-1,93,1,94,-1,94,1,15,-1,94,15,95,-1,95,15,14,-1,95,14,96,-1,96,14,12,-1,96,12,97,-1,97,12,10,-1,97,10,69,-1,69,10,8,-1,69,8,70,-1,
        ]
    }
}
Shape{
    appearance Appearance {
        material  Material 	{
            diffuseColor 0.6666666666666666 0.6980392156862745 0.7686274509803922
            specularColor 0.3333333333333333 0.34901960784313724 0.3843137254901961
            ambientIntensity 0.6967
            transparency 0.0
            shininess 0.5
        }
    }
    geometry IndexedFaceSet {
        ccw TRUE
        solid FALSE
        coord DEF co Coordinate {
            point [
                -3.4646 0.9331 2.5394, -3.4646 0.9287 2.5399, -3.4646 0.9331 2.5591, -3.4646 0.9453 2.5437, -3.4646 0.9416 2.5413, -3.4646 0.9374 2.5399, -3.4646 0.9523 2.5547, -3.4646 0.9508 2.5505, -3.4646 0.9485 2.5468, -3.4646 0.9508 2.5676, -3.4646 0.9523 2.5634, -3.4646 0.9528 2.5591, -3.4646 0.9416 2.5768, -3.4646 0.9453 2.5744, -3.4646 0.9485 2.5713, -3.4646 0.9287 2.5782, -3.4646 0.9331 2.5787, -3.4646 0.9374 2.5782, -3.4646 0.9177 2.5713, -3.4646 0.9208 2.5744, -3.4646 0.9245 2.5768, -3.4646 0.9134 2.5591, -3.4646 0.9139 2.5634, -3.4646 0.9153 2.5676, -3.4646 0.9177 2.5468, -3.4646 0.9153 2.5505, -3.4646 0.9139 2.5547, -3.4646 0.9245 2.5413, -3.4646 0.9208 2.5437, -3.0709 0.8266 2.1611, -3.0709 0.7537 2.1866, -3.1585 0.758 2.1955, -3.0709 0.7276 2.203, -3.0709 0.6753 2.2359, -3.1585 0.6815 2.2436, -3.0709 0.6426 2.2686, -3.0709 0.6099 2.3013, -3.1585 0.6176 2.3075, -3.0709 0.577 2.3536, -3.0709 0.5606 2.3797, -3.1585 0.5695 2.384, -3.0709 0.5351 2.4525, -3.0709 0.53 2.4671, -3.1585 0.5397 2.4693, -3.0709 0.5351 2.6656, -3.0709 0.5606 2.7384, -3.1585 0.5695 2.7341, -3.0709 0.577 2.7645, -3.0709 0.6099 2.8168, -3.1585 0.6176 2.8106, -3.0709 0.6426 2.8495, -3.0709 0.6753 2.8823, -3.1585 0.6815 2.8745, -3.0709 0.7276 2.9151, -3.0709 0.7537 2.9315, -3.1585 0.758 2.9226, -3.0709 0.8266 2.957, -3.0709 0.8411 2.9621, -3.1585 0.8433 2.9525, -3.0709 1.0396 2.957, -3.0709 1.1124 2.9315, -3.1585 1.1081 2.9226, -3.0709 1.1385 2.9151, -3.0709 1.1908 2.8823, -3.1585 1.1847 2.8745, -3.0709 1.2235 2.8495, -3.0709 1.2563 2.8168, -3.1585 1.2485 2.8106, -3.0709 1.2891 2.7645, -3.0709 1.3055 2.7384, -3.1585 1.2966 2.7341, -3.0709 1.331 2.6656, -3.0709 1.3361 2.651, -3.1585 1.3265 2.6488, -3.0709 1.331 2.4525, -3.0709 1.3055 2.3797, -3.1585 1.2966 2.384, -3.0709 1.2891 2.3536, -3.0709 1.2563 2.3013, -3.1585 1.2485 2.3075, -3.0709 1.2235 2.2686, -3.0709 1.1908 2.2359, -3.1585 1.1847 2.2436, -3.0709 1.1385 2.203, -3.0709 1.1124 2.1866, -3.1585 1.1081 2.1955, -3.0709 1.0396 2.1611, -3.0709 1.0251 2.156, -3.1585 1.0229 2.1657, -3.4547 0.9331 2.4518, -3.4547 0.9569 2.4545, -3.4256 0.9331 2.3686, -3.4256 0.9755 2.3733, -3.3787 0.9331 2.2939, -3.3787 0.9921 2.3006, -3.3163 0.9331 2.2316, -3.3163 1.0059 2.2398, -3.2417 0.9331 2.1847, -3.2417 1.0164 2.194, -3.1585 0.9331 2.1555, -3.0709 0.9331 2.1457, -3.2417 1.0955 2.2217, -3.3163 1.0752 2.264, -3.3787 1.0481 2.3202, -3.4256 1.0157 2.3874, -3.4547 0.9796 2.4624, -3.2417 1.1665 2.2663, -3.3163 1.1373 2.303, -3.3787 1.0984 2.3518, -3.4256 1.0518 2.4101, -3.4547 1.0 2.4752, -3.2417 1.2258 2.3256, -3.3163 1.1891 2.3549, -3.3787 1.1404 2.3937, -3.4256 1.082 2.4403, -3.4547 1.017 2.4922, -3.2417 1.2704 2.3966, -3.3163 1.2281 2.417, -3.3787 1.172 2.444, -3.4256 1.1047 2.4764, -3.4547 1.0297 2.5125, -3.0709 1.3361 2.4671, -3.1585 1.3265 2.4693, -3.2417 1.2981 2.4757, -3.3163 1.2523 2.4862, -3.3787 1.1916 2.5001, -3.4256 1.1188 2.5167, -3.4547 1.0377 2.5352, -3.4547 1.0404 2.5591, -3.4256 1.1236 2.5591, -3.3787 1.1982 2.5591, -3.3163 1.2606 2.5591, -3.2417 1.3075 2.5591, -3.1585 1.3366 2.5591, -3.0709 1.3465 2.5591, -3.4547 1.0377 2.5829, -3.4256 1.1188 2.6014, -3.3787 1.1916 2.6181, -3.3163 1.2523 2.6319, -3.2417 1.2981 2.6424, -3.2417 1.2704 2.7215, -3.3163 1.2281 2.7012, -3.3787 1.172 2.6741, -3.4256 1.1047 2.6417, -3.4547 1.0297 2.6056, -3.2417 1.2258 2.7925, -3.3163 1.1891 2.7632, -3.3787 1.1404 2.7244, -3.4256 1.082 2.6778, -3.4547 1.017 2.626, -3.2417 1.1665 2.8518, -3.3163 1.1373 2.8151, -3.3787 1.0984 2.7664, -3.4256 1.0518 2.708, -3.4547 1.0 2.6429, -3.2417 1.0955 2.8964, -3.3163 1.0752 2.8541, -3.3787 1.0481 2.798, -3.4256 1.0157 2.7307, -3.4547 0.9796 2.6557, -3.0709 1.0251 2.9621, -3.1585 1.0229 2.9525, -3.2417 1.0164 2.9241, -3.3163 1.0059 2.8783, -3.3787 0.9921 2.8176, -3.4256 0.9755 2.7448, -3.4547 0.9569 2.6637, -3.4547 0.9331 2.6663, -3.4256 0.9331 2.7496, -3.3787 0.9331 2.8242, -3.3163 0.9331 2.8866, -3.2417 0.9331 2.9335, -3.1585 0.9331 2.9626, -3.0709 0.9331 2.9724, -3.4547 0.9092 2.6637, -3.4256 0.8907 2.7448, -3.3787 0.8741 2.8176, -3.3163 0.8602 2.8783, -3.2417 0.8498 2.9241, -3.2417 0.7706 2.8964, -3.3163 0.791 2.8541, -3.3787 0.818 2.798, -3.4256 0.8504 2.7307, -3.4547 0.8865 2.6557, -3.2417 0.6996 2.8518, -3.3163 0.7289 2.8151, -3.3787 0.7677 2.7664, -3.4256 0.8143 2.708, -3.4547 0.8662 2.6429, -3.2417 0.6404 2.7925, -3.3163 0.677 2.7632, -3.3787 0.7258 2.7244, -3.4256 0.7841 2.6778, -3.4547 0.8492 2.626, -3.2417 0.5957 2.7215, -3.3163 0.638 2.7012, -3.3787 0.6942 2.6741, -3.4256 0.7614 2.6417, -3.4547 0.8364 2.6056, -3.0709 0.53 2.651, -3.1585 0.5397 2.6488, -3.2417 0.5681 2.6424, -3.3163 0.6138 2.6319, -3.3787 0.6746 2.6181, -3.4256 0.7473 2.6014, -3.4547 0.8285 2.5829, -3.4547 0.8258 2.5591, -3.4256 0.7426 2.5591, -3.3787 0.6679 2.5591, -3.3163 0.6056 2.5591, -3.2417 0.5587 2.5591, -3.1585 0.5296 2.5591, -3.0709 0.5197 2.5591, -3.4547 0.8285 2.5352, -3.4256 0.7473 2.5167, -3.3787 0.6746 2.5001, -3.3163 0.6138 2.4862, -3.2417 0.5681 2.4757, -3.2417 0.5957 2.3966, -3.3163 0.638 2.417, -3.3787 0.6942 2.444, -3.4256 0.7614 2.4764, -3.4547 0.8364 2.5125, -3.2417 0.6404 2.3256, -3.3163 0.677 2.3549, -3.3787 0.7258 2.3937, -3.4256 0.7841 2.4403, -3.4547 0.8492 2.4922, -3.2417 0.6996 2.2663, -3.3163 0.7289 2.303, -3.3787 0.7677 2.3518, -3.4256 0.8143 2.4101, -3.4547 0.8662 2.4752, -3.2417 0.7706 2.2217, -3.3163 0.791 2.264, -3.3787 0.818 2.3202, -3.4256 0.8504 2.3874, -3.4547 0.8865 2.4624, -3.0709 0.8411 2.156, -3.1585 0.8433 2.1657, -3.2417 0.8498 2.194, -3.3163 0.8602 2.2398, -3.3787 0.8741 2.3006, -3.4256 0.8907 2.3733, -3.4547 0.9092 2.4545, -1.4961 0.9331 2.9724, -1.4961 1.0401 2.9584, -1.4961 1.1398 2.9171, -1.4961 1.2254 2.8514, -1.4961 1.2911 2.7658, -1.4961 1.3324 2.6661, -1.4961 1.3465 2.5591, -1.4961 1.3324 2.4521, -1.4961 1.2911 2.3524, -1.4961 1.2254 2.2668, -1.4961 1.1398 2.2011, -1.4961 1.0401 2.1598, -1.4961 0.9331 2.1457, -1.4961 0.8261 2.1598, -1.4961 0.7264 2.2011, -1.4961 0.6408 2.2668, -1.4961 0.5751 2.3524, -1.4961 0.5338 2.4521, -1.4961 0.5197 2.5591, -1.4961 0.5338 2.6661, -1.4961 0.5751 2.7658, -1.4961 0.6408 2.8514, -1.4961 0.7264 2.9171, -1.4961 0.8261 2.9584
            ]
        }
        coordIndex [
            0,1,2,-1,3,4,2,-1,2,4,5,-1,2,5,0,-1,6,7,2,-1,2,7,8,-1,2,8,3,-1,9,10,2,-1,2,10,11,-1,2,11,6,-1,12,13,2,-1,2,13,14,-1,2,14,9,-1,15,16,2,-1,2,16,17,-1,2,17,12,-1,18,19,2,-1,2,19,20,-1,2,20,15,-1,21,22,2,-1,2,22,23,-1,2,23,18,-1,24,25,2,-1,2,25,26,-1,2,26,21,-1,1,27,2,-1,2,27,28,-1,2,28,24,-1,29,30,31,-1,32,33,34,-1,35,36,37,-1,38,39,40,-1,41,42,43,-1,44,45,46,-1,47,48,49,-1,50,51,52,-1,53,54,55,-1,56,57,58,-1,59,60,61,-1,62,63,64,-1,65,66,67,-1,68,69,70,-1,71,72,73,-1,74,75,76,-1,77,78,79,-1,80,81,82,-1,83,84,85,-1,86,87,88,-1,0,5,89,-1,89,5,90,-1,89,90,91,-1,91,90,92,-1,91,92,93,-1,93,92,94,-1,93,94,95,-1,95,94,96,-1,95,96,97,-1,97,96,98,-1,97,98,99,-1,99,98,88,-1,99,88,100,-1,100,88,87,-1,84,86,85,-1,85,86,88,-1,85,88,101,-1,101,88,98,-1,101,98,102,-1,102,98,96,-1,102,96,103,-1,103,96,94,-1,103,94,104,-1,104,94,92,-1,104,92,105,-1,105,92,90,-1,105,90,4,-1,4,90,5,-1,81,83,82,-1,82,83,85,-1,82,85,106,-1,106,85,101,-1,106,101,107,-1,107,101,102,-1,107,102,108,-1,108,102,103,-1,108,103,109,-1,109,103,104,-1,109,104,110,-1,110,104,105,-1,110,105,3,-1,3,105,4,-1,78,80,79,-1,79,80,82,-1,79,82,111,-1,111,82,106,-1,111,106,112,-1,112,106,107,-1,112,107,113,-1,113,107,108,-1,113,108,114,-1,114,108,109,-1,114,109,115,-1,115,109,110,-1,115,110,8,-1,8,110,3,-1,75,77,76,-1,76,77,79,-1,76,79,116,-1,116,79,111,-1,116,111,117,-1,117,111,112,-1,117,112,118,-1,118,112,113,-1,118,113,119,-1,119,113,114,-1,119,114,120,-1,120,114,115,-1,120,115,7,-1,7,115,8,-1,121,74,122,-1,122,74,76,-1,122,76,123,-1,123,76,116,-1,123,116,124,-1,124,116,117,-1,124,117,125,-1,125,117,118,-1,125,118,126,-1,126,118,119,-1,126,119,127,-1,127,119,120,-1,127,120,6,-1,6,120,7,-1,6,11,127,-1,127,11,128,-1,127,128,126,-1,126,128,129,-1,126,129,125,-1,125,129,130,-1,125,130,124,-1,124,130,131,-1,124,131,123,-1,123,131,132,-1,123,132,122,-1,122,132,133,-1,122,133,121,-1,121,133,134,-1,11,10,128,-1,128,10,135,-1,128,135,129,-1,129,135,136,-1,129,136,130,-1,130,136,137,-1,130,137,131,-1,131,137,138,-1,131,138,132,-1,132,138,139,-1,132,139,133,-1,133,139,73,-1,133,73,134,-1,134,73,72,-1,69,71,70,-1,70,71,73,-1,70,73,140,-1,140,73,139,-1,140,139,141,-1,141,139,138,-1,141,138,142,-1,142,138,137,-1,142,137,143,-1,143,137,136,-1,143,136,144,-1,144,136,135,-1,144,135,9,-1,9,135,10,-1,66,68,67,-1,67,68,70,-1,67,70,145,-1,145,70,140,-1,145,140,146,-1,146,140,141,-1,146,141,147,-1,147,141,142,-1,147,142,148,-1,148,142,143,-1,148,143,149,-1,149,143,144,-1,149,144,14,-1,14,144,9,-1,63,65,64,-1,64,65,67,-1,64,67,150,-1,150,67,145,-1,150,145,151,-1,151,145,146,-1,151,146,152,-1,152,146,147,-1,152,147,153,-1,153,147,148,-1,153,148,154,-1,154,148,149,-1,154,149,13,-1,13,149,14,-1,60,62,61,-1,61,62,64,-1,61,64,155,-1,155,64,150,-1,155,150,156,-1,156,150,151,-1,156,151,157,-1,157,151,152,-1,157,152,158,-1,158,152,153,-1,158,153,159,-1,159,153,154,-1,159,154,12,-1,12,154,13,-1,160,59,161,-1,161,59,61,-1,161,61,162,-1,162,61,155,-1,162,155,163,-1,163,155,156,-1,163,156,164,-1,164,156,157,-1,164,157,165,-1,165,157,158,-1,165,158,166,-1,166,158,159,-1,166,159,17,-1,17,159,12,-1,17,16,166,-1,166,16,167,-1,166,167,165,-1,165,167,168,-1,165,168,164,-1,164,168,169,-1,164,169,163,-1,163,169,170,-1,163,170,162,-1,162,170,171,-1,162,171,161,-1,161,171,172,-1,161,172,160,-1,160,172,173,-1,16,15,167,-1,167,15,174,-1,167,174,168,-1,168,174,175,-1,168,175,169,-1,169,175,176,-1,169,176,170,-1,170,176,177,-1,170,177,171,-1,171,177,178,-1,171,178,172,-1,172,178,58,-1,172,58,173,-1,173,58,57,-1,54,56,55,-1,55,56,58,-1,55,58,179,-1,179,58,178,-1,179,178,180,-1,180,178,177,-1,180,177,181,-1,181,177,176,-1,181,176,182,-1,182,176,175,-1,182,175,183,-1,183,175,174,-1,183,174,20,-1,20,174,15,-1,51,53,52,-1,52,53,55,-1,52,55,184,-1,184,55,179,-1,184,179,185,-1,185,179,180,-1,185,180,186,-1,186,180,181,-1,186,181,187,-1,187,181,182,-1,187,182,188,-1,188,182,183,-1,188,183,19,-1,19,183,20,-1,48,50,49,-1,49,50,52,-1,49,52,189,-1,189,52,184,-1,189,184,190,-1,190,184,185,-1,190,185,191,-1,191,185,186,-1,191,186,192,-1,192,186,187,-1,192,187,193,-1,193,187,188,-1,193,188,18,-1,18,188,19,-1,45,47,46,-1,46,47,49,-1,46,49,194,-1,194,49,189,-1,194,189,195,-1,195,189,190,-1,195,190,196,-1,196,190,191,-1,196,191,197,-1,197,191,192,-1,197,192,198,-1,198,192,193,-1,198,193,23,-1,23,193,18,-1,199,44,200,-1,200,44,46,-1,200,46,201,-1,201,46,194,-1,201,194,202,-1,202,194,195,-1,202,195,203,-1,203,195,196,-1,203,196,204,-1,204,196,197,-1,204,197,205,-1,205,197,198,-1,205,198,22,-1,22,198,23,-1,22,21,205,-1,205,21,206,-1,205,206,204,-1,204,206,207,-1,204,207,203,-1,203,207,208,-1,203,208,202,-1,202,208,209,-1,202,209,201,-1,201,209,210,-1,201,210,200,-1,200,210,211,-1,200,211,199,-1,199,211,212,-1,21,26,206,-1,206,26,213,-1,206,213,207,-1,207,213,214,-1,207,214,208,-1,208,214,215,-1,208,215,209,-1,209,215,216,-1,209,216,210,-1,210,216,217,-1,210,217,211,-1,211,217,43,-1,211,43,212,-1,212,43,42,-1,39,41,40,-1,40,41,43,-1,40,43,218,-1,218,43,217,-1,218,217,219,-1,219,217,216,-1,219,216,220,-1,220,216,215,-1,220,215,221,-1,221,215,214,-1,221,214,222,-1,222,214,213,-1,222,213,25,-1,25,213,26,-1,36,38,37,-1,37,38,40,-1,37,40,223,-1,223,40,218,-1,223,218,224,-1,224,218,219,-1,224,219,225,-1,225,219,220,-1,225,220,226,-1,226,220,221,-1,226,221,227,-1,227,221,222,-1,227,222,24,-1,24,222,25,-1,33,35,34,-1,34,35,37,-1,34,37,228,-1,228,37,223,-1,228,223,229,-1,229,223,224,-1,229,224,230,-1,230,224,225,-1,230,225,231,-1,231,225,226,-1,231,226,232,-1,232,226,227,-1,232,227,28,-1,28,227,24,-1,30,32,31,-1,31,32,34,-1,31,34,233,-1,233,34,228,-1,233,228,234,-1,234,228,229,-1,234,229,235,-1,235,229,230,-1,235,230,236,-1,236,230,231,-1,236,231,237,-1,237,231,232,-1,237,232,27,-1,27,232,28,-1,238,29,239,-1,239,29,31,-1,239,31,240,-1,240,31,233,-1,240,233,241,-1,241,233,234,-1,241,234,242,-1,242,234,235,-1,242,235,243,-1,243,235,236,-1,243,236,244,-1,244,236,237,-1,244,237,1,-1,1,237,27,-1,1,0,244,-1,244,0,89,-1,244,89,243,-1,243,89,91,-1,243,91,242,-1,242,91,93,-1,242,93,241,-1,241,93,95,-1,241,95,240,-1,240,95,97,-1,240,97,239,-1,239,97,99,-1,239,99,238,-1,238,99,100,-1,245,246,160,-1,247,60,246,-1,246,60,59,-1,246,59,160,-1,248,63,247,-1,247,63,62,-1,247,62,60,-1,249,66,248,-1,248,66,65,-1,248,65,63,-1,250,69,249,-1,249,69,68,-1,249,68,66,-1,251,72,250,-1,250,72,71,-1,250,71,69,-1,252,121,251,-1,251,121,134,-1,251,134,72,-1,253,75,252,-1,252,75,74,-1,252,74,121,-1,254,78,253,-1,253,78,77,-1,253,77,75,-1,255,81,254,-1,254,81,80,-1,254,80,78,-1,256,84,255,-1,255,84,83,-1,255,83,81,-1,257,87,256,-1,256,87,86,-1,256,86,84,-1,258,238,257,-1,257,238,100,-1,257,100,87,-1,259,30,258,-1,258,30,29,-1,258,29,238,-1,260,33,259,-1,259,33,32,-1,259,32,30,-1,261,36,260,-1,260,36,35,-1,260,35,33,-1,262,39,261,-1,261,39,38,-1,261,38,36,-1,263,42,262,-1,262,42,41,-1,262,41,39,-1,264,199,263,-1,263,199,212,-1,263,212,42,-1,265,45,264,-1,264,45,44,-1,264,44,199,-1,266,48,265,-1,265,48,47,-1,265,47,45,-1,267,51,266,-1,266,51,50,-1,266,50,48,-1,268,54,267,-1,267,54,53,-1,267,53,51,-1,160,173,245,-1,245,173,57,-1,245,57,268,-1,268,57,56,-1,268,56,54,-1,
        ]
    }
}
Shape{
    appearance Appearance {
        material  Material 	{
            diffuseColor 1.0 1.0 1.0
            specularColor 0.5019607843137255 0.5019607843137255 0.5019607843137255
            ambientIntensity 1.0
            transparency 0.0
            shininess 0.5
        }
    }
    geometry IndexedFaceSet {
        ccw TRUE
        solid FALSE
        coord DEF co Coordinate {
            point [
                -3.343 -0.8425 0.5183, -3.343 -0.8425 0.5031, -3.343 -0.8386 0.5183, -3.343 -0.8386 0.5031, -3.3961 -0.8425 0.5183, -3.3961 -0.8386 0.5183, -3.3961 -0.8425 0.6365, -3.3961 -0.8386 0.6365, -3.4133 -0.8425 0.6365, -3.4133 -0.8386 0.6365, -3.4133 -0.8425 0.5031, -3.4133 -0.8386 0.5031, -3.2542 -0.8425 0.5027, -3.2745 -0.8425 0.5008, -3.2745 -0.8386 0.5008, -3.2628 -0.8386 0.5019, -3.2542 -0.8386 0.5027, -3.2399 -0.8425 0.5074, -3.2433 -0.8386 0.5063, -3.2399 -0.8386 0.5074, -3.2376 -0.8386 0.5086, -3.2376 -0.8425 0.5086, -3.2376 -0.8425 0.5251, -3.2376 -0.8386 0.5251, -3.2487 -0.8425 0.5199, -3.2433 -0.8386 0.5224, -3.2487 -0.8386 0.5199, -3.2634 -0.8386 0.5166, -3.2634 -0.8425 0.5166, -3.272 -0.8386 0.5162, -3.272 -0.8425 0.5162, -3.2842 -0.8386 0.5175, -3.2842 -0.8425 0.5175, -3.2939 -0.8386 0.5209, -3.2939 -0.8425 0.5209, -3.3029 -0.8386 0.5269, -3.3029 -0.8425 0.5269, -3.3063 -0.8386 0.5302, -3.3063 -0.8425 0.5302, -3.3126 -0.8386 0.5389, -3.3126 -0.8425 0.5389, -3.317 -0.8386 0.5496, -3.317 -0.8425 0.5496, -3.3192 -0.8386 0.5628, -3.3192 -0.8425 0.5628, -3.3194 -0.8386 0.5683, -3.3194 -0.8425 0.5683, -3.3172 -0.8386 0.5865, -3.3172 -0.8425 0.5865, -3.3128 -0.8386 0.5981, -3.3128 -0.8425 0.5981, -3.3064 -0.8386 0.6073, -3.3064 -0.8425 0.6073, -3.3054 -0.8386 0.6084, -3.3054 -0.8425 0.6084, -3.2968 -0.8386 0.6156, -3.2968 -0.8425 0.6156, -3.2864 -0.8386 0.6206, -3.2864 -0.8425 0.6206, -3.2749 -0.8386 0.6229, -3.2749 -0.8425 0.6229, -3.269 -0.8386 0.6232, -3.269 -0.8425 0.6232, -3.2526 -0.8386 0.6212, -3.2433 -0.8386 0.6177, -3.2391 -0.8425 0.6161, -3.2526 -0.8425 0.6212, -3.2391 -0.8386 0.6161, -3.2376 -0.8386 0.6153, -3.2376 -0.8425 0.6153, -3.2376 -0.8425 0.6333, -3.2376 -0.8386 0.6333, -3.2433 -0.8386 0.6349, -3.2517 -0.8425 0.6374, -3.2692 -0.8386 0.6388, -3.2692 -0.8425 0.6388, -3.2549 -0.8386 0.6376, -3.2517 -0.8386 0.6374, -3.2785 -0.8386 0.6376, -3.2884 -0.8425 0.6364, -3.2884 -0.8386 0.6364, -3.3024 -0.8386 0.631, -3.3024 -0.8425 0.631, -3.3153 -0.8386 0.6219, -3.3153 -0.8425 0.6219, -3.3182 -0.8386 0.6191, -3.3182 -0.8425 0.6191, -3.3279 -0.8386 0.6065, -3.3315 -0.8386 0.598, -3.3342 -0.8425 0.5916, -3.3279 -0.8425 0.6065, -3.3342 -0.8386 0.5916, -3.3373 -0.8386 0.5742, -3.3373 -0.8425 0.5742, -3.3375 -0.8386 0.5673, -3.3375 -0.8425 0.5673, -3.3349 -0.8386 0.5456, -3.3315 -0.8386 0.537, -3.3295 -0.8425 0.5317, -3.3349 -0.8425 0.5456, -3.3295 -0.8386 0.5317, -3.3215 -0.8386 0.5203, -3.3215 -0.8425 0.5203, -3.3204 -0.8386 0.519, -3.3204 -0.8425 0.519, -3.2846 -0.8425 0.5014, -3.3111 -0.8386 0.5111, -3.3111 -0.8425 0.5111, -3.2987 -0.8386 0.5047, -3.2987 -0.8425 0.5047, -3.2868 -0.8386 0.5019, -3.2846 -0.8386 0.5014, -3.1391 -0.8425 0.5183, -3.1391 -0.8425 0.5031, -3.1391 -0.8386 0.5183, -3.1391 -0.8386 0.5031, -3.1936 -0.8386 0.5183, -3.1936 -0.8425 0.5183, -3.1576 -0.8386 0.5183, -3.1936 -0.8425 0.5632, -3.1936 -0.8386 0.5632, -3.1459 -0.8425 0.5632, -3.1576 -0.8386 0.5632, -3.1459 -0.8386 0.5632, -3.1459 -0.8425 0.5784, -3.1459 -0.8386 0.5784, -3.1936 -0.8386 0.5784, -3.1936 -0.8425 0.5784, -3.1576 -0.8386 0.5784, -3.1936 -0.8425 0.6211, -3.1936 -0.8386 0.6211, -3.1421 -0.8386 0.6211, -3.1421 -0.8425 0.6211, -3.1576 -0.8386 0.6211, -3.1421 -0.8425 0.6365, -3.1421 -0.8386 0.6365, -3.2109 -0.8386 0.6365, -3.2109 -0.8425 0.6365, -3.1576 -0.8386 0.6365, -3.2109 -0.8425 0.5031, -3.2109 -0.8386 0.5031, -3.1576 -0.8386 0.5031, -3.031 -0.8425 0.5403, -3.0376 -0.8425 0.5322, -3.0254 -0.8425 0.5217, -3.0392 -0.8425 0.5307, -3.0394 -0.8425 0.5117, -3.0479 -0.8425 0.5247, -3.0546 -0.8425 0.5058, -3.0589 -0.8425 0.5204, -3.0772 -0.8425 0.5031, -3.0773 -0.8425 0.5183, -3.1139 -0.8425 0.5031, -3.0967 -0.8425 0.5183, -3.1139 -0.8425 0.6365, -3.0967 -0.8425 0.6211, -3.0758 -0.8425 0.6365, -3.0765 -0.8425 0.6211, -3.0554 -0.8425 0.6343, -3.0586 -0.8425 0.6191, -3.0393 -0.8425 0.6284, -3.0471 -0.8425 0.6148, -3.0254 -0.8425 0.6188, -3.038 -0.8425 0.6086, -3.0206 -0.8425 0.6142, -3.0342 -0.8425 0.6049, -3.0124 -0.8425 0.6025, -3.0291 -0.8425 0.5974, -3.0074 -0.8425 0.5898, -3.0253 -0.8425 0.5876, -3.0052 -0.8425 0.5715, -3.0234 -0.8425 0.571, -3.0056 -0.8425 0.563, -3.0238 -0.8425 0.5624, -3.0089 -0.8425 0.5473, -3.0264 -0.8425 0.5502, -3.0155 -0.8425 0.5335, -3.0772 -0.8386 0.5031, -3.1139 -0.8386 0.5031, -3.0546 -0.8386 0.5058, -3.0394 -0.8386 0.5117, -3.0254 -0.8386 0.5217, -3.0155 -0.8386 0.5335, -3.0089 -0.8386 0.5473, -3.0056 -0.8386 0.563, -3.0052 -0.8386 0.5715, -3.0074 -0.8386 0.5898, -3.0124 -0.8386 0.6025, -3.0206 -0.8386 0.6142, -3.0254 -0.8386 0.6188, -3.0393 -0.8386 0.6284, -3.0554 -0.8386 0.6343, -3.0758 -0.8386 0.6365, -3.1139 -0.8386 0.6365, -3.0765 -0.8386 0.6211, -3.0967 -0.8386 0.6211, -3.0967 -0.8386 0.5183, -3.0773 -0.8386 0.5183, -3.0376 -0.8386 0.5322, -3.0392 -0.8386 0.5307, -3.0479 -0.8386 0.5247, -3.0589 -0.8386 0.5204, -3.0234 -0.8386 0.571, -3.0238 -0.8386 0.5624, -3.0264 -0.8386 0.5502, -3.031 -0.8386 0.5403, -3.038 -0.8386 0.6086, -3.0342 -0.8386 0.6049, -3.0291 -0.8386 0.5974, -3.0253 -0.8386 0.5876, -3.0586 -0.8386 0.6191, -3.0471 -0.8386 0.6148
            ]
        }
        coordIndex [
            0,1,2,-1,2,1,3,-1,4,0,5,-1,5,0,2,-1,6,4,7,-1,7,4,5,-1,8,6,9,-1,9,6,7,-1,10,8,11,-1,11,8,9,-1,1,10,3,-1,3,10,11,-1,6,8,4,-1,4,8,10,-1,4,10,0,-1,0,10,1,-1,12,13,14,-1,14,15,12,-1,12,15,16,-1,12,16,17,-1,17,16,18,-1,18,19,17,-1,17,19,20,-1,17,20,21,-1,22,21,23,-1,23,21,20,-1,22,23,24,-1,24,23,25,-1,25,26,24,-1,24,26,27,-1,24,27,28,-1,28,27,29,-1,28,29,30,-1,30,29,31,-1,30,31,32,-1,32,31,33,-1,32,33,34,-1,34,33,35,-1,34,35,36,-1,36,35,37,-1,36,37,38,-1,38,37,39,-1,38,39,40,-1,40,39,41,-1,40,41,42,-1,42,41,43,-1,42,43,44,-1,44,43,45,-1,44,45,46,-1,46,45,47,-1,46,47,48,-1,48,47,49,-1,48,49,50,-1,50,49,51,-1,50,51,52,-1,52,51,53,-1,52,53,54,-1,54,53,55,-1,54,55,56,-1,56,55,57,-1,56,57,58,-1,58,57,59,-1,58,59,60,-1,60,59,61,-1,60,61,62,-1,62,61,63,-1,64,65,63,-1,63,65,66,-1,63,66,62,-1,64,67,65,-1,65,67,68,-1,65,68,69,-1,70,69,71,-1,71,69,68,-1,70,71,72,-1,70,72,73,-1,74,75,76,-1,76,75,73,-1,76,73,77,-1,77,73,72,-1,75,74,78,-1,75,78,79,-1,78,80,79,-1,79,80,81,-1,79,81,82,-1,82,81,83,-1,82,83,84,-1,84,83,85,-1,84,85,86,-1,86,85,87,-1,88,89,87,-1,87,89,90,-1,87,90,86,-1,88,91,89,-1,89,91,92,-1,89,92,93,-1,93,92,94,-1,93,94,95,-1,95,94,96,-1,97,98,96,-1,96,98,99,-1,96,99,95,-1,97,100,98,-1,98,100,101,-1,98,101,102,-1,102,101,103,-1,102,103,104,-1,14,13,105,-1,104,103,106,-1,104,106,107,-1,107,106,108,-1,107,108,109,-1,109,108,110,-1,109,110,105,-1,105,110,111,-1,105,111,14,-1,48,50,90,-1,56,58,79,-1,90,50,86,-1,79,58,75,-1,79,82,56,-1,56,82,84,-1,56,84,54,-1,54,84,86,-1,54,86,52,-1,52,86,50,-1,58,60,75,-1,75,60,62,-1,75,62,73,-1,73,62,66,-1,73,66,70,-1,70,66,65,-1,70,65,69,-1,95,46,93,-1,93,46,48,-1,93,48,89,-1,89,48,90,-1,21,22,17,-1,17,22,24,-1,17,24,12,-1,12,24,28,-1,12,28,13,-1,13,28,30,-1,13,30,105,-1,105,30,32,-1,105,32,109,-1,109,32,34,-1,109,34,107,-1,107,34,36,-1,107,36,104,-1,104,36,38,-1,104,38,102,-1,102,38,40,-1,102,40,98,-1,98,40,99,-1,99,40,42,-1,99,42,95,-1,95,42,44,-1,95,44,46,-1,112,113,114,-1,114,113,115,-1,116,117,118,-1,118,117,112,-1,118,112,114,-1,119,117,120,-1,120,117,116,-1,119,120,121,-1,121,120,122,-1,121,122,123,-1,124,121,125,-1,125,121,123,-1,126,127,128,-1,128,127,124,-1,128,124,125,-1,129,127,130,-1,130,127,126,-1,131,132,133,-1,133,132,129,-1,133,129,130,-1,134,132,135,-1,135,132,131,-1,136,137,138,-1,138,137,134,-1,138,134,135,-1,139,137,140,-1,140,137,136,-1,115,113,141,-1,141,113,139,-1,141,139,140,-1,139,113,112,-1,112,117,139,-1,139,117,119,-1,139,119,137,-1,132,134,129,-1,129,134,137,-1,129,137,127,-1,127,137,119,-1,127,119,124,-1,124,119,121,-1,142,143,144,-1,144,143,145,-1,144,145,146,-1,146,145,147,-1,146,147,148,-1,148,147,149,-1,148,149,150,-1,150,149,151,-1,150,151,152,-1,152,151,153,-1,152,153,154,-1,154,153,155,-1,154,155,156,-1,156,155,157,-1,156,157,158,-1,158,157,159,-1,158,159,160,-1,160,159,161,-1,160,161,162,-1,162,161,163,-1,162,163,164,-1,164,163,165,-1,164,165,166,-1,166,165,167,-1,166,167,168,-1,168,167,169,-1,168,169,170,-1,170,169,171,-1,170,171,172,-1,172,171,173,-1,172,173,174,-1,174,173,175,-1,174,175,176,-1,176,175,142,-1,176,142,144,-1,150,152,177,-1,177,152,178,-1,150,177,179,-1,150,179,148,-1,148,179,180,-1,148,180,146,-1,146,180,181,-1,146,181,144,-1,144,181,182,-1,144,182,176,-1,176,182,183,-1,176,183,174,-1,174,183,184,-1,174,184,172,-1,172,184,185,-1,172,185,170,-1,170,185,186,-1,170,186,168,-1,168,186,187,-1,168,187,166,-1,166,187,188,-1,166,188,164,-1,164,188,189,-1,164,189,162,-1,162,189,190,-1,162,190,160,-1,160,190,191,-1,160,191,158,-1,158,191,192,-1,158,192,156,-1,154,156,193,-1,193,156,192,-1,152,154,178,-1,178,154,193,-1,157,155,194,-1,194,155,195,-1,155,153,195,-1,195,153,196,-1,153,151,196,-1,196,151,197,-1,143,198,199,-1,143,199,145,-1,145,199,200,-1,145,200,147,-1,147,200,201,-1,147,201,149,-1,149,201,197,-1,149,197,151,-1,171,202,203,-1,171,203,173,-1,173,203,204,-1,173,204,175,-1,175,204,205,-1,175,205,142,-1,142,205,198,-1,142,198,143,-1,163,206,207,-1,163,207,165,-1,165,207,208,-1,165,208,167,-1,167,208,209,-1,167,209,169,-1,169,209,202,-1,169,202,171,-1,157,194,210,-1,157,210,159,-1,159,210,211,-1,159,211,161,-1,161,211,206,-1,161,206,163,-1,
        ]
    }
}
Shape{
    appearance Appearance {
        material  Material 	{
            diffuseColor 0.2235294117647059 0.2235294117647059 0.2235294117647059
            specularColor 0.06666666666666667 0.06666666666666667 0.06666666666666667
            ambientIntensity 0.2235
            transparency 0.0
            shininess 0.5
        }
    }
    geometry IndexedFaceSet {
        ccw TRUE
        solid FALSE
        coord DEF co Coordinate {
            point [
                -3.0967 -0.8386 0.6211, -3.0967 -0.8386 0.5183, -3.0765 -0.8386 0.6211, -3.0773 -0.8386 0.5183, -3.0589 -0.8386 0.5204, -3.0479 -0.8386 0.5247, -3.0392 -0.8386 0.5307, -3.0376 -0.8386 0.5322, -3.031 -0.8386 0.5403, -3.0264 -0.8386 0.5502, -3.0234 -0.8386 0.571, -3.038 -0.8386 0.6086, -3.0471 -0.8386 0.6148, -3.0253 -0.8386 0.5876, -3.0291 -0.8386 0.5974, -3.0342 -0.8386 0.6049, -3.0238 -0.8386 0.5624, -3.0586 -0.8386 0.6191
            ]
        }
        coordIndex [
            0,1,2,-1,2,1,3,-1,3,4,2,-1,2,4,5,-1,2,5,6,-1,6,7,2,-1,2,7,8,-1,2,8,9,-1,10,11,12,-1,13,14,10,-1,10,14,15,-1,10,15,11,-1,9,16,2,-1,2,16,10,-1,2,10,17,-1,17,10,12,-1,
        ]
    }
}
Shape{
    appearance Appearance {
        material  Material 	{
            diffuseColor 1.0 1.0 1.0
            specularColor 0.5019607843137255 0.5019607843137255 0.5019607843137255
            ambientIntensity 1.0
            transparency 0.0
            shininess 0.5
        }
    }
    geometry IndexedFaceSet {
        ccw TRUE
        solid FALSE
        coord DEF co Coordinate {
            point [
                -2.9605 -0.8425 0.5546, -2.966 -0.8425 0.5396, -2.9157 -0.8425 0.5546, -2.9104 -0.8425 0.5396, -2.9406 -0.8425 0.6101, -2.947 -0.8425 0.6365, -2.9978 -0.8425 0.5031, -2.9788 -0.8425 0.5031, -2.9394 -0.8425 0.6141, -2.9384 -0.8425 0.6194, -2.9286 -0.8425 0.6365, -2.938 -0.8425 0.6194, -2.9369 -0.8425 0.6138, -2.9359 -0.8425 0.6101, -2.8778 -0.8425 0.5031, -2.8968 -0.8425 0.5031, -2.9286 -0.8386 0.6365, -2.8778 -0.8386 0.5031, -2.947 -0.8386 0.6365, -2.9978 -0.8386 0.5031, -2.9594 -0.8386 0.604, -2.9788 -0.8386 0.5031, -2.966 -0.8386 0.5396, -2.9104 -0.8386 0.5396, -2.9594 -0.8386 0.5396, -2.8968 -0.8386 0.5031, -2.9605 -0.8386 0.5546, -2.9157 -0.8386 0.5546, -2.9359 -0.8386 0.6101, -2.938 -0.8386 0.6194, -2.9369 -0.8386 0.6138, -2.9384 -0.8386 0.6194, -2.9406 -0.8386 0.6101, -2.9394 -0.8386 0.6141
            ]
        }
        coordIndex [
            0,1,2,-1,2,1,3,-1,4,5,0,-1,0,5,6,-1,0,6,1,-1,1,6,7,-1,4,8,5,-1,5,8,9,-1,5,9,10,-1,10,9,11,-1,10,11,12,-1,12,13,10,-1,10,13,2,-1,10,2,14,-1,14,2,3,-1,14,3,15,-1,10,14,16,-1,16,14,17,-1,5,10,18,-1,18,10,16,-1,19,6,20,-1,20,6,5,-1,20,5,18,-1,7,6,21,-1,21,6,19,-1,1,7,22,-1,22,7,21,-1,23,3,24,-1,24,3,1,-1,24,1,22,-1,15,3,25,-1,25,3,23,-1,14,15,17,-1,17,15,25,-1,0,2,26,-1,26,2,27,-1,2,13,27,-1,27,13,28,-1,11,29,30,-1,11,30,12,-1,12,30,28,-1,12,28,13,-1,11,9,29,-1,29,9,31,-1,4,32,33,-1,4,33,8,-1,8,33,31,-1,8,31,9,-1,4,0,32,-1,32,0,26,-1,
        ]
    }
}
Shape{
    appearance Appearance {
        material  Material 	{
            diffuseColor 0.2235294117647059 0.2235294117647059 0.2235294117647059
            specularColor 0.06666666666666667 0.06666666666666667 0.06666666666666667
            ambientIntensity 0.2235
            transparency 0.0
            shininess 0.5
        }
    }
    geometry IndexedFaceSet {
        ccw TRUE
        solid FALSE
        coord DEF co Coordinate {
            point [
                -2.938 -0.8386 0.6194, -2.9384 -0.8386 0.6194, -2.9369 -0.8386 0.6138, -2.9394 -0.8386 0.6141, -2.9359 -0.8386 0.6101, -2.9406 -0.8386 0.6101, -2.9157 -0.8386 0.5546, -2.9605 -0.8386 0.5546
            ]
        }
        coordIndex [
            0,1,2,-1,2,1,3,-1,2,3,4,-1,4,3,5,-1,4,5,6,-1,6,5,7,-1,
        ]
    }
}
Shape{
    appearance Appearance {
        material  Material 	{
            diffuseColor 1.0 1.0 1.0
            specularColor 0.5019607843137255 0.5019607843137255 0.5019607843137255
            ambientIntensity 1.0
            transparency 0.0
            shininess 0.5
        }
    }
    geometry IndexedFaceSet {
        ccw TRUE
        solid FALSE
        coord DEF co Coordinate {
            point [
                -3.3416 -0.8425 0.3066, -3.3416 -0.8425 0.2913, -3.3416 -0.8386 0.3066, -3.3416 -0.8386 0.2913, -3.3961 -0.8425 0.3066, -3.3961 -0.8386 0.3066, -3.3961 -0.8425 0.3515, -3.3961 -0.8386 0.3515, -3.3484 -0.8425 0.3515, -3.3484 -0.8386 0.3515, -3.3484 -0.8425 0.3667, -3.3484 -0.8386 0.3667, -3.3961 -0.8425 0.3667, -3.3961 -0.8386 0.3667, -3.3961 -0.8425 0.4094, -3.3961 -0.8386 0.4094, -3.3446 -0.8425 0.4094, -3.3446 -0.8386 0.4094, -3.3446 -0.8425 0.4248, -3.3446 -0.8386 0.4248, -3.4133 -0.8425 0.4248, -3.4133 -0.8386 0.4248, -3.4133 -0.8425 0.2913, -3.4133 -0.8386 0.2913, -3.2657 -0.8425 0.2913, -3.249 -0.8425 0.2913, -3.2657 -0.8425 0.3061, -3.249 -0.8425 0.3527, -3.2657 -0.8425 0.3519, -3.3021 -0.8425 0.3319, -3.2982 -0.8425 0.3338, -3.2661 -0.8425 0.3061, -3.275 -0.8425 0.3085, -3.2688 -0.8425 0.302, -3.2797 -0.8425 0.3054, -3.288 -0.8425 0.3362, -3.2657 -0.8425 0.3392, -3.2657 -0.8425 0.33, -3.2657 -0.8425 0.3289, -3.2668 -0.8425 0.3215, -3.2692 -0.8425 0.3155, -3.2729 -0.8425 0.3106, -3.2663 -0.8425 0.3593, -3.2503 -0.8425 0.3654, -3.268 -0.8425 0.3653, -3.2529 -0.8425 0.373, -3.27 -0.8425 0.3687, -3.2563 -0.8425 0.3784, -3.2725 -0.8425 0.3714, -3.2608 -0.8425 0.3827, -3.2755 -0.8425 0.3733, -3.2664 -0.8425 0.3858, -3.2793 -0.8425 0.3747, -3.2734 -0.8425 0.3879, -3.285 -0.8425 0.3753, -3.2834 -0.8425 0.3888, -3.2955 -0.8425 0.3741, -3.3003 -0.8425 0.3868, -3.306 -0.8425 0.3704, -3.3127 -0.8425 0.382, -3.3162 -0.8425 0.3637, -3.3162 -0.8425 0.38, -3.3052 -0.8425 0.3085, -3.3174 -0.8425 0.2966, -3.3038 -0.8425 0.3071, -3.3117 -0.8425 0.2927, -3.3004 -0.8425 0.3048, -3.3053 -0.8425 0.2903, -3.2967 -0.8425 0.3034, -3.2953 -0.8425 0.2891, -3.291 -0.8425 0.3028, -3.2867 -0.8425 0.2901, -3.2847 -0.8425 0.3035, -3.2799 -0.8425 0.2925, -3.2741 -0.8425 0.2964, -3.3085 -0.8425 0.3209, -3.3255 -0.8425 0.319, -3.3086 -0.8425 0.3182, -3.3256 -0.8425 0.3169, -3.3082 -0.8425 0.3144, -3.3247 -0.8425 0.3093, -3.3071 -0.8425 0.3114, -3.3227 -0.8425 0.3036, -3.3192 -0.8425 0.2985, -3.2939 -0.8425 0.348, -3.3065 -0.8425 0.3449, -3.3042 -0.8425 0.3303, -3.3136 -0.8425 0.3413, -3.3062 -0.8425 0.3278, -3.3188 -0.8425 0.3368, -3.3076 -0.8425 0.3247, -3.3221 -0.8425 0.332, -3.3244 -0.8425 0.3262, -3.2834 -0.8386 0.3888, -3.3003 -0.8386 0.3868, -3.3127 -0.8386 0.382, -3.3162 -0.8386 0.38, -3.3162 -0.8386 0.3637, -3.306 -0.8386 0.3704, -3.2955 -0.8386 0.3741, -3.285 -0.8386 0.3753, -3.2793 -0.8386 0.3747, -3.2755 -0.8386 0.3733, -3.2725 -0.8386 0.3714, -3.27 -0.8386 0.3687, -3.268 -0.8386 0.3653, -3.2663 -0.8386 0.3593, -3.2657 -0.8386 0.3519, -3.2939 -0.8386 0.348, -3.3065 -0.8386 0.3449, -3.3136 -0.8386 0.3413, -3.3188 -0.8386 0.3368, -3.3221 -0.8386 0.332, -3.3244 -0.8386 0.3262, -3.3255 -0.8386 0.319, -3.3256 -0.8386 0.3169, -3.3247 -0.8386 0.3093, -3.3227 -0.8386 0.3036, -3.3192 -0.8386 0.2985, -3.3174 -0.8386 0.2966, -3.2953 -0.8386 0.2891, -3.305 -0.8386 0.2902, -3.3053 -0.8386 0.2903, -3.3117 -0.8386 0.2927, -3.2867 -0.8386 0.2901, -3.2862 -0.8386 0.2902, -3.2799 -0.8386 0.2925, -3.2741 -0.8386 0.2964, -3.2688 -0.8386 0.302, -3.2661 -0.8386 0.3061, -3.2657 -0.8386 0.3061, -3.2657 -0.8386 0.2913, -3.249 -0.8386 0.2913, -3.249 -0.8386 0.3527, -3.2503 -0.8386 0.3654, -3.2529 -0.8386 0.373, -3.2563 -0.8386 0.3784, -3.2608 -0.8386 0.3827, -3.2664 -0.8386 0.3858, -3.2734 -0.8386 0.3879, -3.3042 -0.8386 0.3303, -3.3021 -0.8386 0.3319, -3.2982 -0.8386 0.3338, -3.288 -0.8386 0.3362, -3.3086 -0.8386 0.3182, -3.3085 -0.8386 0.3209, -3.3076 -0.8386 0.3247, -3.3062 -0.8386 0.3278, -3.3038 -0.8386 0.3071, -3.3052 -0.8386 0.3085, -3.3071 -0.8386 0.3114, -3.3082 -0.8386 0.3144, -3.291 -0.8386 0.3028, -3.2967 -0.8386 0.3034, -3.3004 -0.8386 0.3048, -3.2729 -0.8386 0.3106, -3.275 -0.8386 0.3085, -3.2797 -0.8386 0.3054, -3.2847 -0.8386 0.3035, -3.2657 -0.8386 0.33, -3.2657 -0.8386 0.3289, -3.2668 -0.8386 0.3215, -3.2692 -0.8386 0.3155, -3.2657 -0.8386 0.3392
            ]
        }
        coordIndex [
            0,1,2,-1,2,1,3,-1,4,0,5,-1,5,0,2,-1,6,4,7,-1,7,4,5,-1,8,6,9,-1,9,6,7,-1,10,8,11,-1,11,8,9,-1,12,10,13,-1,13,10,11,-1,14,12,15,-1,15,12,13,-1,16,14,17,-1,17,14,15,-1,18,16,19,-1,19,16,17,-1,20,18,21,-1,21,18,19,-1,22,20,23,-1,23,20,21,-1,1,22,3,-1,3,22,23,-1,22,1,0,-1,0,4,22,-1,22,4,6,-1,22,6,20,-1,16,18,14,-1,14,18,20,-1,14,20,12,-1,12,20,6,-1,12,6,10,-1,10,6,8,-1,24,25,26,-1,26,25,27,-1,28,29,30,-1,31,32,33,-1,33,32,34,-1,35,36,27,-1,27,36,37,-1,37,38,27,-1,27,38,39,-1,27,39,26,-1,26,39,40,-1,26,40,31,-1,31,40,41,-1,31,41,32,-1,30,35,28,-1,28,35,27,-1,28,27,42,-1,42,27,43,-1,42,43,44,-1,44,43,45,-1,44,45,46,-1,46,45,47,-1,46,47,48,-1,48,47,49,-1,48,49,50,-1,50,49,51,-1,50,51,52,-1,52,51,53,-1,52,53,54,-1,54,53,55,-1,54,55,56,-1,56,55,57,-1,56,57,58,-1,58,57,59,-1,58,59,60,-1,60,59,61,-1,62,63,64,-1,64,63,65,-1,64,65,66,-1,66,65,67,-1,66,67,68,-1,68,67,69,-1,68,69,70,-1,70,69,71,-1,70,71,72,-1,72,71,73,-1,72,73,34,-1,34,73,74,-1,34,74,33,-1,75,76,77,-1,77,76,78,-1,77,78,79,-1,79,78,80,-1,79,80,81,-1,81,80,82,-1,81,82,62,-1,62,82,83,-1,62,83,63,-1,28,84,29,-1,29,84,85,-1,29,85,86,-1,86,85,87,-1,86,87,88,-1,88,87,89,-1,88,89,90,-1,90,89,91,-1,90,91,75,-1,75,91,92,-1,75,92,76,-1,55,93,94,-1,55,94,57,-1,57,94,95,-1,57,95,59,-1,59,95,96,-1,59,96,61,-1,60,61,97,-1,97,61,96,-1,60,97,98,-1,60,98,58,-1,58,98,99,-1,58,99,56,-1,56,99,100,-1,56,100,54,-1,54,100,101,-1,54,101,52,-1,52,101,102,-1,52,102,50,-1,50,102,103,-1,50,103,48,-1,48,103,104,-1,48,104,46,-1,46,104,105,-1,46,105,44,-1,44,105,106,-1,44,106,42,-1,42,106,107,-1,42,107,28,-1,84,28,108,-1,108,28,107,-1,84,108,109,-1,84,109,85,-1,85,109,110,-1,85,110,87,-1,87,110,111,-1,87,111,89,-1,89,111,112,-1,89,112,91,-1,91,112,113,-1,91,113,92,-1,92,113,114,-1,92,114,76,-1,76,114,115,-1,76,115,78,-1,78,115,116,-1,78,116,80,-1,80,116,117,-1,80,117,82,-1,82,117,118,-1,82,118,83,-1,83,118,119,-1,83,119,63,-1,120,69,121,-1,121,69,67,-1,121,67,122,-1,122,67,65,-1,122,65,123,-1,123,65,63,-1,123,63,119,-1,69,120,124,-1,69,124,71,-1,71,124,125,-1,71,125,73,-1,125,126,73,-1,73,126,127,-1,73,127,74,-1,74,127,128,-1,74,128,33,-1,33,128,129,-1,33,129,31,-1,26,31,130,-1,130,31,129,-1,24,26,131,-1,131,26,130,-1,25,24,132,-1,132,24,131,-1,27,25,133,-1,133,25,132,-1,27,133,134,-1,27,134,43,-1,43,134,135,-1,43,135,45,-1,45,135,136,-1,45,136,47,-1,47,136,137,-1,47,137,49,-1,49,137,138,-1,49,138,51,-1,51,138,139,-1,51,139,53,-1,53,139,93,-1,53,93,55,-1,86,140,141,-1,86,141,29,-1,29,141,142,-1,29,142,30,-1,30,142,143,-1,30,143,35,-1,77,144,145,-1,77,145,75,-1,75,145,146,-1,75,146,90,-1,90,146,147,-1,90,147,88,-1,88,147,140,-1,88,140,86,-1,64,148,149,-1,64,149,62,-1,62,149,150,-1,62,150,81,-1,81,150,151,-1,81,151,79,-1,79,151,144,-1,79,144,77,-1,70,152,153,-1,70,153,68,-1,68,153,154,-1,68,154,66,-1,66,154,148,-1,66,148,64,-1,41,155,156,-1,41,156,32,-1,32,156,157,-1,32,157,34,-1,34,157,158,-1,34,158,72,-1,72,158,152,-1,72,152,70,-1,37,159,160,-1,37,160,38,-1,38,160,161,-1,38,161,39,-1,39,161,162,-1,39,162,40,-1,40,162,155,-1,40,155,41,-1,37,36,159,-1,159,36,163,-1,36,35,163,-1,163,35,143,-1,
        ]
    }
}
Shape{
    appearance Appearance {
        material  Material 	{
            diffuseColor 0.2235294117647059 0.2235294117647059 0.2235294117647059
            specularColor 0.06666666666666667 0.06666666666666667 0.06666666666666667
            ambientIntensity 0.2235
            transparency 0.0
            shininess 0.5
        }
    }
    geometry IndexedFaceSet {
        ccw TRUE
        solid FALSE
        coord DEF co Coordinate {
            point [
                -3.2657 -0.8386 0.3289, -3.2657 -0.8386 0.33, -3.3042 -0.8386 0.3303, -3.2657 -0.8386 0.3392, -3.288 -0.8386 0.3362, -3.2982 -0.8386 0.3338, -3.3021 -0.8386 0.3319, -3.2668 -0.8386 0.3215, -3.3062 -0.8386 0.3278, -3.2692 -0.8386 0.3155, -3.3052 -0.8386 0.3085, -3.3038 -0.8386 0.3071, -3.275 -0.8386 0.3085, -3.3071 -0.8386 0.3114, -3.2797 -0.8386 0.3054, -3.2847 -0.8386 0.3035, -3.291 -0.8386 0.3028, -3.3076 -0.8386 0.3247, -3.3085 -0.8386 0.3209, -3.2729 -0.8386 0.3106, -3.3086 -0.8386 0.3182, -3.3082 -0.8386 0.3144, -3.3004 -0.8386 0.3048, -3.2967 -0.8386 0.3034
            ]
        }
        coordIndex [
            0,1,2,-1,1,3,4,-1,4,5,1,-1,1,5,6,-1,1,6,2,-1,0,2,7,-1,7,2,8,-1,7,8,9,-1,10,11,12,-1,10,12,13,-1,14,12,15,-1,15,12,16,-1,8,17,9,-1,9,17,18,-1,9,18,19,-1,19,18,20,-1,19,20,12,-1,12,20,21,-1,12,21,13,-1,11,22,12,-1,12,22,23,-1,12,23,16,-1,
        ]
    }
}
Shape{
    appearance Appearance {
        material  Material 	{
            diffuseColor 1.0 1.0 1.0
            specularColor 0.5019607843137255 0.5019607843137255 0.5019607843137255
            ambientIntensity 1.0
            transparency 0.0
            shininess 0.5
        }
    }
    geometry IndexedFaceSet {
        ccw TRUE
        solid FALSE
        coord DEF co Coordinate {
            point [
                -3.2263 -0.8386 0.312, -3.2263 -0.8425 0.312, -3.22 -0.8425 0.308, -3.1988 -0.8425 0.3027, -3.1988 -0.8386 0.3027, -3.2096 -0.8386 0.304, -3.2096 -0.8425 0.304, -3.2186 -0.8386 0.3075, -3.22 -0.8386 0.308, -3.2263 -0.8425 0.2947, -3.2263 -0.8386 0.2947, -3.2157 -0.8425 0.2908, -3.2186 -0.8386 0.2919, -3.2005 -0.8386 0.2891, -3.2005 -0.8425 0.2891, -3.2104 -0.8386 0.2902, -3.2157 -0.8386 0.2908, -3.1893 -0.8386 0.2902, -3.1874 -0.8425 0.2904, -3.1874 -0.8386 0.2904, -3.1781 -0.8386 0.2935, -3.1781 -0.8425 0.2935, -3.1727 -0.8386 0.2967, -3.1727 -0.8425 0.2967, -3.1679 -0.8386 0.3009, -3.1679 -0.8425 0.3009, -3.1648 -0.8386 0.3053, -3.1648 -0.8425 0.3053, -3.1628 -0.8386 0.3106, -3.1628 -0.8425 0.3106, -3.162 -0.8386 0.3173, -3.162 -0.8425 0.3173, -3.1626 -0.8386 0.3235, -3.1626 -0.8425 0.3235, -3.1644 -0.8386 0.3284, -3.1644 -0.8425 0.3284, -3.1676 -0.8386 0.333, -3.1676 -0.8425 0.333, -3.1715 -0.8386 0.3366, -3.1715 -0.8425 0.3366, -3.1826 -0.8386 0.3428, -3.1826 -0.8425 0.3428, -3.1891 -0.8386 0.3454, -3.1891 -0.8425 0.3454, -3.1995 -0.8386 0.3499, -3.1995 -0.8425 0.3499, -3.2053 -0.8386 0.3536, -3.2053 -0.8425 0.3536, -3.207 -0.8386 0.3554, -3.207 -0.8425 0.3554, -3.2082 -0.8386 0.3576, -3.2082 -0.8425 0.3576, -3.2088 -0.8386 0.3602, -3.2088 -0.8425 0.3602, -3.209 -0.8386 0.3624, -3.209 -0.8425 0.3624, -3.2087 -0.8386 0.3651, -3.2087 -0.8425 0.3651, -3.2079 -0.8386 0.3674, -3.2079 -0.8425 0.3674, -3.2064 -0.8386 0.3695, -3.2064 -0.8425 0.3695, -3.2039 -0.8386 0.3717, -3.2039 -0.8425 0.3717, -3.2002 -0.8386 0.3737, -3.2002 -0.8425 0.3737, -3.1957 -0.8386 0.3749, -3.1957 -0.8425 0.3749, -3.1907 -0.8386 0.3753, -3.1907 -0.8425 0.3753, -3.1796 -0.8386 0.374, -3.1796 -0.8425 0.374, -3.1702 -0.8386 0.3705, -3.1702 -0.8425 0.3705, -3.1665 -0.8386 0.3684, -3.1665 -0.8425 0.3684, -3.1665 -0.8425 0.3846, -3.1665 -0.8386 0.3846, -3.1778 -0.8386 0.3879, -3.1778 -0.8425 0.3879, -3.1891 -0.8386 0.3888, -3.1891 -0.8425 0.3888, -3.2013 -0.8386 0.3875, -3.2013 -0.8425 0.3875, -3.2105 -0.8386 0.3843, -3.2105 -0.8425 0.3843, -3.2155 -0.8386 0.3813, -3.2155 -0.8425 0.3813, -3.2205 -0.8425 0.3768, -3.2186 -0.8386 0.3785, -3.2205 -0.8386 0.3768, -3.2236 -0.8386 0.3723, -3.2236 -0.8425 0.3723, -3.2256 -0.8386 0.3669, -3.2256 -0.8425 0.3669, -3.2262 -0.8386 0.3609, -3.2262 -0.8425 0.3609, -3.2255 -0.8386 0.3544, -3.2255 -0.8425 0.3544, -3.2237 -0.8386 0.3493, -3.2237 -0.8425 0.3493, -3.2215 -0.8386 0.3459, -3.2215 -0.8425 0.3459, -3.2009 -0.8386 0.3332, -3.2009 -0.8425 0.3332, -3.2109 -0.8425 0.3378, -3.2187 -0.8386 0.343, -3.2187 -0.8425 0.343, -3.2186 -0.8386 0.3429, -3.2109 -0.8386 0.3378, -3.1899 -0.8386 0.3286, -3.1899 -0.8425 0.3286, -3.1834 -0.8386 0.3247, -3.1834 -0.8425 0.3247, -3.1813 -0.8386 0.3225, -3.1813 -0.8425 0.3225, -3.18 -0.8386 0.3203, -3.18 -0.8425 0.3203, -3.1793 -0.8386 0.3177, -3.1793 -0.8425 0.3177, -3.1791 -0.8386 0.3156, -3.1791 -0.8425 0.3156, -3.1795 -0.8386 0.3124, -3.1795 -0.8425 0.3124, -3.1803 -0.8386 0.3101, -3.1803 -0.8425 0.3101, -3.1818 -0.8386 0.3079, -3.1818 -0.8425 0.3079, -3.1837 -0.8386 0.3062, -3.1837 -0.8425 0.3062, -3.1852 -0.8386 0.3053, -3.1852 -0.8425 0.3053, -3.1895 -0.8386 0.3037, -3.1895 -0.8425 0.3037, -3.1981 -0.8386 0.3027, -3.1981 -0.8425 0.3027, -3.0791 -0.8425 0.3867, -3.0618 -0.8425 0.3867, -3.0791 -0.8386 0.3867, -3.0618 -0.8386 0.3867, -3.1051 -0.8425 0.3149, -3.1051 -0.8386 0.3149, -3.1064 -0.8386 0.3104, -3.1064 -0.8425 0.3104, -3.1072 -0.8386 0.3072, -3.1072 -0.8425 0.3072, -3.1076 -0.8425 0.3072, -3.1076 -0.8386 0.3072, -3.1097 -0.8425 0.315, -3.1097 -0.8386 0.315, -3.1346 -0.8386 0.3867, -3.1346 -0.8425 0.3867, -3.1265 -0.8386 0.3634, -3.1533 -0.8425 0.3867, -3.1533 -0.8386 0.3867, -3.1159 -0.8386 0.2916, -3.1159 -0.8425 0.2916, -3.1265 -0.8386 0.3186, -3.1232 -0.8386 0.2742, -3.1232 -0.8425 0.2742, -3.1164 -0.8386 0.2902, -3.1265 -0.8386 0.2682, -3.1265 -0.8425 0.2682, -3.1296 -0.8386 0.2647, -3.1296 -0.8425 0.2647, -3.1326 -0.8386 0.2626, -3.1326 -0.8425 0.2626, -3.1362 -0.8386 0.2613, -3.1362 -0.8425 0.2613, -3.1403 -0.8386 0.2608, -3.1403 -0.8425 0.2608, -3.1464 -0.8386 0.2616, -3.1464 -0.8425 0.2616, -3.1498 -0.8386 0.2627, -3.1498 -0.8425 0.2627, -3.1498 -0.8425 0.2478, -3.1498 -0.8386 0.2478, -3.1427 -0.8386 0.2466, -3.1427 -0.8425 0.2466, -3.139 -0.8386 0.2465, -3.139 -0.8425 0.2465, -3.1323 -0.8386 0.2472, -3.1323 -0.8425 0.2472, -3.1265 -0.8386 0.2494, -3.1257 -0.8425 0.2497, -3.1257 -0.8386 0.2497, -3.1198 -0.8386 0.2538, -3.1198 -0.8425 0.2538, -3.1187 -0.8386 0.2549, -3.1187 -0.8425 0.2549, -3.1126 -0.8386 0.2622, -3.1126 -0.8425 0.2622, -3.105 -0.8386 0.277, -3.105 -0.8425 0.277, -3.0998 -0.8386 0.2902, -2.972 -0.8425 0.3066, -2.972 -0.8425 0.2913, -2.972 -0.8386 0.3066, -2.972 -0.8386 0.2913, -3.0265 -0.8386 0.3066, -3.0265 -0.8425 0.3066, -3.0015 -0.8386 0.3066, -3.0265 -0.8425 0.3515, -3.0265 -0.8386 0.3515, -2.9788 -0.8386 0.3515, -2.9788 -0.8425 0.3515, -3.0015 -0.8386 0.3515, -2.9788 -0.8425 0.3667, -2.9788 -0.8386 0.3667, -3.0265 -0.8386 0.3667, -3.0265 -0.8425 0.3667, -3.0015 -0.8386 0.3667, -3.0265 -0.8425 0.4094, -3.0265 -0.8386 0.4094, -2.975 -0.8386 0.4094, -2.975 -0.8425 0.4094, -3.0015 -0.8386 0.4094, -2.975 -0.8425 0.4248, -2.975 -0.8386 0.4248, -3.0438 -0.8386 0.4248, -3.0438 -0.8425 0.4248, -3.0015 -0.8386 0.4248, -3.0438 -0.8425 0.2913, -3.0438 -0.8386 0.2913, -3.0015 -0.8386 0.2913, -2.8639 -0.8425 0.3286, -2.8705 -0.8425 0.3205, -2.8583 -0.8425 0.31, -2.8721 -0.8425 0.319, -2.8723 -0.8425 0.3, -2.8807 -0.8425 0.313, -2.8875 -0.8425 0.2941, -2.8918 -0.8425 0.3087, -2.9101 -0.8425 0.2913, -2.9102 -0.8425 0.3066, -2.9468 -0.8425 0.2913, -2.9295 -0.8425 0.3066, -2.9468 -0.8425 0.4248, -2.9295 -0.8425 0.4094, -2.9087 -0.8425 0.4248, -2.9094 -0.8425 0.4094, -2.8883 -0.8425 0.4225, -2.8915 -0.8425 0.4074, -2.8722 -0.8425 0.4167, -2.88 -0.8425 0.4031, -2.8583 -0.8425 0.4071, -2.8709 -0.8425 0.3969, -2.8535 -0.8425 0.4025, -2.8671 -0.8425 0.3932, -2.8452 -0.8425 0.3908, -2.8619 -0.8425 0.3857, -2.8403 -0.8425 0.3781, -2.8582 -0.8425 0.3759, -2.8381 -0.8425 0.3598, -2.8562 -0.8425 0.3593, -2.8385 -0.8425 0.3513, -2.8567 -0.8425 0.3507, -2.8418 -0.8425 0.3356, -2.8593 -0.8425 0.3385, -2.8483 -0.8425 0.3218, -2.9101 -0.8386 0.2913, -2.9468 -0.8386 0.2913, -2.8875 -0.8386 0.2941, -2.8723 -0.8386 0.3, -2.8583 -0.8386 0.31, -2.8483 -0.8386 0.3218, -2.8418 -0.8386 0.3356, -2.8385 -0.8386 0.3513, -2.8381 -0.8386 0.3598, -2.8403 -0.8386 0.3781, -2.8452 -0.8386 0.3908, -2.8535 -0.8386 0.4025, -2.8583 -0.8386 0.4071, -2.8722 -0.8386 0.4167, -2.8883 -0.8386 0.4225, -2.9087 -0.8386 0.4248, -2.9468 -0.8386 0.4248, -2.9094 -0.8386 0.4094, -2.9295 -0.8386 0.4094, -2.9295 -0.8386 0.3066, -2.9102 -0.8386 0.3066, -2.8705 -0.8386 0.3205, -2.8721 -0.8386 0.319, -2.8807 -0.8386 0.313, -2.8918 -0.8386 0.3087, -2.8562 -0.8386 0.3593, -2.8567 -0.8386 0.3507, -2.8593 -0.8386 0.3385, -2.8639 -0.8386 0.3286, -2.8709 -0.8386 0.3969, -2.8671 -0.8386 0.3932, -2.8619 -0.8386 0.3857, -2.8582 -0.8386 0.3759, -2.8915 -0.8386 0.4074, -2.88 -0.8386 0.4031
            ]
        }
        coordIndex [
            0,1,2,-1,3,4,5,-1,3,5,6,-1,6,5,7,-1,6,7,2,-1,2,7,8,-1,2,8,0,-1,9,1,10,-1,10,1,0,-1,9,10,11,-1,11,10,12,-1,13,14,15,-1,15,14,11,-1,15,11,16,-1,16,11,12,-1,13,17,14,-1,14,17,18,-1,17,19,18,-1,18,19,20,-1,18,20,21,-1,21,20,22,-1,21,22,23,-1,23,22,24,-1,23,24,25,-1,25,24,26,-1,25,26,27,-1,27,26,28,-1,27,28,29,-1,29,28,30,-1,29,30,31,-1,31,30,32,-1,31,32,33,-1,33,32,34,-1,33,34,35,-1,35,34,36,-1,35,36,37,-1,37,36,38,-1,37,38,39,-1,39,38,40,-1,39,40,41,-1,41,40,42,-1,41,42,43,-1,43,42,44,-1,43,44,45,-1,45,44,46,-1,45,46,47,-1,47,46,48,-1,47,48,49,-1,49,48,50,-1,49,50,51,-1,51,50,52,-1,51,52,53,-1,53,52,54,-1,53,54,55,-1,55,54,56,-1,55,56,57,-1,57,56,58,-1,57,58,59,-1,59,58,60,-1,59,60,61,-1,61,60,62,-1,61,62,63,-1,63,62,64,-1,63,64,65,-1,65,64,66,-1,65,66,67,-1,67,66,68,-1,67,68,69,-1,69,68,70,-1,69,70,71,-1,71,70,72,-1,71,72,73,-1,73,72,74,-1,73,74,75,-1,76,75,77,-1,77,75,74,-1,76,77,78,-1,76,78,79,-1,79,78,80,-1,79,80,81,-1,81,80,82,-1,81,82,83,-1,83,82,84,-1,83,84,85,-1,85,84,86,-1,85,86,87,-1,87,86,88,-1,88,86,89,-1,89,90,88,-1,88,90,91,-1,88,91,92,-1,92,91,93,-1,92,93,94,-1,94,93,95,-1,94,95,96,-1,96,95,97,-1,96,97,98,-1,98,97,99,-1,98,99,100,-1,100,99,101,-1,100,101,102,-1,103,104,105,-1,102,101,106,-1,102,106,107,-1,107,106,108,-1,107,108,105,-1,105,108,109,-1,105,109,103,-1,104,103,110,-1,104,110,111,-1,111,110,112,-1,111,112,113,-1,113,112,114,-1,113,114,115,-1,115,114,116,-1,115,116,117,-1,117,116,118,-1,117,118,119,-1,119,118,120,-1,119,120,121,-1,121,120,122,-1,121,122,123,-1,123,122,124,-1,123,124,125,-1,125,124,126,-1,125,126,127,-1,127,126,128,-1,127,128,129,-1,129,128,130,-1,129,130,131,-1,131,130,132,-1,131,132,133,-1,133,132,134,-1,133,134,135,-1,135,134,4,-1,135,4,3,-1,61,63,85,-1,85,63,83,-1,111,43,104,-1,104,43,45,-1,21,23,127,-1,127,23,25,-1,127,25,125,-1,125,25,27,-1,125,27,123,-1,123,27,29,-1,123,29,121,-1,121,29,31,-1,121,31,119,-1,119,31,33,-1,119,33,117,-1,117,33,35,-1,117,35,115,-1,115,35,37,-1,115,37,113,-1,113,37,39,-1,113,39,111,-1,111,39,41,-1,111,41,43,-1,14,3,11,-1,11,3,6,-1,11,6,9,-1,9,6,2,-1,9,2,1,-1,63,65,83,-1,83,65,67,-1,83,67,81,-1,81,67,69,-1,81,69,79,-1,79,69,71,-1,79,71,76,-1,76,71,73,-1,76,73,75,-1,127,129,21,-1,21,129,131,-1,21,131,18,-1,18,131,133,-1,18,133,14,-1,14,133,135,-1,14,135,3,-1,85,87,61,-1,61,87,88,-1,61,88,59,-1,59,88,92,-1,59,92,57,-1,57,92,94,-1,57,94,55,-1,55,94,96,-1,55,96,53,-1,53,96,98,-1,53,98,51,-1,51,98,100,-1,51,100,49,-1,49,100,102,-1,49,102,47,-1,47,102,107,-1,47,107,45,-1,45,107,105,-1,45,105,104,-1,136,137,138,-1,138,137,139,-1,140,136,141,-1,141,136,138,-1,140,141,142,-1,140,142,143,-1,143,142,144,-1,143,144,145,-1,146,145,147,-1,147,145,144,-1,148,146,149,-1,149,146,147,-1,150,151,152,-1,152,151,148,-1,152,148,149,-1,153,151,154,-1,154,151,150,-1,155,156,157,-1,157,156,153,-1,157,153,154,-1,158,159,160,-1,160,159,156,-1,160,156,155,-1,159,158,161,-1,159,161,162,-1,162,161,163,-1,162,163,164,-1,164,163,165,-1,164,165,166,-1,166,165,167,-1,166,167,168,-1,168,167,169,-1,168,169,170,-1,170,169,171,-1,170,171,172,-1,172,171,173,-1,172,173,174,-1,175,174,176,-1,176,174,173,-1,175,176,177,-1,175,177,178,-1,178,177,179,-1,178,179,180,-1,180,179,181,-1,180,181,182,-1,182,181,183,-1,182,183,184,-1,183,185,184,-1,184,185,186,-1,184,186,187,-1,187,186,188,-1,187,188,189,-1,189,188,190,-1,189,190,191,-1,191,190,192,-1,191,192,193,-1,139,137,194,-1,194,137,193,-1,194,193,192,-1,143,145,193,-1,137,136,193,-1,193,136,140,-1,193,140,143,-1,151,153,148,-1,148,153,156,-1,148,156,146,-1,174,175,172,-1,172,175,178,-1,172,178,170,-1,170,178,180,-1,170,180,168,-1,168,180,182,-1,168,182,166,-1,166,182,184,-1,166,184,164,-1,191,162,189,-1,189,162,164,-1,189,164,187,-1,187,164,184,-1,145,146,193,-1,193,146,156,-1,193,156,191,-1,191,156,159,-1,191,159,162,-1,195,196,197,-1,197,196,198,-1,199,200,201,-1,201,200,195,-1,201,195,197,-1,202,200,203,-1,203,200,199,-1,204,205,206,-1,206,205,202,-1,206,202,203,-1,207,205,208,-1,208,205,204,-1,209,210,211,-1,211,210,207,-1,211,207,208,-1,212,210,213,-1,213,210,209,-1,214,215,216,-1,216,215,212,-1,216,212,213,-1,217,215,218,-1,218,215,214,-1,219,220,221,-1,221,220,217,-1,221,217,218,-1,222,220,223,-1,223,220,219,-1,198,196,224,-1,224,196,222,-1,224,222,223,-1,196,195,222,-1,222,195,200,-1,205,207,202,-1,202,207,210,-1,215,217,212,-1,212,217,220,-1,212,220,210,-1,210,220,222,-1,210,222,202,-1,202,222,200,-1,225,226,227,-1,227,226,228,-1,227,228,229,-1,229,228,230,-1,229,230,231,-1,231,230,232,-1,231,232,233,-1,233,232,234,-1,233,234,235,-1,235,234,236,-1,235,236,237,-1,237,236,238,-1,237,238,239,-1,239,238,240,-1,239,240,241,-1,241,240,242,-1,241,242,243,-1,243,242,244,-1,243,244,245,-1,245,244,246,-1,245,246,247,-1,247,246,248,-1,247,248,249,-1,249,248,250,-1,249,250,251,-1,251,250,252,-1,251,252,253,-1,253,252,254,-1,253,254,255,-1,255,254,256,-1,255,256,257,-1,257,256,258,-1,257,258,259,-1,259,258,225,-1,259,225,227,-1,233,235,260,-1,260,235,261,-1,233,260,262,-1,233,262,231,-1,231,262,263,-1,231,263,229,-1,229,263,264,-1,229,264,227,-1,227,264,265,-1,227,265,259,-1,259,265,266,-1,259,266,257,-1,257,266,267,-1,257,267,255,-1,255,267,268,-1,255,268,253,-1,253,268,269,-1,253,269,251,-1,251,269,270,-1,251,270,249,-1,249,270,271,-1,249,271,247,-1,247,271,272,-1,247,272,245,-1,245,272,273,-1,245,273,243,-1,243,273,274,-1,243,274,241,-1,241,274,275,-1,241,275,239,-1,237,239,276,-1,276,239,275,-1,235,237,261,-1,261,237,276,-1,240,238,277,-1,277,238,278,-1,238,236,278,-1,278,236,279,-1,236,234,279,-1,279,234,280,-1,226,281,282,-1,226,282,228,-1,228,282,283,-1,228,283,230,-1,230,283,284,-1,230,284,232,-1,232,284,280,-1,232,280,234,-1,254,285,286,-1,254,286,256,-1,256,286,287,-1,256,287,258,-1,258,287,288,-1,258,288,225,-1,225,288,281,-1,225,281,226,-1,246,289,290,-1,246,290,248,-1,248,290,291,-1,248,291,250,-1,250,291,292,-1,250,292,252,-1,252,292,285,-1,252,285,254,-1,240,277,293,-1,240,293,242,-1,242,293,294,-1,242,294,244,-1,244,294,289,-1,244,289,246,-1,
        ]
    }
}
Shape{
    appearance Appearance {
        material  Material 	{
            diffuseColor 0.2235294117647059 0.2235294117647059 0.2235294117647059
            specularColor 0.06666666666666667 0.06666666666666667 0.06666666666666667
            ambientIntensity 0.2235
            transparency 0.0
            shininess 0.5
        }
    }
    geometry IndexedFaceSet {
        ccw TRUE
        solid FALSE
        coord DEF co Coordinate {
            point [
                -2.9295 -0.8386 0.4094, -2.9295 -0.8386 0.3066, -2.9094 -0.8386 0.4094, -2.9102 -0.8386 0.3066, -2.8918 -0.8386 0.3087, -2.8807 -0.8386 0.313, -2.8721 -0.8386 0.319, -2.8705 -0.8386 0.3205, -2.8639 -0.8386 0.3286, -2.8593 -0.8386 0.3385, -2.8562 -0.8386 0.3593, -2.8709 -0.8386 0.3969, -2.88 -0.8386 0.4031, -2.8582 -0.8386 0.3759, -2.8619 -0.8386 0.3857, -2.8671 -0.8386 0.3932, -2.8567 -0.8386 0.3507, -2.8915 -0.8386 0.4074
            ]
        }
        coordIndex [
            0,1,2,-1,2,1,3,-1,3,4,2,-1,2,4,5,-1,2,5,6,-1,6,7,2,-1,2,7,8,-1,2,8,9,-1,10,11,12,-1,13,14,10,-1,10,14,15,-1,10,15,11,-1,9,16,2,-1,2,16,10,-1,2,10,17,-1,17,10,12,-1,
        ]
    }
}
Shape{
    appearance Appearance {
        material  Material 	{
            diffuseColor 1.0 1.0 1.0
            specularColor 0.5019607843137255 0.5019607843137255 0.5019607843137255
            ambientIntensity 1.0
            transparency 0.0
            shininess 0.5
        }
    }
    geometry IndexedFaceSet {
        ccw TRUE
        solid FALSE
        coord DEF co Coordinate {
            point [
                -2.7934 -0.8425 0.3429, -2.7989 -0.8425 0.3278, -2.7486 -0.8425 0.3429, -2.7433 -0.8425 0.3278, -2.7734 -0.8425 0.3984, -2.7799 -0.8425 0.4248, -2.8307 -0.8425 0.2913, -2.8117 -0.8425 0.2913, -2.7723 -0.8425 0.4024, -2.7713 -0.8425 0.4077, -2.7615 -0.8425 0.4248, -2.7709 -0.8425 0.4077, -2.7698 -0.8425 0.4021, -2.7688 -0.8425 0.3984, -2.7106 -0.8425 0.2913, -2.7297 -0.8425 0.2913, -2.7615 -0.8386 0.4248, -2.7106 -0.8386 0.2913, -2.7799 -0.8386 0.4248, -2.8307 -0.8386 0.2913, -2.8117 -0.8386 0.2913, -2.7989 -0.8386 0.3278, -2.7433 -0.8386 0.3278, -2.7297 -0.8386 0.2913, -2.7934 -0.8386 0.3429, -2.7486 -0.8386 0.3429, -2.7688 -0.8386 0.3984, -2.7709 -0.8386 0.4077, -2.7698 -0.8386 0.4021, -2.7713 -0.8386 0.4077, -2.7734 -0.8386 0.3984, -2.7723 -0.8386 0.4024
            ]
        }
        coordIndex [
            0,1,2,-1,2,1,3,-1,4,5,0,-1,0,5,6,-1,0,6,1,-1,1,6,7,-1,4,8,5,-1,5,8,9,-1,5,9,10,-1,10,9,11,-1,10,11,12,-1,12,13,10,-1,10,13,2,-1,10,2,14,-1,14,2,3,-1,14,3,15,-1,10,14,16,-1,16,14,17,-1,5,10,18,-1,18,10,16,-1,6,5,19,-1,19,5,18,-1,7,6,20,-1,20,6,19,-1,1,7,21,-1,21,7,20,-1,3,1,22,-1,22,1,21,-1,15,3,23,-1,23,3,22,-1,14,15,17,-1,17,15,23,-1,0,2,24,-1,24,2,25,-1,2,13,25,-1,25,13,26,-1,11,27,28,-1,11,28,12,-1,12,28,26,-1,12,26,13,-1,11,9,27,-1,27,9,29,-1,4,30,31,-1,4,31,8,-1,8,31,29,-1,8,29,9,-1,4,0,30,-1,30,0,24,-1,
        ]
    }
}
Shape{
    appearance Appearance {
        material  Material 	{
            diffuseColor 0.2235294117647059 0.2235294117647059 0.2235294117647059
            specularColor 0.06666666666666667 0.06666666666666667 0.06666666666666667
            ambientIntensity 0.2235
            transparency 0.0
            shininess 0.5
        }
    }
    geometry IndexedFaceSet {
        ccw TRUE
        solid FALSE
        coord DEF co Coordinate {
            point [
                -2.7709 -0.8386 0.4077, -2.7713 -0.8386 0.4077, -2.7698 -0.8386 0.4021, -2.7723 -0.8386 0.4024, -2.7688 -0.8386 0.3984, -2.7734 -0.8386 0.3984, -2.7486 -0.8386 0.3429, -2.7934 -0.8386 0.3429
            ]
        }
        coordIndex [
            0,1,2,-1,2,1,3,-1,2,3,4,-1,4,3,5,-1,4,5,6,-1,6,5,7,-1,
        ]
    }
}
Shape{
    appearance Appearance {
        material  Material 	{
            diffuseColor 1.0 1.0 1.0
            specularColor 0.5019607843137255 0.5019607843137255 0.5019607843137255
            ambientIntensity 1.0
            transparency 0.0
            shininess 0.5
        }
    }
    geometry IndexedFaceSet {
        ccw TRUE
        solid FALSE
        coord DEF co Coordinate {
            point [
                -4.0027 -0.8425 0.2724, -3.9886 -0.8425 0.255, -4.0113 -0.8425 0.3564, -4.0278 -0.8425 0.5212, -4.0066 -0.8425 0.5324, -4.0116 -0.8425 0.5908, -3.9524 -0.8425 0.5936, -3.923 -0.8425 0.5243, -3.9085 -0.8425 0.5543, -4.0319 -0.8425 0.3691, -4.0242 -0.8425 0.2964, -4.0122 -0.8425 0.2928, -3.9743 -0.8425 0.5955, -3.915 -0.8425 0.3583, -3.9062 -0.8425 0.3551, -3.8272 -0.8425 0.3326, -3.8986 -0.8425 0.3499, -3.8925 -0.8425 0.3431, -3.6944 -0.8425 0.4028, -3.7238 -0.8425 0.4531, -3.8509 -0.8425 0.3867, -3.923 -0.8425 0.3592, -3.9323 -0.8425 0.358, -3.9447 -0.8425 0.4162, -3.9406 -0.8425 0.3547, -3.9657 -0.8425 0.4082, -3.948 -0.8425 0.3495, -3.9851 -0.8425 0.3947, -3.9518 -0.8425 0.3455, -4.0008 -0.8425 0.3767, -3.9567 -0.8425 0.3376, -3.9595 -0.8425 0.3287, -3.9599 -0.8425 0.3195, -3.8876 -0.8425 0.4126, -3.9105 -0.8425 0.4183, -3.9221 -0.8425 0.419, -3.8884 -0.8425 0.3353, -3.8863 -0.8425 0.3265, -3.8272 -0.8425 0.3231, -3.8862 -0.8425 0.3181, -3.8277 -0.8425 0.3132, -3.6631 -0.8425 0.4968, -3.6555 -0.8425 0.4968, -3.6166 -0.8425 0.548, -3.6374 -0.8425 0.4945, -3.6119 -0.8425 0.5464, -3.6208 -0.8425 0.4882, -3.5837 -0.8425 0.5324, -3.5579 -0.8425 0.5107, -3.933 -0.8425 0.6162, -3.8872 -0.8425 0.5797, -3.9107 -0.8425 0.6353, -3.8618 -0.8425 0.5983, -3.8855 -0.8425 0.6507, -3.9832 -0.8425 0.538, -3.9733 -0.8425 0.5385, -3.9633 -0.8425 0.5949, -3.951 -0.8425 0.5358, -3.9297 -0.8425 0.528, -3.8675 -0.8425 0.4018, -3.5577 -0.8425 0.3336, -3.6019 -0.8425 0.3713, -3.5835 -0.8425 0.3117, -3.616 -0.8425 0.3598, -3.6125 -0.8425 0.2976, -3.6327 -0.8425 0.352, -3.6441 -0.8425 0.2909, -3.6498 -0.8425 0.3488, -3.7001 -0.8425 0.2909, -3.6925 -0.8425 0.3488, -3.7054 -0.8425 0.2917, -3.9582 -0.8425 0.3106, -3.9544 -0.8425 0.3026, -3.6061 -0.8425 0.4779, -3.5952 -0.8425 0.4657, -3.5386 -0.8425 0.4837, -3.5864 -0.8425 0.4493, -3.527 -0.8425 0.4547, -3.5819 -0.8425 0.4311, -3.5226 -0.8425 0.4237, -3.5815 -0.8425 0.4228, -3.527 -0.8425 0.3899, -3.5837 -0.8425 0.4043, -3.5389 -0.8425 0.3598, -3.5903 -0.8425 0.3874, -3.6007 -0.8425 0.3726, -3.6678 -0.8425 0.623, -3.7049 -0.8425 0.5794, -3.636 -0.8425 0.5861, -3.6835 -0.8425 0.5538, -3.6689 -0.8425 0.5232, -4.0654 -0.8425 0.4666, -4.1277 -0.8425 0.4509, -4.0682 -0.8425 0.4436, -4.128 -0.8425 0.4417, -4.0671 -0.8425 0.429, -4.1234 -0.8425 0.4046, -4.0602 -0.8425 0.4058, -4.1098 -0.8425 0.3693, -4.049 -0.8425 0.3866, -4.0881 -0.8425 0.3383, -4.0585 -0.8425 0.3131, -3.8333 -0.8425 0.2898, -3.8885 -0.8425 0.309, -3.8445 -0.8425 0.2687, -3.8929 -0.8425 0.3008, -3.859 -0.8425 0.2524, -3.8981 -0.8425 0.2948, -3.8779 -0.8425 0.2392, -3.9053 -0.8425 0.2897, -3.8991 -0.8425 0.2311, -3.9136 -0.8425 0.2864, -3.9221 -0.8425 0.2283, -3.923 -0.8425 0.2852, -3.9257 -0.8425 0.2283, -3.9246 -0.8425 0.2852, -3.9481 -0.8425 0.2318, -3.9332 -0.8425 0.2866, -3.97 -0.8425 0.241, -3.9417 -0.8425 0.2903, -3.949 -0.8425 0.2959, -3.8416 -0.8425 0.6671, -3.8308 -0.8425 0.6109, -3.7968 -0.8425 0.6723, -3.7959 -0.8425 0.6154, -3.7539 -0.8425 0.6673, -3.7637 -0.8425 0.6114, -3.7066 -0.8425 0.6496, -3.7339 -0.8425 0.6, -3.7073 -0.8425 0.5815, -4.0468 -0.8425 0.5772, -4.077 -0.8425 0.556, -4.0441 -0.8425 0.5067, -4.0834 -0.8425 0.5499, -4.0572 -0.8425 0.4878, -4.1062 -0.8425 0.5207, -4.1213 -0.8425 0.4865, -3.6972 -0.8425 0.3496, -3.72 -0.8425 0.3008, -3.7178 -0.8425 0.2986, -3.6944 -0.8425 0.349, -3.7117 -0.8425 0.2942, -3.7276 -0.8425 0.3203, -3.7267 -0.8425 0.3132, -3.7242 -0.8425 0.3068, -3.7055 -0.8425 0.3488, -3.712 -0.8425 0.3462, -3.7273 -0.8425 0.324, -3.7179 -0.8425 0.3421, -3.7218 -0.8425 0.3377, -3.7254 -0.8425 0.3313, -3.6982 -0.8425 0.3497, -3.5517 -0.8386 0.5019, -3.5386 -0.8386 0.4837, -3.5302 -0.8386 0.4628, -3.527 -0.8386 0.4547, -3.5226 -0.8386 0.4237, -3.5579 -0.8386 0.5107, -3.5837 -0.8386 0.5324, -3.6119 -0.8386 0.5464, -3.6166 -0.8386 0.548, -3.636 -0.8386 0.5861, -3.6678 -0.8386 0.623, -3.6892 -0.8386 0.6376, -3.7066 -0.8386 0.6496, -3.7539 -0.8386 0.6673, -3.7968 -0.8386 0.6723, -3.8416 -0.8386 0.6671, -3.8855 -0.8386 0.6507, -3.9069 -0.8386 0.6376, -3.9107 -0.8386 0.6353, -3.933 -0.8386 0.6162, -3.9524 -0.8386 0.5936, -3.9633 -0.8386 0.5949, -3.9743 -0.8386 0.5955, -4.0116 -0.8386 0.5908, -4.0468 -0.8386 0.5772, -4.077 -0.8386 0.556, -4.0834 -0.8386 0.5499, -4.128 -0.8386 0.4417, -4.1062 -0.8386 0.5207, -4.1145 -0.8386 0.5019, -4.1213 -0.8386 0.4865, -4.1256 -0.8386 0.4628, -4.1277 -0.8386 0.4509, -4.1234 -0.8386 0.4046, -4.1098 -0.8386 0.3693, -4.0881 -0.8386 0.3383, -4.0585 -0.8386 0.3131, -4.0242 -0.8386 0.2964, -4.0122 -0.8386 0.2928, -4.011 -0.8386 0.2902, -4.0027 -0.8386 0.2724, -3.9886 -0.8386 0.255, -3.97 -0.8386 0.241, -3.9613 -0.8386 0.2374, -3.9481 -0.8386 0.2318, -3.9257 -0.8386 0.2283, -3.9221 -0.8386 0.2283, -3.8272 -0.8386 0.3231, -3.8991 -0.8386 0.2311, -3.8828 -0.8386 0.2374, -3.8779 -0.8386 0.2392, -3.859 -0.8386 0.2524, -3.8445 -0.8386 0.2687, -3.8333 -0.8386 0.2898, -3.8332 -0.8386 0.2902, -3.8277 -0.8386 0.3132, -3.8272 -0.8386 0.3326, -3.6944 -0.8386 0.4028, -3.7238 -0.8386 0.4531, -3.8509 -0.8386 0.3867, -3.8675 -0.8386 0.4018, -3.8876 -0.8386 0.4126, -3.9105 -0.8386 0.4183, -3.9221 -0.8386 0.419, -3.9447 -0.8386 0.4162, -3.9657 -0.8386 0.4082, -3.9851 -0.8386 0.3947, -4.0008 -0.8386 0.3767, -4.0113 -0.8386 0.3564, -4.0319 -0.8386 0.3691, -4.049 -0.8386 0.3866, -4.0602 -0.8386 0.4058, -4.0671 -0.8386 0.429, -4.0682 -0.8386 0.4436, -4.0658 -0.8386 0.4628, -4.0654 -0.8386 0.4666, -4.0572 -0.8386 0.4878, -4.0474 -0.8386 0.5019, -4.0441 -0.8386 0.5067, -4.0278 -0.8386 0.5212, -4.0066 -0.8386 0.5324, -3.9832 -0.8386 0.538, -3.9733 -0.8386 0.5385, -3.951 -0.8386 0.5358, -3.9297 -0.8386 0.528, -3.923 -0.8386 0.5243, -3.9085 -0.8386 0.5543, -3.8872 -0.8386 0.5797, -3.8618 -0.8386 0.5983, -3.8308 -0.8386 0.6109, -3.7959 -0.8386 0.6154, -3.7637 -0.8386 0.6114, -3.7339 -0.8386 0.6, -3.7073 -0.8386 0.5815, -3.7049 -0.8386 0.5794, -3.6835 -0.8386 0.5538, -3.6689 -0.8386 0.5232, -3.6642 -0.8386 0.5019, -3.6631 -0.8386 0.4968, -3.6555 -0.8386 0.4968, -3.6374 -0.8386 0.4945, -3.6208 -0.8386 0.4882, -3.6061 -0.8386 0.4779, -3.5952 -0.8386 0.4657, -3.5936 -0.8386 0.4628, -3.5864 -0.8386 0.4493, -3.5819 -0.8386 0.4311, -3.5815 -0.8386 0.4228, -3.5837 -0.8386 0.4043, -3.5903 -0.8386 0.3874, -3.6007 -0.8386 0.3726, -3.6019 -0.8386 0.3713, -3.616 -0.8386 0.3598, -3.6327 -0.8386 0.352, -3.6498 -0.8386 0.3488, -3.6925 -0.8386 0.3488, -3.6944 -0.8386 0.349, -3.6972 -0.8386 0.3496, -3.6982 -0.8386 0.3497, -3.7055 -0.8386 0.3488, -3.712 -0.8386 0.3462, -3.7179 -0.8386 0.3421, -3.7218 -0.8386 0.3377, -3.7254 -0.8386 0.3313, -3.7273 -0.8386 0.324, -3.7276 -0.8386 0.3203, -3.7267 -0.8386 0.3132, -3.7242 -0.8386 0.3068, -3.72 -0.8386 0.3008, -3.7178 -0.8386 0.2986, -3.7117 -0.8386 0.2942, -3.7054 -0.8386 0.2917, -3.7001 -0.8386 0.2909, -3.6441 -0.8386 0.2909, -3.6125 -0.8386 0.2976, -3.5835 -0.8386 0.3117, -3.5577 -0.8386 0.3336, -3.5389 -0.8386 0.3598, -3.527 -0.8386 0.3899, -3.923 -0.8386 0.3592, -3.915 -0.8386 0.3583, -3.9062 -0.8386 0.3551, -3.8986 -0.8386 0.3499, -3.8925 -0.8386 0.3431, -3.8884 -0.8386 0.3353, -3.8863 -0.8386 0.3265, -3.8862 -0.8386 0.3181, -3.8885 -0.8386 0.309, -3.8929 -0.8386 0.3008, -3.8981 -0.8386 0.2948, -3.9053 -0.8386 0.2897, -3.9136 -0.8386 0.2864, -3.923 -0.8386 0.2852, -3.9246 -0.8386 0.2852, -3.9332 -0.8386 0.2866, -3.9417 -0.8386 0.2903, -3.949 -0.8386 0.2959, -3.9544 -0.8386 0.3026, -3.9582 -0.8386 0.3106, -3.9599 -0.8386 0.3195, -3.9595 -0.8386 0.3287, -3.9567 -0.8386 0.3376, -3.9518 -0.8386 0.3455, -3.948 -0.8386 0.3495, -3.9406 -0.8386 0.3547, -3.9323 -0.8386 0.358
            ]
        }
        coordIndex [
            0,1,2,-1,3,4,5,-1,6,7,8,-1,9,10,2,-1,2,10,11,-1,2,11,0,-1,5,4,12,-1,13,14,15,-1,15,14,16,-1,15,16,17,-1,18,19,15,-1,15,19,20,-1,15,20,13,-1,13,20,21,-1,22,23,24,-1,24,23,25,-1,24,25,26,-1,26,25,27,-1,26,27,28,-1,28,27,29,-1,28,29,30,-1,30,29,2,-1,30,2,31,-1,31,2,32,-1,33,34,22,-1,22,34,35,-1,22,35,23,-1,17,36,15,-1,15,36,37,-1,15,37,38,-1,38,37,39,-1,38,39,40,-1,41,42,43,-1,43,42,44,-1,43,44,45,-1,45,44,46,-1,45,46,47,-1,47,46,48,-1,6,8,49,-1,49,8,50,-1,49,50,51,-1,51,50,52,-1,51,52,53,-1,4,54,12,-1,12,54,55,-1,12,55,56,-1,56,55,57,-1,56,57,6,-1,6,57,58,-1,6,58,7,-1,21,20,22,-1,22,20,59,-1,22,59,33,-1,60,61,62,-1,62,61,63,-1,62,63,64,-1,64,63,65,-1,64,65,66,-1,66,65,67,-1,66,67,68,-1,68,67,69,-1,68,69,70,-1,32,2,71,-1,71,2,1,-1,71,1,72,-1,46,73,48,-1,48,73,74,-1,48,74,75,-1,75,74,76,-1,75,76,77,-1,77,76,78,-1,77,78,79,-1,79,78,80,-1,79,80,81,-1,81,80,82,-1,81,82,83,-1,83,82,84,-1,83,84,60,-1,60,84,85,-1,60,85,61,-1,86,87,88,-1,88,87,89,-1,88,89,43,-1,43,89,90,-1,43,90,41,-1,91,92,93,-1,93,92,94,-1,93,94,95,-1,95,94,96,-1,95,96,97,-1,97,96,98,-1,97,98,99,-1,99,98,100,-1,99,100,9,-1,9,100,101,-1,9,101,10,-1,40,39,102,-1,102,39,103,-1,102,103,104,-1,104,103,105,-1,104,105,106,-1,106,105,107,-1,106,107,108,-1,108,107,109,-1,108,109,110,-1,110,109,111,-1,110,111,112,-1,112,111,113,-1,112,113,114,-1,114,113,115,-1,114,115,116,-1,116,115,117,-1,116,117,118,-1,118,117,119,-1,118,119,1,-1,1,119,120,-1,1,120,72,-1,53,52,121,-1,121,52,122,-1,121,122,123,-1,123,122,124,-1,123,124,125,-1,125,124,126,-1,125,126,127,-1,127,126,128,-1,127,128,86,-1,86,128,129,-1,86,129,87,-1,5,130,3,-1,3,130,131,-1,3,131,132,-1,132,131,133,-1,132,133,134,-1,134,133,135,-1,134,135,91,-1,91,135,136,-1,91,136,92,-1,137,138,139,-1,69,140,70,-1,70,140,137,-1,70,137,141,-1,141,137,139,-1,142,143,137,-1,137,143,144,-1,137,144,138,-1,145,146,147,-1,146,148,147,-1,147,148,149,-1,147,149,150,-1,142,137,147,-1,147,137,151,-1,147,151,145,-1,152,48,153,-1,153,48,75,-1,153,75,154,-1,154,75,77,-1,154,77,155,-1,155,77,79,-1,155,79,156,-1,152,157,48,-1,48,157,158,-1,48,158,47,-1,47,158,159,-1,47,159,45,-1,45,159,160,-1,45,160,43,-1,43,160,161,-1,43,161,88,-1,88,161,162,-1,88,162,86,-1,127,86,163,-1,163,86,162,-1,163,164,127,-1,127,164,165,-1,127,165,125,-1,125,165,166,-1,125,166,123,-1,123,166,167,-1,123,167,121,-1,121,167,168,-1,121,168,53,-1,53,168,51,-1,51,168,169,-1,51,169,170,-1,51,170,171,-1,51,171,49,-1,49,171,172,-1,49,172,6,-1,6,172,173,-1,6,173,56,-1,56,173,174,-1,56,174,12,-1,12,174,175,-1,12,175,5,-1,5,175,176,-1,5,176,130,-1,130,176,177,-1,130,177,131,-1,131,177,178,-1,131,178,133,-1,179,94,92,-1,133,178,180,-1,133,180,135,-1,135,180,181,-1,135,181,136,-1,181,182,136,-1,136,182,183,-1,136,183,92,-1,92,183,184,-1,92,184,179,-1,94,179,185,-1,94,185,96,-1,96,185,186,-1,96,186,98,-1,98,186,187,-1,98,187,100,-1,100,187,188,-1,100,188,101,-1,101,188,189,-1,101,189,10,-1,10,189,190,-1,10,190,11,-1,11,190,191,-1,11,191,0,-1,191,192,0,-1,0,192,193,-1,0,193,1,-1,1,193,194,-1,1,194,118,-1,118,194,195,-1,118,195,116,-1,195,196,116,-1,116,196,197,-1,116,197,114,-1,114,197,198,-1,114,198,112,-1,199,38,40,-1,112,198,200,-1,201,108,200,-1,200,108,110,-1,200,110,112,-1,201,202,108,-1,108,202,203,-1,108,203,106,-1,106,203,204,-1,106,204,104,-1,104,204,205,-1,104,205,102,-1,102,205,206,-1,102,206,40,-1,40,206,207,-1,40,207,199,-1,15,38,208,-1,208,38,199,-1,18,15,209,-1,209,15,208,-1,19,18,210,-1,210,18,209,-1,20,19,211,-1,211,19,210,-1,20,211,212,-1,20,212,59,-1,59,212,213,-1,59,213,33,-1,33,213,214,-1,33,214,34,-1,34,214,215,-1,34,215,35,-1,35,215,216,-1,35,216,23,-1,23,216,217,-1,23,217,25,-1,25,217,218,-1,25,218,27,-1,27,218,219,-1,27,219,29,-1,29,219,220,-1,29,220,2,-1,2,220,221,-1,2,221,9,-1,9,221,222,-1,9,222,99,-1,99,222,223,-1,99,223,97,-1,97,223,224,-1,97,224,95,-1,95,224,225,-1,95,225,93,-1,91,93,225,-1,225,226,91,-1,91,226,227,-1,91,227,228,-1,229,132,228,-1,228,132,134,-1,228,134,91,-1,229,230,132,-1,132,230,231,-1,132,231,3,-1,3,231,232,-1,3,232,4,-1,4,232,233,-1,4,233,54,-1,54,233,234,-1,54,234,55,-1,55,234,235,-1,55,235,57,-1,57,235,236,-1,57,236,58,-1,58,236,237,-1,58,237,7,-1,7,237,238,-1,7,238,8,-1,8,238,239,-1,8,239,50,-1,50,239,240,-1,50,240,52,-1,52,240,241,-1,52,241,122,-1,122,241,242,-1,122,242,124,-1,124,242,243,-1,124,243,126,-1,126,243,244,-1,126,244,128,-1,128,244,245,-1,128,245,129,-1,129,245,246,-1,129,246,87,-1,87,246,247,-1,87,247,89,-1,89,247,248,-1,89,248,90,-1,90,248,41,-1,41,248,249,-1,41,249,250,-1,42,41,251,-1,251,41,250,-1,42,251,252,-1,42,252,44,-1,44,252,253,-1,44,253,46,-1,46,253,254,-1,46,254,73,-1,73,254,255,-1,73,255,74,-1,74,255,256,-1,74,256,76,-1,256,257,76,-1,76,257,258,-1,76,258,78,-1,78,258,259,-1,78,259,80,-1,80,259,260,-1,80,260,82,-1,82,260,261,-1,82,261,84,-1,84,261,262,-1,84,262,85,-1,85,262,263,-1,85,263,61,-1,61,263,264,-1,61,264,63,-1,63,264,265,-1,63,265,65,-1,65,265,266,-1,65,266,67,-1,69,67,267,-1,267,67,266,-1,69,267,268,-1,69,268,140,-1,140,268,269,-1,140,269,137,-1,137,269,270,-1,137,270,151,-1,151,270,271,-1,151,271,145,-1,145,271,272,-1,145,272,146,-1,146,272,273,-1,146,273,148,-1,148,273,274,-1,148,274,149,-1,149,274,275,-1,149,275,150,-1,150,275,276,-1,150,276,147,-1,147,276,277,-1,147,277,142,-1,142,277,278,-1,142,278,143,-1,143,278,279,-1,143,279,144,-1,144,279,280,-1,144,280,138,-1,138,280,281,-1,138,281,139,-1,139,281,282,-1,139,282,141,-1,141,282,283,-1,141,283,70,-1,70,283,284,-1,70,284,68,-1,66,68,285,-1,285,68,284,-1,66,285,286,-1,66,286,64,-1,64,286,287,-1,64,287,62,-1,62,287,288,-1,62,288,60,-1,60,288,289,-1,60,289,83,-1,83,289,290,-1,83,290,81,-1,81,290,156,-1,81,156,79,-1,21,291,292,-1,21,292,13,-1,13,292,293,-1,13,293,14,-1,14,293,294,-1,14,294,16,-1,16,294,295,-1,16,295,17,-1,17,295,296,-1,17,296,36,-1,36,296,297,-1,36,297,37,-1,37,297,298,-1,37,298,39,-1,39,298,299,-1,39,299,103,-1,103,299,300,-1,103,300,105,-1,105,300,301,-1,105,301,107,-1,107,301,302,-1,107,302,109,-1,109,302,303,-1,109,303,111,-1,111,303,304,-1,111,304,113,-1,113,304,305,-1,113,305,115,-1,115,305,306,-1,115,306,117,-1,117,306,307,-1,117,307,119,-1,119,307,308,-1,119,308,120,-1,120,308,309,-1,120,309,72,-1,72,309,310,-1,72,310,71,-1,71,310,311,-1,71,311,32,-1,32,311,312,-1,32,312,31,-1,31,312,313,-1,31,313,30,-1,30,313,314,-1,30,314,28,-1,28,314,315,-1,28,315,26,-1,26,315,316,-1,26,316,24,-1,24,316,317,-1,24,317,22,-1,22,317,291,-1,22,291,21,-1,
        ]
    }
}
Shape{
    appearance Appearance {
        material  Material 	{
            diffuseColor 0.2235294117647059 0.2235294117647059 0.2235294117647059
            specularColor 0.06666666666666667 0.06666666666666667 0.06666666666666667
            ambientIntensity 0.2235
            transparency 0.0
            shininess 0.5
        }
    }
    geometry IndexedFaceSet {
        ccw TRUE
        solid FALSE
        coord DEF co Coordinate {
            point [
                -3.9246 -0.8386 0.2852, -3.948 -0.8386 0.3495, -3.9518 -0.8386 0.3455, -3.9136 -0.8386 0.2864, -3.9053 -0.8386 0.2897, -3.915 -0.8386 0.3583, -3.923 -0.8386 0.3592, -3.9323 -0.8386 0.358, -3.9406 -0.8386 0.3547, -3.9582 -0.8386 0.3106, -3.9544 -0.8386 0.3026, -3.949 -0.8386 0.2959, -3.923 -0.8386 0.2852, -3.9567 -0.8386 0.3376, -3.9595 -0.8386 0.3287, -3.9599 -0.8386 0.3195, -3.9417 -0.8386 0.2903, -3.9332 -0.8386 0.2866, -3.8981 -0.8386 0.2948, -3.8929 -0.8386 0.3008, -3.8885 -0.8386 0.309, -3.8862 -0.8386 0.3181, -3.8863 -0.8386 0.3265, -3.8884 -0.8386 0.3353, -3.8925 -0.8386 0.3431, -3.8986 -0.8386 0.3499, -3.9062 -0.8386 0.3551, 0.7087 1.5433 0.0394, 1.1614 1.5433 0.0394, 0.7087 1.5433 0.0, 1.1614 1.5433 0.0, 1.2992 2.583 1.1811, 1.2992 2.583 0.0394, 1.1614 2.583 1.1811, 0.7087 2.583 0.0394, 1.1614 2.583 2.5591, 0.7087 2.583 2.5591, 0.7087 -0.7169 2.5591, 1.1614 -0.7169 2.5591, 1.1614 -0.6966 2.8172, 0.7087 -0.6966 2.8172, 1.1614 -0.6361 3.0689, 0.7087 -0.6361 3.0689, 1.1614 -0.537 3.3081, 0.7087 -0.537 3.3081, 1.1614 -0.4018 3.5289, 0.7087 -0.4018 3.5289, 1.1614 -0.2336 3.7257, 0.7087 -0.2336 3.7257, 1.1614 -0.0367 3.8939, 0.7087 -0.0367 3.8939, 1.1614 0.184 4.0292, 0.7087 0.184 4.0292, 1.1614 0.4232 4.1282, 0.7087 0.4232 4.1282, 1.1614 0.675 4.1887, 0.7087 0.675 4.1887, 1.1614 0.9331 4.209, 0.7087 0.9331 4.209, 1.1614 1.1912 4.1887, 0.7087 1.1912 4.1887, 1.1614 1.4429 4.1282, 0.7087 1.4429 4.1282, 1.1614 1.6821 4.0292, 0.7087 1.6821 4.0292, 1.1614 1.9029 3.8939, 0.7087 1.9029 3.8939, 1.1614 2.0997 3.7257, 0.7087 2.0997 3.7257, 1.1614 2.2679 3.5289, 0.7087 2.2679 3.5289, 1.1614 2.4032 3.3081, 0.7087 2.4032 3.3081, 1.1614 2.5023 3.0689, 0.7087 2.5023 3.0689, 1.1614 2.5627 2.8172, 0.7087 2.5627 2.8172, 1.1614 -0.7169 1.1811, 0.7087 -0.7169 0.0394, 1.2992 -0.7169 1.1811, 1.2992 -0.7169 0.0394, 1.1614 0.3228 0.0394, 0.7087 0.3228 0.0394, 1.1614 0.3228 0.0, 0.7087 0.3228 0.0, 1.2992 1.5433 0.0394, 1.2992 0.3228 0.0394
            ]
        }
        coordIndex [
            0,1,2,-1,3,4,5,-1,6,7,0,-1,0,7,8,-1,0,8,1,-1,9,10,2,-1,2,10,11,-1,6,0,5,-1,5,0,12,-1,5,12,3,-1,13,14,2,-1,2,14,15,-1,2,15,9,-1,11,16,2,-1,2,16,17,-1,2,17,0,-1,4,18,5,-1,5,18,19,-1,5,19,20,-1,20,21,5,-1,5,21,22,-1,5,22,23,-1,23,24,5,-1,5,24,25,-1,5,25,26,-1,27,28,29,-1,29,28,30,-1,31,32,33,-1,33,32,34,-1,33,34,35,-1,35,34,36,-1,37,38,39,-1,37,39,40,-1,40,39,41,-1,40,41,42,-1,42,41,43,-1,42,43,44,-1,44,43,45,-1,44,45,46,-1,46,45,47,-1,46,47,48,-1,48,47,49,-1,48,49,50,-1,50,49,51,-1,50,51,52,-1,52,51,53,-1,52,53,54,-1,54,53,55,-1,54,55,56,-1,56,55,57,-1,56,57,58,-1,58,57,59,-1,58,59,60,-1,60,59,61,-1,60,61,62,-1,62,61,63,-1,62,63,64,-1,64,63,65,-1,64,65,66,-1,66,65,67,-1,66,67,68,-1,68,67,69,-1,68,69,70,-1,70,69,71,-1,70,71,72,-1,72,71,73,-1,72,73,74,-1,74,73,75,-1,74,75,76,-1,76,75,35,-1,76,35,36,-1,38,37,77,-1,77,37,78,-1,77,78,79,-1,79,78,80,-1,81,82,83,-1,83,82,84,-1,27,34,28,-1,28,34,32,-1,28,32,85,-1,86,80,81,-1,81,80,78,-1,81,78,82,-1,
        ]
    }
}