#VRML V2.0 utf8
# 3D model generated by easyeda2kicad.py (https://github.com/uPesy/easyeda2kicad.py)

Shape{
    appearance Appearance {
        material  Material 	{
            diffuseColor 0.25098039215686274 0.25098039215686274 0.25098039215686274
            specularColor 0.12549019607843137 0.12549019607843137 0.12549019607843137
            ambientIntensity 0.251
            transparency 0.0
            shininess 0.5
        }
    }
    geometry IndexedFaceSet {
        ccw TRUE
        solid FALSE
        coord DEF co Coordinate {
            point [
                0.0144 -1.1988 0.4507, 0.0144 -1.1988 0.3561, 0.0569 -1.1988 0.3561, 0.4637 -1.1988 0.0079, 0.6423 -1.1988 0.0079, 0.6423 -1.1988 0.1314, 0.3637 -1.1988 0.0079, 0.4637 -1.1988 0.1314, 0.182 -1.1988 0.174, 0.1792 -1.1988 0.1737, 0.2052 -1.1988 0.1737, 0.2962 -1.1988 0.2814, 0.33 -1.1988 0.2814, 0.33 -1.1988 0.3118, -0.1334 -1.1988 0.3659, -0.1133 -1.1988 0.348, -0.0431 -1.1988 0.4516, -0.0431 -1.1988 0.3431, -0.2369 -1.1988 0.4627, -0.2204 -1.1988 0.4516, -0.203 -1.1988 0.4399, -0.1781 -1.1988 0.4112, -0.162 -1.1988 0.3799, -0.1557 -1.1988 0.3777, -0.5455 -1.1988 0.6024, -0.7218 -1.1988 0.6024, -0.7218 -1.1988 0.4516, -0.2749 -1.1988 0.4761, -0.0431 -1.1988 0.6024, -0.3062 -1.1988 0.4794, -0.3439 -1.1988 0.4747, -0.3789 -1.1988 0.4612, -0.3943 -1.1988 0.4516, -0.3973 -1.1988 0.4498, -0.7218 -1.1988 0.3431, -0.5604 -1.1988 0.3431, -0.5538 -1.1988 0.3579, -0.5355 -1.1988 0.3814, -0.4782 -1.1988 0.4142, -0.4482 -1.1988 0.4179, -0.4152 -1.1988 0.4345, -0.4394 -1.1988 0.4174, -0.4307 -1.1988 0.4164, -0.5304 -1.1988 0.3862, -0.5063 -1.1988 0.4032, -0.5157 -1.1988 0.192, -0.5393 -1.1988 0.2122, -0.7218 -1.1988 0.1737, -0.4883 -1.1988 0.1787, -0.5565 -1.1988 0.2367, -0.5674 -1.1988 0.265, -0.7218 -1.1988 0.3118, -0.5711 -1.1988 0.2949, -0.5709 -1.1988 0.302, -0.5692 -1.1988 0.3118, -0.5659 -1.1988 0.3305, -0.4785 -1.1988 0.1757, -0.4776 -1.1988 0.1737, -0.471 -1.1988 0.1595, -0.7218 -1.1988 0.1314, -0.4597 -1.1988 0.1456, -0.4448 -1.1988 0.1344, -0.0431 -1.1988 0.0079, -0.0431 -1.1988 0.1314, -0.375 -1.1988 0.1314, -0.7218 -1.1988 0.0079, -0.4273 -1.1988 0.127, -0.4378 -1.1988 0.1314, -0.3881 -1.1988 0.1264, -0.4064 -1.1988 0.1241, -0.4094 -1.1988 0.1242, -0.0431 -1.1988 0.1737, -0.3353 -1.1988 0.1737, -0.3353 -1.1988 0.1736, -0.3443 -1.1988 0.1566, -0.356 -1.1988 0.1434, -0.3712 -1.1988 0.1329, -0.3495 -1.1988 0.2509, -0.2478 -1.1988 0.304, -0.3627 -1.1988 0.2629, -0.3788 -1.1988 0.2716, -0.2313 -1.1988 0.1745, -0.2364 -1.1988 0.1761, -0.2416 -1.1988 0.1792, -0.2452 -1.1988 0.1827, -0.1343 -1.1988 0.2862, -0.1378 -1.1988 0.3008, -0.1437 -1.1988 0.3118, -0.5214 -1.1988 0.3118, -0.2425 -1.1988 0.2157, -0.2377 -1.1988 0.2188, -0.2243 -1.1988 0.2638, -0.2325 -1.1988 0.2207, -0.1014 -1.1988 0.2268, -0.1149 -1.1988 0.2084, -0.118 -1.1988 0.2052, -0.1381 -1.1988 0.1893, -0.517 -1.1988 0.2663, -0.5079 -1.1988 0.2507, -0.4693 -1.1988 0.243, -0.4943 -1.1988 0.2368, -0.4778 -1.1988 0.2266, -0.4413 -1.1988 0.2681, -0.4568 -1.1988 0.2573, -0.5233 -1.1988 0.2964, -0.5224 -1.1988 0.2849, -0.0897 -1.1988 0.3027, -0.0869 -1.1988 0.2805, -0.0431 -1.1988 0.3118, -0.087 -1.1988 0.2752, -0.0912 -1.1988 0.2504, -0.1616 -1.1988 0.1786, -0.184 -1.1988 0.1742, -0.2288 -1.1988 0.1742, -0.2508 -1.1988 0.1978, -0.2507 -1.1988 0.2002, -0.3305 -1.1988 0.2076, -0.2493 -1.1988 0.206, -0.2465 -1.1988 0.2113, -0.4245 -1.1988 0.2745, -0.4064 -1.1988 0.2767, -0.3971 -1.1988 0.2761, -0.2484 -1.1988 0.1875, -0.2502 -1.1988 0.1927, -0.3309 -1.1988 0.1923, -0.3305 -1.1988 0.2, -0.2273 -1.1988 0.2213, -0.2265 -1.1988 0.2212, -0.2243 -1.1988 0.2207, -0.1493 -1.1988 0.2396, -0.141 -1.1988 0.2515, -0.1357 -1.1988 0.265, -0.1339 -1.1988 0.2797, -0.2227 -1.1988 0.2205, -0.1886 -1.1988 0.2205, -0.1751 -1.1988 0.2231, -0.1617 -1.1988 0.2293, -0.1504 -1.1988 0.2384, -0.1999 -1.1988 0.3431, -0.5067 -1.1988 0.3431, -0.1992 -1.1988 0.3389, -0.5146 -1.1988 0.3317, -0.5211 -1.1988 0.3148, -0.1931 -1.1988 0.3389, -0.1448 -1.1988 0.3139, -0.1537 -1.1988 0.3239, -0.1655 -1.1988 0.3321, -0.1787 -1.1988 0.3372, -0.4128 -1.1988 0.364, -0.4072 -1.1988 0.361, -0.3974 -1.1988 0.382, -0.2371 -1.1988 0.4089, -0.2012 -1.1988 0.3505, -0.2258 -1.1988 0.398, -0.2106 -1.1988 0.376, -0.3055 -1.1988 0.4338, -0.3105 -1.1988 0.4337, -0.3357 -1.1988 0.4296, -0.4298 -1.1988 0.3702, -0.4474 -1.1988 0.3723, -0.4551 -1.1988 0.3719, -0.2588 -1.1988 0.423, -0.2828 -1.1988 0.4314, -0.3603 -1.1988 0.419, -0.3811 -1.1988 0.4029, -0.4739 -1.1988 0.3675, -0.4908 -1.1988 0.3586, -0.5041 -1.1988 0.3468, -0.1099 -1.1988 0.3431, -0.0983 -1.1988 0.326, -0.093 -1.1988 0.3118, 0.3637 -1.1988 0.3118, 0.3512 -1.1988 0.2814, 0.3512 -1.1988 0.2691, 0.3537 -1.1988 0.1868, 0.3537 -1.1988 0.1746, 0.3637 -1.1988 0.1737, 0.3482 -1.1988 0.2227, 0.3482 -1.1988 0.2349, 0.33 -1.1988 0.2349, 0.33 -1.1988 0.2691, 0.31 -1.1988 0.2349, 0.31 -1.1988 0.2691, 0.2435 -1.1988 0.1935, 0.2451 -1.1988 0.1873, 0.2455 -1.1988 0.1873, 0.33 -1.1988 0.1737, 0.33 -1.1988 0.1746, 0.2962 -1.1988 0.1746, 0.2818 -1.1988 0.2508, 0.23 -1.1988 0.3118, 0.268 -1.1988 0.2508, 0.23 -1.1988 0.2323, 0.2471 -1.1988 0.1934, 0.2461 -1.1988 0.1899, 0.1502 -1.1988 0.1911, 0.1366 -1.1988 0.3118, 0.1366 -1.1988 0.1737, 0.1523 -1.1988 0.2393, 0.1548 -1.1988 0.2429, 0.1564 -1.1988 0.3118, 0.155 -1.1988 0.1881, 0.1564 -1.1988 0.1875, 0.1564 -1.1988 0.2158, 0.154 -1.1988 0.2182, 0.1524 -1.1988 0.2209, 0.1509 -1.1988 0.2249, 0.1503 -1.1988 0.2303, 0.1508 -1.1988 0.2349, 0.1562 -1.1988 0.2159, 0.1623 -1.1988 0.1737, 0.1595 -1.1988 0.174, 0.1564 -1.1988 0.1737, 0.1564 -1.1988 0.1751, 0.1502 -1.1988 0.1773, 0.198 -1.1988 0.2492, 0.198 -1.1988 0.2362, 0.2011 -1.1988 0.1901, 0.1995 -1.1988 0.1859, 0.197 -1.1988 0.1823, 0.1564 -1.1988 0.2443, 0.1588 -1.1988 0.2465, 0.162 -1.1988 0.2485, 0.1972 -1.1988 0.2079, 0.1996 -1.1988 0.2044, 0.2011 -1.1988 0.2005, 0.2017 -1.1988 0.1953, 0.1692 -1.1988 0.2513, 0.1799 -1.1988 0.2526, 0.2052 -1.1988 0.3118, 0.1893 -1.1988 0.2518, 0.1931 -1.1988 0.1789, 0.1892 -1.1988 0.1766, 0.1786 -1.1988 0.2417, 0.1747 -1.1988 0.2414, 0.164 -1.1988 0.2315, 0.1711 -1.1988 0.2405, 0.1681 -1.1988 0.2389, 0.1642 -1.1988 0.2297, 0.1647 -1.1988 0.2276, 0.1657 -1.1988 0.2258, 0.167 -1.1988 0.2244, 0.1717 -1.1988 0.2214, 0.188 -1.1988 0.2406, 0.1799 -1.1988 0.2178, 0.1956 -1.1988 0.2377, 0.1851 -1.1988 0.2157, 0.194 -1.1988 0.2108, 0.1661 -1.1988 0.2371, 0.1649 -1.1988 0.2354, 0.1643 -1.1988 0.2336, 0.1633 -1.1988 0.1848, 0.1705 -1.1988 0.2081, 0.1625 -1.1988 0.2118, 0.1722 -1.1988 0.1837, 0.1728 -1.1988 0.1837, 0.1793 -1.1988 0.2044, 0.1796 -1.1988 0.1845, 0.1879 -1.1988 0.194, 0.1878 -1.1988 0.1957, 0.1831 -1.1988 0.1857, 0.1843 -1.1988 0.1865, 0.1858 -1.1988 0.1878, 0.187 -1.1988 0.1896, 0.1877 -1.1988 0.1915, 0.1872 -1.1988 0.1978, 0.1862 -1.1988 0.1996, 0.1845 -1.1988 0.2013, 0.4637 -1.1988 0.3431, 0.429 -1.1988 0.344, 0.4138 -1.1988 0.344, 0.4029 -1.1988 0.3732, 0.3637 -1.1988 0.3732, 0.3637 -1.1988 0.3431, 0.3884 -1.1988 0.4507, 0.4637 -1.1988 0.4516, 0.3637 -1.1988 0.4516, 0.3585 -1.1988 0.3732, 0.3482 -1.1988 0.344, 0.33 -1.1988 0.3431, 0.333 -1.1988 0.344, 0.33 -1.1988 0.4516, 0.3637 -1.1988 0.4247, 0.3736 -1.1988 0.4507, 0.2052 -1.1988 0.4516, 0.2175 -1.1988 0.4507, 0.23 -1.1988 0.4516, 0.2175 -1.1988 0.4384, 0.22 -1.1988 0.3561, 0.2145 -1.1988 0.392, 0.2052 -1.1988 0.3561, 0.2052 -1.1988 0.392, 0.1763 -1.1988 0.3561, 0.1763 -1.1988 0.392, 0.1763 -1.1988 0.4384, 0.1763 -1.1988 0.4043, 0.2052 -1.1988 0.4384, 0.2052 -1.1988 0.4043, 0.2145 -1.1988 0.4043, 0.1625 -1.1988 0.344, 0.1564 -1.1988 0.3431, 0.2052 -1.1988 0.3431, 0.1564 -1.1988 0.4516, 0.1625 -1.1988 0.4507, 0.2052 -1.1988 0.4507, 0.23 -1.1988 0.3431, 0.22 -1.1988 0.344, 0.2052 -1.1988 0.344, 0.1366 -1.1988 0.4516, 0.1366 -1.1988 0.4495, 0.1412 -1.1988 0.4482, 0.1412 -1.1988 0.4337, 0.1187 -1.1988 0.3546, 0.1307 -1.1988 0.3569, 0.1366 -1.1988 0.4357, 0.1366 -1.1988 0.3595, 0.14 -1.1988 0.4344, 0.1412 -1.1988 0.3616, 0.0882 -1.1988 0.3636, 0.0952 -1.1988 0.3587, 0.1292 -1.1988 0.4385, 0.0856 -1.1988 0.4267, 0.0806 -1.1988 0.4191, 0.0772 -1.1988 0.4096, 0.116 -1.1988 0.4401, 0.1119 -1.1988 0.4399, 0.0869 -1.1988 0.4282, 0.1026 -1.1988 0.4381, 0.0942 -1.1988 0.4342, 0.0757 -1.1988 0.3961, 0.0758 -1.1988 0.3922, 0.0775 -1.1988 0.3815, 0.1028 -1.1988 0.3558, 0.1136 -1.1988 0.3544, 0.081 -1.1988 0.3729, 0.0862 -1.1988 0.3657, 0.1162 -1.1988 0.4525, 0.1272 -1.1988 0.4516, 0.1301 -1.1988 0.4514, 0.1159 -1.1988 0.4525, 0.1366 -1.1988 0.6024, 0.1085 -1.1988 0.4516, 0.066 -1.1988 0.6024, 0.066 -1.1988 0.4516, 0.0689 -1.1988 0.4267, 0.0767 -1.1988 0.4368, 0.0792 -1.1988 0.4392, 0.0891 -1.1988 0.4462, 0.1003 -1.1988 0.4506, 0.0596 -1.1988 0.4516, 0.0638 -1.1988 0.4148, 0.066 -1.1988 0.4199, 0.066 -1.1988 0.371, 0.063 -1.1988 0.3794, 0.0596 -1.1988 0.3431, 0.0612 -1.1988 0.3953, 0.0614 -1.1988 0.4009, 0.0936 -1.1988 0.3448, 0.0835 -1.1988 0.3496, 0.066 -1.1988 0.3431, 0.0749 -1.1988 0.3567, 0.0733 -1.1988 0.3586, 0.0671 -1.1988 0.3679, 0.1023 -1.1988 0.3431, 0.066 -1.1988 0.3118, 0.1052 -1.1988 0.3425, 0.1116 -1.1988 0.3422, 0.121 -1.1988 0.3431, 0.1412 -1.1988 0.3484, 0.1393 -1.1988 0.3475, 0.1366 -1.1988 0.3431, 0.1366 -1.1988 0.3466, 0.1279 -1.1988 0.3437, 0.0762 -1.1988 0.2109, 0.0782 -1.1988 0.2325, 0.0735 -1.1988 0.2071, 0.0717 -1.1988 0.2024, 0.066 -1.1988 0.1737, 0.0814 -1.1988 0.1759, 0.0773 -1.1988 0.1788, 0.1124 -1.1988 0.2519, 0.1181 -1.1988 0.2502, 0.1187 -1.1988 0.1864, 0.1183 -1.1988 0.1864, 0.1187 -1.1988 0.1746, 0.1152 -1.1988 0.1819, 0.1109 -1.1988 0.1778, 0.0803 -1.1988 0.2145, 0.086 -1.1988 0.2174, 0.0875 -1.1988 0.2383, 0.0961 -1.1988 0.2199, 0.0959 -1.1988 0.241, 0.0754 -1.1988 0.1808, 0.073 -1.1988 0.1846, 0.0714 -1.1988 0.1891, 0.1225 -1.1988 0.2477, 0.1261 -1.1988 0.2443, 0.1289 -1.1988 0.24, 0.0782 -1.1988 0.2455, 0.0809 -1.1988 0.247, 0.0908 -1.1988 0.2509, 0.1045 -1.1988 0.2526, 0.1187 -1.1988 0.2231, 0.1183 -1.1988 0.2282, 0.117 -1.1988 0.2333, 0.1155 -1.1988 0.2361, 0.1136 -1.1988 0.2384, 0.1113 -1.1988 0.24, 0.1083 -1.1988 0.2411, 0.1032 -1.1988 0.2417, 0.0708 -1.1988 0.195, 0.0708 -1.1988 0.1966, 0.131 -1.1988 0.234, 0.1321 -1.1988 0.2237, 0.1321 -1.1988 0.1746, 0.095 -1.1988 0.1728, 0.066 -1.1988 0.1314, 0.1024 -1.1988 0.1737, 0.1366 -1.1988 0.1314, 0.1024 -1.1988 0.1737, 0.0927 -1.1988 0.1729, 0.0875 -1.1988 0.1737, 0.0865 -1.1988 0.1739, 0.23 -1.1988 0.1737, 0.23 -1.1988 0.1964, 0.2086 -1.1988 0.2508, 0.2236 -1.1988 0.2508, 0.2385 -1.1988 0.1748, 0.2381 -1.1988 0.1737, 0.2327 -1.1988 0.1609, 0.2052 -1.1988 0.1314, 0.2114 -1.1988 0.1398, 0.2114 -1.1988 0.1517, 0.2142 -1.1988 0.1508, 0.219 -1.1988 0.1501, 0.1709 -1.1988 0.1728, 0.1564 -1.1988 0.1314, 0.2196 -1.1988 0.1502, 0.2228 -1.1988 0.1507, 0.2257 -1.1988 0.1519, 0.2274 -1.1988 0.1532, 0.2299 -1.1988 0.1559, 0.23 -1.1988 0.1561, 0.23 -1.1988 0.1411, 0.2254 -1.1988 0.1393, 0.23 -1.1988 0.1314, 0.22 -1.1988 0.1387, 0.2153 -1.1988 0.139, 0.2472 -1.1988 0.1631, 0.2413 -1.1988 0.1515, 0.33 -1.1988 0.1314, 0.2514 -1.1988 0.1737, 0.2364 -1.1988 0.1455, 0.2353 -1.1988 0.1445, 0.2306 -1.1988 0.1413, 0.3637 -1.1988 0.1314, 0.33 -1.1988 0.0079, 0.23 -1.1988 0.0079, 0.2052 -1.1988 0.0079, 0.1564 -1.1988 0.0079, 0.1366 -1.1988 0.0079, 0.066 -1.1988 0.0079, 0.1077 -1.1988 0.1757, 0.6423 -1.1988 0.1737, 0.4637 -1.1988 0.1737, 0.0006 -1.1988 0.2814, 0.0006 -1.1988 0.1746, 0.0596 -1.1988 0.1737, 0.0596 -1.1988 0.1314, 0.0596 -1.1988 0.0079, 0.0556 -1.1988 0.2814, 0.0596 -1.1988 0.3118, 0.0556 -1.1988 0.2691, 0.058 -1.1988 0.1868, 0.058 -1.1988 0.1746, 0.0144 -1.1988 0.2227, 0.0144 -1.1988 0.1868, 0.0525 -1.1988 0.2227, 0.0525 -1.1988 0.2349, 0.0144 -1.1988 0.2349, 0.0144 -1.1988 0.2691, 0.31 -1.1988 0.2227, 0.31 -1.1988 0.1868, 0.33 -1.1988 0.2227, 0.33 -1.1988 0.1868, 0.3738 -1.1988 0.1746, 0.4578 -1.1988 0.2101, 0.4526 -1.1988 0.199, 0.4446 -1.1988 0.1896, 0.4549 -1.1988 0.2544, 0.4589 -1.1988 0.2442, 0.4637 -1.1988 0.3118, 0.4607 -1.1988 0.2293, 0.4604 -1.1988 0.2226, 0.4337 -1.1988 0.1817, 0.4215 -1.1988 0.1769, 0.4032 -1.1988 0.1746, 0.3738 -1.1988 0.2814, 0.4043 -1.1988 0.2814, 0.4206 -1.1988 0.2796, 0.4334 -1.1988 0.2749, 0.4446 -1.1988 0.2672, 0.4483 -1.1988 0.2637, 0.5366 -1.1988 0.2038, 0.4921 -1.1988 0.2038, 0.5475 -1.1988 0.1746, 0.4819 -1.1988 0.1746, 0.5627 -1.1988 0.1746, 0.4667 -1.1988 0.1746, 0.5073 -1.1988 0.2814, 0.5221 -1.1988 0.2814, 0.0006 -1.1988 0.344, 0.0006 -1.1988 0.4507, 0.0569 -1.1988 0.344, 0.3212 -1.1988 0.4237, 0.3252 -1.1988 0.4136, 0.327 -1.1988 0.3987, 0.3267 -1.1988 0.3919, 0.3241 -1.1988 0.3794, 0.3189 -1.1988 0.3684, 0.3109 -1.1988 0.3589, 0.3 -1.1988 0.351, 0.2706 -1.1988 0.4507, 0.2869 -1.1988 0.4489, 0.2998 -1.1988 0.4442, 0.2878 -1.1988 0.3462, 0.2695 -1.1988 0.344, 0.2401 -1.1988 0.344, 0.2401 -1.1988 0.4507, 0.3109 -1.1988 0.4366, 0.3146 -1.1988 0.433, 0.6423 -1.1988 0.3118, 0.6423 -1.1988 0.3431, 0.6423 -1.1988 0.4516, 0.7218 -1.1988 0.6024, 0.7218 -1.1988 0.4516, 0.7218 -1.1988 0.3431, 0.7218 -1.1988 0.3118, 0.7218 -1.1988 0.1737, 0.7218 -1.1988 0.1314, 0.7218 -1.1988 0.0079, 0.0596 -1.1988 0.6024, 0.1564 -1.1988 0.6024, 0.2052 -1.1988 0.6024, 0.23 -1.1988 0.6024, 0.33 -1.1988 0.6024, 0.3637 -1.1988 0.6024, 0.4637 -1.1988 0.6024, 0.5453 -1.1988 0.6024, 0.6423 -1.1988 0.6024, 0.3543 1.1043 0.0197, -0.3543 1.1043 0.0197, 0.3543 1.1043 0.0079, -0.3543 1.1043 0.0079, -0.3543 -1.1004 0.0197, -0.3543 -1.1004 0.0079, 0.3543 -1.1004 0.0197, 0.3543 -1.1004 0.0079, 0.1575 0.6512 0.0591, -0.1575 0.6512 0.0591, 0.1575 0.848 0.0591, -0.1575 0.848 0.0591, 0.1575 -0.8439 0.0591, -0.1575 -0.8439 0.0591, 0.1575 -0.647 0.0591, -0.1575 -0.647 0.0591, -0.0689 0.1516 0.1693, -0.0689 0.2894 0.1693, 0.0689 0.1516 0.1693, 0.0689 0.2894 0.1693, -0.0689 -0.2854 0.1693, -0.0689 -0.1476 0.1693, 0.0689 -0.2854 0.1693, 0.0689 -0.1476 0.1693, 0.0689 1.0343 0.1693, 0.0689 0.8965 0.1693, -0.0689 1.0343 0.1693, -0.0689 0.8965 0.1693, -0.0689 0.4646 0.1693, -0.0689 0.6024 0.1693, 0.0689 0.4646 0.1693, 0.0689 0.6024 0.1693, 0.0689 -0.5984 0.1693, -0.0689 -0.5984 0.1693, 0.0689 -0.4606 0.1693, -0.0689 -0.4606 0.1693, 0.0689 -1.0303 0.1693, -0.0689 -1.0303 0.1693, 0.0689 -0.8925 0.1693, -0.0689 -0.8925 0.1693, 0.1575 0.6512 0.0394, 0.1132 0.6512 0.0394, -0.1132 0.6512 0.0394, -0.1575 0.6512 0.0394, 0.1575 0.848 0.0394, -0.1575 0.848 0.0394, -0.1132 0.848 0.0394, 0.1132 0.848 0.0394, 0.1575 -0.8439 0.0394, 0.1132 -0.8439 0.0394, -0.1132 -0.8439 0.0394, -0.1575 -0.8439 0.0394, 0.1575 -0.647 0.0394, -0.1575 -0.647 0.0394, -0.1132 -0.647 0.0394, 0.1132 -0.647 0.0394, 0.0689 0.1516 0.0394, -0.0689 0.1516 0.0394, 0.0689 0.2894 0.0394, -0.0689 0.2894 0.0394, 0.0689 -0.2854 0.0394, -0.0689 -0.2854 0.0394, 0.0689 -0.1476 0.0394, -0.0689 -0.1476 0.0394, 0.0689 1.0343 0.0394, 0.0689 0.8965 0.0394, -0.0689 1.0343 0.0394, -0.0689 0.8965 0.0394, -0.0689 0.6024 0.0394, 0.0689 0.6024 0.0394, -0.0689 0.4646 0.0394, 0.0689 0.4646 0.0394, 0.0689 -0.5984 0.0394, -0.0689 -0.5984 0.0394, 0.0689 -0.4606 0.0394, -0.0689 -0.4606 0.0394, 0.0689 -1.0303 0.0394, -0.0689 -1.0303 0.0394, 0.0689 -0.8925 0.0394, -0.0689 -0.8925 0.0394, -0.1132 0.002 0.0394, -0.1132 1.0354 0.0394, 0.1132 1.0354 0.0394, 0.2756 0.8722 0.0394, 0.2756 0.6268 0.0394, -0.1132 0.6268 0.0394, 0.1132 0.6268 0.0394, -0.2756 0.6268 0.0394, -0.2756 0.8722 0.0394, 0.1132 0.8722 0.0394, -0.1132 0.8722 0.0394, 0.2756 -0.6227 0.0394, 0.2756 -0.8682 0.0394, -0.1132 -0.8682 0.0394, 0.1132 -0.8682 0.0394, -0.2756 -0.8682 0.0394, -0.2756 -0.6227 0.0394, 0.1132 -0.6227 0.0394, -0.1132 -0.6227 0.0394, -0.2756 1.0354 0.0394, 0.2756 1.0354 0.0394, -0.1132 0.377 0.0394, 0.1132 0.377 0.0394, 0.1132 0.002 0.0394, -0.1132 -0.373 0.0394, 0.1132 -0.373 0.0394, -0.2756 0.377 0.0394, -0.2756 0.002 0.0394, -0.2756 -0.373 0.0394, 0.2756 0.377 0.0394, 0.2756 0.002 0.0394, 0.2756 -0.373 0.0394, -0.1132 -1.0309 0.0394, 0.1132 -1.0309 0.0394, -0.2756 -1.0309 0.0394, -0.2756 -1.0315 0.0394, -0.1132 -1.0315 0.0394, 0.1132 -1.0315 0.0394, 0.2756 -1.0309 0.0394, 0.2756 -1.0315 0.0394, 0.2756 -1.0315 0.0197, 0.2756 1.0354 0.0197, -0.2756 1.0354 0.0197, -0.2756 -1.0315 0.0197
            ]
        }
        coordIndex [
            0,1,2,-1,3,4,5,-1,6,3,7,-1,8,9,10,-1,11,12,13,-1,14,15,16,-1,16,15,17,-1,18,19,16,-1,16,19,20,-1,16,20,21,-1,21,22,16,-1,16,22,23,-1,16,23,14,-1,24,25,26,-1,27,28,29,-1,29,28,24,-1,29,24,30,-1,30,24,31,-1,31,24,32,-1,32,24,26,-1,32,26,33,-1,34,35,26,-1,26,35,36,-1,26,36,37,-1,26,38,33,-1,33,38,39,-1,33,39,40,-1,40,39,41,-1,40,41,42,-1,37,43,26,-1,26,43,44,-1,26,44,38,-1,45,46,47,-1,45,47,48,-1,46,49,47,-1,47,49,50,-1,47,50,51,-1,51,50,52,-1,52,53,51,-1,51,53,54,-1,51,54,34,-1,34,54,55,-1,34,55,35,-1,56,48,57,-1,57,48,47,-1,57,47,58,-1,58,47,59,-1,58,59,60,-1,60,59,61,-1,62,63,64,-1,65,66,59,-1,59,66,67,-1,59,67,61,-1,64,68,62,-1,62,68,69,-1,62,69,65,-1,65,69,70,-1,65,70,66,-1,71,72,63,-1,63,72,73,-1,63,73,74,-1,74,75,63,-1,63,75,76,-1,63,76,64,-1,77,78,79,-1,79,78,80,-1,81,82,72,-1,72,82,83,-1,72,83,84,-1,85,86,78,-1,78,86,87,-1,78,87,88,-1,89,90,91,-1,91,90,92,-1,93,94,71,-1,71,94,95,-1,71,95,96,-1,97,98,99,-1,99,98,100,-1,99,100,101,-1,102,88,103,-1,103,88,104,-1,103,104,99,-1,99,104,105,-1,99,105,97,-1,106,107,108,-1,108,107,109,-1,108,109,71,-1,71,109,110,-1,71,110,93,-1,96,111,71,-1,71,111,112,-1,71,112,72,-1,72,112,113,-1,72,113,81,-1,114,115,116,-1,116,115,117,-1,116,117,91,-1,91,117,118,-1,91,118,89,-1,102,119,88,-1,88,119,120,-1,88,120,78,-1,78,120,121,-1,78,121,80,-1,84,122,72,-1,72,122,123,-1,72,123,124,-1,124,123,114,-1,124,114,125,-1,125,114,116,-1,92,126,91,-1,91,126,127,-1,91,127,128,-1,129,130,91,-1,91,130,131,-1,91,131,78,-1,78,131,132,-1,78,132,85,-1,128,133,91,-1,91,133,134,-1,91,134,135,-1,135,136,91,-1,91,136,137,-1,91,137,129,-1,138,139,140,-1,140,139,141,-1,140,141,142,-1,142,88,140,-1,140,88,87,-1,140,87,143,-1,143,87,144,-1,144,145,143,-1,143,145,146,-1,143,146,147,-1,148,139,149,-1,149,139,138,-1,149,138,150,-1,151,152,153,-1,153,152,154,-1,152,155,138,-1,138,155,156,-1,138,156,157,-1,148,158,139,-1,139,158,159,-1,139,159,160,-1,151,161,152,-1,152,161,162,-1,152,162,155,-1,157,163,138,-1,138,163,164,-1,138,164,150,-1,165,166,160,-1,160,166,167,-1,160,167,139,-1,15,168,17,-1,17,168,169,-1,17,169,108,-1,108,169,170,-1,108,170,106,-1,13,12,171,-1,171,12,172,-1,171,172,173,-1,174,175,176,-1,177,171,178,-1,178,171,173,-1,178,173,179,-1,179,173,180,-1,179,180,181,-1,181,180,182,-1,183,184,185,-1,176,175,186,-1,186,175,187,-1,186,187,188,-1,189,190,191,-1,191,190,192,-1,191,192,193,-1,193,192,183,-1,193,183,194,-1,194,183,185,-1,195,196,197,-1,196,198,199,-1,196,199,200,-1,201,202,203,-1,204,205,195,-1,205,206,195,-1,195,206,207,-1,195,207,196,-1,196,207,208,-1,196,208,198,-1,201,203,195,-1,195,203,209,-1,195,209,204,-1,210,211,212,-1,212,211,213,-1,212,213,197,-1,197,213,214,-1,197,214,195,-1,215,216,10,-1,217,218,10,-1,10,218,219,-1,199,220,200,-1,200,220,221,-1,200,221,222,-1,223,224,216,-1,216,224,225,-1,216,225,10,-1,10,225,226,-1,10,226,217,-1,222,227,200,-1,200,227,228,-1,200,228,229,-1,229,228,230,-1,229,230,215,-1,219,231,10,-1,10,231,232,-1,10,232,8,-1,233,234,235,-1,235,234,236,-1,235,236,237,-1,235,238,233,-1,233,238,239,-1,233,239,240,-1,240,241,233,-1,233,241,242,-1,233,242,243,-1,243,242,244,-1,243,244,245,-1,245,244,246,-1,245,246,216,-1,216,246,247,-1,216,247,223,-1,248,249,237,-1,237,249,250,-1,237,250,235,-1,251,252,202,-1,202,252,253,-1,202,253,203,-1,251,254,252,-1,252,254,255,-1,252,255,256,-1,256,255,257,-1,256,258,259,-1,257,260,256,-1,256,260,261,-1,256,261,262,-1,262,263,256,-1,256,263,264,-1,256,264,258,-1,259,265,256,-1,256,265,266,-1,256,266,267,-1,268,269,270,-1,271,272,270,-1,270,272,273,-1,270,273,268,-1,269,268,274,-1,274,268,275,-1,274,275,276,-1,272,277,273,-1,273,277,278,-1,273,278,279,-1,279,278,280,-1,279,280,281,-1,281,280,282,-1,281,282,276,-1,276,282,283,-1,276,283,274,-1,284,285,286,-1,286,285,287,-1,288,289,290,-1,290,289,291,-1,290,291,292,-1,292,291,293,-1,294,295,296,-1,296,295,297,-1,296,297,287,-1,287,297,298,-1,287,298,286,-1,299,300,301,-1,302,303,284,-1,284,303,304,-1,284,304,285,-1,298,289,286,-1,286,289,288,-1,286,288,305,-1,305,288,306,-1,305,306,301,-1,301,306,307,-1,301,307,299,-1,308,309,302,-1,302,309,310,-1,302,310,311,-1,312,313,314,-1,314,313,315,-1,314,315,316,-1,316,315,317,-1,316,317,311,-1,311,317,300,-1,311,300,302,-1,302,300,299,-1,302,299,303,-1,314,318,319,-1,320,321,314,-1,314,321,322,-1,314,322,323,-1,320,324,321,-1,321,324,325,-1,321,325,326,-1,326,325,327,-1,326,327,328,-1,323,329,314,-1,314,329,330,-1,314,330,331,-1,319,332,314,-1,314,332,333,-1,314,333,312,-1,331,334,314,-1,314,334,335,-1,314,335,318,-1,336,337,308,-1,308,337,338,-1,308,338,309,-1,339,340,341,-1,341,340,342,-1,343,344,345,-1,345,346,343,-1,343,346,347,-1,343,347,348,-1,349,350,343,-1,343,350,351,-1,343,351,344,-1,352,353,354,-1,354,353,355,-1,354,355,349,-1,349,355,356,-1,349,356,350,-1,357,358,359,-1,359,358,360,-1,360,361,359,-1,359,361,362,-1,359,362,352,-1,357,359,363,-1,363,359,364,-1,363,364,365,-1,365,364,366,-1,366,364,196,-1,366,196,367,-1,317,368,300,-1,300,368,369,-1,300,369,370,-1,370,369,371,-1,370,371,372,-1,373,374,375,-1,375,374,376,-1,377,378,379,-1,380,381,196,-1,382,383,384,-1,384,383,385,-1,384,385,386,-1,373,387,374,-1,374,387,388,-1,374,388,389,-1,389,388,390,-1,389,390,391,-1,379,392,377,-1,377,392,393,-1,377,393,394,-1,381,395,196,-1,196,395,396,-1,196,396,397,-1,398,399,364,-1,364,399,400,-1,364,400,196,-1,196,400,401,-1,196,401,380,-1,402,403,390,-1,390,403,404,-1,404,405,390,-1,390,405,406,-1,390,406,407,-1,407,408,390,-1,390,408,409,-1,390,409,391,-1,394,410,377,-1,377,410,411,-1,377,411,364,-1,364,411,376,-1,364,376,398,-1,398,376,374,-1,397,412,196,-1,196,412,413,-1,196,413,197,-1,197,413,414,-1,197,414,384,-1,415,416,417,-1,417,416,418,-1,417,418,419,-1,415,420,416,-1,416,420,421,-1,416,421,377,-1,377,421,422,-1,377,422,378,-1,423,424,10,-1,10,424,425,-1,215,10,229,-1,229,10,425,-1,229,425,190,-1,190,425,426,-1,190,426,192,-1,427,424,428,-1,428,424,423,-1,428,423,429,-1,430,431,432,-1,433,434,10,-1,435,436,9,-1,9,436,430,-1,9,430,10,-1,10,430,432,-1,10,432,433,-1,434,437,10,-1,10,437,438,-1,10,438,439,-1,439,440,10,-1,10,440,441,-1,10,441,423,-1,423,441,442,-1,423,442,429,-1,443,444,445,-1,445,444,446,-1,445,446,430,-1,430,446,447,-1,430,447,431,-1,448,449,450,-1,448,450,451,-1,449,452,450,-1,450,452,453,-1,450,453,445,-1,445,453,454,-1,445,454,443,-1,6,455,456,-1,456,455,450,-1,456,450,457,-1,457,450,445,-1,457,445,458,-1,458,445,430,-1,458,430,459,-1,459,430,436,-1,459,436,460,-1,460,436,418,-1,460,418,461,-1,461,418,416,-1,435,210,436,-1,436,210,212,-1,436,212,418,-1,418,212,197,-1,418,197,419,-1,419,197,384,-1,419,384,462,-1,462,384,386,-1,455,176,450,-1,450,176,186,-1,450,186,451,-1,451,186,188,-1,451,188,189,-1,189,188,11,-1,189,11,190,-1,190,11,13,-1,3,5,7,-1,7,5,463,-1,7,463,464,-1,465,108,466,-1,466,108,71,-1,466,71,467,-1,467,71,63,-1,467,63,468,-1,468,63,62,-1,468,62,469,-1,465,470,471,-1,470,472,471,-1,471,472,473,-1,471,473,467,-1,467,473,474,-1,467,474,466,-1,475,476,477,-1,477,476,473,-1,477,473,478,-1,478,473,472,-1,478,472,479,-1,479,472,480,-1,481,482,483,-1,483,482,484,-1,483,484,177,-1,177,484,174,-1,177,174,171,-1,171,174,176,-1,171,176,485,-1,486,487,464,-1,464,487,488,-1,489,490,491,-1,491,490,492,-1,491,492,464,-1,464,492,493,-1,464,493,486,-1,488,494,464,-1,464,494,495,-1,464,495,496,-1,6,7,455,-1,455,7,464,-1,455,464,176,-1,176,464,496,-1,176,496,485,-1,485,497,171,-1,171,497,498,-1,171,498,491,-1,491,498,499,-1,491,499,500,-1,500,501,491,-1,491,501,502,-1,491,502,489,-1,503,504,505,-1,505,504,506,-1,507,505,463,-1,463,505,506,-1,463,506,464,-1,464,506,508,-1,464,508,491,-1,491,508,509,-1,491,509,510,-1,352,354,359,-1,359,354,471,-1,359,471,364,-1,364,471,467,-1,364,467,377,-1,377,467,468,-1,377,468,416,-1,416,468,469,-1,416,469,461,-1,491,268,171,-1,171,268,273,-1,171,273,13,-1,13,273,279,-1,13,279,190,-1,190,279,305,-1,190,305,229,-1,229,305,301,-1,229,301,200,-1,200,301,300,-1,200,300,196,-1,196,300,370,-1,196,370,367,-1,367,370,372,-1,465,471,108,-1,108,471,354,-1,108,354,17,-1,17,354,511,-1,17,511,16,-1,511,512,16,-1,16,512,0,-1,16,0,349,-1,349,0,2,-1,349,2,354,-1,354,2,513,-1,354,513,511,-1,514,515,281,-1,281,515,516,-1,281,516,279,-1,279,516,517,-1,279,517,518,-1,518,519,279,-1,279,519,520,-1,279,520,521,-1,286,522,281,-1,281,522,523,-1,281,523,524,-1,521,525,279,-1,279,525,526,-1,279,526,305,-1,305,526,527,-1,305,527,286,-1,286,527,528,-1,286,528,522,-1,524,529,281,-1,281,529,530,-1,281,530,514,-1,507,463,510,-1,510,463,531,-1,510,531,491,-1,491,531,532,-1,491,532,268,-1,268,532,533,-1,268,533,275,-1,534,533,535,-1,535,533,532,-1,535,532,536,-1,536,532,531,-1,536,531,537,-1,537,531,463,-1,537,463,538,-1,538,463,5,-1,538,5,539,-1,539,5,4,-1,539,4,540,-1,348,341,343,-1,343,341,342,-1,343,342,349,-1,349,342,541,-1,349,541,16,-1,16,541,28,-1,16,28,18,-1,18,28,27,-1,339,336,340,-1,340,336,308,-1,340,308,542,-1,542,308,302,-1,542,302,543,-1,543,302,284,-1,543,284,544,-1,544,284,286,-1,544,286,545,-1,545,286,281,-1,545,281,546,-1,546,281,276,-1,546,276,547,-1,547,276,275,-1,547,275,548,-1,548,275,533,-1,548,533,549,-1,549,533,534,-1,550,551,552,-1,552,551,553,-1,551,554,553,-1,553,554,555,-1,554,556,555,-1,555,556,557,-1,556,550,557,-1,557,550,552,-1,558,559,560,-1,560,559,561,-1,562,563,564,-1,564,563,565,-1,566,567,568,-1,568,567,569,-1,570,571,572,-1,572,571,573,-1,574,575,576,-1,576,575,577,-1,578,579,580,-1,580,579,581,-1,582,583,584,-1,584,583,585,-1,586,587,588,-1,588,587,589,-1,558,590,591,-1,558,591,559,-1,559,591,592,-1,559,592,593,-1,560,594,558,-1,558,594,590,-1,561,595,596,-1,561,596,560,-1,560,596,597,-1,560,597,594,-1,559,593,561,-1,561,593,595,-1,562,598,599,-1,562,599,563,-1,563,599,600,-1,563,600,601,-1,564,602,562,-1,562,602,598,-1,565,603,604,-1,565,604,564,-1,564,604,605,-1,564,605,602,-1,563,601,565,-1,565,601,603,-1,606,607,568,-1,568,607,566,-1,608,606,569,-1,569,606,568,-1,609,608,567,-1,567,608,569,-1,607,609,566,-1,566,609,567,-1,610,611,572,-1,572,611,570,-1,612,610,573,-1,573,610,572,-1,613,612,571,-1,571,612,573,-1,611,613,570,-1,570,613,571,-1,574,614,575,-1,575,614,615,-1,576,616,574,-1,574,616,614,-1,577,617,576,-1,576,617,616,-1,575,615,577,-1,577,615,617,-1,579,618,581,-1,581,618,619,-1,578,620,579,-1,579,620,618,-1,580,621,578,-1,578,621,620,-1,581,619,580,-1,580,619,621,-1,582,622,583,-1,583,622,623,-1,584,624,582,-1,582,624,622,-1,585,625,584,-1,584,625,624,-1,583,623,585,-1,585,623,625,-1,586,626,587,-1,587,626,627,-1,588,628,586,-1,586,628,626,-1,589,629,588,-1,588,629,628,-1,587,627,589,-1,589,627,629,-1,612,613,630,-1,616,631,632,-1,633,634,590,-1,593,592,635,-1,635,592,591,-1,635,591,636,-1,637,638,595,-1,594,597,639,-1,639,597,596,-1,639,596,640,-1,641,642,598,-1,601,600,643,-1,643,600,599,-1,643,599,644,-1,645,646,603,-1,602,605,647,-1,647,605,604,-1,647,604,648,-1,649,631,638,-1,638,631,640,-1,638,640,595,-1,595,640,596,-1,631,616,640,-1,640,616,617,-1,640,617,639,-1,639,617,615,-1,639,615,632,-1,632,615,614,-1,632,614,616,-1,632,650,639,-1,639,650,633,-1,639,633,594,-1,594,633,590,-1,620,651,618,-1,618,651,635,-1,618,635,619,-1,619,635,636,-1,619,636,621,-1,621,636,652,-1,608,651,652,-1,652,651,620,-1,652,620,621,-1,608,652,606,-1,606,652,653,-1,606,653,607,-1,630,613,654,-1,654,613,611,-1,654,611,655,-1,611,610,655,-1,655,610,612,-1,655,612,653,-1,653,612,630,-1,653,630,607,-1,607,630,651,-1,607,651,609,-1,609,651,608,-1,595,593,637,-1,637,593,635,-1,637,635,656,-1,656,635,651,-1,656,651,657,-1,657,651,630,-1,657,630,658,-1,658,630,654,-1,658,654,646,-1,646,654,648,-1,646,648,603,-1,603,648,604,-1,622,647,623,-1,623,647,648,-1,623,648,625,-1,625,648,654,-1,625,654,624,-1,624,654,655,-1,624,655,622,-1,622,655,647,-1,591,590,636,-1,636,590,634,-1,636,634,652,-1,652,634,659,-1,652,659,653,-1,653,659,660,-1,653,660,655,-1,655,660,661,-1,655,661,647,-1,647,661,641,-1,647,641,602,-1,602,641,598,-1,627,662,629,-1,629,662,643,-1,629,643,628,-1,628,643,644,-1,628,644,626,-1,626,644,663,-1,603,601,645,-1,645,601,643,-1,645,643,664,-1,664,643,662,-1,664,662,665,-1,665,662,666,-1,627,626,662,-1,662,626,663,-1,662,663,666,-1,666,663,667,-1,599,598,644,-1,644,598,642,-1,644,642,663,-1,663,642,668,-1,663,668,667,-1,667,668,669,-1,669,668,670,-1,670,668,642,-1,670,642,641,-1,659,671,660,-1,660,671,670,-1,660,670,661,-1,661,670,641,-1,659,634,671,-1,671,634,633,-1,671,633,650,-1,650,632,671,-1,671,632,631,-1,671,631,672,-1,672,631,649,-1,649,638,672,-1,672,638,637,-1,637,656,672,-1,672,656,657,-1,672,657,673,-1,673,657,658,-1,673,658,646,-1,646,645,673,-1,673,645,664,-1,673,664,665,-1,667,669,670,-1,667,670,666,-1,666,670,673,-1,666,673,665,-1,672,551,671,-1,671,551,550,-1,671,550,670,-1,670,550,556,-1,670,556,673,-1,673,556,554,-1,673,554,672,-1,672,554,551,-1,
        ]
    }
}
Shape{
    appearance Appearance {
        material  Material 	{
            diffuseColor 0.7529411764705882 0.7529411764705882 0.7529411764705882
            specularColor 0.3764705882352941 0.3764705882352941 0.3764705882352941
            ambientIntensity 0.7529
            transparency 0.0
            shininess 0.5
        }
    }
    geometry IndexedFaceSet {
        ccw TRUE
        solid FALSE
        coord DEF co Coordinate {
            point [
                -0.7087 0.2776 0.0079, -0.7087 -0.2736 0.0079, -0.7087 0.2776 0.0, -0.7087 -0.2736 0.0, 0.7087 -0.2736 0.0079, 0.7087 0.2776 0.0079, 0.7087 -0.2736 0.0, 0.7087 0.2776 0.0
            ]
        }
        coordIndex [
            0,1,2,-1,2,1,3,-1,4,5,6,-1,6,5,7,-1,
        ]
    }
}
Shape{
    appearance Appearance {
        material  Material 	{
            diffuseColor 0.25098039215686274 0.25098039215686274 0.25098039215686274
            specularColor 0.12549019607843137 0.12549019607843137 0.12549019607843137
            ambientIntensity 0.251
            transparency 0.0
            shininess 0.5
        }
    }
    geometry IndexedFaceSet {
        ccw TRUE
        solid FALSE
        coord DEF co Coordinate {
            point [
                -1.1811 -0.6515 0.0079, -1.1811 -0.2736 0.0079, -0.7087 -0.2736 0.0079, 0.3543 1.1043 0.0079, 0.7087 0.2776 0.0079, 0.3543 -1.1004 0.0079, 0.7087 -0.2736 0.0079, -0.7218 -1.1988 0.0079, -0.3543 -1.1004 0.0079, 0.7218 -1.1988 0.0079, 1.1811 -0.6515 0.0079, 1.1811 -0.2736 0.0079, 1.1811 0.2776 0.0079, 1.1811 0.6554 0.0079, 0.7218 1.2028 0.0079, -0.3543 1.1043 0.0079, -0.7218 1.2028 0.0079, -1.1811 0.6554 0.0079, -1.1811 0.2776 0.0079, -0.7087 0.2776 0.0079, 0.8171 0.2185 1.9663, 0.8306 0.2185 1.9614, 0.8196 0.2576 1.9618, 0.8353 0.2185 1.9597, 0.8478 0.2185 1.9517, 0.8355 0.2626 1.9519, 0.8501 0.2185 1.9502, 0.8619 0.2185 1.938, 0.8485 0.2667 1.9382, 0.8637 0.2185 1.9361, 0.8722 0.2185 1.9214, 0.858 0.2696 1.9215, 0.8731 0.2185 1.9197, 0.8779 0.2185 1.9029, 0.8634 0.2713 1.903, 0.8783 0.2185 1.9016, 0.8792 0.2185 1.8898, 0.8644 0.2716 1.8898, -0.1098 0.8804 1.9425, -0.1188 0.8826 1.938, -0.1865 0.8711 1.9382, -0.1289 0.8852 1.933, -0.1428 0.8891 1.9222, -0.1886 0.8808 1.9215, -0.1573 0.8937 1.8916, -0.1573 0.8937 1.8898, -0.19 0.8873 1.8898, -0.8769 0.2185 1.9085, -0.8719 0.2185 1.9214, -0.858 0.2696 1.9215, -0.8701 0.2185 1.9261, -0.8618 0.2185 1.938, -0.8485 0.2667 1.9382, -0.86 0.2185 1.9407, -0.8473 0.2185 1.9524, -0.8355 0.2626 1.9519, -0.8312 0.2185 1.9616, -0.8307 0.2185 1.9618, -0.8196 0.2576 1.9618, -0.8123 0.2185 1.9673, -0.8116 0.2185 1.9673, -0.8018 0.2521 1.9674, 0.7979 0.2185 1.9685, 0.8115 0.2185 1.9669, 0.8018 0.2521 1.9674, 0.7893 0.2482 1.9685, 0.771 0.3353 1.9674, 0.7589 0.3301 1.9685, 0.7315 0.4148 1.9674, 0.72 0.4083 1.9685, 0.6839 0.4897 1.9674, 0.6731 0.482 1.9685, 0.6286 0.5591 1.9674, 0.6187 0.5503 1.9685, 0.5663 0.6223 1.9674, 0.5574 0.6126 1.9685, 0.4977 0.6786 1.9674, 0.4899 0.668 1.9685, 0.4235 0.7273 1.9674, 0.4169 0.7159 1.9685, 0.3447 0.768 1.9674, 0.3392 0.7559 1.9685, 0.2619 0.8001 1.9674, 0.2578 0.7875 1.9685, 0.1762 0.8232 1.9674, 0.1735 0.8103 1.9685, 0.0886 0.8372 1.9674, 0.0872 0.8241 1.9685, 0.0 0.8419 1.9674, 0.0 0.8287 1.9685, -0.0886 0.8372 1.9674, -0.0872 0.8241 1.9685, -0.1762 0.8232 1.9674, -0.1735 0.8103 1.9685, -0.2619 0.8001 1.9674, -0.2578 0.7875 1.9685, -0.3447 0.768 1.9674, -0.3392 0.7559 1.9685, -0.4235 0.7273 1.9674, -0.4169 0.7159 1.9685, -0.4977 0.6786 1.9674, -0.4899 0.668 1.9685, -0.5663 0.6223 1.9674, -0.5574 0.6126 1.9685, -0.6286 0.5591 1.9674, -0.6187 0.5503 1.9685, -0.6839 0.4897 1.9674, -0.6731 0.482 1.9685, -0.7315 0.4148 1.9674, -0.72 0.4083 1.9685, -0.771 0.3353 1.9674, -0.7589 0.3301 1.9685, -0.7893 0.2482 1.9685, -0.7979 0.2185 1.9685, -0.8792 0.2185 1.8898, -0.8776 0.2185 1.9029, -0.8644 0.2716 1.8898, -0.8634 0.2713 1.903, -0.8382 0.3424 1.8898, -0.8301 0.3609 1.903, -0.8312 0.3613 1.8898, -0.7876 0.4465 1.903, -0.7886 0.447 1.8898, -0.6768 0.6018 1.903, -0.7062 0.5667 1.8898, -0.7363 0.5271 1.903, -0.7372 0.5277 1.8898, -0.7807 0.4595 1.8898, -0.5165 0.7446 1.8898, -0.5365 0.7314 1.8898, -0.5359 0.7305 1.903, -0.6105 0.6707 1.8898, -0.6098 0.6699 1.903, -0.6182 0.6629 1.8898, -0.6777 0.6026 1.8898, -0.4566 0.7839 1.8898, -0.456 0.783 1.903, -0.4041 0.811 1.8898, -0.3711 0.8267 1.903, -0.3715 0.8277 1.8898, -0.1515 0.8917 1.9111, -0.1549 0.8929 1.9029, -0.1898 0.8862 1.903, -0.1557 0.8932 1.9011, -0.2839 0.8617 1.8898, -0.282 0.8613 1.903, -0.2824 0.8623 1.8898, -0.0923 0.8723 1.9519, -0.0738 0.8738 1.9518, -0.0847 0.8754 1.95, -0.0876 0.876 1.9491, -0.0929 0.877 1.9475, -0.1836 0.8577 1.9519, -0.0532 0.8709 1.9552, -0.0906 0.8557 1.9618, -0.0127 0.8683 1.9578, 0.0 0.8605 1.9618, -0.0 0.8684 1.9577, 0.0736 0.8738 1.9518, 0.061 0.8718 1.9542, 0.0906 0.8557 1.9618, 0.0268 0.8688 1.9573, 0.0 0.8684 1.9577, 0.0923 0.8723 1.9519, 0.0928 0.8769 1.948, 0.0876 0.876 1.949, 0.1191 0.8827 1.9381, 0.1157 0.8818 1.94, 0.1836 0.8577 1.9519, 0.0929 0.8769 1.9479, 0.143 0.8892 1.9214, 0.1341 0.8866 1.9296, 0.1865 0.8711 1.9382, 0.1549 0.8929 1.9029, 0.1527 0.8922 1.9087, 0.1886 0.8808 1.9215, 0.146 0.89 1.9187, 0.1573 0.8937 1.8898, 0.1562 0.8933 1.8993, 0.1898 0.8862 1.903, 0.19 0.8873 1.8898, 0.282 0.8613 1.903, 0.2824 0.8623 1.8898, 0.2839 0.8617 1.8898, 0.3711 0.8267 1.903, 0.3715 0.8277 1.8898, 0.6182 0.6629 1.8898, 0.6105 0.6707 1.8898, 0.6098 0.6699 1.903, 0.5365 0.7314 1.8898, 0.5359 0.7305 1.903, 0.5165 0.7446 1.8898, 0.456 0.783 1.903, 0.4566 0.7839 1.8898, 0.4041 0.811 1.8898, 0.6777 0.6026 1.8898, 0.6768 0.6018 1.903, 0.7062 0.5667 1.8898, 0.7363 0.5271 1.903, 0.7372 0.5277 1.8898, 0.7807 0.4595 1.8898, 0.7876 0.4465 1.903, 0.7886 0.447 1.8898, 0.8301 0.3609 1.903, 0.8312 0.3613 1.8898, 0.8382 0.3424 1.8898, -0.825 0.3587 1.9215, -0.7828 0.4437 1.9215, -0.7318 0.5238 1.9215, -0.6727 0.5981 1.9215, -0.606 0.6658 1.9215, -0.5326 0.726 1.9215, -0.4532 0.7782 1.9215, -0.3688 0.8216 1.9215, -0.2803 0.856 1.9215, 0.2803 0.856 1.9215, 0.3688 0.8216 1.9215, 0.4532 0.7782 1.9215, 0.5326 0.726 1.9215, 0.606 0.6658 1.9215, 0.6727 0.5981 1.9215, 0.7318 0.5238 1.9215, 0.7828 0.4437 1.9215, 0.825 0.3587 1.9215, -0.8159 0.3547 1.9382, -0.7741 0.4388 1.9382, -0.7237 0.5181 1.9382, -0.6652 0.5915 1.9382, -0.5993 0.6584 1.9382, -0.5267 0.718 1.9382, -0.4482 0.7696 1.9382, -0.3647 0.8126 1.9382, -0.2772 0.8465 1.9382, 0.2772 0.8465 1.9382, 0.3647 0.8126 1.9382, 0.4482 0.7696 1.9382, 0.5267 0.718 1.9382, 0.5993 0.6584 1.9382, 0.6652 0.5915 1.9382, 0.7237 0.5181 1.9382, 0.7741 0.4388 1.9382, 0.8159 0.3547 1.9382, -0.8033 0.3493 1.9519, -0.7622 0.4321 1.9519, -0.7125 0.5101 1.9519, -0.655 0.5825 1.9519, -0.5901 0.6483 1.9519, -0.5186 0.707 1.9519, -0.4413 0.7577 1.9519, -0.3591 0.8001 1.9519, -0.2729 0.8335 1.9519, 0.2729 0.8335 1.9519, 0.3591 0.8001 1.9519, 0.4413 0.7577 1.9519, 0.5186 0.707 1.9519, 0.5901 0.6483 1.9519, 0.655 0.5825 1.9519, 0.7125 0.5101 1.9519, 0.7622 0.4321 1.9519, 0.8033 0.3493 1.9519, -0.788 0.3427 1.9618, -0.7477 0.4239 1.9618, -0.699 0.5004 1.9618, -0.6425 0.5714 1.9618, -0.5788 0.636 1.9618, -0.5087 0.6936 1.9618, -0.4329 0.7434 1.9618, -0.3523 0.7849 1.9618, -0.2677 0.8177 1.9618, -0.1801 0.8414 1.9618, 0.1801 0.8414 1.9618, 0.2677 0.8177 1.9618, 0.3523 0.7849 1.9618, 0.4329 0.7434 1.9618, 0.5087 0.6936 1.9618, 0.5788 0.636 1.9618, 0.6425 0.5714 1.9618, 0.699 0.5004 1.9618, 0.7477 0.4239 1.9618, 0.788 0.3427 1.9618, -1.0072 0.2181 1.9376, -1.0087 0.2179 1.9356, -1.0117 -0.2127 1.9306, -1.0069 0.2181 1.9381, -1.0105 -0.2134 1.9331, -1.0072 -0.214 1.9375, -1.0117 0.2164 1.9305, -1.016 0.2143 1.923, -1.0158 -0.2101 1.9228, -1.0163 0.2142 1.9225, -1.0166 -0.2096 1.9213, -1.0167 0.2137 1.9214, -1.0191 0.2106 1.9144, -1.0223 -0.2014 1.9028, -1.0216 -0.2026 1.9055, -1.0217 0.2067 1.9056, -1.0191 -0.2067 1.9144, -1.0215 0.2077 1.9077, -1.0179 -0.2088 1.9188, -1.0236 0.1988 1.8898, -1.0236 -0.1949 1.8898, -1.0229 0.202 1.8962, -1.0231 -0.1981 1.8963, -1.0221 0.2053 1.9028, -1.0228 -0.2005 1.901, -1.0068 -0.2141 1.938, -1.0039 -0.2146 1.9418, -1.0039 0.2185 1.9418, -0.9933 -0.2146 1.9519, -0.9933 0.2185 1.9519, -0.9766 -0.2146 1.9618, -0.9766 0.2185 1.9618, -0.9581 -0.2146 1.9674, -0.9581 0.2185 1.9674, -0.9449 -0.2146 1.9685, -0.9449 0.2185 1.9685, 0.8769 -0.2146 1.9085, 0.8719 -0.2146 1.9214, 0.858 -0.2657 1.9215, 0.8701 -0.2146 1.9261, 0.8618 -0.2146 1.938, 0.8485 -0.2627 1.9382, 0.86 -0.2146 1.9407, 0.8473 -0.2146 1.9524, 0.8355 -0.2587 1.9519, 0.8312 -0.2146 1.9616, 0.8307 -0.2146 1.9618, 0.8196 -0.2537 1.9618, 0.8123 -0.2146 1.9673, 0.8116 -0.2146 1.9673, 0.8018 -0.2482 1.9674, -0.8171 -0.2146 1.9663, -0.8306 -0.2146 1.9614, -0.8196 -0.2537 1.9618, -0.8353 -0.2146 1.9597, -0.8478 -0.2146 1.9517, -0.8355 -0.2587 1.9519, -0.8501 -0.2146 1.9502, -0.8619 -0.2146 1.938, -0.8485 -0.2627 1.9382, -0.8637 -0.2146 1.9361, -0.8722 -0.2146 1.9214, -0.858 -0.2657 1.9215, -0.8731 -0.2146 1.9197, -0.8779 -0.2146 1.9029, -0.8634 -0.2674 1.903, -0.8783 -0.2146 1.9016, -0.8792 -0.2146 1.8898, -0.8644 -0.2677 1.8898, 0.8776 -0.2146 1.9029, 0.8634 -0.2674 1.903, 0.8792 -0.2146 1.8898, 0.8644 -0.2677 1.8898, 0.8371 -0.3413 1.8898, 0.8301 -0.3569 1.903, 0.8312 -0.3574 1.8898, 0.7876 -0.4425 1.903, 0.7886 -0.4431 1.8898, 0.6098 -0.666 1.903, 0.6777 -0.5986 1.8898, 0.6768 -0.5979 1.903, 0.7006 -0.5699 1.8898, 0.7363 -0.5231 1.903, 0.7372 -0.5238 1.8898, 0.7774 -0.4607 1.8898, 0.5037 -0.749 1.8898, 0.5365 -0.7275 1.8898, 0.5359 -0.7266 1.903, 0.6095 -0.6676 1.8898, 0.6105 -0.6668 1.8898, 0.4566 -0.78 1.8898, 0.456 -0.779 1.903, 0.3879 -0.8154 1.8898, 0.3711 -0.8228 1.903, 0.3715 -0.8238 1.8898, 0.282 -0.8573 1.903, 0.2824 -0.8584 1.8898, -0.1331 -0.8925 1.8898, -0.0955 -0.8985 1.8898, -0.0954 -0.8974 1.903, 0.0 -0.9035 1.8898, 0.0 -0.9024 1.903, 0.0955 -0.8985 1.8898, 0.0954 -0.8974 1.903, 0.1331 -0.8925 1.8898, 0.1898 -0.8823 1.903, 0.19 -0.8834 1.8898, 0.2634 -0.8635 1.8898, -0.19 -0.8834 1.8898, -0.1898 -0.8823 1.903, -0.2634 -0.8635 1.8898, -0.282 -0.8573 1.903, -0.2824 -0.8584 1.8898, -0.3711 -0.8228 1.903, -0.3715 -0.8238 1.8898, -0.5359 -0.7266 1.903, -0.5037 -0.749 1.8898, -0.456 -0.779 1.903, -0.4566 -0.78 1.8898, -0.3879 -0.8154 1.8898, -0.7006 -0.5699 1.8898, -0.6777 -0.5986 1.8898, -0.6768 -0.5979 1.903, -0.6105 -0.6668 1.8898, -0.6098 -0.666 1.903, -0.6095 -0.6676 1.8898, -0.5365 -0.7275 1.8898, -0.7372 -0.5238 1.8898, -0.7363 -0.5231 1.903, -0.7774 -0.4607 1.8898, -0.7876 -0.4425 1.903, -0.7886 -0.4431 1.8898, -0.8301 -0.3569 1.903, -0.8312 -0.3574 1.8898, -0.8371 -0.3413 1.8898, -0.7893 -0.2442 1.9685, -0.7979 -0.2146 1.9685, -0.8115 -0.2146 1.9669, -0.8018 -0.2482 1.9674, -0.771 -0.3314 1.9674, -0.7589 -0.3261 1.9685, -0.7315 -0.4109 1.9674, -0.72 -0.4044 1.9685, -0.6839 -0.4857 1.9674, -0.6731 -0.4781 1.9685, -0.6286 -0.5552 1.9674, -0.6187 -0.5464 1.9685, -0.5663 -0.6184 1.9674, -0.5574 -0.6086 1.9685, -0.4977 -0.6747 1.9674, -0.4899 -0.664 1.9685, -0.4235 -0.7234 1.9674, -0.4169 -0.712 1.9685, -0.3447 -0.764 1.9674, -0.3392 -0.752 1.9685, -0.2619 -0.7961 1.9674, -0.2578 -0.7836 1.9685, -0.1762 -0.8193 1.9674, -0.1735 -0.8064 1.9685, -0.0886 -0.8333 1.9674, -0.0872 -0.8202 1.9685, 0.0 -0.838 1.9674, 0.0 -0.8248 1.9685, 0.0886 -0.8333 1.9674, 0.0872 -0.8202 1.9685, 0.1762 -0.8193 1.9674, 0.1735 -0.8064 1.9685, 0.2619 -0.7961 1.9674, 0.2578 -0.7836 1.9685, 0.3447 -0.764 1.9674, 0.3392 -0.752 1.9685, 0.4235 -0.7234 1.9674, 0.4169 -0.712 1.9685, 0.4977 -0.6747 1.9674, 0.4899 -0.664 1.9685, 0.5663 -0.6184 1.9674, 0.5574 -0.6086 1.9685, 0.6286 -0.5552 1.9674, 0.6187 -0.5464 1.9685, 0.6839 -0.4857 1.9674, 0.6731 -0.4781 1.9685, 0.7315 -0.4109 1.9674, 0.72 -0.4044 1.9685, 0.771 -0.3314 1.9674, 0.7589 -0.3261 1.9685, 0.7893 -0.2442 1.9685, 0.7979 -0.2146 1.9685, 0.825 -0.3547 1.9215, 0.7828 -0.4398 1.9215, 0.7318 -0.5199 1.9215, 0.6727 -0.5942 1.9215, 0.606 -0.6618 1.9215, 0.5326 -0.7221 1.9215, 0.4532 -0.7742 1.9215, 0.3688 -0.8177 1.9215, 0.2803 -0.852 1.9215, 0.1886 -0.8768 1.9215, 0.0948 -0.8918 1.9215, 0.0 -0.8969 1.9215, -0.0948 -0.8918 1.9215, -0.1886 -0.8768 1.9215, -0.2803 -0.852 1.9215, -0.3688 -0.8177 1.9215, -0.4532 -0.7742 1.9215, -0.5326 -0.7221 1.9215, -0.606 -0.6618 1.9215, -0.6727 -0.5942 1.9215, -0.7318 -0.5199 1.9215, -0.7828 -0.4398 1.9215, -0.825 -0.3547 1.9215, 0.8159 -0.3508 1.9382, 0.7741 -0.4349 1.9382, 0.7237 -0.5141 1.9382, 0.6652 -0.5876 1.9382, 0.5993 -0.6545 1.9382, 0.5267 -0.7141 1.9382, 0.4482 -0.7656 1.9382, 0.3647 -0.8086 1.9382, 0.2772 -0.8426 1.9382, 0.1865 -0.8671 1.9382, 0.0938 -0.882 1.9382, 0.0 -0.8869 1.9382, -0.0938 -0.882 1.9382, -0.1865 -0.8671 1.9382, -0.2772 -0.8426 1.9382, -0.3647 -0.8086 1.9382, -0.4482 -0.7656 1.9382, -0.5267 -0.7141 1.9382, -0.5993 -0.6545 1.9382, -0.6652 -0.5876 1.9382, -0.7237 -0.5141 1.9382, -0.7741 -0.4349 1.9382, -0.8159 -0.3508 1.9382, 0.8033 -0.3454 1.9519, 0.7622 -0.4282 1.9519, 0.7125 -0.5062 1.9519, 0.655 -0.5785 1.9519, 0.5901 -0.6444 1.9519, 0.5186 -0.703 1.9519, 0.4413 -0.7538 1.9519, 0.3591 -0.7961 1.9519, 0.2729 -0.8296 1.9519, 0.1836 -0.8537 1.9519, 0.0923 -0.8683 1.9519, 0.0 -0.8732 1.9519, -0.0923 -0.8683 1.9519, -0.1836 -0.8537 1.9519, -0.2729 -0.8296 1.9519, -0.3591 -0.7961 1.9519, -0.4413 -0.7538 1.9519, -0.5186 -0.703 1.9519, -0.5901 -0.6444 1.9519, -0.655 -0.5785 1.9519, -0.7125 -0.5062 1.9519, -0.7622 -0.4282 1.9519, -0.8033 -0.3454 1.9519, 0.788 -0.3387 1.9618, 0.7477 -0.42 1.9618, 0.699 -0.4965 1.9618, 0.6425 -0.5675 1.9618, 0.5788 -0.6321 1.9618, 0.5087 -0.6896 1.9618, 0.4329 -0.7394 1.9618, 0.3523 -0.781 1.9618, 0.2677 -0.8138 1.9618, 0.1801 -0.8374 1.9618, 0.0906 -0.8518 1.9618, 0.0 -0.8566 1.9618, -0.0906 -0.8518 1.9618, -0.1801 -0.8374 1.9618, -0.2677 -0.8138 1.9618, -0.3523 -0.781 1.9618, -0.4329 -0.7394 1.9618, -0.5087 -0.6896 1.9618, -0.5788 -0.6321 1.9618, -0.6425 -0.5675 1.9618, -0.699 -0.4965 1.9618, -0.7477 -0.42 1.9618, -0.788 -0.3387 1.9618, 0.9449 -0.2146 1.9685, 0.9449 0.2185 1.9685, 1.0158 0.214 1.9228, 1.0117 0.2166 1.9306, 1.0069 -0.2142 1.9381, 1.0105 0.2174 1.9331, 1.0072 0.2179 1.9375, 1.0117 -0.2125 1.9305, 1.016 -0.2104 1.923, 1.0166 0.2135 1.9213, 1.0087 -0.214 1.9356, 1.0072 -0.2142 1.9376, 1.0215 -0.2038 1.9077, 1.0217 -0.2028 1.9056, 1.0216 0.2065 1.9055, 1.0223 0.2053 1.9028, 1.0191 0.2107 1.9144, 1.0167 -0.2097 1.9214, 1.0191 -0.2067 1.9144, 1.0163 -0.2102 1.9225, 1.0179 0.2127 1.9188, 1.0236 -0.1949 1.8898, 1.0236 0.1988 1.8898, 1.0229 -0.1981 1.8962, 1.0231 0.2021 1.8963, 1.0221 -0.2014 1.9028, 1.0228 0.2045 1.901, 1.0068 0.218 1.938, 1.0039 0.2185 1.9418, 1.0039 -0.2146 1.9418, 0.9933 0.2185 1.9519, 0.9933 -0.2146 1.9519, 0.9766 0.2185 1.9618, 0.9766 -0.2146 1.9618, 0.9581 0.2185 1.9674, 0.9581 -0.2146 1.9674
            ]
        }
        coordIndex [
            0,1,2,-1,3,4,5,-1,5,4,6,-1,7,8,9,-1,9,8,5,-1,9,5,10,-1,10,5,6,-1,10,6,11,-1,12,4,13,-1,13,4,3,-1,13,3,14,-1,14,3,15,-1,14,15,16,-1,16,15,17,-1,18,17,19,-1,19,17,15,-1,19,15,2,-1,2,15,8,-1,2,8,0,-1,0,8,7,-1,20,21,22,-1,23,24,25,-1,26,27,28,-1,29,30,31,-1,32,33,34,-1,35,36,37,-1,38,39,40,-1,41,42,43,-1,44,45,46,-1,47,48,49,-1,50,51,52,-1,53,54,55,-1,56,57,58,-1,59,60,61,-1,62,63,64,-1,62,64,65,-1,65,64,66,-1,65,66,67,-1,67,66,68,-1,67,68,69,-1,69,68,70,-1,69,70,71,-1,71,70,72,-1,71,72,73,-1,73,72,74,-1,73,74,75,-1,75,74,76,-1,75,76,77,-1,77,76,78,-1,77,78,79,-1,79,78,80,-1,79,80,81,-1,81,80,82,-1,81,82,83,-1,83,82,84,-1,83,84,85,-1,85,84,86,-1,85,86,87,-1,87,86,88,-1,87,88,89,-1,89,88,90,-1,89,90,91,-1,91,90,92,-1,91,92,93,-1,93,92,94,-1,93,94,95,-1,95,94,96,-1,95,96,97,-1,97,96,98,-1,97,98,99,-1,99,98,100,-1,99,100,101,-1,101,100,102,-1,101,102,103,-1,103,102,104,-1,103,104,105,-1,105,104,106,-1,105,106,107,-1,107,106,108,-1,107,108,109,-1,109,108,110,-1,109,110,111,-1,111,110,61,-1,111,61,112,-1,112,61,60,-1,112,60,113,-1,114,115,116,-1,116,115,117,-1,116,117,118,-1,118,117,119,-1,118,119,120,-1,120,119,121,-1,120,121,122,-1,123,124,125,-1,125,124,126,-1,125,126,121,-1,121,126,127,-1,121,127,122,-1,128,129,130,-1,130,129,131,-1,130,131,132,-1,132,131,133,-1,132,133,123,-1,123,133,134,-1,123,134,124,-1,128,130,135,-1,135,130,136,-1,135,136,137,-1,137,136,138,-1,137,138,139,-1,140,141,142,-1,142,141,143,-1,139,138,144,-1,144,138,145,-1,144,145,146,-1,146,145,142,-1,146,142,46,-1,46,142,143,-1,46,143,44,-1,147,148,149,-1,149,150,147,-1,147,150,151,-1,147,151,152,-1,153,154,155,-1,155,154,156,-1,155,156,157,-1,158,159,160,-1,160,159,161,-1,160,161,156,-1,156,161,162,-1,156,162,157,-1,163,164,165,-1,166,167,168,-1,168,167,163,-1,163,167,169,-1,163,169,164,-1,170,171,172,-1,173,174,175,-1,175,174,176,-1,177,178,179,-1,177,179,180,-1,180,179,181,-1,180,181,182,-1,182,181,183,-1,183,181,184,-1,183,184,185,-1,186,187,188,-1,188,187,189,-1,188,189,190,-1,190,189,191,-1,190,191,192,-1,192,191,193,-1,192,193,184,-1,184,193,194,-1,184,194,185,-1,186,188,195,-1,195,188,196,-1,195,196,197,-1,197,196,198,-1,197,198,199,-1,199,198,200,-1,200,198,201,-1,200,201,202,-1,202,201,203,-1,202,203,204,-1,33,35,34,-1,34,35,37,-1,34,37,203,-1,203,37,205,-1,203,205,204,-1,115,47,117,-1,117,47,49,-1,117,49,119,-1,119,49,206,-1,119,206,121,-1,121,206,207,-1,121,207,125,-1,125,207,208,-1,125,208,123,-1,123,208,209,-1,123,209,132,-1,132,209,210,-1,132,210,130,-1,130,210,211,-1,130,211,136,-1,136,211,212,-1,136,212,138,-1,138,212,213,-1,138,213,145,-1,145,213,214,-1,145,214,142,-1,142,214,43,-1,142,43,140,-1,140,43,42,-1,178,173,179,-1,179,173,175,-1,179,175,181,-1,181,175,215,-1,181,215,184,-1,184,215,216,-1,184,216,192,-1,192,216,217,-1,192,217,190,-1,190,217,218,-1,190,218,188,-1,188,218,219,-1,188,219,196,-1,196,219,220,-1,196,220,198,-1,198,220,221,-1,198,221,201,-1,201,221,222,-1,201,222,203,-1,203,222,223,-1,203,223,34,-1,34,223,31,-1,34,31,32,-1,32,31,30,-1,48,50,49,-1,49,50,52,-1,49,52,206,-1,206,52,224,-1,206,224,207,-1,207,224,225,-1,207,225,208,-1,208,225,226,-1,208,226,209,-1,209,226,227,-1,209,227,210,-1,210,227,228,-1,210,228,211,-1,211,228,229,-1,211,229,212,-1,212,229,230,-1,212,230,213,-1,213,230,231,-1,213,231,214,-1,214,231,232,-1,214,232,43,-1,43,232,40,-1,43,40,41,-1,41,40,39,-1,176,170,175,-1,175,170,172,-1,175,172,215,-1,215,172,233,-1,215,233,216,-1,216,233,234,-1,216,234,217,-1,217,234,235,-1,217,235,218,-1,218,235,236,-1,218,236,219,-1,219,236,237,-1,219,237,220,-1,220,237,238,-1,220,238,221,-1,221,238,239,-1,221,239,222,-1,222,239,240,-1,222,240,223,-1,223,240,241,-1,223,241,31,-1,31,241,28,-1,31,28,29,-1,29,28,27,-1,51,53,52,-1,52,53,55,-1,52,55,224,-1,224,55,242,-1,224,242,225,-1,225,242,243,-1,225,243,226,-1,226,243,244,-1,226,244,227,-1,227,244,245,-1,227,245,228,-1,228,245,246,-1,228,246,229,-1,229,246,247,-1,229,247,230,-1,230,247,248,-1,230,248,231,-1,231,248,249,-1,231,249,232,-1,232,249,250,-1,232,250,40,-1,40,250,152,-1,40,152,38,-1,38,152,151,-1,171,166,172,-1,172,166,168,-1,172,168,233,-1,233,168,251,-1,233,251,234,-1,234,251,252,-1,234,252,235,-1,235,252,253,-1,235,253,236,-1,236,253,254,-1,236,254,237,-1,237,254,255,-1,237,255,238,-1,238,255,256,-1,238,256,239,-1,239,256,257,-1,239,257,240,-1,240,257,258,-1,240,258,241,-1,241,258,259,-1,241,259,28,-1,28,259,25,-1,28,25,26,-1,26,25,24,-1,54,56,55,-1,55,56,58,-1,55,58,242,-1,242,58,260,-1,242,260,243,-1,243,260,261,-1,243,261,244,-1,244,261,262,-1,244,262,245,-1,245,262,263,-1,245,263,246,-1,246,263,264,-1,246,264,247,-1,247,264,265,-1,247,265,248,-1,248,265,266,-1,248,266,249,-1,249,266,267,-1,249,267,250,-1,250,267,268,-1,250,268,152,-1,152,268,269,-1,152,269,147,-1,147,269,154,-1,147,154,148,-1,148,154,153,-1,165,158,163,-1,163,158,160,-1,163,160,168,-1,168,160,270,-1,168,270,251,-1,251,270,271,-1,251,271,252,-1,252,271,272,-1,252,272,253,-1,253,272,273,-1,253,273,254,-1,254,273,274,-1,254,274,255,-1,255,274,275,-1,255,275,256,-1,256,275,276,-1,256,276,257,-1,257,276,277,-1,257,277,258,-1,258,277,278,-1,258,278,259,-1,259,278,279,-1,259,279,25,-1,25,279,22,-1,25,22,23,-1,23,22,21,-1,57,59,58,-1,58,59,61,-1,58,61,260,-1,260,61,110,-1,260,110,261,-1,261,110,108,-1,261,108,262,-1,262,108,106,-1,262,106,263,-1,263,106,104,-1,263,104,264,-1,264,104,102,-1,264,102,265,-1,265,102,100,-1,265,100,266,-1,266,100,98,-1,266,98,267,-1,267,98,96,-1,267,96,268,-1,268,96,94,-1,268,94,269,-1,269,94,92,-1,269,92,154,-1,154,92,90,-1,154,90,156,-1,156,90,88,-1,156,88,160,-1,160,88,86,-1,160,86,270,-1,270,86,84,-1,270,84,271,-1,271,84,82,-1,271,82,272,-1,272,82,80,-1,272,80,273,-1,273,80,78,-1,273,78,274,-1,274,78,76,-1,274,76,275,-1,275,76,74,-1,275,74,276,-1,276,74,72,-1,276,72,277,-1,277,72,70,-1,277,70,278,-1,278,70,68,-1,278,68,279,-1,279,68,66,-1,279,66,22,-1,22,66,64,-1,22,64,20,-1,20,64,63,-1,280,281,282,-1,280,282,283,-1,283,282,284,-1,283,284,285,-1,281,286,282,-1,282,286,287,-1,282,287,288,-1,288,287,289,-1,288,289,290,-1,290,289,291,-1,290,291,292,-1,293,294,295,-1,295,294,296,-1,292,297,290,-1,290,297,295,-1,290,295,298,-1,298,295,296,-1,299,300,301,-1,301,300,302,-1,295,303,293,-1,293,303,301,-1,293,301,304,-1,304,301,302,-1,285,305,283,-1,283,305,306,-1,283,306,307,-1,307,306,308,-1,307,308,309,-1,309,308,310,-1,309,310,311,-1,311,310,312,-1,311,312,313,-1,313,312,314,-1,313,314,315,-1,316,317,318,-1,319,320,321,-1,322,323,324,-1,325,326,327,-1,328,329,330,-1,331,332,333,-1,334,335,336,-1,337,338,339,-1,340,341,342,-1,343,344,345,-1,346,347,348,-1,349,350,351,-1,351,350,352,-1,352,350,353,-1,353,350,354,-1,353,354,355,-1,355,354,356,-1,355,356,357,-1,358,359,360,-1,360,359,361,-1,360,361,362,-1,362,361,363,-1,362,363,356,-1,356,363,364,-1,356,364,357,-1,365,366,367,-1,367,366,368,-1,367,368,358,-1,358,368,369,-1,358,369,359,-1,365,367,370,-1,370,367,371,-1,370,371,372,-1,372,371,373,-1,372,373,374,-1,374,373,375,-1,374,375,376,-1,377,378,379,-1,379,378,380,-1,379,380,381,-1,381,380,382,-1,381,382,383,-1,383,382,384,-1,383,384,385,-1,385,384,386,-1,385,386,375,-1,375,386,387,-1,375,387,376,-1,377,379,388,-1,388,379,389,-1,388,389,390,-1,390,389,391,-1,390,391,392,-1,392,391,393,-1,392,393,394,-1,395,396,397,-1,397,396,398,-1,397,398,393,-1,393,398,399,-1,393,399,394,-1,400,401,402,-1,402,401,403,-1,402,403,404,-1,404,403,405,-1,404,405,395,-1,395,405,406,-1,395,406,396,-1,400,402,407,-1,407,402,408,-1,407,408,409,-1,409,408,410,-1,409,410,411,-1,411,410,412,-1,411,412,413,-1,344,346,345,-1,345,346,348,-1,345,348,412,-1,412,348,414,-1,412,414,413,-1,415,416,417,-1,417,418,415,-1,415,418,419,-1,415,419,420,-1,420,419,421,-1,420,421,422,-1,422,421,423,-1,422,423,424,-1,424,423,425,-1,424,425,426,-1,426,425,427,-1,426,427,428,-1,428,427,429,-1,428,429,430,-1,430,429,431,-1,430,431,432,-1,432,431,433,-1,432,433,434,-1,434,433,435,-1,434,435,436,-1,436,435,437,-1,436,437,438,-1,438,437,439,-1,438,439,440,-1,440,439,441,-1,440,441,442,-1,442,441,443,-1,442,443,444,-1,444,443,445,-1,444,445,446,-1,446,445,447,-1,446,447,448,-1,448,447,449,-1,448,449,450,-1,450,449,451,-1,450,451,452,-1,452,451,453,-1,452,453,454,-1,454,453,455,-1,454,455,456,-1,456,455,457,-1,456,457,458,-1,458,457,459,-1,458,459,460,-1,460,459,461,-1,460,461,462,-1,462,461,463,-1,462,463,464,-1,464,463,330,-1,464,330,465,-1,465,330,329,-1,465,329,466,-1,349,316,350,-1,350,316,318,-1,350,318,354,-1,354,318,467,-1,354,467,356,-1,356,467,468,-1,356,468,362,-1,362,468,469,-1,362,469,360,-1,360,469,470,-1,360,470,358,-1,358,470,471,-1,358,471,367,-1,367,471,472,-1,367,472,371,-1,371,472,473,-1,371,473,373,-1,373,473,474,-1,373,474,375,-1,375,474,475,-1,375,475,385,-1,385,475,476,-1,385,476,383,-1,383,476,477,-1,383,477,381,-1,381,477,478,-1,381,478,379,-1,379,478,479,-1,379,479,389,-1,389,479,480,-1,389,480,391,-1,391,480,481,-1,391,481,393,-1,393,481,482,-1,393,482,397,-1,397,482,483,-1,397,483,395,-1,395,483,484,-1,395,484,404,-1,404,484,485,-1,404,485,402,-1,402,485,486,-1,402,486,408,-1,408,486,487,-1,408,487,410,-1,410,487,488,-1,410,488,412,-1,412,488,489,-1,412,489,345,-1,345,489,342,-1,345,342,343,-1,343,342,341,-1,317,319,318,-1,318,319,321,-1,318,321,467,-1,467,321,490,-1,467,490,468,-1,468,490,491,-1,468,491,469,-1,469,491,492,-1,469,492,470,-1,470,492,493,-1,470,493,471,-1,471,493,494,-1,471,494,472,-1,472,494,495,-1,472,495,473,-1,473,495,496,-1,473,496,474,-1,474,496,497,-1,474,497,475,-1,475,497,498,-1,475,498,476,-1,476,498,499,-1,476,499,477,-1,477,499,500,-1,477,500,478,-1,478,500,501,-1,478,501,479,-1,479,501,502,-1,479,502,480,-1,480,502,503,-1,480,503,481,-1,481,503,504,-1,481,504,482,-1,482,504,505,-1,482,505,483,-1,483,505,506,-1,483,506,484,-1,484,506,507,-1,484,507,485,-1,485,507,508,-1,485,508,486,-1,486,508,509,-1,486,509,487,-1,487,509,510,-1,487,510,488,-1,488,510,511,-1,488,511,489,-1,489,511,512,-1,489,512,342,-1,342,512,339,-1,342,339,340,-1,340,339,338,-1,320,322,321,-1,321,322,324,-1,321,324,490,-1,490,324,513,-1,490,513,491,-1,491,513,514,-1,491,514,492,-1,492,514,515,-1,492,515,493,-1,493,515,516,-1,493,516,494,-1,494,516,517,-1,494,517,495,-1,495,517,518,-1,495,518,496,-1,496,518,519,-1,496,519,497,-1,497,519,520,-1,497,520,498,-1,498,520,521,-1,498,521,499,-1,499,521,522,-1,499,522,500,-1,500,522,523,-1,500,523,501,-1,501,523,524,-1,501,524,502,-1,502,524,525,-1,502,525,503,-1,503,525,526,-1,503,526,504,-1,504,526,527,-1,504,527,505,-1,505,527,528,-1,505,528,506,-1,506,528,529,-1,506,529,507,-1,507,529,530,-1,507,530,508,-1,508,530,531,-1,508,531,509,-1,509,531,532,-1,509,532,510,-1,510,532,533,-1,510,533,511,-1,511,533,534,-1,511,534,512,-1,512,534,535,-1,512,535,339,-1,339,535,336,-1,339,336,337,-1,337,336,335,-1,323,325,324,-1,324,325,327,-1,324,327,513,-1,513,327,536,-1,513,536,514,-1,514,536,537,-1,514,537,515,-1,515,537,538,-1,515,538,516,-1,516,538,539,-1,516,539,517,-1,517,539,540,-1,517,540,518,-1,518,540,541,-1,518,541,519,-1,519,541,542,-1,519,542,520,-1,520,542,543,-1,520,543,521,-1,521,543,544,-1,521,544,522,-1,522,544,545,-1,522,545,523,-1,523,545,546,-1,523,546,524,-1,524,546,547,-1,524,547,525,-1,525,547,548,-1,525,548,526,-1,526,548,549,-1,526,549,527,-1,527,549,550,-1,527,550,528,-1,528,550,551,-1,528,551,529,-1,529,551,552,-1,529,552,530,-1,530,552,553,-1,530,553,531,-1,531,553,554,-1,531,554,532,-1,532,554,555,-1,532,555,533,-1,533,555,556,-1,533,556,534,-1,534,556,557,-1,534,557,535,-1,535,557,558,-1,535,558,336,-1,336,558,333,-1,336,333,334,-1,334,333,332,-1,326,328,327,-1,327,328,330,-1,327,330,536,-1,536,330,463,-1,536,463,537,-1,537,463,461,-1,537,461,538,-1,538,461,459,-1,538,459,539,-1,539,459,457,-1,539,457,540,-1,540,457,455,-1,540,455,541,-1,541,455,453,-1,541,453,542,-1,542,453,451,-1,542,451,543,-1,543,451,449,-1,543,449,544,-1,544,449,447,-1,544,447,545,-1,545,447,445,-1,545,445,546,-1,546,445,443,-1,546,443,547,-1,547,443,441,-1,547,441,548,-1,548,441,439,-1,548,439,549,-1,549,439,437,-1,549,437,550,-1,550,437,435,-1,550,435,551,-1,551,435,433,-1,551,433,552,-1,552,433,431,-1,552,431,553,-1,553,431,429,-1,553,429,554,-1,554,429,427,-1,554,427,555,-1,555,427,425,-1,555,425,556,-1,556,425,423,-1,556,423,557,-1,557,423,421,-1,557,421,558,-1,558,421,419,-1,558,419,333,-1,333,419,418,-1,333,418,331,-1,331,418,417,-1,315,314,113,-1,113,314,416,-1,112,89,91,-1,422,424,465,-1,65,83,85,-1,112,103,105,-1,559,560,466,-1,466,560,62,-1,466,62,89,-1,89,62,65,-1,89,65,87,-1,87,65,85,-1,91,93,112,-1,112,93,95,-1,112,95,97,-1,112,113,89,-1,89,113,416,-1,89,416,466,-1,466,416,415,-1,466,415,465,-1,465,415,420,-1,465,420,422,-1,430,432,465,-1,465,432,434,-1,465,434,436,-1,69,71,73,-1,97,99,112,-1,112,99,101,-1,112,101,103,-1,105,107,112,-1,112,107,109,-1,112,109,111,-1,424,426,465,-1,465,426,428,-1,465,428,430,-1,442,444,465,-1,465,444,446,-1,465,446,464,-1,464,446,448,-1,464,448,450,-1,73,75,69,-1,69,75,77,-1,69,77,79,-1,65,67,83,-1,83,67,69,-1,83,69,81,-1,81,69,79,-1,436,438,465,-1,465,438,440,-1,465,440,442,-1,452,460,450,-1,450,460,462,-1,450,462,464,-1,452,454,460,-1,460,454,456,-1,460,456,458,-1,561,562,563,-1,563,562,564,-1,563,564,565,-1,566,567,568,-1,566,568,569,-1,561,563,568,-1,568,563,570,-1,568,570,569,-1,571,572,573,-1,573,572,574,-1,575,576,573,-1,573,576,577,-1,573,577,571,-1,567,578,568,-1,568,578,576,-1,568,576,579,-1,579,576,575,-1,580,581,582,-1,582,581,583,-1,572,584,574,-1,574,584,582,-1,574,582,585,-1,585,582,583,-1,565,586,563,-1,563,586,587,-1,563,587,588,-1,588,587,589,-1,588,589,590,-1,590,589,591,-1,590,591,592,-1,592,591,593,-1,592,593,594,-1,594,593,560,-1,594,560,559,-1,
        ]
    }
}
Shape{
    appearance Appearance {
        material  Material 	{
            diffuseColor 0.5019607843137255 0.5019607843137255 0.5019607843137255
            specularColor 0.25098039215686274 0.25098039215686274 0.25098039215686274
            ambientIntensity 0.502
            transparency 0.0
            shininess 0.5
        }
    }
    geometry IndexedFaceSet {
        ccw TRUE
        solid FALSE
        coord DEF co Coordinate {
            point [
                -0.9813 0.3563 0.7598, -0.9813 0.3563 1.378, -0.9297 0.4754 1.378, -0.9297 0.4754 0.7598, -0.8637 0.5872 1.378, -0.8637 0.5872 0.7598, -0.7843 0.69 1.378, -0.7843 0.69 0.7598, -0.6928 0.782 1.378, -0.6928 0.782 0.7598, -0.5906 0.862 1.378, -0.5906 0.862 0.7598, 0.5906 0.862 0.7598, 0.5906 0.862 1.378, 0.693 0.7819 1.378, 0.693 0.7819 0.7598, 0.7847 0.6895 1.378, 0.7847 0.6895 0.7598, 0.8642 0.5865 1.378, 0.8642 0.5865 0.7598, 0.9302 0.4744 1.378, 0.9302 0.4744 0.7598, 0.9813 -0.3524 0.7598, 0.9813 -0.3524 1.378, 0.9297 -0.4715 1.378, 0.9297 -0.4715 0.7598, 0.8637 -0.5833 1.378, 0.8637 -0.5833 0.7598, 0.7843 -0.686 1.378, 0.7843 -0.686 0.7598, 0.6928 -0.7781 1.378, 0.6928 -0.7781 0.7598, 0.5906 -0.8581 1.378, 0.5906 -0.8581 0.7598
            ]
        }
        coordIndex [
            0,1,2,-1,0,2,3,-1,3,2,4,-1,3,4,5,-1,5,4,6,-1,5,6,7,-1,7,6,8,-1,7,8,9,-1,9,8,10,-1,9,10,11,-1,12,13,14,-1,12,14,15,-1,15,14,16,-1,15,16,17,-1,17,16,18,-1,17,18,19,-1,19,18,20,-1,19,20,21,-1,22,23,24,-1,22,24,25,-1,25,24,26,-1,25,26,27,-1,27,26,28,-1,27,28,29,-1,29,28,30,-1,29,30,31,-1,31,30,32,-1,31,32,33,-1,
        ]
    }
}
Shape{
    appearance Appearance {
        material  Material 	{
            diffuseColor 0.25098039215686274 0.25098039215686274 0.25098039215686274
            specularColor 0.12549019607843137 0.12549019607843137 0.12549019607843137
            ambientIntensity 0.251
            transparency 0.0
            shininess 0.5
        }
    }
    geometry IndexedFaceSet {
        ccw TRUE
        solid FALSE
        coord DEF co Coordinate {
            point [
                1.0236 0.1988 1.8898, 1.0236 -0.1949 1.8898, 1.0236 0.1988 1.378, 1.0236 -0.1949 1.378, 1.0158 0.214 1.9228, 1.016 0.2143 1.378, 1.0119 0.2168 1.378, 1.0039 0.2185 1.378, 1.0039 0.2185 1.9418, 1.0068 0.218 1.938, 1.0072 0.2182 1.378, 1.0216 0.2065 1.9055, 1.0223 0.2053 1.9028, 1.0233 0.2021 1.378, 1.0231 0.2021 1.8963, 1.0228 0.2045 1.901, 1.022 0.2068 1.378, 1.0195 0.2109 1.378, 1.0191 0.2107 1.9144, 1.0179 0.2127 1.9188, 1.0166 0.2135 1.9213, 1.0072 0.2179 1.9375, 1.0105 0.2174 1.9331, 1.0117 0.2166 1.9306, 0.8115 0.2185 1.9669, 0.7979 0.2185 1.9685, 0.9449 0.2185 1.9685, 0.8783 0.2185 1.9016, 0.8779 0.2185 1.9029, 0.8637 0.2185 1.9361, 0.8619 0.2185 1.938, 0.8792 0.2185 1.378, 0.8792 0.2185 1.8898, 0.8501 0.2185 1.9502, 0.8478 0.2185 1.9517, 0.8353 0.2185 1.9597, 0.8306 0.2185 1.9614, 0.8171 0.2185 1.9663, 0.8722 0.2185 1.9214, 0.9581 0.2185 1.9674, 0.8731 0.2185 1.9197, 0.9766 0.2185 1.9618, 0.9933 0.2185 1.9519, 0.8644 0.2716 1.8898, 0.839 0.3427 1.378, 0.7807 0.4595 1.8898, 0.7886 0.447 1.8898, 0.7812 0.4599 1.378, 0.8312 0.3613 1.8898, 0.8382 0.3424 1.8898, 0.7372 0.5277 1.8898, 0.7072 0.5675 1.378, 0.7062 0.5667 1.8898, 0.6777 0.6026 1.8898, 0.6185 0.6633 1.378, 0.6182 0.6629 1.8898, 0.517 0.7454 1.378, 0.5365 0.7314 1.8898, 0.6105 0.6707 1.8898, 0.4047 0.812 1.378, 0.4566 0.7839 1.8898, 0.5165 0.7446 1.8898, 0.2824 0.8623 1.8898, 0.2839 0.8617 1.8898, 0.2839 0.8618 1.378, 0.3715 0.8277 1.8898, 0.4041 0.811 1.8898, 0.19 0.8873 1.8898, 0.1573 0.8937 1.378, 0.1573 0.8937 1.8898, 0.0876 0.876 1.949, 0.0928 0.8769 1.948, 0.0876 0.8759 1.378, 0.0929 0.8769 1.9479, 0.1157 0.8818 1.94, 0.1191 0.8827 1.9381, 0.1341 0.8866 1.9296, 0.143 0.8892 1.9214, 0.146 0.89 1.9187, 0.1527 0.8922 1.9087, 0.1549 0.8929 1.9029, 0.1562 0.8933 1.8993, 0.0268 0.8688 1.9573, 0.061 0.8718 1.9542, 0.0736 0.8738 1.9518, -0.0876 0.8759 1.378, -0.0876 0.876 1.9491, -0.0847 0.8754 1.95, -0.0532 0.8709 1.9552, -0.0127 0.8683 1.9578, 0.0 0.8681 1.378, -0.0 0.8684 1.9577, 0.0 0.8684 1.9577, -0.0738 0.8738 1.9518, -0.1289 0.8852 1.933, -0.1188 0.8826 1.938, -0.1573 0.8937 1.378, -0.1573 0.8937 1.8898, -0.1557 0.8932 1.9011, -0.1549 0.8929 1.9029, -0.1573 0.8937 1.8916, -0.1428 0.8891 1.9222, -0.1515 0.8917 1.9111, -0.1098 0.8804 1.9425, -0.0929 0.877 1.9475, -0.19 0.8873 1.8898, -0.2824 0.8623 1.8898, -0.2839 0.8617 1.8898, -0.2839 0.8618 1.378, -0.3715 0.8277 1.8898, -0.4047 0.812 1.378, -0.4041 0.811 1.8898, -0.4566 0.7839 1.8898, -0.517 0.7454 1.378, -0.5165 0.7446 1.8898, -0.6185 0.6633 1.378, -0.6105 0.6707 1.8898, -0.5365 0.7314 1.8898, -0.7072 0.5675 1.378, -0.6777 0.6026 1.8898, -0.6182 0.6629 1.8898, -0.7886 0.447 1.8898, -0.7807 0.4595 1.8898, -0.7812 0.4599 1.378, -0.7372 0.5277 1.8898, -0.7062 0.5667 1.8898, -0.8312 0.3613 1.8898, -0.839 0.3427 1.378, -0.8382 0.3424 1.8898, -0.8644 0.2716 1.8898, -0.8792 0.2185 1.378, -0.8792 0.2185 1.8898, -1.0039 0.2185 1.378, -1.0039 0.2185 1.9418, -0.8776 0.2185 1.9029, -0.7979 0.2185 1.9685, -0.8116 0.2185 1.9673, -0.9449 0.2185 1.9685, -0.8123 0.2185 1.9673, -0.8307 0.2185 1.9618, -0.8312 0.2185 1.9616, -0.8473 0.2185 1.9524, -0.86 0.2185 1.9407, -0.8769 0.2185 1.9085, -0.9933 0.2185 1.9519, -0.8719 0.2185 1.9214, -0.9766 0.2185 1.9618, -0.9581 0.2185 1.9674, -0.8701 0.2185 1.9261, -0.8618 0.2185 1.938, -1.0117 0.2164 1.9305, -1.0087 0.2179 1.9356, -1.0072 0.2182 1.378, -1.0072 0.2181 1.9376, -1.0069 0.2181 1.9381, -1.0163 0.2142 1.9225, -1.016 0.2143 1.923, -1.016 0.2143 1.378, -1.0119 0.2168 1.378, -1.0195 0.2109 1.378, -1.022 0.2068 1.378, -1.0217 0.2067 1.9056, -1.0215 0.2077 1.9077, -1.0191 0.2106 1.9144, -1.0167 0.2137 1.9214, -1.0236 0.1988 1.378, -1.0236 0.1988 1.8898, -1.0233 0.2021 1.378, -1.0229 0.202 1.8962, -1.0221 0.2053 1.9028, -1.0236 -0.1949 1.8898, -1.0236 -0.1949 1.378, -1.0158 -0.2101 1.9228, -1.016 -0.2104 1.378, -1.0119 -0.2129 1.378, -1.0039 -0.2146 1.378, -1.0039 -0.2146 1.9418, -1.0068 -0.2141 1.938, -1.0072 -0.2143 1.378, -1.0216 -0.2026 1.9055, -1.0223 -0.2014 1.9028, -1.0233 -0.1982 1.378, -1.0231 -0.1981 1.8963, -1.0228 -0.2005 1.901, -1.022 -0.2028 1.378, -1.0195 -0.207 1.378, -1.0191 -0.2067 1.9144, -1.0179 -0.2088 1.9188, -1.0166 -0.2096 1.9213, -1.0072 -0.214 1.9375, -1.0105 -0.2134 1.9331, -1.0117 -0.2127 1.9306, -0.8115 -0.2146 1.9669, -0.7979 -0.2146 1.9685, -0.9449 -0.2146 1.9685, -0.8783 -0.2146 1.9016, -0.8779 -0.2146 1.9029, -0.8637 -0.2146 1.9361, -0.8619 -0.2146 1.938, -0.8792 -0.2146 1.378, -0.8792 -0.2146 1.8898, -0.8501 -0.2146 1.9502, -0.8478 -0.2146 1.9517, -0.8353 -0.2146 1.9597, -0.8306 -0.2146 1.9614, -0.8171 -0.2146 1.9663, -0.8722 -0.2146 1.9214, -0.9581 -0.2146 1.9674, -0.8731 -0.2146 1.9197, -0.9766 -0.2146 1.9618, -0.9933 -0.2146 1.9519, -0.8644 -0.2677 1.8898, -0.8378 -0.3416 1.378, -0.8371 -0.3413 1.8898, -0.8312 -0.3574 1.8898, -0.7781 -0.4612 1.378, -0.7886 -0.4431 1.8898, -0.7015 -0.5706 1.378, -0.7372 -0.5238 1.8898, -0.7774 -0.4607 1.8898, -0.6105 -0.6668 1.8898, -0.6777 -0.5986 1.8898, -0.7006 -0.5699 1.8898, -0.6095 -0.6676 1.8898, -0.6096 -0.6676 1.378, -0.5365 -0.7275 1.8898, -0.5044 -0.75 1.378, -0.5037 -0.749 1.8898, -0.4566 -0.78 1.8898, -0.3882 -0.8161 1.378, -0.3879 -0.8154 1.8898, -0.3715 -0.8238 1.8898, -0.2636 -0.8643 1.378, -0.2824 -0.8584 1.8898, -0.1333 -0.8937 1.378, -0.19 -0.8834 1.8898, -0.2634 -0.8635 1.8898, 0.0 -0.9035 1.378, -0.0955 -0.8985 1.8898, -0.1331 -0.8925 1.8898, 0.1333 -0.8937 1.378, 0.0955 -0.8985 1.8898, 0.0 -0.9035 1.8898, 0.2636 -0.8643 1.378, 0.19 -0.8834 1.8898, 0.1331 -0.8925 1.8898, 0.3879 -0.8154 1.8898, 0.3715 -0.8238 1.8898, 0.3882 -0.8161 1.378, 0.2824 -0.8584 1.8898, 0.2634 -0.8635 1.8898, 0.4566 -0.78 1.8898, 0.5044 -0.75 1.378, 0.5037 -0.749 1.8898, 0.5365 -0.7275 1.8898, 0.6096 -0.6676 1.378, 0.6095 -0.6676 1.8898, 0.6105 -0.6668 1.8898, 0.7015 -0.5706 1.378, 0.6777 -0.5986 1.8898, 0.7886 -0.4431 1.8898, 0.7774 -0.4607 1.8898, 0.7781 -0.4612 1.378, 0.7372 -0.5238 1.8898, 0.7006 -0.5699 1.8898, 0.8312 -0.3574 1.8898, 0.8378 -0.3416 1.378, 0.8371 -0.3413 1.8898, 0.8644 -0.2677 1.8898, 0.8792 -0.2146 1.378, 0.8792 -0.2146 1.8898, 1.0039 -0.2146 1.378, 1.0039 -0.2146 1.9418, 0.8776 -0.2146 1.9029, 0.7979 -0.2146 1.9685, 0.8116 -0.2146 1.9673, 0.9449 -0.2146 1.9685, 0.8123 -0.2146 1.9673, 0.8307 -0.2146 1.9618, 0.8312 -0.2146 1.9616, 0.8473 -0.2146 1.9524, 0.86 -0.2146 1.9407, 0.8769 -0.2146 1.9085, 0.9933 -0.2146 1.9519, 0.8719 -0.2146 1.9214, 0.9766 -0.2146 1.9618, 0.9581 -0.2146 1.9674, 0.8701 -0.2146 1.9261, 0.8618 -0.2146 1.938, 1.0117 -0.2125 1.9305, 1.0087 -0.214 1.9356, 1.0072 -0.2143 1.378, 1.0072 -0.2142 1.9376, 1.0069 -0.2142 1.9381, 1.0163 -0.2102 1.9225, 1.016 -0.2104 1.923, 1.016 -0.2104 1.378, 1.0119 -0.2129 1.378, 1.0195 -0.207 1.378, 1.022 -0.2028 1.378, 1.0217 -0.2028 1.9056, 1.0215 -0.2038 1.9077, 1.0191 -0.2067 1.9144, 1.0167 -0.2097 1.9214, 1.0233 -0.1982 1.378, 1.0229 -0.1981 1.8962, 1.0221 -0.2014 1.9028
            ]
        }
        coordIndex [
            0,1,2,-1,2,1,3,-1,4,5,6,-1,7,8,9,-1,7,9,10,-1,11,12,13,-1,0,2,14,-1,14,2,13,-1,14,13,15,-1,15,13,12,-1,13,16,11,-1,11,16,17,-1,11,17,18,-1,18,17,19,-1,5,4,17,-1,17,4,20,-1,17,20,19,-1,9,21,10,-1,10,21,22,-1,10,22,6,-1,6,22,23,-1,6,23,4,-1,24,25,26,-1,8,27,28,-1,26,29,30,-1,7,31,8,-1,8,31,32,-1,8,32,27,-1,30,33,26,-1,26,33,34,-1,26,34,35,-1,35,36,26,-1,26,36,37,-1,26,37,24,-1,29,26,38,-1,38,26,39,-1,38,39,40,-1,40,39,41,-1,40,41,28,-1,28,41,42,-1,28,42,8,-1,32,31,43,-1,43,31,44,-1,45,46,47,-1,47,46,48,-1,47,48,44,-1,44,48,49,-1,44,49,43,-1,45,47,50,-1,50,47,51,-1,50,51,52,-1,52,51,53,-1,53,51,54,-1,53,54,55,-1,56,57,54,-1,54,57,58,-1,54,58,55,-1,59,60,56,-1,56,60,61,-1,56,61,57,-1,62,63,64,-1,64,63,65,-1,64,65,59,-1,59,65,66,-1,59,66,60,-1,62,64,67,-1,67,64,68,-1,67,68,69,-1,70,71,72,-1,72,71,73,-1,72,73,74,-1,74,75,72,-1,72,75,76,-1,72,76,77,-1,77,78,72,-1,72,78,79,-1,72,79,80,-1,80,81,72,-1,72,81,69,-1,72,69,68,-1,82,83,72,-1,72,83,84,-1,72,84,70,-1,85,86,87,-1,88,89,90,-1,90,89,91,-1,90,91,72,-1,72,91,92,-1,72,92,82,-1,85,87,90,-1,90,87,93,-1,90,93,88,-1,94,95,85,-1,85,96,97,-1,98,99,100,-1,100,99,97,-1,94,85,101,-1,97,99,85,-1,85,99,102,-1,85,102,101,-1,95,103,85,-1,85,103,104,-1,85,104,86,-1,105,97,96,-1,105,96,106,-1,106,96,107,-1,107,96,108,-1,107,108,109,-1,109,108,110,-1,109,110,111,-1,111,110,112,-1,112,110,113,-1,112,113,114,-1,115,116,113,-1,113,116,117,-1,113,117,114,-1,118,119,115,-1,115,119,120,-1,115,120,116,-1,121,122,123,-1,123,122,124,-1,123,124,118,-1,118,124,125,-1,118,125,119,-1,121,123,126,-1,126,123,127,-1,126,127,128,-1,128,127,129,-1,129,127,130,-1,129,130,131,-1,130,132,131,-1,131,132,133,-1,131,133,134,-1,135,136,137,-1,137,136,138,-1,137,138,139,-1,139,140,137,-1,137,140,141,-1,137,141,142,-1,134,133,143,-1,143,133,144,-1,143,144,145,-1,144,146,145,-1,145,146,147,-1,145,147,148,-1,148,147,137,-1,148,137,149,-1,149,137,142,-1,150,151,152,-1,152,151,153,-1,152,153,132,-1,132,153,154,-1,132,154,133,-1,155,156,157,-1,157,156,150,-1,157,150,158,-1,158,150,152,-1,159,160,161,-1,161,162,159,-1,159,162,163,-1,159,163,157,-1,157,163,164,-1,157,164,155,-1,165,166,167,-1,167,166,168,-1,167,168,160,-1,160,168,169,-1,160,169,161,-1,170,166,171,-1,171,166,165,-1,172,173,174,-1,175,176,177,-1,175,177,178,-1,179,180,181,-1,170,171,182,-1,182,171,181,-1,182,181,183,-1,183,181,180,-1,181,184,179,-1,179,184,185,-1,179,185,186,-1,186,185,187,-1,173,172,185,-1,185,172,188,-1,185,188,187,-1,177,189,178,-1,178,189,190,-1,178,190,174,-1,174,190,191,-1,174,191,172,-1,192,193,194,-1,176,195,196,-1,194,197,198,-1,175,199,176,-1,176,199,200,-1,176,200,195,-1,198,201,194,-1,194,201,202,-1,194,202,203,-1,203,204,194,-1,194,204,205,-1,194,205,192,-1,197,194,206,-1,206,194,207,-1,206,207,208,-1,208,207,209,-1,208,209,196,-1,196,209,210,-1,196,210,176,-1,200,199,211,-1,211,199,212,-1,211,212,213,-1,213,212,214,-1,214,212,215,-1,214,215,216,-1,217,218,215,-1,215,218,219,-1,215,219,216,-1,220,221,217,-1,217,221,222,-1,217,222,218,-1,220,217,223,-1,223,217,224,-1,223,224,225,-1,225,224,226,-1,225,226,227,-1,227,226,228,-1,228,226,229,-1,228,229,230,-1,230,229,231,-1,231,229,232,-1,231,232,233,-1,234,235,232,-1,232,235,236,-1,232,236,233,-1,237,238,234,-1,234,238,239,-1,234,239,235,-1,240,241,237,-1,237,241,242,-1,237,242,238,-1,243,244,240,-1,240,244,245,-1,240,245,241,-1,246,247,248,-1,248,247,249,-1,248,249,243,-1,243,249,250,-1,243,250,244,-1,246,248,251,-1,251,248,252,-1,251,252,253,-1,253,252,254,-1,254,252,255,-1,254,255,256,-1,256,255,257,-1,257,255,258,-1,257,258,259,-1,260,261,262,-1,262,261,263,-1,262,263,258,-1,258,263,264,-1,258,264,259,-1,260,262,265,-1,265,262,266,-1,265,266,267,-1,267,266,268,-1,268,266,269,-1,268,269,270,-1,269,271,270,-1,270,271,272,-1,270,272,273,-1,274,275,276,-1,276,275,277,-1,276,277,278,-1,278,279,276,-1,276,279,280,-1,276,280,281,-1,273,272,282,-1,282,272,283,-1,282,283,284,-1,283,285,284,-1,284,285,286,-1,284,286,287,-1,287,286,276,-1,287,276,288,-1,288,276,281,-1,289,290,291,-1,291,290,292,-1,291,292,271,-1,271,292,293,-1,271,293,272,-1,294,295,296,-1,296,295,289,-1,296,289,297,-1,297,289,291,-1,298,299,300,-1,300,301,298,-1,298,301,302,-1,298,302,296,-1,296,302,303,-1,296,303,294,-1,3,1,304,-1,304,1,305,-1,304,305,299,-1,299,305,306,-1,299,306,300,-1,
        ]
    }
}
Shape{
    appearance Appearance {
        material  Material 	{
            diffuseColor 0.5019607843137255 0.5019607843137255 0.5019607843137255
            specularColor 0.25098039215686274 0.25098039215686274 0.25098039215686274
            ambientIntensity 0.502
            transparency 0.0
            shininess 0.5
        }
    }
    geometry IndexedFaceSet {
        ccw TRUE
        solid FALSE
        coord DEF co Coordinate {
            point [
                -0.5906 -0.8581 0.7598, -0.5906 -0.8581 1.378, -0.693 -0.7779 1.378, -0.693 -0.7779 0.7598, -0.7847 -0.6856 1.378, -0.7847 -0.6856 0.7598, -0.8642 -0.5826 1.378, -0.8642 -0.5826 0.7598, -0.9302 -0.4705 1.378, -0.9302 -0.4705 0.7598, -0.5906 -1.1773 1.378, -0.5906 -1.1773 0.7598, 0.5906 -1.1773 1.378, 0.5906 -1.1773 0.7598, 0.5906 -0.8581 1.378, 0.5906 -0.8581 0.7598, 0.9813 -0.3524 1.378, 0.9813 -0.3524 0.7598, 1.1417 -0.3524 1.378, 1.1417 -0.3524 0.7598, 1.1417 0.4744 1.378, 1.1417 0.4744 0.7598, 0.9302 0.4744 1.378, 0.9302 0.4744 0.7598, 0.5906 0.862 1.378, 0.5906 0.862 0.7598, 0.5906 1.1813 1.378, 0.5906 1.1813 0.7598, -0.5906 1.1813 1.378, -0.5906 1.1813 0.7598, -0.5906 0.862 1.378, -0.5906 0.862 0.7598, -0.9813 0.3563 1.378, -0.9813 0.3563 0.7598, -1.1417 0.3563 1.378, -1.1417 0.3563 0.7598, -1.1417 -0.4705 1.378, -1.1417 -0.4705 0.7598
            ]
        }
        coordIndex [
            0,1,2,-1,0,2,3,-1,3,2,4,-1,3,4,5,-1,5,4,6,-1,5,6,7,-1,7,6,8,-1,7,8,9,-1,1,0,10,-1,10,0,11,-1,12,13,14,-1,14,13,15,-1,16,17,18,-1,18,17,19,-1,20,21,22,-1,22,21,23,-1,24,25,26,-1,26,25,27,-1,28,29,30,-1,30,29,31,-1,32,33,34,-1,34,33,35,-1,36,37,8,-1,8,37,9,-1,
        ]
    }
}
Shape{
    appearance Appearance {
        material  Material 	{
            diffuseColor 0.25098039215686274 0.25098039215686274 0.25098039215686274
            specularColor 0.12549019607843137 0.12549019607843137 0.12549019607843137
            ambientIntensity 0.251
            transparency 0.0
            shininess 0.5
        }
    }
    geometry IndexedFaceSet {
        ccw TRUE
        solid FALSE
        coord DEF co Coordinate {
            point [
                -0.9809 0.4653 0.878, -0.9809 0.4653 0.7598, -0.6266 0.8875 0.878, -0.6266 0.8875 0.7598
            ]
        }
        coordIndex [
            0,1,2,-1,2,1,3,-1,
        ]
    }
}
Shape{
    appearance Appearance {
        material  Material 	{
            diffuseColor 0.5019607843137255 0.5019607843137255 0.5019607843137255
            specularColor 0.25098039215686274 0.25098039215686274 0.25098039215686274
            ambientIntensity 0.502
            transparency 0.0
            shininess 0.5
        }
    }
    geometry IndexedFaceSet {
        ccw TRUE
        solid FALSE
        coord DEF co Coordinate {
            point [
                -0.7599 1.0799 0.7598, -0.8109 1.0421 0.7598, -0.6266 0.8875 0.7598, -0.6557 1.1463 0.7598, -0.5906 0.862 0.7598, -0.5906 1.1813 0.7598, -1.1417 0.6002 0.7598, -1.1417 0.3563 0.7598, -0.9809 0.4653 0.7598, -0.9813 0.3563 0.7598, -0.9297 0.4754 0.7598, -0.8637 0.5872 0.7598, -0.7843 0.69 0.7598, -0.6928 0.782 0.7598
            ]
        }
        coordIndex [
            0,1,2,-1,0,2,3,-1,3,2,4,-1,3,4,5,-1,6,7,8,-1,8,7,9,-1,8,9,10,-1,10,11,8,-1,8,11,12,-1,8,12,2,-1,2,12,13,-1,2,13,4,-1,
        ]
    }
}
Shape{
    appearance Appearance {
        material  Material 	{
            diffuseColor 0.25098039215686274 0.25098039215686274 0.25098039215686274
            specularColor 0.12549019607843137 0.12549019607843137 0.12549019607843137
            ambientIntensity 0.251
            transparency 0.0
            shininess 0.5
        }
    }
    geometry IndexedFaceSet {
        ccw TRUE
        solid FALSE
        coord DEF co Coordinate {
            point [
                -0.752 0.8542 0.7112, -0.7508 0.8582 0.7374, -0.9655 0.5979 0.6912, -0.9768 0.5911 0.7598, -0.9765 0.5913 0.7571, -0.7498 0.8616 0.7598, -0.9736 0.5927 0.7375, -0.9693 0.595 0.7079, -0.7545 0.8493 0.6904, -0.9608 0.6026 0.6811, -0.7583 0.8438 0.6811, -0.963 0.6001 0.6834, -0.9621 0.601 0.682, -0.9616 0.6016 0.6814, -0.9646 0.5986 0.6873, -0.9612 0.6021 0.6812, -0.7568 0.8457 0.6823, -0.7574 0.845 0.6816, -0.7578 0.8444 0.6812, -0.7561 0.8468 0.6839, -0.7546 0.849 0.6894, 0.6266 0.8875 0.878, 0.6266 0.8875 0.7598, 0.9303 0.5256 0.878, 0.9303 0.5256 0.7598
            ]
        }
        coordIndex [
            0,1,2,-1,3,4,5,-1,5,4,6,-1,5,6,1,-1,1,6,7,-1,1,7,2,-1,0,2,8,-1,8,2,9,-1,8,9,10,-1,11,12,13,-1,2,14,9,-1,9,14,11,-1,9,11,15,-1,15,11,13,-1,16,10,17,-1,17,10,18,-1,16,19,10,-1,10,19,20,-1,10,20,8,-1,21,22,23,-1,23,22,24,-1,
        ]
    }
}
Shape{
    appearance Appearance {
        material  Material 	{
            diffuseColor 0.5019607843137255 0.5019607843137255 0.5019607843137255
            specularColor 0.25098039215686274 0.25098039215686274 0.25098039215686274
            ambientIntensity 0.502
            transparency 0.0
            shininess 0.5
        }
    }
    geometry IndexedFaceSet {
        ccw TRUE
        solid FALSE
        coord DEF co Coordinate {
            point [
                0.9302 0.4744 0.7598, 1.1417 0.4744 0.7598, 0.9303 0.5256 0.7598, 1.1417 0.6622 0.7598, 1.1256 0.6894 0.7598, 0.6266 0.8875 0.7598, 0.8109 1.0421 0.7598, 0.765 1.0764 0.7598, 0.5906 0.862 0.7598, 0.693 0.7819 0.7598, 0.7847 0.6895 0.7598, 0.8642 0.5865 0.7598, 0.6504 1.1494 0.7598, 0.5906 1.1813 0.7598
            ]
        }
        coordIndex [
            0,1,2,-1,2,1,3,-1,2,3,4,-1,5,6,7,-1,8,9,5,-1,5,9,10,-1,5,10,2,-1,2,10,11,-1,2,11,0,-1,5,7,8,-1,8,7,12,-1,8,12,13,-1,
        ]
    }
}
Shape{
    appearance Appearance {
        material  Material 	{
            diffuseColor 0.25098039215686274 0.25098039215686274 0.25098039215686274
            specularColor 0.12549019607843137 0.12549019607843137 0.12549019607843137
            ambientIntensity 0.251
            transparency 0.0
            shininess 0.5
        }
    }
    geometry IndexedFaceSet {
        ccw TRUE
        solid FALSE
        coord DEF co Coordinate {
            point [
                0.9355 0.6327 0.6811, 0.9392 0.6359 0.7598, 0.733 0.874 0.6811, 0.7368 0.8772 0.7598, 0.9809 -0.4613 0.878, 0.9809 -0.4613 0.7598, 0.6266 -0.8836 0.878, 0.6266 -0.8836 0.7598
            ]
        }
        coordIndex [
            0,1,2,-1,2,1,3,-1,4,5,6,-1,6,5,7,-1,
        ]
    }
}
Shape{
    appearance Appearance {
        material  Material 	{
            diffuseColor 0.5019607843137255 0.5019607843137255 0.5019607843137255
            specularColor 0.25098039215686274 0.25098039215686274 0.25098039215686274
            ambientIntensity 0.502
            transparency 0.0
            shininess 0.5
        }
    }
    geometry IndexedFaceSet {
        ccw TRUE
        solid FALSE
        coord DEF co Coordinate {
            point [
                0.7598 -1.0761 0.7598, 0.8109 -1.0382 0.7598, 0.6266 -0.8836 0.7598, 0.6554 -1.1426 0.7598, 0.5906 -0.8581 0.7598, 0.5906 -1.1773 0.7598, 1.1417 -0.5963 0.7598, 1.1417 -0.3524 0.7598, 0.9809 -0.4613 0.7598, 0.9813 -0.3524 0.7598, 0.9297 -0.4715 0.7598, 0.8637 -0.5833 0.7598, 0.7843 -0.686 0.7598, 0.6928 -0.7781 0.7598
            ]
        }
        coordIndex [
            0,1,2,-1,0,2,3,-1,3,2,4,-1,3,4,5,-1,6,7,8,-1,8,7,9,-1,8,9,10,-1,10,11,8,-1,8,11,12,-1,8,12,2,-1,2,12,13,-1,2,13,4,-1,
        ]
    }
}
Shape{
    appearance Appearance {
        material  Material 	{
            diffuseColor 0.25098039215686274 0.25098039215686274 0.25098039215686274
            specularColor 0.12549019607843137 0.12549019607843137 0.12549019607843137
            ambientIntensity 0.251
            transparency 0.0
            shininess 0.5
        }
    }
    geometry IndexedFaceSet {
        ccw TRUE
        solid FALSE
        coord DEF co Coordinate {
            point [
                0.733 -0.8701 0.6811, 0.7368 -0.8732 0.7598, 0.9861 -0.5685 0.6811, 0.9898 -0.5716 0.7598
            ]
        }
        coordIndex [
            0,1,2,-1,2,1,3,-1,
        ]
    }
}
Shape{
    appearance Appearance {
        material  Material 	{
            diffuseColor 0.5019607843137255 0.5019607843137255 0.5019607843137255
            specularColor 0.25098039215686274 0.25098039215686274 0.25098039215686274
            ambientIntensity 0.502
            transparency 0.0
            shininess 0.5
        }
    }
    geometry IndexedFaceSet {
        ccw TRUE
        solid FALSE
        coord DEF co Coordinate {
            point [
                -0.4047 0.812 1.378, -0.2839 0.8618 1.378, -0.5906 0.862 1.378, 1.022 -0.2028 1.378, 1.0195 -0.207 1.378, 1.1417 -0.3524 1.378, -1.0233 0.2021 1.378, -0.9813 0.3563 1.378, -1.1417 0.3563 1.378, 1.0233 -0.1982 1.378, 1.016 -0.2104 1.378, 1.0119 -0.2129 1.378, 0.9813 -0.3524 1.378, 1.0072 -0.2143 1.378, 1.0039 -0.2146 1.378, 1.0119 0.2168 1.378, 1.016 0.2143 1.378, 1.1417 0.4744 1.378, 1.0195 0.2109 1.378, 1.022 0.2068 1.378, -1.016 0.2143 1.378, -1.0119 0.2168 1.378, -1.0072 0.2182 1.378, -1.0119 -0.2129 1.378, -1.016 -0.2104 1.378, -1.1417 -0.4705 1.378, -1.0195 -0.207 1.378, -1.022 -0.2028 1.378, 1.0233 0.2021 1.378, 1.0236 0.1988 1.378, 1.0236 -0.1949 1.378, -0.5906 1.1813 1.378, -1.0039 0.2185 1.378, -0.8792 0.2185 1.378, -0.839 0.3427 1.378, 0.839 0.3427 1.378, 0.8792 0.2185 1.378, 0.9302 0.4744 1.378, 1.0039 0.2185 1.378, 1.0072 0.2182 1.378, -1.022 0.2068 1.378, -1.0195 0.2109 1.378, -0.8378 -0.3416 1.378, -0.8792 -0.2146 1.378, -0.9302 -0.4705 1.378, -1.0039 -0.2146 1.378, -1.0072 -0.2143 1.378, -0.5453 -1.1989 1.378, -0.2636 -0.8643 1.378, -0.3882 -0.8161 1.378, 0.8792 -0.2146 1.378, 0.8378 -0.3416 1.378, 0.9297 -0.4715 1.378, 0.7781 -0.4612 1.378, 0.8637 -0.5833 1.378, -0.5458 1.2026 1.378, -0.1573 0.8937 1.378, -0.0876 0.8759 1.378, 0.5458 1.2026 1.378, 0.2839 0.8618 1.378, 0.4047 0.812 1.378, 0.2636 -0.8643 1.378, 0.5453 -1.1989 1.378, 0.3882 -0.8161 1.378, 0.5906 -1.1773 1.378, 0.5906 -0.8581 1.378, 0.1333 -0.8937 1.378, 0.0 -0.9035 1.378, -0.1333 -0.8937 1.378, -0.7781 -0.4612 1.378, -0.8642 -0.5826 1.378, -0.7015 -0.5706 1.378, -0.7847 -0.6856 1.378, -0.6096 -0.6676 1.378, -0.693 -0.7779 1.378, -0.5044 -0.75 1.378, -0.5906 -0.8581 1.378, -0.5906 -1.1773 1.378, 0.7843 -0.686 1.378, 0.7015 -0.5706 1.378, 0.6928 -0.7781 1.378, 0.6096 -0.6676 1.378, 0.5044 -0.75 1.378, 0.0 0.8681 1.378, 0.0876 0.8759 1.378, 0.1573 0.8937 1.378, 0.7812 0.4599 1.378, 0.8642 0.5865 1.378, 0.7072 0.5675 1.378, 0.7847 0.6895 1.378, 0.6185 0.6633 1.378, 0.693 0.7819 1.378, 0.517 0.7454 1.378, 0.5906 0.862 1.378, 0.5906 1.1813 1.378, -1.0233 -0.1982 1.378, -1.0236 -0.1949 1.378, -1.0236 0.1988 1.378, -0.9297 0.4754 1.378, -0.7812 0.4599 1.378, -0.8637 0.5872 1.378, -0.7072 0.5675 1.378, -0.7843 0.69 1.378, -0.6928 0.782 1.378, -0.6185 0.6633 1.378, -0.517 0.7454 1.378
            ]
        }
        coordIndex [
            0,1,2,-1,3,4,5,-1,6,7,8,-1,3,5,9,-1,4,10,5,-1,5,10,11,-1,5,11,12,-1,12,11,13,-1,12,13,14,-1,15,16,17,-1,17,16,18,-1,17,18,19,-1,20,21,7,-1,7,21,22,-1,23,24,25,-1,25,24,26,-1,25,26,27,-1,19,28,17,-1,17,28,29,-1,17,29,5,-1,5,29,30,-1,5,30,9,-1,2,1,31,-1,32,33,34,-1,35,36,37,-1,37,36,38,-1,37,38,17,-1,17,38,39,-1,17,39,15,-1,6,40,7,-1,7,40,41,-1,7,41,20,-1,42,43,44,-1,44,43,45,-1,44,45,25,-1,25,45,46,-1,25,46,23,-1,47,48,49,-1,14,50,12,-1,12,50,51,-1,12,51,52,-1,52,51,53,-1,52,53,54,-1,31,1,55,-1,55,1,56,-1,55,56,57,-1,58,59,60,-1,61,62,63,-1,63,62,64,-1,63,64,65,-1,61,66,62,-1,62,66,67,-1,62,67,47,-1,47,67,68,-1,47,68,48,-1,42,44,69,-1,69,44,70,-1,69,70,71,-1,71,70,72,-1,71,72,73,-1,73,72,74,-1,73,74,75,-1,75,74,76,-1,75,76,49,-1,49,76,77,-1,49,77,47,-1,54,53,78,-1,78,53,79,-1,78,79,80,-1,80,79,81,-1,80,81,65,-1,65,81,82,-1,65,82,63,-1,57,83,55,-1,55,83,84,-1,55,84,58,-1,58,84,85,-1,58,85,59,-1,35,37,86,-1,86,37,87,-1,86,87,88,-1,88,87,89,-1,88,89,90,-1,90,89,91,-1,90,91,92,-1,92,91,93,-1,92,93,60,-1,60,93,94,-1,60,94,58,-1,27,95,25,-1,25,95,96,-1,25,96,8,-1,8,96,97,-1,8,97,6,-1,22,32,7,-1,7,32,34,-1,7,34,98,-1,98,34,99,-1,98,99,100,-1,100,99,101,-1,100,101,102,-1,102,101,103,-1,103,101,104,-1,103,104,2,-1,2,104,105,-1,2,105,0,-1,
        ]
    }
}
Shape{
    appearance Appearance {
        material  Material 	{
            diffuseColor 0.25098039215686274 0.25098039215686274 0.25098039215686274
            specularColor 0.12549019607843137 0.12549019607843137 0.12549019607843137
            ambientIntensity 0.251
            transparency 0.0
            shininess 0.5
        }
    }
    geometry IndexedFaceSet {
        ccw TRUE
        solid FALSE
        coord DEF co Coordinate {
            point [
                -0.6266 -0.8836 0.878, -0.6266 -0.8836 0.7598, -0.9303 -0.5217 0.878, -0.9303 -0.5217 0.7598
            ]
        }
        coordIndex [
            0,1,2,-1,2,1,3,-1,
        ]
    }
}
Shape{
    appearance Appearance {
        material  Material 	{
            diffuseColor 0.5019607843137255 0.5019607843137255 0.5019607843137255
            specularColor 0.25098039215686274 0.25098039215686274 0.25098039215686274
            ambientIntensity 0.502
            transparency 0.0
            shininess 0.5
        }
    }
    geometry IndexedFaceSet {
        ccw TRUE
        solid FALSE
        coord DEF co Coordinate {
            point [
                -0.9302 -0.4705 0.7598, -1.1417 -0.4705 0.7598, -0.9303 -0.5217 0.7598, -1.1417 -0.6583 0.7598, -1.1256 -0.6855 0.7598, -0.6266 -0.8836 0.7598, -0.8109 -1.0382 0.7598, -0.7598 -1.0761 0.7598, -0.5906 -0.8581 0.7598, -0.693 -0.7779 0.7598, -0.7847 -0.6856 0.7598, -0.8642 -0.5826 0.7598, -0.6554 -1.1426 0.7598, -0.5906 -1.1773 0.7598
            ]
        }
        coordIndex [
            0,1,2,-1,2,1,3,-1,2,3,4,-1,5,6,7,-1,8,9,5,-1,5,9,10,-1,5,10,2,-1,2,10,11,-1,2,11,0,-1,5,7,8,-1,8,7,12,-1,8,12,13,-1,
        ]
    }
}
Shape{
    appearance Appearance {
        material  Material 	{
            diffuseColor 0.25098039215686274 0.25098039215686274 0.25098039215686274
            specularColor 0.12549019607843137 0.12549019607843137 0.12549019607843137
            ambientIntensity 0.251
            transparency 0.0
            shininess 0.5
        }
    }
    geometry IndexedFaceSet {
        ccw TRUE
        solid FALSE
        coord DEF co Coordinate {
            point [
                -0.9355 -0.6288 0.6811, -0.9392 -0.632 0.7598, -0.733 -0.8701 0.6811, -0.7368 -0.8732 0.7598
            ]
        }
        coordIndex [
            0,1,2,-1,2,1,3,-1,
        ]
    }
}
Shape{
    appearance Appearance {
        material  Material 	{
            diffuseColor 0.5019607843137255 0.5019607843137255 0.5019607843137255
            specularColor 0.25098039215686274 0.25098039215686274 0.25098039215686274
            ambientIntensity 0.502
            transparency 0.0
            shininess 0.5
        }
    }
    geometry IndexedFaceSet {
        ccw TRUE
        solid FALSE
        coord DEF co Coordinate {
            point [
                -0.8574 -1.0002 0.7598, -0.8574 -1.0002 0.6024, -0.8109 -1.0382 0.7598, -0.7598 -1.0761 0.6024, -0.7598 -1.0761 0.7598, -0.6554 -1.1426 0.6024, -0.6554 -1.1426 0.7598, -0.5453 -1.1989 1.378, -0.5906 -1.1773 1.378, -0.5906 -1.1773 0.7598, -0.5454 -1.1989 0.6024
            ]
        }
        coordIndex [
            0,1,2,-1,2,1,3,-1,2,3,4,-1,4,3,5,-1,4,5,6,-1,7,8,9,-1,6,5,9,-1,9,5,10,-1,9,10,7,-1,
        ]
    }
}
Shape{
    appearance Appearance {
        material  Material 	{
            diffuseColor 0.25098039215686274 0.25098039215686274 0.25098039215686274
            specularColor 0.12549019607843137 0.12549019607843137 0.12549019607843137
            ambientIntensity 0.251
            transparency 0.0
            shininess 0.5
        }
    }
    geometry IndexedFaceSet {
        ccw TRUE
        solid FALSE
        coord DEF co Coordinate {
            point [
                -0.733 -0.8701 0.6024, -0.9355 -0.6288 0.6024, -0.733 -0.8701 0.6811, -0.9355 -0.6288 0.6811, -0.9765 0.5913 0.7571, -0.9768 0.5911 0.7598, -0.9827 0.5894 0.7598, -0.9736 0.5927 0.7375, -0.9608 0.6026 0.6024, -0.9608 0.6026 0.6811, -0.9654 0.5979 0.6024, -0.9612 0.6021 0.6812, -0.9616 0.6016 0.6814, -0.9621 0.601 0.682, -0.963 0.6001 0.6834, -0.9693 0.595 0.7079, -0.9735 0.5926 0.6024, -0.9655 0.5979 0.6912, -0.9646 0.5986 0.6873, -0.9827 0.5894 0.6024, -0.9923 0.5885 0.7598, -0.9923 0.5885 0.6024, -1.0019 0.5901 0.7598, -1.0019 0.5901 0.6024, -1.0108 0.5939 0.7598, -1.0108 0.5939 0.6024, -1.0162 0.5977 0.7598, -1.0162 0.5977 0.6024, -0.7583 0.8438 0.6811, -0.7583 0.8438 0.6024, -0.7545 0.8493 0.6904, -0.7545 0.8493 0.6024, -0.7507 0.8582 0.6024, -0.7546 0.849 0.6894, -0.7561 0.8468 0.6839, -0.7568 0.8457 0.6823, -0.7578 0.8444 0.6812, -0.7574 0.845 0.6816, -0.7491 0.8677 0.7598, -0.7498 0.8616 0.7598, -0.7508 0.8582 0.7374, -0.7632 0.8993 0.6024, -0.7632 0.8993 0.7598, -0.7585 0.8946 0.7598, -0.7585 0.8946 0.6024, -0.7531 0.8865 0.7598, -0.7531 0.8865 0.6024, -0.75 0.8774 0.7598, -0.75 0.8774 0.6024, -0.7491 0.8677 0.6024, -0.752 0.8542 0.7112, 0.733 0.874 0.6024, 0.9355 0.6327 0.6024, 0.733 0.874 0.6811, 0.9355 0.6327 0.6811, 0.9861 -0.5685 0.6024, 0.733 -0.8701 0.6024, 0.9861 -0.5685 0.6811, 0.733 -0.8701 0.6811
            ]
        }
        coordIndex [
            0,1,2,-1,2,1,3,-1,4,5,6,-1,4,6,7,-1,8,9,10,-1,10,9,11,-1,11,12,10,-1,10,12,13,-1,10,13,14,-1,15,16,17,-1,17,16,10,-1,17,10,18,-1,18,10,14,-1,15,7,16,-1,16,7,6,-1,16,6,19,-1,19,6,20,-1,19,20,21,-1,21,20,22,-1,21,22,23,-1,23,22,24,-1,23,24,25,-1,25,24,26,-1,25,26,27,-1,9,8,28,-1,28,8,29,-1,30,31,32,-1,30,33,31,-1,31,33,34,-1,31,34,35,-1,28,29,36,-1,36,29,31,-1,36,31,37,-1,37,31,35,-1,38,39,40,-1,41,42,43,-1,41,43,44,-1,44,43,45,-1,44,45,46,-1,46,45,47,-1,46,47,48,-1,48,47,38,-1,48,38,49,-1,49,38,40,-1,49,40,32,-1,32,40,50,-1,32,50,30,-1,51,52,53,-1,53,52,54,-1,55,56,57,-1,57,56,58,-1,
        ]
    }
}
Shape{
    appearance Appearance {
        material  Material 	{
            diffuseColor 0.5019607843137255 0.5019607843137255 0.5019607843137255
            specularColor 0.25098039215686274 0.25098039215686274 0.25098039215686274
            ambientIntensity 0.502
            transparency 0.0
            shininess 0.5
        }
    }
    geometry IndexedFaceSet {
        ccw TRUE
        solid FALSE
        coord DEF co Coordinate {
            point [
                0.5906 -1.1773 1.378, 0.5453 -1.1989 1.378, 0.5906 -1.1773 0.7598, 0.5454 -1.1989 0.6024, 0.6554 -1.1426 0.7598, 0.6554 -1.1426 0.6024, 0.7598 -1.0761 0.6024, 0.7598 -1.0761 0.7598, 0.8109 -1.0382 0.7598, 0.8574 -1.0002 0.6024, 0.8574 -1.0002 0.7598, 0.7354 -0.8978 0.6024, 0.7354 -0.8978 0.7598, 0.7306 -0.8423 0.6024, 0.7306 -0.8423 0.7598, 0.7251 -0.851 0.6024, 0.7251 -0.851 0.7598, 0.722 -0.8608 0.6024, 0.722 -0.8608 0.7598, 0.7215 -0.8711 0.6024, 0.7215 -0.8711 0.7598, 0.7237 -0.8811 0.6024, 0.7237 -0.8811 0.7598, 0.7285 -0.8902 0.6024, 0.7285 -0.8902 0.7598
            ]
        }
        coordIndex [
            0,1,2,-1,2,1,3,-1,2,3,4,-1,3,5,4,-1,4,5,6,-1,4,6,7,-1,7,6,8,-1,8,6,9,-1,8,9,10,-1,11,12,9,-1,9,12,10,-1,13,14,15,-1,15,14,16,-1,15,16,17,-1,17,16,18,-1,17,18,19,-1,19,18,20,-1,19,20,21,-1,21,20,22,-1,21,22,23,-1,23,22,24,-1,23,24,11,-1,11,24,12,-1,
        ]
    }
}
Shape{
    appearance Appearance {
        material  Material 	{
            diffuseColor 0.25098039215686274 0.25098039215686274 0.25098039215686274
            specularColor 0.12549019607843137 0.12549019607843137 0.12549019607843137
            ambientIntensity 0.251
            transparency 0.0
            shininess 0.5
        }
    }
    geometry IndexedFaceSet {
        ccw TRUE
        solid FALSE
        coord DEF co Coordinate {
            point [
                0.9583 -0.5709 0.6024, 0.9583 -0.5709 0.7598, 0.7306 -0.8423 0.6024, 0.7306 -0.8423 0.7598
            ]
        }
        coordIndex [
            0,1,2,-1,2,1,3,-1,
        ]
    }
}
Shape{
    appearance Appearance {
        material  Material 	{
            diffuseColor 0.5019607843137255 0.5019607843137255 0.5019607843137255
            specularColor 0.25098039215686274 0.25098039215686274 0.25098039215686274
            ambientIntensity 0.502
            transparency 0.0
            shininess 0.5
        }
    }
    geometry IndexedFaceSet {
        ccw TRUE
        solid FALSE
        coord DEF co Coordinate {
            point [
                1.0138 -0.566 0.6024, 1.0138 -0.566 0.7598, 1.0065 -0.5612 0.6024, 1.0065 -0.5612 0.7598, 0.9982 -0.5581 0.6024, 0.9982 -0.5581 0.7598, 0.9895 -0.5568 0.6024, 0.9895 -0.5568 0.7598, 0.9807 -0.5576 0.6024, 0.9807 -0.5576 0.7598, 0.9723 -0.5603 0.6024, 0.9723 -0.5603 0.7598, 0.9647 -0.5648 0.6024, 0.9647 -0.5648 0.7598, 0.9583 -0.5709 0.6024, 0.9583 -0.5709 0.7598, 1.1358 -0.6684 0.6024, 1.1358 -0.6684 0.7598, 1.1417 -0.6583 0.6024, 1.1417 -0.6583 0.7598, 1.1417 0.4744 1.378, 1.1417 -0.3524 1.378, 1.1417 0.4744 0.7598, 1.1417 -0.3524 0.7598, 1.1417 0.6622 0.7598, 1.1417 0.6622 0.6024, 1.1417 -0.5963 0.7598, 1.1256 0.6894 0.7598, 1.0934 0.7395 0.6024, 1.0934 0.7395 0.7598
            ]
        }
        coordIndex [
            0,1,2,-1,2,1,3,-1,2,3,4,-1,4,3,5,-1,4,5,6,-1,6,5,7,-1,6,7,8,-1,8,7,9,-1,8,9,10,-1,10,9,11,-1,10,11,12,-1,12,11,13,-1,12,13,14,-1,14,13,15,-1,16,17,0,-1,0,17,1,-1,16,18,17,-1,17,18,19,-1,20,21,22,-1,22,21,23,-1,24,22,25,-1,25,22,23,-1,25,23,18,-1,18,23,26,-1,18,26,19,-1,24,25,27,-1,27,25,28,-1,27,28,29,-1,
        ]
    }
}
Shape{
    appearance Appearance {
        material  Material 	{
            diffuseColor 0.25098039215686274 0.25098039215686274 0.25098039215686274
            specularColor 0.12549019607843137 0.12549019607843137 0.12549019607843137
            ambientIntensity 0.251
            transparency 0.0
            shininess 0.5
        }
    }
    geometry IndexedFaceSet {
        ccw TRUE
        solid FALSE
        coord DEF co Coordinate {
            point [
                0.9632 0.6303 0.6024, 0.9632 0.6303 0.7598, 1.0934 0.7395 0.6024, 1.0934 0.7395 0.7598
            ]
        }
        coordIndex [
            0,1,2,-1,2,1,3,-1,
        ]
    }
}
Shape{
    appearance Appearance {
        material  Material 	{
            diffuseColor 0.5019607843137255 0.5019607843137255 0.5019607843137255
            specularColor 0.25098039215686274 0.25098039215686274 0.25098039215686274
            ambientIntensity 0.502
            transparency 0.0
            shininess 0.5
        }
    }
    geometry IndexedFaceSet {
        ccw TRUE
        solid FALSE
        coord DEF co Coordinate {
            point [
                0.9077 0.6352 0.6024, 0.9077 0.6352 0.7598, 0.9153 0.6282 0.6024, 0.9153 0.6282 0.7598, 0.9244 0.6235 0.6024, 0.9244 0.6235 0.7598, 0.9345 0.6212 0.6024, 0.9345 0.6212 0.7598, 0.9447 0.6217 0.6024, 0.9447 0.6217 0.7598, 0.9545 0.6248 0.6024, 0.9545 0.6248 0.7598, 0.9632 0.6303 0.6024, 0.9632 0.6303 0.7598
            ]
        }
        coordIndex [
            0,1,2,-1,2,1,3,-1,2,3,4,-1,4,3,5,-1,4,5,6,-1,6,5,7,-1,6,7,8,-1,8,7,9,-1,8,9,10,-1,10,9,11,-1,10,11,12,-1,12,11,13,-1,
        ]
    }
}
Shape{
    appearance Appearance {
        material  Material 	{
            diffuseColor 0.25098039215686274 0.25098039215686274 0.25098039215686274
            specularColor 0.12549019607843137 0.12549019607843137 0.12549019607843137
            ambientIntensity 0.251
            transparency 0.0
            shininess 0.5
        }
    }
    geometry IndexedFaceSet {
        ccw TRUE
        solid FALSE
        coord DEF co Coordinate {
            point [
                0.7306 0.8463 0.6024, 0.7306 0.8463 0.7598, 0.9077 0.6352 0.6024, 0.9077 0.6352 0.7598
            ]
        }
        coordIndex [
            0,1,2,-1,2,1,3,-1,
        ]
    }
}
Shape{
    appearance Appearance {
        material  Material 	{
            diffuseColor 0.5019607843137255 0.5019607843137255 0.5019607843137255
            specularColor 0.25098039215686274 0.25098039215686274 0.25098039215686274
            ambientIntensity 0.502
            transparency 0.0
            shininess 0.5
        }
    }
    geometry IndexedFaceSet {
        ccw TRUE
        solid FALSE
        coord DEF co Coordinate {
            point [
                0.7354 0.9017 0.6024, 0.7354 0.9017 0.7598, 0.7285 0.8942 0.6024, 0.7285 0.8942 0.7598, 0.7237 0.885 0.6024, 0.7237 0.885 0.7598, 0.7215 0.875 0.6024, 0.7215 0.875 0.7598, 0.722 0.8647 0.6024, 0.722 0.8647 0.7598, 0.7251 0.8549 0.6024, 0.7251 0.8549 0.7598, 0.7306 0.8463 0.6024, 0.7306 0.8463 0.7598, 0.8574 1.0041 0.6024, 0.8574 1.0041 0.7598, 0.8109 1.0421 0.7598, 0.765 1.0764 0.6024, 0.765 1.0764 0.7598, 0.6504 1.1494 0.6024, 0.6504 1.1494 0.7598, 0.5458 1.2026 1.378, 0.5906 1.1813 1.378, 0.5906 1.1813 0.7598, 0.5458 1.2026 0.6024, -0.5458 1.2026 1.378, -0.5458 1.2026 0.6024, -0.5906 1.1813 1.378, -0.5906 1.1813 0.7598, -0.6557 1.1463 0.7598, -0.6557 1.1463 0.6024, -0.7599 1.0799 0.6024, -0.7599 1.0799 0.7598, -0.8109 1.0421 0.7598, -0.8574 1.0041 0.6024, -0.8574 1.0041 0.7598, -0.7354 0.9017 0.6024, -0.7354 0.9017 0.7598, -0.7306 0.8463 0.6024, -0.7306 0.8463 0.7598, -0.7257 0.8536 0.6024, -0.7257 0.8536 0.7598, -0.7226 0.8619 0.6024, -0.7226 0.8619 0.7598, -0.7214 0.8706 0.6024, -0.7214 0.8706 0.7598, -0.7214 0.8716 0.6024, -0.7214 0.8716 0.7598, -0.7221 0.8794 0.6024, -0.7221 0.8794 0.7598, -0.7249 0.8878 0.6024, -0.7249 0.8878 0.7598, -0.7294 0.8953 0.6024, -0.7294 0.8953 0.7598
            ]
        }
        coordIndex [
            0,1,2,-1,2,1,3,-1,2,3,4,-1,4,3,5,-1,4,5,6,-1,6,5,7,-1,6,7,8,-1,8,7,9,-1,8,9,10,-1,10,9,11,-1,10,11,12,-1,12,11,13,-1,14,15,0,-1,0,15,1,-1,15,14,16,-1,16,14,17,-1,16,17,18,-1,18,17,19,-1,18,19,20,-1,21,22,23,-1,20,19,23,-1,23,19,24,-1,23,24,21,-1,21,24,25,-1,25,24,26,-1,27,25,28,-1,28,25,26,-1,28,26,29,-1,26,30,29,-1,29,30,31,-1,29,31,32,-1,32,31,33,-1,33,31,34,-1,33,34,35,-1,36,37,34,-1,34,37,35,-1,38,39,40,-1,40,39,41,-1,40,41,42,-1,42,41,43,-1,42,43,44,-1,44,43,45,-1,44,45,46,-1,46,45,47,-1,46,47,48,-1,48,47,49,-1,48,49,50,-1,50,49,51,-1,50,51,52,-1,52,51,53,-1,52,53,36,-1,36,53,37,-1,
        ]
    }
}
Shape{
    appearance Appearance {
        material  Material 	{
            diffuseColor 0.25098039215686274 0.25098039215686274 0.25098039215686274
            specularColor 0.12549019607843137 0.12549019607843137 0.12549019607843137
            ambientIntensity 0.251
            transparency 0.0
            shininess 0.5
        }
    }
    geometry IndexedFaceSet {
        ccw TRUE
        solid FALSE
        coord DEF co Coordinate {
            point [
                -0.9583 0.5748 0.6024, -0.9583 0.5748 0.7598, -0.7306 0.8463 0.6024, -0.7306 0.8463 0.7598
            ]
        }
        coordIndex [
            0,1,2,-1,2,1,3,-1,
        ]
    }
}
Shape{
    appearance Appearance {
        material  Material 	{
            diffuseColor 0.5019607843137255 0.5019607843137255 0.5019607843137255
            specularColor 0.25098039215686274 0.25098039215686274 0.25098039215686274
            ambientIntensity 0.502
            transparency 0.0
            shininess 0.5
        }
    }
    geometry IndexedFaceSet {
        ccw TRUE
        solid FALSE
        coord DEF co Coordinate {
            point [
                -1.0138 0.57 0.6024, -1.0138 0.57 0.7598, -1.0051 0.5645 0.6024, -1.0051 0.5645 0.7598, -0.9953 0.5614 0.6024, -0.9953 0.5614 0.7598, -0.9851 0.5609 0.6024, -0.9851 0.5609 0.7598, -0.975 0.5631 0.6024, -0.975 0.5631 0.7598, -0.9659 0.5679 0.6024, -0.9659 0.5679 0.7598, -0.9583 0.5748 0.6024, -0.9583 0.5748 0.7598, -1.1358 0.6724 0.6024, -1.1358 0.6724 0.7598, -1.1417 0.6622 0.6024, -1.1417 0.6622 0.7598, -1.1417 -0.6583 0.6024, -1.1417 -0.4705 0.7598, -1.1417 -0.6583 0.7598, -1.1417 -0.4705 1.378, -1.1417 0.3563 1.378, -1.1417 0.3563 0.7598, -1.1417 0.6002 0.7598, -1.1256 -0.6855 0.7598, -1.0934 -0.7356 0.6024, -1.0934 -0.7356 0.7598, -0.9632 -0.6264 0.6024, -0.9632 -0.6264 0.7598, -0.9077 -0.6312 0.6024, -0.9077 -0.6312 0.7598, -0.9153 -0.6243 0.6024, -0.9153 -0.6243 0.7598, -0.9244 -0.6195 0.6024, -0.9244 -0.6195 0.7598, -0.9345 -0.6173 0.6024, -0.9345 -0.6173 0.7598, -0.9447 -0.6178 0.6024, -0.9447 -0.6178 0.7598, -0.9545 -0.6208 0.6024, -0.9545 -0.6208 0.7598
            ]
        }
        coordIndex [
            0,1,2,-1,2,1,3,-1,2,3,4,-1,4,3,5,-1,4,5,6,-1,6,5,7,-1,6,7,8,-1,8,7,9,-1,8,9,10,-1,10,9,11,-1,10,11,12,-1,12,11,13,-1,14,15,0,-1,0,15,1,-1,14,16,15,-1,15,16,17,-1,16,18,19,-1,19,18,20,-1,21,22,19,-1,19,22,23,-1,19,23,16,-1,16,23,24,-1,16,24,17,-1,20,18,25,-1,25,18,26,-1,25,26,27,-1,28,29,26,-1,26,29,27,-1,30,31,32,-1,32,31,33,-1,32,33,34,-1,34,33,35,-1,34,35,36,-1,36,35,37,-1,36,37,38,-1,38,37,39,-1,38,39,40,-1,40,39,41,-1,40,41,28,-1,28,41,29,-1,
        ]
    }
}
Shape{
    appearance Appearance {
        material  Material 	{
            diffuseColor 0.25098039215686274 0.25098039215686274 0.25098039215686274
            specularColor 0.12549019607843137 0.12549019607843137 0.12549019607843137
            ambientIntensity 0.251
            transparency 0.0
            shininess 0.5
        }
    }
    geometry IndexedFaceSet {
        ccw TRUE
        solid FALSE
        coord DEF co Coordinate {
            point [
                -0.7306 -0.8423 0.6024, -0.7306 -0.8423 0.7598, -0.9077 -0.6312 0.6024, -0.9077 -0.6312 0.7598
            ]
        }
        coordIndex [
            0,1,2,-1,2,1,3,-1,
        ]
    }
}
Shape{
    appearance Appearance {
        material  Material 	{
            diffuseColor 0.5019607843137255 0.5019607843137255 0.5019607843137255
            specularColor 0.25098039215686274 0.25098039215686274 0.25098039215686274
            ambientIntensity 0.502
            transparency 0.0
            shininess 0.5
        }
    }
    geometry IndexedFaceSet {
        ccw TRUE
        solid FALSE
        coord DEF co Coordinate {
            point [
                -0.7354 -0.8978 0.6024, -0.7354 -0.8978 0.7598, -0.7294 -0.8914 0.6024, -0.7294 -0.8914 0.7598, -0.7249 -0.8838 0.6024, -0.7249 -0.8838 0.7598, -0.7221 -0.8754 0.6024, -0.7221 -0.8754 0.7598, -0.7214 -0.8676 0.6024, -0.7214 -0.8676 0.7598, -0.7214 -0.8667 0.6024, -0.7214 -0.8667 0.7598, -0.7226 -0.8579 0.6024, -0.7226 -0.8579 0.7598, -0.7257 -0.8497 0.6024, -0.7257 -0.8497 0.7598, -0.7306 -0.8423 0.6024, -0.7306 -0.8423 0.7598, -0.8574 -1.0002 0.6024, -0.8574 -1.0002 0.7598
            ]
        }
        coordIndex [
            0,1,2,-1,2,1,3,-1,2,3,4,-1,4,3,5,-1,4,5,6,-1,6,5,7,-1,6,7,8,-1,8,7,9,-1,8,9,10,-1,10,9,11,-1,10,11,12,-1,12,11,13,-1,12,13,14,-1,14,13,15,-1,14,15,16,-1,16,15,17,-1,18,19,0,-1,0,19,1,-1,
        ]
    }
}
Shape{
    appearance Appearance {
        material  Material 	{
            diffuseColor 0.25098039215686274 0.25098039215686274 0.25098039215686274
            specularColor 0.12549019607843137 0.12549019607843137 0.12549019607843137
            ambientIntensity 0.251
            transparency 0.0
            shininess 0.5
        }
    }
    geometry IndexedFaceSet {
        ccw TRUE
        solid FALSE
        coord DEF co Coordinate {
            point [
                -0.8883 1.0043 0.6024, -0.8883 1.0043 0.7598, -0.7632 0.8993 0.6024, -0.7632 0.8993 0.7598, -0.8377 1.0646 0.7598, -0.8377 1.0646 0.878, -0.8109 1.0421 0.7598, -0.6266 0.8875 0.878, -0.6266 0.8875 0.7598, -1.192 0.6424 0.878, -0.9809 0.4653 0.878, -0.9809 0.4653 0.7598, -1.1417 0.6002 0.7598, -1.192 0.6424 0.7598, -1.1417 0.6622 0.7598, -0.9827 0.5894 0.7598, -0.9768 0.5911 0.7598, -0.9659 0.5679 0.7598, -0.9583 0.5748 0.7598, -0.7498 0.8616 0.7598, -0.7306 0.8463 0.7598, -0.7354 0.9017 0.7598, -0.7294 0.8953 0.7598, -0.7531 0.8865 0.7598, -0.7249 0.8878 0.7598, -0.75 0.8774 0.7598, -1.1358 0.6724 0.7598, -1.1414 0.7027 0.7598, -1.0138 0.57 0.7598, -0.7221 0.8794 0.7598, -0.7214 0.8716 0.7598, -0.7491 0.8677 0.7598, -0.8574 1.0041 0.7598, -0.7585 0.8946 0.7598, -0.7214 0.8706 0.7598, -0.7226 0.8619 0.7598, -0.7257 0.8536 0.7598, -1.0162 0.5977 0.7598, -1.0108 0.5939 0.7598, -1.0051 0.5645 0.7598, -1.0019 0.5901 0.7598, -0.9953 0.5614 0.7598, -0.9923 0.5885 0.7598, -0.9851 0.5609 0.7598, -0.975 0.5631 0.7598, -1.0162 0.5977 0.6024, -1.1414 0.7027 0.6024
            ]
        }
        coordIndex [
            0,1,2,-1,2,1,3,-1,4,5,6,-1,6,5,7,-1,6,7,8,-1,5,9,7,-1,7,9,10,-1,11,10,12,-1,12,10,9,-1,12,9,13,-1,14,12,13,-1,15,16,17,-1,17,16,18,-1,18,16,19,-1,18,19,20,-1,21,22,23,-1,23,22,24,-1,23,24,25,-1,14,13,26,-1,26,13,27,-1,26,27,28,-1,24,29,25,-1,25,29,30,-1,25,30,31,-1,4,6,1,-1,1,6,32,-1,1,32,3,-1,3,32,21,-1,3,21,33,-1,33,21,23,-1,30,34,31,-1,31,34,35,-1,31,35,19,-1,19,35,36,-1,19,36,20,-1,27,37,28,-1,28,37,38,-1,28,38,39,-1,39,38,40,-1,39,40,41,-1,41,40,42,-1,41,42,43,-1,43,42,15,-1,43,15,44,-1,44,15,17,-1,45,37,46,-1,46,37,27,-1,
        ]
    }
}
Shape{
    appearance Appearance {
        material  Material 	{
            diffuseColor 0.5019607843137255 0.5019607843137255 0.5019607843137255
            specularColor 0.25098039215686274 0.25098039215686274 0.25098039215686274
            ambientIntensity 0.502
            transparency 0.0
            shininess 0.5
        }
    }
    geometry IndexedFaceSet {
        ccw TRUE
        solid FALSE
        coord DEF co Coordinate {
            point [
                0.9355 0.6327 0.6024, 1.0908 0.7631 0.6024, 0.9355 0.6327 0.6811, 1.0908 0.7631 0.7598, 0.9392 0.6359 0.7598
            ]
        }
        coordIndex [
            0,1,2,-1,2,1,3,-1,2,3,4,-1,
        ]
    }
}
Shape{
    appearance Appearance {
        material  Material 	{
            diffuseColor 0.25098039215686274 0.25098039215686274 0.25098039215686274
            specularColor 0.12549019607843137 0.12549019607843137 0.12549019607843137
            ambientIntensity 0.251
            transparency 0.0
            shininess 0.5
        }
    }
    geometry IndexedFaceSet {
        ccw TRUE
        solid FALSE
        coord DEF co Coordinate {
            point [
                1.1414 0.7027 0.7598, 1.1414 0.7027 0.878, 1.1256 0.6894 0.7598, 0.9303 0.5256 0.878, 0.9303 0.5256 0.7598, 0.6266 0.8875 0.878, 0.8377 1.0646 0.878, 0.6266 0.8875 0.7598, 0.8109 1.0421 0.7598, 0.8377 1.0646 0.7598, 0.9545 0.6248 0.7598, 0.9447 0.6217 0.7598, 0.9392 0.6359 0.7598, 0.9345 0.6212 0.7598, 0.9244 0.6235 0.7598, 1.0908 0.7631 0.7598, 1.0934 0.7395 0.7598, 0.9632 0.6303 0.7598, 0.8574 1.0041 0.7598, 0.8883 1.0043 0.7598, 0.7354 0.9017 0.7598, 0.7368 0.8772 0.7598, 0.7285 0.8942 0.7598, 0.7237 0.885 0.7598, 0.9153 0.6282 0.7598, 0.9077 0.6352 0.7598, 0.7306 0.8463 0.7598, 0.7251 0.8549 0.7598, 0.722 0.8647 0.7598, 0.7215 0.875 0.7598, 0.733 0.874 0.6811, 0.8883 1.0043 0.6024, 0.733 0.874 0.6024
            ]
        }
        coordIndex [
            0,1,2,-1,2,1,3,-1,2,3,4,-1,5,3,6,-1,6,3,1,-1,7,5,8,-1,8,5,6,-1,8,6,9,-1,10,11,12,-1,12,11,13,-1,12,13,14,-1,0,2,15,-1,15,2,16,-1,15,16,12,-1,12,16,17,-1,12,17,10,-1,8,9,18,-1,18,9,19,-1,18,19,20,-1,20,19,21,-1,20,21,22,-1,22,21,23,-1,14,24,12,-1,12,24,25,-1,12,25,21,-1,21,25,26,-1,21,26,27,-1,27,28,21,-1,21,28,29,-1,21,29,23,-1,21,19,30,-1,30,19,31,-1,30,31,32,-1,
        ]
    }
}
Shape{
    appearance Appearance {
        material  Material 	{
            diffuseColor 0.7529411764705882 0.7529411764705882 0.7529411764705882
            specularColor 0.3764705882352941 0.3764705882352941 0.3764705882352941
            ambientIntensity 0.7529
            transparency 0.0
            shininess 0.5
        }
    }
    geometry IndexedFaceSet {
        ccw TRUE
        solid FALSE
        coord DEF co Coordinate {
            point [
                1.1914 -0.2736 0.0801, 1.1914 0.2776 0.0801, 1.1912 -0.2736 0.0796, 1.1912 0.2776 0.0796, 1.1909 -0.2736 0.0793, 1.1909 0.2776 0.0793, 1.1905 -0.2736 0.079, 1.1905 0.2776 0.079, 1.19 -0.2736 0.0788, 1.19 0.2776 0.0788, 1.1895 -0.2736 0.0787, 1.1895 0.2776 0.0787, 1.3035 0.2776 0.4172, 1.3035 -0.2736 0.4172, 1.3782 -0.2736 0.3923, 1.3782 0.2776 0.3923, 1.2661 -0.2736 0.0552, 1.2661 0.2776 0.0552, 1.1811 0.2776 0.0787, 1.1811 -0.2736 0.0787
            ]
        }
        coordIndex [
            0,1,2,-1,2,1,3,-1,2,3,4,-1,4,3,5,-1,4,5,6,-1,6,5,7,-1,6,7,8,-1,8,7,9,-1,8,9,10,-1,10,9,11,-1,12,1,13,-1,13,1,0,-1,14,15,13,-1,13,15,12,-1,14,16,15,-1,15,16,17,-1,11,18,10,-1,10,18,19,-1,
        ]
    }
}
Shape{
    appearance Appearance {
        material  Material 	{
            diffuseColor 0.25098039215686274 0.25098039215686274 0.25098039215686274
            specularColor 0.12549019607843137 0.12549019607843137 0.12549019607843137
            ambientIntensity 0.251
            transparency 0.0
            shininess 0.5
        }
    }
    geometry IndexedFaceSet {
        ccw TRUE
        solid FALSE
        coord DEF co Coordinate {
            point [
                0.733 -0.8701 0.6024, 0.8883 -1.0004 0.6024, 0.733 -0.8701 0.6811, 0.8883 -1.0004 0.7598, 0.7368 -0.8732 0.7598, 0.8377 -1.0607 0.7598, 0.8377 -1.0607 0.878, 0.8109 -1.0382 0.7598, 0.6266 -0.8836 0.878, 0.6266 -0.8836 0.7598, 0.9809 -0.4613 0.878, 1.192 -0.6385 0.878, 0.9809 -0.4613 0.7598, 1.1417 -0.5963 0.7598, 1.192 -0.6385 0.7598, 0.9982 -0.5581 0.7598, 1.0065 -0.5612 0.7598, 0.9898 -0.5716 0.7598, 1.0138 -0.566 0.7598, 1.1414 -0.6988 0.7598, 1.1358 -0.6684 0.7598, 1.1417 -0.6583 0.7598, 0.9647 -0.5648 0.7598, 0.9723 -0.5603 0.7598, 0.8574 -1.0002 0.7598, 0.7354 -0.8978 0.7598, 0.7285 -0.8902 0.7598, 0.7237 -0.8811 0.7598, 0.7215 -0.8711 0.7598, 0.722 -0.8608 0.7598, 0.9807 -0.5576 0.7598, 0.9895 -0.5568 0.7598, 0.7251 -0.851 0.7598, 0.7306 -0.8423 0.7598, 0.9583 -0.5709 0.7598, 0.9861 -0.5685 0.6811, 1.1414 -0.6988 0.6024, 0.9861 -0.5685 0.6024
            ]
        }
        coordIndex [
            0,1,2,-1,2,1,3,-1,2,3,4,-1,5,6,7,-1,7,6,8,-1,7,8,9,-1,8,6,10,-1,10,6,11,-1,12,10,13,-1,13,10,11,-1,13,11,14,-1,15,16,17,-1,17,16,18,-1,17,18,19,-1,19,18,20,-1,19,20,14,-1,14,20,21,-1,14,21,13,-1,22,23,17,-1,5,7,3,-1,3,7,24,-1,3,24,4,-1,4,24,25,-1,4,25,26,-1,26,27,4,-1,4,27,28,-1,4,28,29,-1,23,30,17,-1,17,30,31,-1,17,31,15,-1,29,32,4,-1,4,32,33,-1,4,33,17,-1,17,33,34,-1,17,34,22,-1,17,19,35,-1,35,19,36,-1,35,36,37,-1,
        ]
    }
}
Shape{
    appearance Appearance {
        material  Material 	{
            diffuseColor 0.5019607843137255 0.5019607843137255 0.5019607843137255
            specularColor 0.25098039215686274 0.25098039215686274 0.25098039215686274
            ambientIntensity 0.502
            transparency 0.0
            shininess 0.5
        }
    }
    geometry IndexedFaceSet {
        ccw TRUE
        solid FALSE
        coord DEF co Coordinate {
            point [
                -0.5453 -1.1989 1.378, -0.5454 -1.1989 0.6024, 0.5453 -1.1989 1.378, 0.5454 -1.1989 0.6024
            ]
        }
        coordIndex [
            0,1,2,-1,2,1,3,-1,
        ]
    }
}
Shape{
    appearance Appearance {
        material  Material 	{
            diffuseColor 0.25098039215686274 0.25098039215686274 0.25098039215686274
            specularColor 0.12549019607843137 0.12549019607843137 0.12549019607843137
            ambientIntensity 0.251
            transparency 0.0
            shininess 0.5
        }
    }
    geometry IndexedFaceSet {
        ccw TRUE
        solid FALSE
        coord DEF co Coordinate {
            point [
                -0.9355 -0.6288 0.6024, -1.0908 -0.7591 0.6024, -0.9355 -0.6288 0.6811, -1.0908 -0.7591 0.7598, -0.9392 -0.632 0.7598, -1.1414 -0.6988 0.7598, -1.1414 -0.6988 0.878, -1.1256 -0.6855 0.7598, -0.9303 -0.5217 0.878, -0.9303 -0.5217 0.7598, -0.8377 -1.0607 0.878, -0.6266 -0.8836 0.878, -0.6266 -0.8836 0.7598, -0.8109 -1.0382 0.7598, -0.8377 -1.0607 0.7598, -0.7214 -0.8676 0.7598, -0.7221 -0.8754 0.7598, -0.7368 -0.8732 0.7598, -0.7249 -0.8838 0.7598, -1.0934 -0.7356 0.7598, -0.9632 -0.6264 0.7598, -0.9545 -0.6208 0.7598, -0.8574 -1.0002 0.7598, -0.8883 -1.0004 0.7598, -0.7354 -0.8978 0.7598, -0.7294 -0.8914 0.7598, -0.9447 -0.6178 0.7598, -0.9345 -0.6173 0.7598, -0.9244 -0.6195 0.7598, -0.9153 -0.6243 0.7598, -0.9077 -0.6312 0.7598, -0.7306 -0.8423 0.7598, -0.7257 -0.8497 0.7598, -0.7226 -0.8579 0.7598, -0.7214 -0.8667 0.7598, -0.733 -0.8701 0.6811, -0.8883 -1.0004 0.6024, -0.733 -0.8701 0.6024, 0.6554 -1.1426 0.6024, 0.5454 -1.1989 0.6024, 0.7218 -1.1988 0.6024, -0.7218 1.2028 0.6024, -0.7599 1.0799 0.6024, -0.6557 1.1463 0.6024, -0.8574 1.0041 0.6024, -0.8883 1.0043 0.6024, -0.7354 0.9017 0.6024, -0.5458 1.2026 0.6024, 0.5458 1.2026 0.6024, 0.7218 1.2028 0.6024, 0.7237 -0.8811 0.6024, 0.7285 -0.8902 0.6024, 0.733 -0.8701 0.6024, 0.7354 -0.8978 0.6024, 0.8883 -1.0004 0.6024, 0.8574 -1.0002 0.6024, 0.7598 -1.0761 0.6024, -0.7214 -0.8676 0.6024, -0.7214 -0.8667 0.6024, -0.7632 0.8993 0.6024, -0.7585 0.8946 0.6024, -0.7294 0.8953 0.6024, -0.7531 0.8865 0.6024, -0.7249 0.8878 0.6024, -0.75 0.8774 0.6024, -0.7491 0.8677 0.6024, -0.7214 0.8716 0.6024, -0.7221 0.8794 0.6024, -0.9923 0.5885 0.6024, -1.0019 0.5901 0.6024, -1.0051 0.5645 0.6024, -1.0138 0.57 0.6024, 0.9447 0.6217 0.6024, 0.9545 0.6248 0.6024, 0.9355 0.6327 0.6024, 0.9632 0.6303 0.6024, 1.0908 0.7631 0.6024, 1.0934 0.7395 0.6024, 1.1811 0.6554 0.6024, 1.1417 0.6622 0.6024, 1.1811 -0.6515 0.6024, 1.1417 -0.6583 0.6024, 1.1414 -0.6988 0.6024, 1.1358 -0.6684 0.6024, 0.9861 -0.5685 0.6024, -0.7306 -0.8423 0.6024, -0.9077 -0.6312 0.6024, -0.9153 -0.6243 0.6024, -0.7294 -0.8914 0.6024, -0.7249 -0.8838 0.6024, -0.7221 -0.8754 0.6024, -0.7306 0.8463 0.6024, -0.7257 0.8536 0.6024, -0.7507 0.8582 0.6024, -0.7226 0.8619 0.6024, -0.7214 0.8706 0.6024, 0.7285 0.8942 0.6024, 0.7237 0.885 0.6024, 0.733 0.874 0.6024, 0.7215 0.875 0.6024, 0.722 0.8647 0.6024, 0.7251 -0.851 0.6024, 0.722 -0.8608 0.6024, 0.7215 -0.8711 0.6024, 1.0138 -0.566 0.6024, 1.0065 -0.5612 0.6024, 0.9982 -0.5581 0.6024, -0.7226 -0.8579 0.6024, -0.7257 -0.8497 0.6024, -0.9244 -0.6195 0.6024, -0.9345 -0.6173 0.6024, -0.9447 -0.6178 0.6024, -0.5454 -1.1989 0.6024, -0.6554 -1.1426 0.6024, -0.7218 -1.1988 0.6024, -0.7598 -1.0761 0.6024, -0.8574 -1.0002 0.6024, -0.7354 -0.8978 0.6024, -0.9545 -0.6208 0.6024, -0.9632 -0.6264 0.6024, -1.0934 -0.7356 0.6024, -1.1811 -0.6515 0.6024, -1.1417 -0.6583 0.6024, -1.1811 0.6554 0.6024, -1.1417 0.6622 0.6024, -1.1414 0.7027 0.6024, -1.1358 0.6724 0.6024, -1.0162 0.5977 0.6024, -1.0108 0.5939 0.6024, 0.9153 0.6282 0.6024, 0.9244 0.6235 0.6024, 0.9345 0.6212 0.6024, 0.6504 1.1494 0.6024, 0.765 1.0764 0.6024, 0.8883 1.0043 0.6024, 0.8574 1.0041 0.6024, 0.7354 0.9017 0.6024, 0.9895 -0.5568 0.6024, 0.9807 -0.5576 0.6024, 0.9723 -0.5603 0.6024, 0.9647 -0.5648 0.6024, 0.9583 -0.5709 0.6024, 0.7306 -0.8423 0.6024, -0.7545 0.8493 0.6024, -0.7583 0.8438 0.6024, -0.9583 0.5748 0.6024, 0.7251 0.8549 0.6024, 0.7306 0.8463 0.6024, 0.9077 0.6352 0.6024, -0.9953 0.5614 0.6024, -0.9851 0.5609 0.6024, -0.9827 0.5894 0.6024, -0.975 0.5631 0.6024, -0.9735 0.5926 0.6024, -0.9659 0.5679 0.6024, -0.9654 0.5979 0.6024, -0.9608 0.6026 0.6024
            ]
        }
        coordIndex [
            0,1,2,-1,2,1,3,-1,2,3,4,-1,5,6,7,-1,7,6,8,-1,7,8,9,-1,10,11,6,-1,6,11,8,-1,12,11,13,-1,13,11,10,-1,13,10,14,-1,15,16,17,-1,17,16,18,-1,5,7,3,-1,3,7,19,-1,3,19,4,-1,4,19,20,-1,4,20,21,-1,13,14,22,-1,22,14,23,-1,22,23,24,-1,24,23,17,-1,24,17,25,-1,25,17,18,-1,21,26,4,-1,4,26,27,-1,4,27,28,-1,28,29,4,-1,4,29,30,-1,4,30,17,-1,17,30,31,-1,17,31,32,-1,32,33,17,-1,17,33,34,-1,17,34,15,-1,17,23,35,-1,35,23,36,-1,35,36,37,-1,38,39,40,-1,41,42,43,-1,42,41,44,-1,44,41,45,-1,44,45,46,-1,43,47,41,-1,41,47,48,-1,41,48,49,-1,50,51,52,-1,52,51,53,-1,52,53,54,-1,54,53,55,-1,54,55,40,-1,40,55,56,-1,40,56,38,-1,37,57,58,-1,45,59,46,-1,46,59,60,-1,46,60,61,-1,61,60,62,-1,61,62,63,-1,63,62,64,-1,65,66,64,-1,64,66,67,-1,64,67,63,-1,68,69,70,-1,70,69,71,-1,72,73,74,-1,74,73,75,-1,74,75,76,-1,76,75,77,-1,76,77,78,-1,78,77,79,-1,78,79,80,-1,80,79,81,-1,80,81,82,-1,82,81,83,-1,82,83,84,-1,37,85,0,-1,0,85,86,-1,0,86,87,-1,88,89,37,-1,37,89,90,-1,37,90,57,-1,91,92,93,-1,93,92,94,-1,93,94,65,-1,65,94,95,-1,65,95,66,-1,96,97,98,-1,98,97,99,-1,98,99,100,-1,101,102,52,-1,52,102,103,-1,52,103,50,-1,83,104,84,-1,84,104,105,-1,84,105,106,-1,58,107,37,-1,37,107,108,-1,37,108,85,-1,87,109,0,-1,0,109,110,-1,0,110,111,-1,112,113,114,-1,114,113,115,-1,114,115,36,-1,36,115,116,-1,36,116,37,-1,37,116,117,-1,37,117,88,-1,111,118,0,-1,0,118,119,-1,0,119,1,-1,1,119,120,-1,1,120,121,-1,121,120,122,-1,121,122,123,-1,123,122,124,-1,123,124,125,-1,125,124,126,-1,125,126,127,-1,127,126,71,-1,127,71,128,-1,128,71,69,-1,129,130,74,-1,74,130,131,-1,74,131,72,-1,48,132,49,-1,49,132,133,-1,49,133,134,-1,134,133,135,-1,134,135,98,-1,98,135,136,-1,98,136,96,-1,106,137,84,-1,84,137,138,-1,84,138,139,-1,139,140,84,-1,84,140,141,-1,84,141,52,-1,52,141,142,-1,52,142,101,-1,93,143,91,-1,91,143,144,-1,91,144,145,-1,100,146,98,-1,98,146,147,-1,98,147,74,-1,74,147,148,-1,74,148,129,-1,70,149,68,-1,68,149,150,-1,68,150,151,-1,151,150,152,-1,151,152,153,-1,153,152,154,-1,153,154,155,-1,155,154,145,-1,155,145,156,-1,156,145,144,-1,
        ]
    }
}
Shape{
    appearance Appearance {
        material  Material 	{
            diffuseColor 0.7529411764705882 0.7529411764705882 0.7529411764705882
            specularColor 0.3764705882352941 0.3764705882352941 0.3764705882352941
            ambientIntensity 0.7529
            transparency 0.0
            shininess 0.5
        }
    }
    geometry IndexedFaceSet {
        ccw TRUE
        solid FALSE
        coord DEF co Coordinate {
            point [
                -1.2661 0.2776 0.0552, -1.2661 -0.2736 0.0552, -1.3782 0.2776 0.3923, -1.3782 -0.2736 0.3923, -1.3035 0.2776 0.4172, -1.3035 -0.2736 0.4172, -1.1914 0.2776 0.0801, -1.1914 -0.2736 0.0801, -1.1912 0.2776 0.0796, -1.1912 -0.2736 0.0796, -1.1909 0.2776 0.0793, -1.1909 -0.2736 0.0793, -1.1905 0.2776 0.079, -1.1905 -0.2736 0.079, -1.19 0.2776 0.0788, -1.19 -0.2736 0.0788, -1.1895 0.2776 0.0787, -1.1895 -0.2736 0.0787, -1.1811 -0.2736 0.0787, -1.1811 0.2776 0.0787, -1.1895 0.2776 0.0, -1.1895 -0.2736 0.0, -1.2095 -0.2736 0.0025, -1.2095 0.2776 0.0025, -1.2282 -0.2736 0.0099, -1.2282 0.2776 0.0099, -1.2445 -0.2736 0.0216, -1.2445 0.2776 0.0216, -1.2574 -0.2736 0.0371, -1.2574 0.2776 0.0371, 1.1895 -0.2736 0.0, 1.1895 0.2776 0.0, 1.2095 0.2776 0.0025, 1.2095 -0.2736 0.0025, 1.2282 0.2776 0.0099, 1.2282 -0.2736 0.0099, 1.2445 0.2776 0.0216, 1.2445 -0.2736 0.0216, 1.2574 0.2776 0.0371, 1.2574 -0.2736 0.0371, 1.2661 0.2776 0.0552, 1.2661 -0.2736 0.0552, -0.7087 -0.2736 0.0, -0.7087 0.2776 0.0, -0.7087 -0.2736 0.0079, -1.1811 -0.2736 0.0079, -0.7087 0.2776 0.0079, -1.1811 0.2776 0.0079, 0.7087 0.2776 0.0, 0.7087 -0.2736 0.0, 0.7087 -0.2736 0.0079, 1.1811 -0.2736 0.0079, 1.1811 -0.2736 0.0787, 1.1895 -0.2736 0.0787, 1.19 -0.2736 0.0788, 1.1905 -0.2736 0.079, 1.1909 -0.2736 0.0793, 1.1912 -0.2736 0.0796, 1.1914 -0.2736 0.0801, 1.3035 -0.2736 0.4172, 1.3782 -0.2736 0.3923, 0.7087 0.2776 0.0079, 1.1811 0.2776 0.0079, 1.3035 0.2776 0.4172, 1.3782 0.2776 0.3923, 1.1914 0.2776 0.0801, 1.1912 0.2776 0.0796, 1.1909 0.2776 0.0793, 1.1905 0.2776 0.079, 1.19 0.2776 0.0788, 1.1895 0.2776 0.0787, 1.1811 0.2776 0.0787
            ]
        }
        coordIndex [
            0,1,2,-1,2,1,3,-1,2,3,4,-1,4,3,5,-1,4,5,6,-1,6,5,7,-1,6,7,8,-1,8,7,9,-1,8,9,10,-1,10,9,11,-1,10,11,12,-1,12,11,13,-1,12,13,14,-1,14,13,15,-1,14,15,16,-1,16,15,17,-1,17,18,16,-1,16,18,19,-1,20,21,22,-1,20,22,23,-1,23,22,24,-1,23,24,25,-1,25,24,26,-1,25,26,27,-1,27,26,28,-1,27,28,29,-1,29,28,1,-1,29,1,0,-1,30,31,32,-1,30,32,33,-1,33,32,34,-1,33,34,35,-1,35,34,36,-1,35,36,37,-1,37,36,38,-1,37,38,39,-1,39,38,40,-1,39,40,41,-1,42,21,43,-1,43,21,20,-1,42,44,21,-1,21,44,45,-1,5,3,7,-1,7,3,1,-1,7,1,9,-1,9,1,28,-1,9,28,11,-1,11,28,26,-1,11,26,13,-1,13,26,24,-1,13,24,15,-1,15,24,22,-1,15,22,17,-1,17,22,21,-1,17,21,18,-1,18,21,45,-1,46,43,47,-1,47,43,20,-1,19,47,16,-1,16,47,20,-1,16,20,14,-1,14,20,23,-1,14,23,12,-1,12,23,25,-1,12,25,10,-1,10,25,27,-1,10,27,8,-1,8,27,29,-1,8,29,6,-1,6,29,0,-1,6,0,4,-1,4,0,2,-1,48,31,49,-1,49,31,30,-1,50,49,51,-1,51,49,30,-1,52,51,53,-1,53,51,30,-1,53,30,54,-1,54,30,33,-1,54,33,55,-1,55,33,35,-1,55,35,56,-1,56,35,37,-1,56,37,57,-1,57,37,39,-1,57,39,58,-1,58,39,41,-1,58,41,59,-1,59,41,60,-1,48,61,31,-1,31,61,62,-1,63,64,65,-1,65,64,40,-1,65,40,66,-1,66,40,38,-1,66,38,67,-1,67,38,36,-1,67,36,68,-1,68,36,34,-1,68,34,69,-1,69,34,32,-1,69,32,70,-1,70,32,31,-1,70,31,71,-1,71,31,62,-1,
        ]
    }
}
Shape{
    appearance Appearance {
        material  Material 	{
            diffuseColor 0.25098039215686274 0.25098039215686274 0.25098039215686274
            specularColor 0.12549019607843137 0.12549019607843137 0.12549019607843137
            ambientIntensity 0.251
            transparency 0.0
            shininess 0.5
        }
    }
    geometry IndexedFaceSet {
        ccw TRUE
        solid FALSE
        coord DEF co Coordinate {
            point [
                -0.8883 -1.0004 0.7598, -0.8377 -1.0607 0.7598, -0.8377 -1.0607 0.878, -0.7218 -1.1988 0.0079, -0.7218 -1.1988 0.6024, -1.1811 -0.6515 0.0079, -0.8883 -1.0004 0.6024, -1.1414 -0.6988 0.878, -1.1414 -0.6988 0.7598, -1.0908 -0.7591 0.7598, -1.1811 -0.6515 0.6024, -1.0908 -0.7591 0.6024, 1.1414 -0.6988 0.7598, 1.192 -0.6385 0.7598, 1.192 -0.6385 0.878, 1.1811 -0.6515 0.0079, 1.1811 -0.6515 0.6024, 0.7218 -1.1988 0.0079, 1.1414 -0.6988 0.6024, 0.8377 -1.0607 0.878, 0.8377 -1.0607 0.7598, 0.8883 -1.0004 0.7598, 0.7218 -1.1988 0.6024, 0.8883 -1.0004 0.6024, 0.8883 1.0043 0.7598, 0.8377 1.0646 0.7598, 0.8377 1.0646 0.878, 1.0908 0.7631 0.6024, 1.1811 0.6554 0.6024, 1.1811 0.6554 0.0079, 1.1414 0.7027 0.878, 1.1414 0.7027 0.7598, 1.0908 0.7631 0.7598, 0.7218 1.2028 0.0079, 0.7218 1.2028 0.6024, 0.8883 1.0043 0.6024, -0.7218 1.2028 0.6024, -0.7218 1.2028 0.0079, -0.8883 1.0043 0.6024, -1.1414 0.7027 0.7598, -1.192 0.6424 0.7598, -1.192 0.6424 0.878, -0.8377 1.0646 0.878, -0.8377 1.0646 0.7598, -0.8883 1.0043 0.7598, -1.1811 0.6554 0.0079, -1.1811 0.6554 0.6024, -1.1414 0.7027 0.6024, 1.1811 0.2776 0.0079, 1.1811 0.2776 0.0787, 1.1811 -0.2736 0.0787, 1.1811 -0.2736 0.0079, -1.1811 -0.2736 0.0079, -1.1811 -0.2736 0.0787, -1.1811 0.2776 0.0787, -1.1811 0.2776 0.0079
            ]
        }
        coordIndex [
            0,1,2,-1,3,4,5,-1,5,4,6,-1,7,8,9,-1,10,5,11,-1,11,5,6,-1,11,6,9,-1,9,6,0,-1,9,0,7,-1,7,0,2,-1,12,13,14,-1,15,16,17,-1,17,16,18,-1,19,20,21,-1,22,17,23,-1,23,17,18,-1,23,18,21,-1,21,18,12,-1,21,12,19,-1,19,12,14,-1,24,25,26,-1,27,28,29,-1,30,31,32,-1,33,34,35,-1,26,30,24,-1,24,30,32,-1,24,32,35,-1,35,32,27,-1,35,27,33,-1,33,27,29,-1,36,34,37,-1,37,34,33,-1,38,36,37,-1,39,40,41,-1,42,43,44,-1,45,46,47,-1,41,42,39,-1,39,42,44,-1,39,44,47,-1,47,44,38,-1,47,38,45,-1,45,38,37,-1,48,29,49,-1,49,29,28,-1,49,28,50,-1,50,28,16,-1,50,16,51,-1,51,16,15,-1,52,5,53,-1,53,5,10,-1,53,10,54,-1,54,10,46,-1,54,46,55,-1,55,46,45,-1,
        ]
    }
}
Shape{
    appearance Appearance {
        material  Material 	{
            diffuseColor 1.0 1.0 1.0
            specularColor 0.5019607843137255 0.5019607843137255 0.5019607843137255
            ambientIntensity 1.0
            transparency 0.0
            shininess 0.5
        }
    }
    geometry IndexedFaceSet {
        ccw TRUE
        solid FALSE
        coord DEF co Coordinate {
            point [
                0.0569 -1.2028 0.3561, 0.0569 -1.2028 0.344, 0.0569 -1.1988 0.3561, 0.0569 -1.1988 0.344, 0.0144 -1.2028 0.3561, 0.0144 -1.1988 0.3561, 0.0144 -1.2028 0.4507, 0.0144 -1.1988 0.4507, 0.0006 -1.2028 0.4507, 0.0006 -1.1988 0.4507, 0.0006 -1.2028 0.344, 0.0006 -1.1988 0.344, 0.1279 -1.2028 0.3437, 0.1116 -1.2028 0.3422, 0.1116 -1.1988 0.3422, 0.121 -1.1988 0.3431, 0.1279 -1.1988 0.3437, 0.1393 -1.2028 0.3475, 0.1366 -1.1988 0.3466, 0.1393 -1.1988 0.3475, 0.1412 -1.1988 0.3484, 0.1412 -1.2028 0.3484, 0.1412 -1.2028 0.3616, 0.1412 -1.1988 0.3616, 0.1366 -1.1988 0.3595, 0.1307 -1.2028 0.3569, 0.1307 -1.1988 0.3569, 0.1187 -1.1988 0.3546, 0.1187 -1.2028 0.3546, 0.1136 -1.1988 0.3544, 0.1136 -1.2028 0.3544, 0.1028 -1.1988 0.3558, 0.1028 -1.2028 0.3558, 0.0952 -1.1988 0.3587, 0.0952 -1.2028 0.3587, 0.0882 -1.1988 0.3636, 0.0882 -1.2028 0.3636, 0.0862 -1.1988 0.3657, 0.0862 -1.2028 0.3657, 0.081 -1.1988 0.3729, 0.081 -1.2028 0.3729, 0.0775 -1.1988 0.3815, 0.0775 -1.2028 0.3815, 0.0758 -1.1988 0.3922, 0.0758 -1.2028 0.3922, 0.0757 -1.1988 0.3961, 0.0757 -1.2028 0.3961, 0.0772 -1.1988 0.4096, 0.0772 -1.2028 0.4096, 0.0806 -1.1988 0.4191, 0.0806 -1.2028 0.4191, 0.0856 -1.1988 0.4267, 0.0856 -1.2028 0.4267, 0.0869 -1.1988 0.4282, 0.0869 -1.2028 0.4282, 0.0942 -1.1988 0.4342, 0.0942 -1.2028 0.4342, 0.1026 -1.1988 0.4381, 0.1026 -1.2028 0.4381, 0.1119 -1.1988 0.4399, 0.1119 -1.2028 0.4399, 0.116 -1.1988 0.4401, 0.116 -1.2028 0.4401, 0.1292 -1.1988 0.4385, 0.1366 -1.1988 0.4357, 0.14 -1.2028 0.4344, 0.1292 -1.2028 0.4385, 0.14 -1.1988 0.4344, 0.1412 -1.1988 0.4337, 0.1412 -1.2028 0.4337, 0.1412 -1.2028 0.4482, 0.1412 -1.1988 0.4482, 0.1159 -1.1988 0.4525, 0.1159 -1.2028 0.4525, 0.1162 -1.2028 0.4525, 0.1366 -1.1988 0.4495, 0.1301 -1.2028 0.4514, 0.1301 -1.1988 0.4514, 0.1272 -1.1988 0.4516, 0.1162 -1.1988 0.4525, 0.1085 -1.1988 0.4516, 0.1003 -1.2028 0.4506, 0.1003 -1.1988 0.4506, 0.0891 -1.1988 0.4462, 0.0891 -1.2028 0.4462, 0.0792 -1.1988 0.4392, 0.0792 -1.2028 0.4392, 0.0767 -1.1988 0.4368, 0.0767 -1.2028 0.4368, 0.0689 -1.1988 0.4267, 0.066 -1.1988 0.4199, 0.0638 -1.2028 0.4148, 0.0689 -1.2028 0.4267, 0.0638 -1.1988 0.4148, 0.0614 -1.1988 0.4009, 0.0614 -1.2028 0.4009, 0.0612 -1.1988 0.3953, 0.0612 -1.2028 0.3953, 0.063 -1.1988 0.3794, 0.066 -1.1988 0.371, 0.0671 -1.2028 0.3679, 0.063 -1.2028 0.3794, 0.0671 -1.1988 0.3679, 0.0733 -1.1988 0.3586, 0.0733 -1.2028 0.3586, 0.0749 -1.1988 0.3567, 0.0749 -1.2028 0.3567, 0.0936 -1.1988 0.3448, 0.0835 -1.2028 0.3496, 0.0835 -1.1988 0.3496, 0.1023 -1.1988 0.3431, 0.1052 -1.2028 0.3425, 0.0936 -1.2028 0.3448, 0.1052 -1.1988 0.3425, 0.22 -1.2028 0.3561, 0.22 -1.2028 0.344, 0.22 -1.1988 0.3561, 0.22 -1.1988 0.344, 0.1763 -1.1988 0.3561, 0.1763 -1.2028 0.3561, 0.2052 -1.1988 0.3561, 0.1763 -1.2028 0.392, 0.1763 -1.1988 0.392, 0.2145 -1.2028 0.392, 0.2052 -1.1988 0.392, 0.2145 -1.1988 0.392, 0.2145 -1.2028 0.4043, 0.2145 -1.1988 0.4043, 0.1763 -1.1988 0.4043, 0.1763 -1.2028 0.4043, 0.2052 -1.1988 0.4043, 0.1763 -1.2028 0.4384, 0.1763 -1.1988 0.4384, 0.2175 -1.1988 0.4384, 0.2175 -1.2028 0.4384, 0.2052 -1.1988 0.4384, 0.2175 -1.2028 0.4507, 0.2175 -1.1988 0.4507, 0.1625 -1.1988 0.4507, 0.1625 -1.2028 0.4507, 0.2052 -1.1988 0.4507, 0.1625 -1.2028 0.344, 0.1625 -1.1988 0.344, 0.2052 -1.1988 0.344, 0.3065 -1.2028 0.3739, 0.3011 -1.2028 0.3673, 0.3109 -1.2028 0.3589, 0.2992 -1.2028 0.3655, 0.3 -1.2028 0.351, 0.2921 -1.2028 0.3608, 0.2878 -1.2028 0.3462, 0.283 -1.2028 0.3576, 0.2695 -1.2028 0.344, 0.2694 -1.2028 0.3561, 0.2401 -1.2028 0.344, 0.2539 -1.2028 0.3561, 0.2401 -1.2028 0.4507, 0.2539 -1.2028 0.4384, 0.2706 -1.2028 0.4507, 0.27 -1.2028 0.4384, 0.2869 -1.2028 0.4489, 0.2838 -1.2028 0.4369, 0.2998 -1.2028 0.4442, 0.293 -1.2028 0.4336, 0.3109 -1.2028 0.4366, 0.3008 -1.2028 0.4284, 0.3146 -1.2028 0.433, 0.3044 -1.2028 0.4248, 0.3212 -1.2028 0.4237, 0.3084 -1.2028 0.4187, 0.3252 -1.2028 0.4136, 0.3112 -1.2028 0.4106, 0.327 -1.2028 0.3987, 0.3126 -1.2028 0.3983, 0.3267 -1.2028 0.3919, 0.3122 -1.2028 0.3916, 0.3241 -1.2028 0.3794, 0.3101 -1.2028 0.3818, 0.3189 -1.2028 0.3684, 0.2695 -1.1988 0.344, 0.2401 -1.1988 0.344, 0.2878 -1.1988 0.3462, 0.3 -1.1988 0.351, 0.3109 -1.1988 0.3589, 0.3189 -1.1988 0.3684, 0.3241 -1.1988 0.3794, 0.3267 -1.1988 0.3919, 0.327 -1.1988 0.3987, 0.3252 -1.1988 0.4136, 0.3212 -1.1988 0.4237, 0.3146 -1.1988 0.433, 0.3109 -1.1988 0.4366, 0.2998 -1.1988 0.4442, 0.2869 -1.1988 0.4489, 0.2706 -1.1988 0.4507, 0.2401 -1.1988 0.4507, 0.27 -1.1988 0.4384, 0.2539 -1.1988 0.4384, 0.2539 -1.1988 0.3561, 0.2694 -1.1988 0.3561, 0.3011 -1.1988 0.3673, 0.2992 -1.1988 0.3655, 0.2921 -1.1988 0.3608, 0.283 -1.1988 0.3576, 0.3126 -1.1988 0.3983, 0.3122 -1.1988 0.3916, 0.3101 -1.1988 0.3818, 0.3065 -1.1988 0.3739, 0.3008 -1.1988 0.4284, 0.3044 -1.1988 0.4248, 0.3084 -1.1988 0.4187, 0.3112 -1.1988 0.4106, 0.2838 -1.1988 0.4369, 0.293 -1.1988 0.4336
            ]
        }
        coordIndex [
            0,1,2,-1,2,1,3,-1,4,0,5,-1,5,0,2,-1,6,4,7,-1,7,4,5,-1,8,6,9,-1,9,6,7,-1,10,8,11,-1,11,8,9,-1,1,10,3,-1,3,10,11,-1,6,8,4,-1,4,8,10,-1,4,10,0,-1,0,10,1,-1,12,13,14,-1,14,15,12,-1,12,15,16,-1,12,16,17,-1,17,16,18,-1,18,19,17,-1,17,19,20,-1,17,20,21,-1,22,21,23,-1,23,21,20,-1,22,23,24,-1,22,24,25,-1,24,26,25,-1,25,26,27,-1,25,27,28,-1,28,27,29,-1,28,29,30,-1,30,29,31,-1,30,31,32,-1,32,31,33,-1,32,33,34,-1,34,33,35,-1,34,35,36,-1,36,35,37,-1,36,37,38,-1,38,37,39,-1,38,39,40,-1,40,39,41,-1,40,41,42,-1,42,41,43,-1,42,43,44,-1,44,43,45,-1,44,45,46,-1,46,45,47,-1,46,47,48,-1,48,47,49,-1,48,49,50,-1,50,49,51,-1,50,51,52,-1,52,51,53,-1,52,53,54,-1,54,53,55,-1,54,55,56,-1,56,55,57,-1,56,57,58,-1,58,57,59,-1,58,59,60,-1,60,59,61,-1,60,61,62,-1,62,61,63,-1,64,65,63,-1,63,65,66,-1,63,66,62,-1,64,67,65,-1,65,67,68,-1,65,68,69,-1,70,69,71,-1,71,69,68,-1,72,73,74,-1,70,71,75,-1,70,75,76,-1,75,77,76,-1,76,77,78,-1,76,78,74,-1,74,78,79,-1,74,79,72,-1,73,72,80,-1,73,80,81,-1,80,82,81,-1,81,82,83,-1,81,83,84,-1,84,83,85,-1,84,85,86,-1,86,85,87,-1,86,87,88,-1,88,87,89,-1,90,91,89,-1,89,91,92,-1,89,92,88,-1,90,93,91,-1,91,93,94,-1,91,94,95,-1,95,94,96,-1,95,96,97,-1,97,96,98,-1,99,100,98,-1,98,100,101,-1,98,101,97,-1,99,102,100,-1,100,102,103,-1,100,103,104,-1,104,103,105,-1,104,105,106,-1,107,108,109,-1,109,108,106,-1,109,106,105,-1,110,111,107,-1,107,111,112,-1,107,112,108,-1,110,113,111,-1,111,113,14,-1,111,14,13,-1,65,69,70,-1,48,50,92,-1,65,70,66,-1,66,70,76,-1,66,76,62,-1,62,76,74,-1,62,74,60,-1,60,74,73,-1,60,73,58,-1,58,73,81,-1,58,81,56,-1,21,22,17,-1,17,22,25,-1,17,25,12,-1,12,25,28,-1,12,28,13,-1,13,28,30,-1,13,30,111,-1,111,30,32,-1,111,32,112,-1,112,32,34,-1,112,34,108,-1,108,34,36,-1,108,36,106,-1,106,36,38,-1,106,38,104,-1,104,38,40,-1,104,40,100,-1,92,50,88,-1,81,84,56,-1,56,84,86,-1,56,86,54,-1,54,86,88,-1,54,88,52,-1,52,88,50,-1,97,46,95,-1,95,46,48,-1,95,48,91,-1,91,48,92,-1,100,40,101,-1,101,40,42,-1,101,42,97,-1,97,42,44,-1,97,44,46,-1,114,115,116,-1,116,115,117,-1,118,119,120,-1,120,119,114,-1,120,114,116,-1,121,119,122,-1,122,119,118,-1,121,122,123,-1,123,122,124,-1,123,124,125,-1,126,123,127,-1,127,123,125,-1,128,129,130,-1,130,129,126,-1,130,126,127,-1,131,129,132,-1,132,129,128,-1,133,134,135,-1,135,134,131,-1,135,131,132,-1,136,134,137,-1,137,134,133,-1,138,139,140,-1,140,139,136,-1,140,136,137,-1,141,139,142,-1,142,139,138,-1,117,115,143,-1,143,115,141,-1,143,141,142,-1,141,115,114,-1,114,119,141,-1,141,119,121,-1,141,121,139,-1,134,136,131,-1,131,136,139,-1,131,139,129,-1,129,139,121,-1,129,121,126,-1,126,121,123,-1,144,145,146,-1,146,145,147,-1,146,147,148,-1,148,147,149,-1,148,149,150,-1,150,149,151,-1,150,151,152,-1,152,151,153,-1,152,153,154,-1,154,153,155,-1,154,155,156,-1,156,155,157,-1,156,157,158,-1,158,157,159,-1,158,159,160,-1,160,159,161,-1,160,161,162,-1,162,161,163,-1,162,163,164,-1,164,163,165,-1,164,165,166,-1,166,165,167,-1,166,167,168,-1,168,167,169,-1,168,169,170,-1,170,169,171,-1,170,171,172,-1,172,171,173,-1,172,173,174,-1,174,173,175,-1,174,175,176,-1,176,175,177,-1,176,177,178,-1,178,177,144,-1,178,144,146,-1,152,154,179,-1,179,154,180,-1,152,179,181,-1,152,181,150,-1,150,181,182,-1,150,182,148,-1,148,182,183,-1,148,183,146,-1,146,183,184,-1,146,184,178,-1,178,184,185,-1,178,185,176,-1,176,185,186,-1,176,186,174,-1,174,186,187,-1,174,187,172,-1,172,187,188,-1,172,188,170,-1,170,188,189,-1,170,189,168,-1,168,189,190,-1,168,190,166,-1,166,190,191,-1,166,191,164,-1,164,191,192,-1,164,192,162,-1,162,192,193,-1,162,193,160,-1,160,193,194,-1,160,194,158,-1,156,158,195,-1,195,158,194,-1,154,156,180,-1,180,156,195,-1,159,157,196,-1,196,157,197,-1,157,155,197,-1,197,155,198,-1,155,153,198,-1,198,153,199,-1,145,200,201,-1,145,201,147,-1,147,201,202,-1,147,202,149,-1,149,202,203,-1,149,203,151,-1,151,203,199,-1,151,199,153,-1,173,204,205,-1,173,205,175,-1,175,205,206,-1,175,206,177,-1,177,206,207,-1,177,207,144,-1,144,207,200,-1,144,200,145,-1,165,208,209,-1,165,209,167,-1,167,209,210,-1,167,210,169,-1,169,210,211,-1,169,211,171,-1,171,211,204,-1,171,204,173,-1,159,196,212,-1,159,212,161,-1,161,212,213,-1,161,213,163,-1,163,213,208,-1,163,208,165,-1,
        ]
    }
}
Shape{
    appearance Appearance {
        material  Material 	{
            diffuseColor 0.25098039215686274 0.25098039215686274 0.25098039215686274
            specularColor 0.12549019607843137 0.12549019607843137 0.12549019607843137
            ambientIntensity 0.251
            transparency 0.0
            shininess 0.5
        }
    }
    geometry IndexedFaceSet {
        ccw TRUE
        solid FALSE
        coord DEF co Coordinate {
            point [
                0.2539 -1.1988 0.4384, 0.2539 -1.1988 0.3561, 0.27 -1.1988 0.4384, 0.2694 -1.1988 0.3561, 0.283 -1.1988 0.3576, 0.2921 -1.1988 0.3608, 0.2992 -1.1988 0.3655, 0.3011 -1.1988 0.3673, 0.3065 -1.1988 0.3739, 0.3101 -1.1988 0.3818, 0.3122 -1.1988 0.3916, 0.3126 -1.1988 0.3983, 0.3112 -1.1988 0.4106, 0.3084 -1.1988 0.4187, 0.3044 -1.1988 0.4248, 0.3008 -1.1988 0.4284, 0.2838 -1.1988 0.4369, 0.293 -1.1988 0.4336
            ]
        }
        coordIndex [
            0,1,2,-1,2,1,3,-1,2,3,4,-1,4,5,2,-1,2,5,6,-1,2,6,7,-1,7,8,2,-1,2,8,9,-1,2,9,10,-1,10,11,2,-1,2,11,12,-1,2,12,13,-1,13,14,2,-1,2,14,15,-1,2,15,16,-1,16,15,17,-1,
        ]
    }
}
Shape{
    appearance Appearance {
        material  Material 	{
            diffuseColor 1.0 1.0 1.0
            specularColor 0.5019607843137255 0.5019607843137255 0.5019607843137255
            ambientIntensity 1.0
            transparency 0.0
            shininess 0.5
        }
    }
    geometry IndexedFaceSet {
        ccw TRUE
        solid FALSE
        coord DEF co Coordinate {
            point [
                0.3628 -1.2028 0.3852, 0.3585 -1.2028 0.3732, 0.3987 -1.2028 0.3852, 0.4029 -1.2028 0.3732, 0.3788 -1.2028 0.4296, 0.3736 -1.2028 0.4507, 0.333 -1.2028 0.344, 0.3482 -1.2028 0.344, 0.3797 -1.2028 0.4328, 0.3805 -1.2028 0.4371, 0.3884 -1.2028 0.4507, 0.3809 -1.2028 0.4371, 0.3817 -1.2028 0.4326, 0.3825 -1.2028 0.4296, 0.429 -1.2028 0.344, 0.4138 -1.2028 0.344, 0.3884 -1.1988 0.4507, 0.429 -1.1988 0.344, 0.3736 -1.1988 0.4507, 0.333 -1.1988 0.344, 0.3637 -1.1988 0.4247, 0.3482 -1.1988 0.344, 0.3585 -1.1988 0.3732, 0.4029 -1.1988 0.3732, 0.3637 -1.1988 0.3732, 0.4138 -1.1988 0.344, 0.3628 -1.1988 0.3852, 0.3987 -1.1988 0.3852, 0.3825 -1.1988 0.4296, 0.3809 -1.1988 0.4371, 0.3817 -1.1988 0.4326, 0.3805 -1.1988 0.4371, 0.3788 -1.1988 0.4296, 0.3797 -1.1988 0.4328
            ]
        }
        coordIndex [
            0,1,2,-1,2,1,3,-1,4,5,0,-1,0,5,6,-1,0,6,1,-1,1,6,7,-1,4,8,5,-1,5,8,9,-1,5,9,10,-1,10,9,11,-1,10,11,12,-1,12,13,10,-1,10,13,2,-1,10,2,14,-1,14,2,3,-1,14,3,15,-1,10,14,16,-1,16,14,17,-1,5,10,18,-1,18,10,16,-1,19,6,20,-1,20,6,5,-1,20,5,18,-1,7,6,21,-1,21,6,19,-1,1,7,22,-1,22,7,21,-1,23,3,24,-1,24,3,1,-1,24,1,22,-1,15,3,25,-1,25,3,23,-1,14,15,17,-1,17,15,25,-1,0,2,26,-1,26,2,27,-1,2,13,27,-1,27,13,28,-1,11,29,30,-1,11,30,12,-1,12,30,28,-1,12,28,13,-1,11,9,29,-1,29,9,31,-1,4,32,33,-1,4,33,8,-1,8,33,31,-1,8,31,9,-1,4,0,32,-1,32,0,26,-1,
        ]
    }
}
Shape{
    appearance Appearance {
        material  Material 	{
            diffuseColor 0.25098039215686274 0.25098039215686274 0.25098039215686274
            specularColor 0.12549019607843137 0.12549019607843137 0.12549019607843137
            ambientIntensity 0.251
            transparency 0.0
            shininess 0.5
        }
    }
    geometry IndexedFaceSet {
        ccw TRUE
        solid FALSE
        coord DEF co Coordinate {
            point [
                0.3809 -1.1988 0.4371, 0.3805 -1.1988 0.4371, 0.3817 -1.1988 0.4326, 0.3797 -1.1988 0.4328, 0.3825 -1.1988 0.4296, 0.3788 -1.1988 0.4296, 0.3987 -1.1988 0.3852, 0.3628 -1.1988 0.3852
            ]
        }
        coordIndex [
            0,1,2,-1,2,1,3,-1,2,3,4,-1,4,3,5,-1,4,5,6,-1,6,5,7,-1,
        ]
    }
}
Shape{
    appearance Appearance {
        material  Material 	{
            diffuseColor 1.0 1.0 1.0
            specularColor 0.5019607843137255 0.5019607843137255 0.5019607843137255
            ambientIntensity 1.0
            transparency 0.0
            shininess 0.5
        }
    }
    geometry IndexedFaceSet {
        ccw TRUE
        solid FALSE
        coord DEF co Coordinate {
            point [
                0.058 -1.2028 0.1868, 0.058 -1.2028 0.1746, 0.058 -1.1988 0.1868, 0.058 -1.1988 0.1746, 0.0144 -1.2028 0.1868, 0.0144 -1.1988 0.1868, 0.0144 -1.2028 0.2227, 0.0144 -1.1988 0.2227, 0.0525 -1.2028 0.2227, 0.0525 -1.1988 0.2227, 0.0525 -1.2028 0.2349, 0.0525 -1.1988 0.2349, 0.0144 -1.2028 0.2349, 0.0144 -1.1988 0.2349, 0.0144 -1.2028 0.2691, 0.0144 -1.1988 0.2691, 0.0556 -1.2028 0.2691, 0.0556 -1.1988 0.2691, 0.0556 -1.2028 0.2814, 0.0556 -1.1988 0.2814, 0.0006 -1.2028 0.2814, 0.0006 -1.1988 0.2814, 0.0006 -1.2028 0.1746, 0.0006 -1.1988 0.1746, 0.1321 -1.2028 0.2237, 0.1187 -1.2028 0.2129, 0.1187 -1.2028 0.2055, 0.1183 -1.2028 0.1864, 0.1187 -1.2028 0.1864, 0.1179 -1.2028 0.1989, 0.1187 -1.2028 0.1746, 0.1321 -1.2028 0.1746, 0.0856 -1.2028 0.1906, 0.0754 -1.2028 0.1808, 0.0871 -1.2028 0.1883, 0.0773 -1.2028 0.1788, 0.0882 -1.2028 0.1872, 0.0814 -1.2028 0.1759, 0.0909 -1.2028 0.1854, 0.0865 -1.2028 0.1739, 0.0939 -1.2028 0.1843, 0.0927 -1.2028 0.1729, 0.0984 -1.2028 0.1838, 0.086 -1.2028 0.2174, 0.0897 -1.2028 0.2071, 0.0929 -1.2028 0.2086, 0.1159 -1.2028 0.1941, 0.113 -1.2028 0.19, 0.1152 -1.2028 0.1819, 0.1114 -1.2028 0.1885, 0.1109 -1.2028 0.1778, 0.1077 -1.2028 0.1859, 0.1077 -1.2028 0.1757, 0.1036 -1.2028 0.1844, 0.1024 -1.2028 0.1737, 0.095 -1.2028 0.1728, 0.0961 -1.2028 0.2199, 0.1008 -1.2028 0.2105, 0.1187 -1.2028 0.2231, 0.0782 -1.2028 0.2455, 0.0782 -1.2028 0.2325, 0.0809 -1.2028 0.247, 0.0875 -1.2028 0.2383, 0.0908 -1.2028 0.2509, 0.0959 -1.2028 0.241, 0.1045 -1.2028 0.2526, 0.1032 -1.2028 0.2417, 0.1124 -1.2028 0.2519, 0.1083 -1.2028 0.2411, 0.1181 -1.2028 0.2502, 0.1113 -1.2028 0.24, 0.1225 -1.2028 0.2477, 0.1136 -1.2028 0.2384, 0.1261 -1.2028 0.2443, 0.1155 -1.2028 0.2361, 0.1289 -1.2028 0.24, 0.117 -1.2028 0.2333, 0.131 -1.2028 0.234, 0.1183 -1.2028 0.2282, 0.0845 -1.2028 0.1982, 0.0708 -1.2028 0.1966, 0.0844 -1.2028 0.1961, 0.0708 -1.2028 0.195, 0.0847 -1.2028 0.193, 0.0714 -1.2028 0.1891, 0.073 -1.2028 0.1846, 0.0879 -1.2028 0.2058, 0.0803 -1.2028 0.2145, 0.0863 -1.2028 0.2038, 0.0762 -1.2028 0.2109, 0.0851 -1.2028 0.2013, 0.0735 -1.2028 0.2071, 0.0717 -1.2028 0.2024, 0.1045 -1.1988 0.2526, 0.0908 -1.1988 0.2509, 0.0809 -1.1988 0.247, 0.0782 -1.1988 0.2455, 0.0782 -1.1988 0.2325, 0.0875 -1.1988 0.2383, 0.0959 -1.1988 0.241, 0.1032 -1.1988 0.2417, 0.1083 -1.1988 0.2411, 0.1113 -1.1988 0.24, 0.1136 -1.1988 0.2384, 0.1155 -1.1988 0.2361, 0.117 -1.1988 0.2333, 0.1183 -1.1988 0.2282, 0.1187 -1.1988 0.2231, 0.0961 -1.1988 0.2199, 0.086 -1.1988 0.2174, 0.0803 -1.1988 0.2145, 0.0762 -1.1988 0.2109, 0.0735 -1.1988 0.2071, 0.0717 -1.1988 0.2024, 0.0708 -1.1988 0.1966, 0.0708 -1.1988 0.195, 0.0714 -1.1988 0.1891, 0.073 -1.1988 0.1846, 0.0754 -1.1988 0.1808, 0.0773 -1.1988 0.1788, 0.095 -1.1988 0.1728, 0.0814 -1.1988 0.1759, 0.0865 -1.1988 0.1739, 0.0875 -1.1988 0.1737, 0.0927 -1.1988 0.1729, 0.1024 -1.1988 0.1737, 0.1024 -1.1988 0.1737, 0.1077 -1.1988 0.1757, 0.1109 -1.1988 0.1778, 0.1152 -1.1988 0.1819, 0.1183 -1.1988 0.1864, 0.1187 -1.1988 0.1864, 0.1187 -1.1988 0.1746, 0.1321 -1.1988 0.1746, 0.1321 -1.1988 0.2237, 0.131 -1.1988 0.234, 0.1289 -1.1988 0.24, 0.1261 -1.1988 0.2443, 0.1225 -1.1988 0.2477, 0.1181 -1.1988 0.2502, 0.1124 -1.1988 0.2519, 0.0879 -1.1988 0.2058, 0.0897 -1.1988 0.2071, 0.0929 -1.1988 0.2086, 0.1008 -1.1988 0.2105, 0.0844 -1.1988 0.1961, 0.0845 -1.1988 0.1982, 0.0851 -1.1988 0.2013, 0.0863 -1.1988 0.2038, 0.0882 -1.1988 0.1872, 0.0871 -1.1988 0.1883, 0.0856 -1.1988 0.1906, 0.0847 -1.1988 0.193, 0.0984 -1.1988 0.1838, 0.0939 -1.1988 0.1843, 0.0909 -1.1988 0.1854, 0.113 -1.1988 0.19, 0.1114 -1.1988 0.1885, 0.1077 -1.1988 0.1859, 0.1036 -1.1988 0.1844, 0.1187 -1.1988 0.2055, 0.1179 -1.1988 0.1989, 0.1159 -1.1988 0.1941, 0.1187 -1.1988 0.2129
            ]
        }
        coordIndex [
            0,1,2,-1,2,1,3,-1,4,0,5,-1,5,0,2,-1,6,4,7,-1,7,4,5,-1,8,6,9,-1,9,6,7,-1,10,8,11,-1,11,8,9,-1,12,10,13,-1,13,10,11,-1,14,12,15,-1,15,12,13,-1,16,14,17,-1,17,14,15,-1,18,16,19,-1,19,16,17,-1,20,18,21,-1,21,18,19,-1,22,20,23,-1,23,20,21,-1,1,22,3,-1,3,22,23,-1,22,1,0,-1,0,4,22,-1,22,4,6,-1,22,6,20,-1,16,18,14,-1,14,18,20,-1,14,20,12,-1,12,20,6,-1,12,6,10,-1,10,6,8,-1,24,25,26,-1,27,28,29,-1,30,31,28,-1,28,31,24,-1,28,24,29,-1,29,24,26,-1,32,33,34,-1,34,33,35,-1,34,35,36,-1,36,35,37,-1,36,37,38,-1,38,37,39,-1,38,39,40,-1,40,39,41,-1,40,41,42,-1,43,44,45,-1,29,46,27,-1,27,46,47,-1,27,47,48,-1,48,47,49,-1,48,49,50,-1,50,49,51,-1,50,51,52,-1,52,51,53,-1,52,53,54,-1,54,53,42,-1,54,42,55,-1,55,42,41,-1,43,45,56,-1,56,45,57,-1,56,57,58,-1,59,60,61,-1,61,60,62,-1,61,62,63,-1,63,62,64,-1,63,64,65,-1,65,64,66,-1,65,66,67,-1,67,66,68,-1,67,68,69,-1,69,68,70,-1,69,70,71,-1,71,70,72,-1,71,72,73,-1,73,72,74,-1,73,74,75,-1,75,74,76,-1,75,76,77,-1,77,76,78,-1,77,78,24,-1,24,78,58,-1,24,58,25,-1,25,58,57,-1,79,80,81,-1,81,80,82,-1,81,82,83,-1,83,82,84,-1,83,84,32,-1,32,84,85,-1,32,85,33,-1,44,43,86,-1,86,43,87,-1,86,87,88,-1,88,87,89,-1,88,89,90,-1,90,89,91,-1,90,91,79,-1,79,91,92,-1,79,92,80,-1,65,93,94,-1,65,94,63,-1,63,94,95,-1,63,95,61,-1,61,95,96,-1,61,96,59,-1,60,59,97,-1,97,59,96,-1,60,97,98,-1,60,98,62,-1,62,98,99,-1,62,99,64,-1,64,99,100,-1,64,100,66,-1,66,100,101,-1,66,101,68,-1,68,101,102,-1,68,102,70,-1,70,102,103,-1,70,103,72,-1,72,103,104,-1,72,104,74,-1,74,104,105,-1,74,105,76,-1,76,105,106,-1,76,106,78,-1,78,106,107,-1,78,107,58,-1,56,58,108,-1,108,58,107,-1,56,108,109,-1,56,109,43,-1,43,109,110,-1,43,110,87,-1,87,110,111,-1,87,111,89,-1,89,111,112,-1,89,112,91,-1,91,112,113,-1,91,113,92,-1,92,113,114,-1,92,114,80,-1,80,114,115,-1,80,115,82,-1,82,115,116,-1,82,116,84,-1,84,116,117,-1,84,117,85,-1,85,117,118,-1,85,118,33,-1,33,118,119,-1,33,119,35,-1,120,55,41,-1,35,119,121,-1,35,121,37,-1,37,121,122,-1,37,122,39,-1,39,122,123,-1,39,123,41,-1,41,123,124,-1,41,124,120,-1,55,120,125,-1,55,125,54,-1,54,125,126,-1,54,126,52,-1,126,127,52,-1,52,127,128,-1,52,128,50,-1,50,128,129,-1,50,129,48,-1,48,129,130,-1,48,130,27,-1,28,27,131,-1,131,27,130,-1,30,28,132,-1,132,28,131,-1,31,30,133,-1,133,30,132,-1,24,31,134,-1,134,31,133,-1,24,134,135,-1,24,135,77,-1,77,135,136,-1,77,136,75,-1,75,136,137,-1,75,137,73,-1,73,137,138,-1,73,138,71,-1,71,138,139,-1,71,139,69,-1,69,139,140,-1,69,140,67,-1,67,140,93,-1,67,93,65,-1,86,141,142,-1,86,142,44,-1,44,142,143,-1,44,143,45,-1,45,143,144,-1,45,144,57,-1,81,145,146,-1,81,146,79,-1,79,146,147,-1,79,147,90,-1,90,147,148,-1,90,148,88,-1,88,148,141,-1,88,141,86,-1,36,149,150,-1,36,150,34,-1,34,150,151,-1,34,151,32,-1,32,151,152,-1,32,152,83,-1,83,152,145,-1,83,145,81,-1,42,153,154,-1,42,154,40,-1,40,154,155,-1,40,155,38,-1,38,155,149,-1,38,149,36,-1,47,156,157,-1,47,157,49,-1,49,157,158,-1,49,158,51,-1,51,158,159,-1,51,159,53,-1,53,159,153,-1,53,153,42,-1,26,160,161,-1,26,161,29,-1,29,161,162,-1,29,162,46,-1,46,162,156,-1,46,156,47,-1,26,25,160,-1,160,25,163,-1,25,57,163,-1,163,57,144,-1,
        ]
    }
}
Shape{
    appearance Appearance {
        material  Material 	{
            diffuseColor 0.25098039215686274 0.25098039215686274 0.25098039215686274
            specularColor 0.12549019607843137 0.12549019607843137 0.12549019607843137
            ambientIntensity 0.251
            transparency 0.0
            shininess 0.5
        }
    }
    geometry IndexedFaceSet {
        ccw TRUE
        solid FALSE
        coord DEF co Coordinate {
            point [
                0.1114 -1.1988 0.1885, 0.113 -1.1988 0.19, 0.1008 -1.1988 0.2105, 0.1159 -1.1988 0.1941, 0.1036 -1.1988 0.1844, 0.0929 -1.1988 0.2086, 0.0897 -1.1988 0.2071, 0.1077 -1.1988 0.1859, 0.1179 -1.1988 0.1989, 0.1187 -1.1988 0.2055, 0.1187 -1.1988 0.2129, 0.0851 -1.1988 0.2013, 0.0845 -1.1988 0.1982, 0.0844 -1.1988 0.1961, 0.0847 -1.1988 0.193, 0.0909 -1.1988 0.1854, 0.0939 -1.1988 0.1843, 0.0882 -1.1988 0.1872, 0.0984 -1.1988 0.1838, 0.0879 -1.1988 0.2058, 0.0863 -1.1988 0.2038, 0.0856 -1.1988 0.1906, 0.0871 -1.1988 0.1883
            ]
        }
        coordIndex [
            0,1,2,-1,2,1,3,-1,4,5,6,-1,5,4,2,-1,2,4,7,-1,2,7,0,-1,3,8,2,-1,2,8,9,-1,2,9,10,-1,11,12,4,-1,4,12,13,-1,4,13,14,-1,15,16,17,-1,17,16,18,-1,17,18,4,-1,6,19,4,-1,4,19,20,-1,4,20,11,-1,14,21,4,-1,4,21,22,-1,4,22,17,-1,
        ]
    }
}
Shape{
    appearance Appearance {
        material  Material 	{
            diffuseColor 1.0 1.0 1.0
            specularColor 0.5019607843137255 0.5019607843137255 0.5019607843137255
            ambientIntensity 1.0
            transparency 0.0
            shininess 0.5
        }
    }
    geometry IndexedFaceSet {
        ccw TRUE
        solid FALSE
        coord DEF co Coordinate {
            point [
                0.1502 -1.1988 0.1911, 0.1502 -1.2028 0.1911, 0.155 -1.2028 0.1881, 0.1722 -1.2028 0.1837, 0.1722 -1.1988 0.1837, 0.1633 -1.1988 0.1848, 0.1633 -1.2028 0.1848, 0.1564 -1.1988 0.1875, 0.155 -1.1988 0.1881, 0.1502 -1.2028 0.1773, 0.1502 -1.1988 0.1773, 0.1595 -1.2028 0.174, 0.1564 -1.1988 0.1751, 0.1709 -1.1988 0.1728, 0.1709 -1.2028 0.1728, 0.1623 -1.1988 0.1737, 0.1595 -1.1988 0.174, 0.182 -1.2028 0.174, 0.1792 -1.1988 0.1737, 0.182 -1.1988 0.174, 0.1892 -1.1988 0.1766, 0.1892 -1.2028 0.1766, 0.1931 -1.1988 0.1789, 0.1931 -1.2028 0.1789, 0.197 -1.1988 0.1823, 0.197 -1.2028 0.1823, 0.1995 -1.1988 0.1859, 0.1995 -1.2028 0.1859, 0.2011 -1.1988 0.1901, 0.2011 -1.2028 0.1901, 0.2017 -1.1988 0.1953, 0.2017 -1.2028 0.1953, 0.2011 -1.1988 0.2005, 0.2011 -1.2028 0.2005, 0.1996 -1.1988 0.2044, 0.1996 -1.2028 0.2044, 0.1972 -1.1988 0.2079, 0.1972 -1.2028 0.2079, 0.194 -1.1988 0.2108, 0.194 -1.2028 0.2108, 0.1851 -1.1988 0.2157, 0.1851 -1.2028 0.2157, 0.1799 -1.1988 0.2178, 0.1799 -1.2028 0.2178, 0.1717 -1.1988 0.2214, 0.1717 -1.2028 0.2214, 0.167 -1.1988 0.2244, 0.167 -1.2028 0.2244, 0.1657 -1.1988 0.2258, 0.1657 -1.2028 0.2258, 0.1647 -1.1988 0.2276, 0.1647 -1.2028 0.2276, 0.1642 -1.1988 0.2297, 0.1642 -1.2028 0.2297, 0.164 -1.1988 0.2315, 0.164 -1.2028 0.2315, 0.1643 -1.1988 0.2336, 0.1643 -1.2028 0.2336, 0.1649 -1.1988 0.2354, 0.1649 -1.2028 0.2354, 0.1661 -1.1988 0.2371, 0.1661 -1.2028 0.2371, 0.1681 -1.1988 0.2389, 0.1681 -1.2028 0.2389, 0.1711 -1.1988 0.2405, 0.1711 -1.2028 0.2405, 0.1747 -1.1988 0.2414, 0.1747 -1.2028 0.2414, 0.1786 -1.1988 0.2417, 0.1786 -1.2028 0.2417, 0.188 -1.1988 0.2406, 0.188 -1.2028 0.2406, 0.1956 -1.1988 0.2377, 0.1956 -1.2028 0.2377, 0.198 -1.1988 0.2362, 0.198 -1.2028 0.2362, 0.198 -1.2028 0.2492, 0.198 -1.1988 0.2492, 0.1893 -1.1988 0.2518, 0.1893 -1.2028 0.2518, 0.1799 -1.1988 0.2526, 0.1799 -1.2028 0.2526, 0.1692 -1.1988 0.2513, 0.1692 -1.2028 0.2513, 0.162 -1.1988 0.2485, 0.162 -1.2028 0.2485, 0.1588 -1.1988 0.2465, 0.1588 -1.2028 0.2465, 0.1564 -1.1988 0.2443, 0.1548 -1.2028 0.2429, 0.1548 -1.1988 0.2429, 0.1523 -1.1988 0.2393, 0.1523 -1.2028 0.2393, 0.1508 -1.1988 0.2349, 0.1508 -1.2028 0.2349, 0.1503 -1.1988 0.2303, 0.1503 -1.2028 0.2303, 0.1509 -1.1988 0.2249, 0.1509 -1.2028 0.2249, 0.1524 -1.1988 0.2209, 0.1524 -1.2028 0.2209, 0.154 -1.1988 0.2182, 0.154 -1.2028 0.2182, 0.1705 -1.1988 0.2081, 0.1705 -1.2028 0.2081, 0.1625 -1.2028 0.2118, 0.1562 -1.1988 0.2159, 0.1562 -1.2028 0.2159, 0.1564 -1.1988 0.2158, 0.1625 -1.1988 0.2118, 0.1793 -1.1988 0.2044, 0.1793 -1.2028 0.2044, 0.1845 -1.1988 0.2013, 0.1845 -1.2028 0.2013, 0.1862 -1.1988 0.1996, 0.1862 -1.2028 0.1996, 0.1872 -1.1988 0.1978, 0.1872 -1.2028 0.1978, 0.1878 -1.1988 0.1957, 0.1878 -1.2028 0.1957, 0.1879 -1.1988 0.194, 0.1879 -1.2028 0.194, 0.1877 -1.1988 0.1915, 0.1877 -1.2028 0.1915, 0.187 -1.1988 0.1896, 0.187 -1.2028 0.1896, 0.1858 -1.1988 0.1878, 0.1858 -1.2028 0.1878, 0.1843 -1.1988 0.1865, 0.1843 -1.2028 0.1865, 0.1831 -1.1988 0.1857, 0.1831 -1.2028 0.1857, 0.1796 -1.1988 0.1845, 0.1796 -1.2028 0.1845, 0.1728 -1.1988 0.1837, 0.1728 -1.2028 0.1837, 0.268 -1.2028 0.2508, 0.2818 -1.2028 0.2508, 0.268 -1.1988 0.2508, 0.2818 -1.1988 0.2508, 0.2471 -1.2028 0.1934, 0.2471 -1.1988 0.1934, 0.2461 -1.1988 0.1899, 0.2461 -1.2028 0.1899, 0.2455 -1.1988 0.1873, 0.2455 -1.2028 0.1873, 0.2451 -1.2028 0.1873, 0.2451 -1.1988 0.1873, 0.2435 -1.2028 0.1935, 0.2435 -1.1988 0.1935, 0.2236 -1.1988 0.2508, 0.2236 -1.2028 0.2508, 0.23 -1.1988 0.2323, 0.2086 -1.2028 0.2508, 0.2086 -1.1988 0.2508, 0.2385 -1.1988 0.1748, 0.2385 -1.2028 0.1748, 0.23 -1.1988 0.1964, 0.2327 -1.1988 0.1609, 0.2327 -1.2028 0.1609, 0.2381 -1.1988 0.1737, 0.23 -1.1988 0.1561, 0.2299 -1.2028 0.1559, 0.2299 -1.1988 0.1559, 0.2274 -1.1988 0.1532, 0.2274 -1.2028 0.1532, 0.2257 -1.1988 0.1519, 0.2257 -1.2028 0.1519, 0.2228 -1.1988 0.1507, 0.2228 -1.2028 0.1507, 0.2196 -1.1988 0.1502, 0.2196 -1.2028 0.1502, 0.219 -1.1988 0.1501, 0.219 -1.2028 0.1501, 0.2142 -1.1988 0.1508, 0.2142 -1.2028 0.1508, 0.2114 -1.1988 0.1517, 0.2114 -1.2028 0.1517, 0.2114 -1.2028 0.1398, 0.2114 -1.1988 0.1398, 0.2153 -1.1988 0.139, 0.2153 -1.2028 0.139, 0.22 -1.1988 0.1387, 0.22 -1.2028 0.1387, 0.2254 -1.1988 0.1393, 0.2254 -1.2028 0.1393, 0.23 -1.1988 0.1411, 0.2306 -1.2028 0.1413, 0.2306 -1.1988 0.1413, 0.2353 -1.1988 0.1445, 0.2353 -1.2028 0.1445, 0.2364 -1.1988 0.1455, 0.2364 -1.2028 0.1455, 0.2413 -1.1988 0.1515, 0.2413 -1.2028 0.1515, 0.2472 -1.1988 0.1631, 0.2472 -1.2028 0.1631, 0.2514 -1.1988 0.1737, 0.3537 -1.2028 0.1868, 0.3537 -1.2028 0.1746, 0.3537 -1.1988 0.1868, 0.3537 -1.1988 0.1746, 0.31 -1.1988 0.1868, 0.31 -1.2028 0.1868, 0.33 -1.1988 0.1868, 0.31 -1.2028 0.2227, 0.31 -1.1988 0.2227, 0.3482 -1.1988 0.2227, 0.3482 -1.2028 0.2227, 0.33 -1.1988 0.2227, 0.3482 -1.2028 0.2349, 0.3482 -1.1988 0.2349, 0.31 -1.1988 0.2349, 0.31 -1.2028 0.2349, 0.33 -1.1988 0.2349, 0.31 -1.2028 0.2691, 0.31 -1.1988 0.2691, 0.3512 -1.1988 0.2691, 0.3512 -1.2028 0.2691, 0.33 -1.1988 0.2691, 0.3512 -1.2028 0.2814, 0.3512 -1.1988 0.2814, 0.2962 -1.1988 0.2814, 0.2962 -1.2028 0.2814, 0.33 -1.1988 0.2814, 0.2962 -1.2028 0.1746, 0.2962 -1.1988 0.1746, 0.33 -1.1988 0.1746, 0.4402 -1.2028 0.2045, 0.4348 -1.2028 0.1979, 0.4446 -1.2028 0.1896, 0.4329 -1.2028 0.1961, 0.4337 -1.2028 0.1817, 0.4258 -1.2028 0.1915, 0.4215 -1.2028 0.1769, 0.4167 -1.2028 0.1882, 0.4032 -1.2028 0.1746, 0.4031 -1.2028 0.1868, 0.3738 -1.2028 0.1746, 0.3876 -1.2028 0.1868, 0.3738 -1.2028 0.2814, 0.3876 -1.2028 0.2691, 0.4043 -1.2028 0.2814, 0.4037 -1.2028 0.2691, 0.4206 -1.2028 0.2796, 0.4175 -1.2028 0.2676, 0.4334 -1.2028 0.2749, 0.4267 -1.2028 0.2642, 0.4446 -1.2028 0.2672, 0.4345 -1.2028 0.259, 0.4483 -1.2028 0.2637, 0.438 -1.2028 0.2555, 0.4549 -1.2028 0.2544, 0.4421 -1.2028 0.2493, 0.4589 -1.2028 0.2442, 0.4449 -1.2028 0.2412, 0.4607 -1.2028 0.2293, 0.4462 -1.2028 0.229, 0.4604 -1.2028 0.2226, 0.4459 -1.2028 0.2222, 0.4578 -1.2028 0.2101, 0.4438 -1.2028 0.2124, 0.4526 -1.2028 0.199, 0.4032 -1.1988 0.1746, 0.3738 -1.1988 0.1746, 0.4215 -1.1988 0.1769, 0.4337 -1.1988 0.1817, 0.4446 -1.1988 0.1896, 0.4526 -1.1988 0.199, 0.4578 -1.1988 0.2101, 0.4604 -1.1988 0.2226, 0.4607 -1.1988 0.2293, 0.4589 -1.1988 0.2442, 0.4549 -1.1988 0.2544, 0.4483 -1.1988 0.2637, 0.4446 -1.1988 0.2672, 0.4334 -1.1988 0.2749, 0.4206 -1.1988 0.2796, 0.4043 -1.1988 0.2814, 0.3738 -1.1988 0.2814, 0.4037 -1.1988 0.2691, 0.3876 -1.1988 0.2691, 0.3876 -1.1988 0.1868, 0.4031 -1.1988 0.1868, 0.4348 -1.1988 0.1979, 0.4329 -1.1988 0.1961, 0.4258 -1.1988 0.1915, 0.4167 -1.1988 0.1882, 0.4462 -1.1988 0.229, 0.4459 -1.1988 0.2222, 0.4438 -1.1988 0.2124, 0.4402 -1.1988 0.2045, 0.4345 -1.1988 0.259, 0.438 -1.1988 0.2555, 0.4421 -1.1988 0.2493, 0.4449 -1.1988 0.2412, 0.4175 -1.1988 0.2676, 0.4267 -1.1988 0.2642
            ]
        }
        coordIndex [
            0,1,2,-1,3,4,5,-1,3,5,6,-1,6,5,7,-1,6,7,2,-1,2,7,8,-1,2,8,0,-1,9,1,10,-1,10,1,0,-1,9,10,11,-1,11,10,12,-1,13,14,15,-1,15,14,11,-1,15,11,16,-1,16,11,12,-1,14,13,17,-1,17,13,18,-1,18,19,17,-1,17,19,20,-1,17,20,21,-1,21,20,22,-1,21,22,23,-1,23,22,24,-1,23,24,25,-1,25,24,26,-1,25,26,27,-1,27,26,28,-1,27,28,29,-1,29,28,30,-1,29,30,31,-1,31,30,32,-1,31,32,33,-1,33,32,34,-1,33,34,35,-1,35,34,36,-1,35,36,37,-1,37,36,38,-1,37,38,39,-1,39,38,40,-1,39,40,41,-1,41,40,42,-1,41,42,43,-1,43,42,44,-1,43,44,45,-1,45,44,46,-1,45,46,47,-1,47,46,48,-1,47,48,49,-1,49,48,50,-1,49,50,51,-1,51,50,52,-1,51,52,53,-1,53,52,54,-1,53,54,55,-1,55,54,56,-1,55,56,57,-1,57,56,58,-1,57,58,59,-1,59,58,60,-1,59,60,61,-1,61,60,62,-1,61,62,63,-1,63,62,64,-1,63,64,65,-1,65,64,66,-1,65,66,67,-1,67,66,68,-1,67,68,69,-1,69,68,70,-1,69,70,71,-1,71,70,72,-1,71,72,73,-1,73,72,74,-1,73,74,75,-1,76,75,77,-1,77,75,74,-1,76,77,78,-1,76,78,79,-1,79,78,80,-1,79,80,81,-1,81,80,82,-1,81,82,83,-1,83,82,84,-1,83,84,85,-1,85,84,86,-1,85,86,87,-1,86,88,87,-1,87,88,89,-1,88,90,89,-1,89,90,91,-1,89,91,92,-1,92,91,93,-1,92,93,94,-1,94,93,95,-1,94,95,96,-1,96,95,97,-1,96,97,98,-1,98,97,99,-1,98,99,100,-1,100,99,101,-1,100,101,102,-1,103,104,105,-1,102,101,106,-1,102,106,107,-1,107,106,108,-1,107,108,105,-1,105,108,109,-1,105,109,103,-1,104,103,110,-1,104,110,111,-1,111,110,112,-1,111,112,113,-1,113,112,114,-1,113,114,115,-1,115,114,116,-1,115,116,117,-1,117,116,118,-1,117,118,119,-1,119,118,120,-1,119,120,121,-1,121,120,122,-1,121,122,123,-1,123,122,124,-1,123,124,125,-1,125,124,126,-1,125,126,127,-1,127,126,128,-1,127,128,129,-1,129,128,130,-1,129,130,131,-1,131,130,132,-1,131,132,133,-1,133,132,134,-1,133,134,135,-1,135,134,4,-1,135,4,3,-1,59,61,87,-1,87,61,85,-1,85,61,63,-1,85,63,83,-1,125,25,27,-1,111,43,104,-1,104,43,45,-1,125,27,123,-1,123,27,29,-1,123,29,121,-1,121,29,31,-1,121,31,119,-1,119,31,33,-1,119,33,117,-1,117,33,35,-1,117,35,115,-1,115,35,37,-1,115,37,113,-1,113,37,39,-1,113,39,111,-1,111,39,41,-1,111,41,43,-1,25,125,23,-1,23,125,127,-1,23,127,21,-1,14,3,11,-1,11,3,6,-1,11,6,9,-1,9,6,2,-1,9,2,1,-1,63,65,83,-1,83,65,67,-1,83,67,81,-1,81,67,69,-1,81,69,79,-1,79,69,71,-1,79,71,76,-1,76,71,73,-1,76,73,75,-1,127,129,21,-1,21,129,131,-1,21,131,17,-1,17,131,133,-1,17,133,14,-1,14,133,135,-1,14,135,3,-1,87,89,59,-1,59,89,92,-1,59,92,57,-1,57,92,94,-1,57,94,55,-1,55,94,96,-1,55,96,53,-1,53,96,98,-1,53,98,51,-1,51,98,100,-1,51,100,49,-1,49,100,102,-1,49,102,47,-1,47,102,107,-1,47,107,45,-1,45,107,105,-1,45,105,104,-1,136,137,138,-1,138,137,139,-1,140,136,141,-1,141,136,138,-1,140,141,142,-1,140,142,143,-1,143,142,144,-1,143,144,145,-1,146,145,147,-1,147,145,144,-1,148,146,149,-1,149,146,147,-1,150,151,152,-1,152,151,148,-1,152,148,149,-1,153,151,154,-1,154,151,150,-1,155,156,157,-1,157,156,153,-1,157,153,154,-1,158,159,160,-1,160,159,156,-1,160,156,155,-1,158,161,159,-1,159,161,162,-1,161,163,162,-1,162,163,164,-1,162,164,165,-1,165,164,166,-1,165,166,167,-1,167,166,168,-1,167,168,169,-1,169,168,170,-1,169,170,171,-1,171,170,172,-1,171,172,173,-1,173,172,174,-1,173,174,175,-1,175,174,176,-1,175,176,177,-1,178,177,179,-1,179,177,176,-1,178,179,180,-1,178,180,181,-1,181,180,182,-1,181,182,183,-1,183,182,184,-1,183,184,185,-1,185,184,186,-1,185,186,187,-1,186,188,187,-1,187,188,189,-1,187,189,190,-1,190,189,191,-1,190,191,192,-1,192,191,193,-1,192,193,194,-1,194,193,195,-1,194,195,196,-1,139,137,197,-1,197,137,196,-1,197,196,195,-1,143,145,196,-1,137,136,196,-1,196,136,140,-1,196,140,143,-1,151,153,148,-1,148,153,156,-1,148,156,146,-1,165,167,187,-1,183,173,181,-1,181,173,175,-1,181,175,178,-1,178,175,177,-1,145,146,196,-1,196,146,156,-1,196,156,194,-1,187,167,185,-1,185,167,169,-1,185,169,183,-1,183,169,171,-1,183,171,173,-1,156,159,194,-1,194,159,162,-1,194,162,192,-1,192,162,165,-1,192,165,190,-1,190,165,187,-1,198,199,200,-1,200,199,201,-1,202,203,204,-1,204,203,198,-1,204,198,200,-1,205,203,206,-1,206,203,202,-1,207,208,209,-1,209,208,205,-1,209,205,206,-1,210,208,211,-1,211,208,207,-1,212,213,214,-1,214,213,210,-1,214,210,211,-1,215,213,216,-1,216,213,212,-1,217,218,219,-1,219,218,215,-1,219,215,216,-1,220,218,221,-1,221,218,217,-1,222,223,224,-1,224,223,220,-1,224,220,221,-1,225,223,226,-1,226,223,222,-1,201,199,227,-1,227,199,225,-1,227,225,226,-1,225,199,198,-1,198,203,225,-1,225,203,205,-1,225,205,223,-1,218,220,215,-1,215,220,223,-1,215,223,213,-1,213,223,205,-1,213,205,210,-1,210,205,208,-1,228,229,230,-1,230,229,231,-1,230,231,232,-1,232,231,233,-1,232,233,234,-1,234,233,235,-1,234,235,236,-1,236,235,237,-1,236,237,238,-1,238,237,239,-1,238,239,240,-1,240,239,241,-1,240,241,242,-1,242,241,243,-1,242,243,244,-1,244,243,245,-1,244,245,246,-1,246,245,247,-1,246,247,248,-1,248,247,249,-1,248,249,250,-1,250,249,251,-1,250,251,252,-1,252,251,253,-1,252,253,254,-1,254,253,255,-1,254,255,256,-1,256,255,257,-1,256,257,258,-1,258,257,259,-1,258,259,260,-1,260,259,261,-1,260,261,262,-1,262,261,228,-1,262,228,230,-1,236,238,263,-1,263,238,264,-1,236,263,265,-1,236,265,234,-1,234,265,266,-1,234,266,232,-1,232,266,267,-1,232,267,230,-1,230,267,268,-1,230,268,262,-1,262,268,269,-1,262,269,260,-1,260,269,270,-1,260,270,258,-1,258,270,271,-1,258,271,256,-1,256,271,272,-1,256,272,254,-1,254,272,273,-1,254,273,252,-1,252,273,274,-1,252,274,250,-1,250,274,275,-1,250,275,248,-1,248,275,276,-1,248,276,246,-1,246,276,277,-1,246,277,244,-1,244,277,278,-1,244,278,242,-1,240,242,279,-1,279,242,278,-1,238,240,264,-1,264,240,279,-1,243,241,280,-1,280,241,281,-1,241,239,281,-1,281,239,282,-1,239,237,282,-1,282,237,283,-1,229,284,285,-1,229,285,231,-1,231,285,286,-1,231,286,233,-1,233,286,287,-1,233,287,235,-1,235,287,283,-1,235,283,237,-1,257,288,289,-1,257,289,259,-1,259,289,290,-1,259,290,261,-1,261,290,291,-1,261,291,228,-1,228,291,284,-1,228,284,229,-1,249,292,293,-1,249,293,251,-1,251,293,294,-1,251,294,253,-1,253,294,295,-1,253,295,255,-1,255,295,288,-1,255,288,257,-1,243,280,296,-1,243,296,245,-1,245,296,297,-1,245,297,247,-1,247,297,292,-1,247,292,249,-1,
        ]
    }
}
Shape{
    appearance Appearance {
        material  Material 	{
            diffuseColor 0.25098039215686274 0.25098039215686274 0.25098039215686274
            specularColor 0.12549019607843137 0.12549019607843137 0.12549019607843137
            ambientIntensity 0.251
            transparency 0.0
            shininess 0.5
        }
    }
    geometry IndexedFaceSet {
        ccw TRUE
        solid FALSE
        coord DEF co Coordinate {
            point [
                0.3876 -1.1988 0.2691, 0.3876 -1.1988 0.1868, 0.4037 -1.1988 0.2691, 0.4031 -1.1988 0.1868, 0.4167 -1.1988 0.1882, 0.4258 -1.1988 0.1915, 0.4329 -1.1988 0.1961, 0.4348 -1.1988 0.1979, 0.4402 -1.1988 0.2045, 0.4438 -1.1988 0.2124, 0.4459 -1.1988 0.2222, 0.4462 -1.1988 0.229, 0.4449 -1.1988 0.2412, 0.4421 -1.1988 0.2493, 0.438 -1.1988 0.2555, 0.4345 -1.1988 0.259, 0.4175 -1.1988 0.2676, 0.4267 -1.1988 0.2642
            ]
        }
        coordIndex [
            0,1,2,-1,2,1,3,-1,2,3,4,-1,4,5,2,-1,2,5,6,-1,2,6,7,-1,7,8,2,-1,2,8,9,-1,2,9,10,-1,10,11,2,-1,2,11,12,-1,2,12,13,-1,13,14,2,-1,2,14,15,-1,2,15,16,-1,16,15,17,-1,
        ]
    }
}
Shape{
    appearance Appearance {
        material  Material 	{
            diffuseColor 1.0 1.0 1.0
            specularColor 0.5019607843137255 0.5019607843137255 0.5019607843137255
            ambientIntensity 1.0
            transparency 0.0
            shininess 0.5
        }
    }
    geometry IndexedFaceSet {
        ccw TRUE
        solid FALSE
        coord DEF co Coordinate {
            point [
                0.4965 -1.2028 0.2159, 0.4921 -1.2028 0.2038, 0.5323 -1.2028 0.2159, 0.5366 -1.2028 0.2038, 0.5125 -1.2028 0.2602, 0.5073 -1.2028 0.2814, 0.4667 -1.2028 0.1746, 0.4819 -1.2028 0.1746, 0.5134 -1.2028 0.2634, 0.5142 -1.2028 0.2677, 0.5221 -1.2028 0.2814, 0.5146 -1.2028 0.2677, 0.5154 -1.2028 0.2632, 0.5162 -1.2028 0.2602, 0.5627 -1.2028 0.1746, 0.5475 -1.2028 0.1746, 0.5221 -1.1988 0.2814, 0.5627 -1.1988 0.1746, 0.5073 -1.1988 0.2814, 0.4667 -1.1988 0.1746, 0.4819 -1.1988 0.1746, 0.4921 -1.1988 0.2038, 0.5366 -1.1988 0.2038, 0.5475 -1.1988 0.1746, 0.4965 -1.1988 0.2159, 0.5323 -1.1988 0.2159, 0.5162 -1.1988 0.2602, 0.5146 -1.1988 0.2677, 0.5154 -1.1988 0.2632, 0.5142 -1.1988 0.2677, 0.5125 -1.1988 0.2602, 0.5134 -1.1988 0.2634
            ]
        }
        coordIndex [
            0,1,2,-1,2,1,3,-1,4,5,0,-1,0,5,6,-1,0,6,1,-1,1,6,7,-1,4,8,5,-1,5,8,9,-1,5,9,10,-1,10,9,11,-1,10,11,12,-1,12,13,10,-1,10,13,2,-1,10,2,14,-1,14,2,3,-1,14,3,15,-1,10,14,16,-1,16,14,17,-1,5,10,18,-1,18,10,16,-1,6,5,19,-1,19,5,18,-1,7,6,20,-1,20,6,19,-1,1,7,21,-1,21,7,20,-1,3,1,22,-1,22,1,21,-1,15,3,23,-1,23,3,22,-1,14,15,17,-1,17,15,23,-1,0,2,24,-1,24,2,25,-1,2,13,25,-1,25,13,26,-1,11,27,28,-1,11,28,12,-1,12,28,26,-1,12,26,13,-1,11,9,27,-1,27,9,29,-1,4,30,31,-1,4,31,8,-1,8,31,29,-1,8,29,9,-1,4,0,30,-1,30,0,24,-1,
        ]
    }
}
Shape{
    appearance Appearance {
        material  Material 	{
            diffuseColor 0.25098039215686274 0.25098039215686274 0.25098039215686274
            specularColor 0.12549019607843137 0.12549019607843137 0.12549019607843137
            ambientIntensity 0.251
            transparency 0.0
            shininess 0.5
        }
    }
    geometry IndexedFaceSet {
        ccw TRUE
        solid FALSE
        coord DEF co Coordinate {
            point [
                0.5146 -1.1988 0.2677, 0.5142 -1.1988 0.2677, 0.5154 -1.1988 0.2632, 0.5134 -1.1988 0.2634, 0.5162 -1.1988 0.2602, 0.5125 -1.1988 0.2602, 0.5323 -1.1988 0.2159, 0.4965 -1.1988 0.2159
            ]
        }
        coordIndex [
            0,1,2,-1,2,1,3,-1,2,3,4,-1,4,3,5,-1,4,5,6,-1,6,5,7,-1,
        ]
    }
}
Shape{
    appearance Appearance {
        material  Material 	{
            diffuseColor 1.0 1.0 1.0
            specularColor 0.5019607843137255 0.5019607843137255 0.5019607843137255
            ambientIntensity 1.0
            transparency 0.0
            shininess 0.5
        }
    }
    geometry IndexedFaceSet {
        ccw TRUE
        solid FALSE
        coord DEF co Coordinate {
            point [
                -0.471 -1.2028 0.1595, -0.4597 -1.2028 0.1456, -0.4778 -1.2028 0.2266, -0.4908 -1.2028 0.3586, -0.4739 -1.2028 0.3675, -0.4782 -1.2028 0.4142, -0.3443 -1.2028 0.1566, -0.3353 -1.2028 0.1736, -0.3309 -1.2028 0.1923, -0.4482 -1.2028 0.4179, -0.2243 -1.2028 0.2638, -0.2478 -1.2028 0.304, -0.3305 -1.2028 0.2076, -0.3495 -1.2028 0.2509, -0.3305 -1.2028 0.2, -0.3712 -1.2028 0.1329, -0.356 -1.2028 0.1434, -0.4271 -1.2028 0.1774, -0.4211 -1.2028 0.1732, -0.4448 -1.2028 0.1344, -0.4141 -1.2028 0.1705, -0.38 -1.2028 0.211, -0.378 -1.2028 0.2041, -0.3777 -1.2028 0.1967, -0.3793 -1.2028 0.1894, -0.3827 -1.2028 0.1827, -0.4307 -1.2028 0.4164, -0.4072 -1.2028 0.361, -0.3974 -1.2028 0.382, -0.4943 -1.2028 0.2368, -0.4883 -1.2028 0.1787, -0.4785 -1.2028 0.1757, -0.4152 -1.2028 0.4345, -0.3811 -1.2028 0.4029, -0.3973 -1.2028 0.4498, -0.3603 -1.2028 0.419, -0.3789 -1.2028 0.4612, -0.4551 -1.2028 0.3719, -0.4474 -1.2028 0.3723, -0.4394 -1.2028 0.4174, -0.4298 -1.2028 0.3702, -0.4128 -1.2028 0.364, -0.4366 -1.2028 0.1963, -0.4351 -1.2028 0.1893, -0.4319 -1.2028 0.183, -0.4273 -1.2028 0.127, -0.4094 -1.2028 0.1242, -0.4072 -1.2028 0.1697, -0.4064 -1.2028 0.1241, -0.3999 -1.2028 0.1706, -0.3881 -1.2028 0.1264, -0.3933 -1.2028 0.1731, -0.3875 -1.2028 0.1772, -0.1992 -1.2028 0.3389, -0.1931 -1.2028 0.3389, -0.162 -1.2028 0.3799, -0.1787 -1.2028 0.3372, -0.1557 -1.2028 0.3777, -0.1655 -1.2028 0.3321, -0.1334 -1.2028 0.3659, -0.1537 -1.2028 0.3239, -0.1133 -1.2028 0.348, -0.1448 -1.2028 0.3139, -0.0983 -1.2028 0.326, -0.1378 -1.2028 0.3008, -0.0897 -1.2028 0.3027, -0.1343 -1.2028 0.2862, -0.0869 -1.2028 0.2805, -0.1339 -1.2028 0.2797, -0.087 -1.2028 0.2752, -0.1357 -1.2028 0.265, -0.2313 -1.2028 0.1745, -0.2288 -1.2028 0.1742, -0.2227 -1.2028 0.2205, -0.3439 -1.2028 0.4747, -0.3357 -1.2028 0.4296, -0.3062 -1.2028 0.4794, -0.203 -1.2028 0.4399, -0.2258 -1.2028 0.398, -0.1781 -1.2028 0.4112, -0.2106 -1.2028 0.376, -0.2012 -1.2028 0.3505, -0.5211 -1.2028 0.3148, -0.5709 -1.2028 0.302, -0.5233 -1.2028 0.2964, -0.5711 -1.2028 0.2949, -0.5224 -1.2028 0.2849, -0.5674 -1.2028 0.265, -0.517 -1.2028 0.2663, -0.5565 -1.2028 0.2367, -0.5079 -1.2028 0.2507, -0.5393 -1.2028 0.2122, -0.5157 -1.2028 0.192, -0.1886 -1.2028 0.2205, -0.184 -1.2028 0.1742, -0.1751 -1.2028 0.2231, -0.1616 -1.2028 0.1786, -0.1617 -1.2028 0.2293, -0.1381 -1.2028 0.1893, -0.1504 -1.2028 0.2384, -0.118 -1.2028 0.2052, -0.1493 -1.2028 0.2396, -0.1149 -1.2028 0.2084, -0.141 -1.2028 0.2515, -0.1014 -1.2028 0.2268, -0.0912 -1.2028 0.2504, -0.5063 -1.2028 0.4032, -0.5304 -1.2028 0.3862, -0.5041 -1.2028 0.3468, -0.5355 -1.2028 0.3814, -0.5146 -1.2028 0.3317, -0.5538 -1.2028 0.3579, -0.5659 -1.2028 0.3305, -0.4365 -1.2028 0.2037, -0.4344 -1.2028 0.2109, -0.4693 -1.2028 0.243, -0.4307 -1.2028 0.2173, -0.4568 -1.2028 0.2573, -0.427 -1.2028 0.2213, -0.4413 -1.2028 0.2681, -0.421 -1.2028 0.2254, -0.4245 -1.2028 0.2745, -0.4144 -1.2028 0.228, -0.4064 -1.2028 0.2767, -0.4072 -1.2028 0.2289, -0.3971 -1.2028 0.2761, -0.4021 -1.2028 0.2284, -0.3788 -1.2028 0.2716, -0.3949 -1.2028 0.2262, -0.3627 -1.2028 0.2629, -0.3886 -1.2028 0.2223, -0.3835 -1.2028 0.2171, -0.3105 -1.2028 0.4337, -0.3055 -1.2028 0.4338, -0.2749 -1.2028 0.4761, -0.2828 -1.2028 0.4314, -0.2369 -1.2028 0.4627, -0.2588 -1.2028 0.423, -0.2371 -1.2028 0.4089, -0.2507 -1.2028 0.2002, -0.2508 -1.2028 0.1978, -0.2265 -1.2028 0.2212, -0.2502 -1.2028 0.1927, -0.2484 -1.2028 0.1875, -0.2452 -1.2028 0.1827, -0.2416 -1.2028 0.1792, -0.2243 -1.2028 0.2207, -0.2364 -1.2028 0.1761, -0.2273 -1.2028 0.2213, -0.2325 -1.2028 0.2207, -0.2377 -1.2028 0.2188, -0.2425 -1.2028 0.2157, -0.2465 -1.2028 0.2113, -0.2493 -1.2028 0.206, -0.1099 -1.1988 0.3431, -0.0983 -1.1988 0.326, -0.093 -1.1988 0.3118, -0.0897 -1.1988 0.3027, -0.0869 -1.1988 0.2805, -0.1133 -1.1988 0.348, -0.1334 -1.1988 0.3659, -0.1557 -1.1988 0.3777, -0.162 -1.1988 0.3799, -0.1781 -1.1988 0.4112, -0.203 -1.1988 0.4399, -0.2204 -1.1988 0.4516, -0.2369 -1.1988 0.4627, -0.2749 -1.1988 0.4761, -0.3062 -1.1988 0.4794, -0.3439 -1.1988 0.4747, -0.3789 -1.1988 0.4612, -0.3943 -1.1988 0.4516, -0.3973 -1.1988 0.4498, -0.4152 -1.1988 0.4345, -0.4307 -1.1988 0.4164, -0.4394 -1.1988 0.4174, -0.4482 -1.1988 0.4179, -0.4782 -1.1988 0.4142, -0.5063 -1.1988 0.4032, -0.5304 -1.1988 0.3862, -0.5355 -1.1988 0.3814, -0.5692 -1.1988 0.3118, -0.5659 -1.1988 0.3305, -0.5604 -1.1988 0.3431, -0.5538 -1.1988 0.3579, -0.5709 -1.1988 0.302, -0.5711 -1.1988 0.2949, -0.5674 -1.1988 0.265, -0.5565 -1.1988 0.2367, -0.5393 -1.1988 0.2122, -0.5157 -1.1988 0.192, -0.4883 -1.1988 0.1787, -0.4785 -1.1988 0.1757, -0.4776 -1.1988 0.1737, -0.471 -1.1988 0.1595, -0.4597 -1.1988 0.1456, -0.4448 -1.1988 0.1344, -0.4378 -1.1988 0.1314, -0.4273 -1.1988 0.127, -0.4094 -1.1988 0.1242, -0.4064 -1.1988 0.1241, -0.3305 -1.1988 0.2, -0.3881 -1.1988 0.1264, -0.375 -1.1988 0.1314, -0.3712 -1.1988 0.1329, -0.356 -1.1988 0.1434, -0.3443 -1.1988 0.1566, -0.3353 -1.1988 0.1736, -0.3353 -1.1988 0.1737, -0.3309 -1.1988 0.1923, -0.3305 -1.1988 0.2076, -0.2243 -1.1988 0.2638, -0.2478 -1.1988 0.304, -0.3495 -1.1988 0.2509, -0.3627 -1.1988 0.2629, -0.3788 -1.1988 0.2716, -0.3971 -1.1988 0.2761, -0.4064 -1.1988 0.2767, -0.4245 -1.1988 0.2745, -0.4413 -1.1988 0.2681, -0.4568 -1.1988 0.2573, -0.4693 -1.1988 0.243, -0.4778 -1.1988 0.2266, -0.4943 -1.1988 0.2368, -0.5079 -1.1988 0.2507, -0.517 -1.1988 0.2663, -0.5224 -1.1988 0.2849, -0.5233 -1.1988 0.2964, -0.5214 -1.1988 0.3118, -0.5211 -1.1988 0.3148, -0.5146 -1.1988 0.3317, -0.5067 -1.1988 0.3431, -0.5041 -1.1988 0.3468, -0.4908 -1.1988 0.3586, -0.4739 -1.1988 0.3675, -0.4551 -1.1988 0.3719, -0.4474 -1.1988 0.3723, -0.4298 -1.1988 0.3702, -0.4128 -1.1988 0.364, -0.4072 -1.1988 0.361, -0.3974 -1.1988 0.382, -0.3811 -1.1988 0.4029, -0.3603 -1.1988 0.419, -0.3357 -1.1988 0.4296, -0.3105 -1.1988 0.4337, -0.3055 -1.1988 0.4338, -0.2828 -1.1988 0.4314, -0.2588 -1.1988 0.423, -0.2371 -1.1988 0.4089, -0.2258 -1.1988 0.398, -0.2106 -1.1988 0.376, -0.2012 -1.1988 0.3505, -0.1999 -1.1988 0.3431, -0.1992 -1.1988 0.3389, -0.1931 -1.1988 0.3389, -0.1787 -1.1988 0.3372, -0.1655 -1.1988 0.3321, -0.1537 -1.1988 0.3239, -0.1448 -1.1988 0.3139, -0.1437 -1.1988 0.3118, -0.1378 -1.1988 0.3008, -0.1343 -1.1988 0.2862, -0.1339 -1.1988 0.2797, -0.1357 -1.1988 0.265, -0.141 -1.1988 0.2515, -0.1493 -1.1988 0.2396, -0.1504 -1.1988 0.2384, -0.1617 -1.1988 0.2293, -0.1751 -1.1988 0.2231, -0.1886 -1.1988 0.2205, -0.2227 -1.1988 0.2205, -0.2243 -1.1988 0.2207, -0.2265 -1.1988 0.2212, -0.2273 -1.1988 0.2213, -0.2325 -1.1988 0.2207, -0.2377 -1.1988 0.2188, -0.2425 -1.1988 0.2157, -0.2465 -1.1988 0.2113, -0.2493 -1.1988 0.206, -0.2507 -1.1988 0.2002, -0.2508 -1.1988 0.1978, -0.2502 -1.1988 0.1927, -0.2484 -1.1988 0.1875, -0.2452 -1.1988 0.1827, -0.2416 -1.1988 0.1792, -0.2364 -1.1988 0.1761, -0.2313 -1.1988 0.1745, -0.2288 -1.1988 0.1742, -0.184 -1.1988 0.1742, -0.1616 -1.1988 0.1786, -0.1381 -1.1988 0.1893, -0.118 -1.1988 0.2052, -0.1149 -1.1988 0.2084, -0.1014 -1.1988 0.2268, -0.0912 -1.1988 0.2504, -0.087 -1.1988 0.2752, -0.4072 -1.1988 0.2289, -0.4021 -1.1988 0.2284, -0.3949 -1.1988 0.2262, -0.3886 -1.1988 0.2223, -0.3835 -1.1988 0.2171, -0.38 -1.1988 0.211, -0.378 -1.1988 0.2041, -0.3777 -1.1988 0.1967, -0.3793 -1.1988 0.1894, -0.3827 -1.1988 0.1827, -0.3875 -1.1988 0.1772, -0.3933 -1.1988 0.1731, -0.3999 -1.1988 0.1706, -0.4072 -1.1988 0.1697, -0.4141 -1.1988 0.1705, -0.4211 -1.1988 0.1732, -0.4271 -1.1988 0.1774, -0.4319 -1.1988 0.183, -0.4351 -1.1988 0.1893, -0.4366 -1.1988 0.1963, -0.4365 -1.1988 0.2037, -0.4344 -1.1988 0.2109, -0.4307 -1.1988 0.2173, -0.427 -1.1988 0.2213, -0.421 -1.1988 0.2254, -0.4144 -1.1988 0.228
            ]
        }
        coordIndex [
            0,1,2,-1,3,4,5,-1,6,7,8,-1,5,4,9,-1,10,11,12,-1,12,11,13,-1,12,13,14,-1,14,13,15,-1,14,15,8,-1,8,15,16,-1,8,16,6,-1,17,1,18,-1,18,1,19,-1,18,19,20,-1,21,22,13,-1,13,22,23,-1,13,23,15,-1,15,23,24,-1,15,24,25,-1,26,27,28,-1,29,30,2,-1,2,30,31,-1,2,31,0,-1,26,28,32,-1,32,28,33,-1,32,33,34,-1,34,33,35,-1,34,35,36,-1,4,37,9,-1,9,37,38,-1,9,38,39,-1,39,38,40,-1,39,40,26,-1,26,40,41,-1,26,41,27,-1,42,2,43,-1,43,2,1,-1,43,1,44,-1,44,1,17,-1,19,45,20,-1,20,45,46,-1,20,46,47,-1,47,46,48,-1,47,48,49,-1,49,48,50,-1,49,50,51,-1,51,50,15,-1,51,15,52,-1,52,15,25,-1,53,54,55,-1,55,54,56,-1,55,56,57,-1,57,56,58,-1,57,58,59,-1,59,58,60,-1,59,60,61,-1,61,60,62,-1,61,62,63,-1,63,62,64,-1,63,64,65,-1,65,64,66,-1,65,66,67,-1,67,66,68,-1,67,68,69,-1,69,68,70,-1,71,72,73,-1,36,35,74,-1,74,35,75,-1,74,75,76,-1,77,78,79,-1,79,78,80,-1,79,80,55,-1,55,80,81,-1,55,81,53,-1,82,83,84,-1,84,83,85,-1,84,85,86,-1,86,85,87,-1,86,87,88,-1,88,87,89,-1,88,89,90,-1,90,89,91,-1,90,91,29,-1,29,91,92,-1,29,92,30,-1,73,72,93,-1,93,72,94,-1,93,94,95,-1,95,94,96,-1,95,96,97,-1,97,96,98,-1,97,98,99,-1,99,98,100,-1,99,100,101,-1,101,100,102,-1,101,102,103,-1,103,102,104,-1,103,104,70,-1,70,104,105,-1,70,105,69,-1,5,106,3,-1,3,106,107,-1,3,107,108,-1,108,107,109,-1,108,109,110,-1,110,109,111,-1,110,111,82,-1,82,111,112,-1,82,112,83,-1,42,113,2,-1,2,113,114,-1,2,114,115,-1,115,114,116,-1,115,116,117,-1,117,116,118,-1,117,118,119,-1,119,118,120,-1,119,120,121,-1,121,120,122,-1,121,122,123,-1,123,122,124,-1,123,124,125,-1,125,124,126,-1,125,126,127,-1,127,126,128,-1,127,128,129,-1,129,128,130,-1,129,130,13,-1,13,130,131,-1,13,131,21,-1,75,132,76,-1,76,132,133,-1,76,133,134,-1,134,133,135,-1,134,135,136,-1,136,135,137,-1,136,137,77,-1,77,137,138,-1,77,138,78,-1,139,140,141,-1,141,140,142,-1,142,143,141,-1,141,143,144,-1,141,144,145,-1,73,146,71,-1,71,146,141,-1,71,141,147,-1,147,141,145,-1,141,148,139,-1,139,148,149,-1,139,149,150,-1,150,151,139,-1,139,151,152,-1,139,152,153,-1,154,61,155,-1,155,61,63,-1,155,63,156,-1,156,63,65,-1,156,65,157,-1,157,65,67,-1,157,67,158,-1,154,159,61,-1,61,159,160,-1,61,160,59,-1,59,160,161,-1,59,161,57,-1,57,161,162,-1,57,162,55,-1,55,162,163,-1,55,163,79,-1,79,163,164,-1,79,164,77,-1,136,77,165,-1,165,77,164,-1,165,166,136,-1,136,166,167,-1,136,167,134,-1,134,167,168,-1,134,168,76,-1,76,168,169,-1,76,169,74,-1,74,169,170,-1,74,170,36,-1,36,170,34,-1,34,170,171,-1,34,171,172,-1,34,172,173,-1,34,173,32,-1,32,173,174,-1,32,174,26,-1,26,174,175,-1,26,175,39,-1,39,175,176,-1,39,176,9,-1,9,176,177,-1,9,177,5,-1,5,177,178,-1,5,178,106,-1,106,178,179,-1,106,179,107,-1,107,179,180,-1,107,180,109,-1,181,83,182,-1,182,83,112,-1,182,112,183,-1,183,112,111,-1,183,111,184,-1,184,111,109,-1,184,109,180,-1,181,185,83,-1,83,185,186,-1,83,186,85,-1,85,186,187,-1,85,187,87,-1,87,187,188,-1,87,188,89,-1,89,188,189,-1,89,189,91,-1,91,189,190,-1,91,190,92,-1,92,190,191,-1,92,191,30,-1,30,191,192,-1,30,192,31,-1,31,192,193,-1,31,193,0,-1,193,194,0,-1,0,194,195,-1,0,195,1,-1,1,195,196,-1,1,196,19,-1,19,196,197,-1,19,197,45,-1,197,198,45,-1,45,198,199,-1,45,199,46,-1,46,199,200,-1,46,200,48,-1,201,14,8,-1,48,200,202,-1,203,15,202,-1,202,15,50,-1,202,50,48,-1,203,204,15,-1,15,204,205,-1,15,205,16,-1,16,205,206,-1,16,206,6,-1,6,206,207,-1,6,207,7,-1,7,207,208,-1,7,208,8,-1,8,208,209,-1,8,209,201,-1,12,14,210,-1,210,14,201,-1,10,12,211,-1,211,12,210,-1,11,10,212,-1,212,10,211,-1,13,11,213,-1,213,11,212,-1,13,213,214,-1,13,214,129,-1,129,214,215,-1,129,215,127,-1,127,215,216,-1,127,216,125,-1,125,216,217,-1,125,217,123,-1,123,217,218,-1,123,218,121,-1,121,218,219,-1,121,219,119,-1,119,219,220,-1,119,220,117,-1,117,220,221,-1,117,221,115,-1,115,221,222,-1,115,222,2,-1,2,222,223,-1,2,223,29,-1,29,223,224,-1,29,224,90,-1,90,224,225,-1,90,225,88,-1,88,225,226,-1,88,226,86,-1,86,226,227,-1,86,227,84,-1,82,84,227,-1,227,228,82,-1,82,228,229,-1,82,229,230,-1,231,108,230,-1,230,108,110,-1,230,110,82,-1,231,232,108,-1,108,232,233,-1,108,233,3,-1,3,233,234,-1,3,234,4,-1,4,234,235,-1,4,235,37,-1,37,235,236,-1,37,236,38,-1,38,236,237,-1,38,237,40,-1,40,237,238,-1,40,238,41,-1,41,238,239,-1,41,239,27,-1,27,239,240,-1,27,240,28,-1,28,240,241,-1,28,241,33,-1,33,241,242,-1,33,242,35,-1,35,242,243,-1,35,243,75,-1,75,243,244,-1,75,244,132,-1,132,244,245,-1,132,245,133,-1,133,245,246,-1,133,246,135,-1,135,246,247,-1,135,247,137,-1,137,247,248,-1,137,248,138,-1,138,248,249,-1,138,249,78,-1,78,249,250,-1,78,250,80,-1,80,250,251,-1,80,251,81,-1,81,251,53,-1,53,251,252,-1,53,252,253,-1,54,53,254,-1,254,53,253,-1,54,254,255,-1,54,255,56,-1,56,255,256,-1,56,256,58,-1,58,256,257,-1,58,257,60,-1,60,257,258,-1,60,258,62,-1,62,258,259,-1,62,259,64,-1,259,260,64,-1,64,260,261,-1,64,261,66,-1,66,261,262,-1,66,262,68,-1,68,262,263,-1,68,263,70,-1,70,263,264,-1,70,264,103,-1,103,264,265,-1,103,265,101,-1,101,265,266,-1,101,266,99,-1,99,266,267,-1,99,267,97,-1,97,267,268,-1,97,268,95,-1,95,268,269,-1,95,269,93,-1,73,93,270,-1,270,93,269,-1,73,270,271,-1,73,271,146,-1,146,271,272,-1,146,272,141,-1,141,272,273,-1,141,273,148,-1,148,273,274,-1,148,274,149,-1,149,274,275,-1,149,275,150,-1,150,275,276,-1,150,276,151,-1,151,276,277,-1,151,277,152,-1,152,277,278,-1,152,278,153,-1,153,278,279,-1,153,279,139,-1,139,279,280,-1,139,280,140,-1,140,280,281,-1,140,281,142,-1,142,281,282,-1,142,282,143,-1,143,282,283,-1,143,283,144,-1,144,283,284,-1,144,284,145,-1,145,284,285,-1,145,285,147,-1,147,285,286,-1,147,286,71,-1,71,286,287,-1,71,287,72,-1,94,72,288,-1,288,72,287,-1,94,288,289,-1,94,289,96,-1,96,289,290,-1,96,290,98,-1,98,290,291,-1,98,291,100,-1,100,291,292,-1,100,292,102,-1,102,292,293,-1,102,293,104,-1,104,293,294,-1,104,294,105,-1,105,294,295,-1,105,295,69,-1,69,295,158,-1,69,158,67,-1,124,296,297,-1,124,297,126,-1,126,297,298,-1,126,298,128,-1,128,298,299,-1,128,299,130,-1,130,299,300,-1,130,300,131,-1,131,300,301,-1,131,301,21,-1,21,301,302,-1,21,302,22,-1,22,302,303,-1,22,303,23,-1,23,303,304,-1,23,304,24,-1,24,304,305,-1,24,305,25,-1,25,305,306,-1,25,306,52,-1,52,306,307,-1,52,307,51,-1,51,307,308,-1,51,308,49,-1,49,308,309,-1,49,309,47,-1,47,309,310,-1,47,310,20,-1,20,310,311,-1,20,311,18,-1,18,311,312,-1,18,312,17,-1,17,312,313,-1,17,313,44,-1,44,313,314,-1,44,314,43,-1,43,314,315,-1,43,315,42,-1,42,315,316,-1,42,316,113,-1,113,316,317,-1,113,317,114,-1,114,317,318,-1,114,318,116,-1,116,318,319,-1,116,319,118,-1,118,319,320,-1,118,320,120,-1,120,320,321,-1,120,321,122,-1,122,321,296,-1,122,296,124,-1,
        ]
    }
}
Shape{
    appearance Appearance {
        material  Material 	{
            diffuseColor 0.25098039215686274 0.25098039215686274 0.25098039215686274
            specularColor 0.12549019607843137 0.12549019607843137 0.12549019607843137
            ambientIntensity 0.251
            transparency 0.0
            shininess 0.5
        }
    }
    geometry IndexedFaceSet {
        ccw TRUE
        solid FALSE
        coord DEF co Coordinate {
            point [
                -0.4072 -1.1988 0.1697, -0.427 -1.1988 0.2213, -0.4307 -1.1988 0.2173, -0.4072 -1.1988 0.2289, -0.4021 -1.1988 0.2284, -0.3999 -1.1988 0.1706, -0.4144 -1.1988 0.228, -0.421 -1.1988 0.2254, -0.3875 -1.1988 0.1772, -0.3835 -1.1988 0.2171, -0.3886 -1.1988 0.2223, -0.4351 -1.1988 0.1893, -0.4319 -1.1988 0.183, -0.4271 -1.1988 0.1774, -0.3933 -1.1988 0.1731, -0.3949 -1.1988 0.2262, -0.4344 -1.1988 0.2109, -0.4365 -1.1988 0.2037, -0.4366 -1.1988 0.1963, -0.4211 -1.1988 0.1732, -0.4141 -1.1988 0.1705, -0.3793 -1.1988 0.1894, -0.3777 -1.1988 0.1967, -0.3827 -1.1988 0.1827, -0.378 -1.1988 0.2041, -0.38 -1.1988 0.211
            ]
        }
        coordIndex [
            0,1,2,-1,3,0,4,-1,4,0,5,-1,3,6,0,-1,0,6,7,-1,0,7,1,-1,8,9,10,-1,11,12,2,-1,2,12,13,-1,5,14,4,-1,4,14,8,-1,4,8,15,-1,15,8,10,-1,16,17,2,-1,2,17,18,-1,2,18,11,-1,13,19,2,-1,2,19,20,-1,2,20,0,-1,21,22,23,-1,23,22,24,-1,23,24,8,-1,8,24,25,-1,8,25,9,-1,
        ]
    }
}