#VRML V2.0 utf8
# 3D model generated by easyeda2kicad.py (https://github.com/uPesy/easyeda2kicad.py)

Shape{
    appearance Appearance {
        material  Material 	{
            diffuseColor 0.2 0.2 0.2
            specularColor 0.25098039215686274 0.25098039215686274 0.25098039215686274
            ambientIntensity 0.251
            transparency 0.0
            shininess 0.5
        }
    }
    geometry IndexedFaceSet {
        ccw TRUE
        solid FALSE
        coord DEF co Coordinate {
            point [
                -0.031 -0.1575 0.815, -0.1687 -0.1575 0.815, -1.2441 -0.5 0.815, -0.7278 0.1378 0.815, -0.0782 0.1378 0.815, -0.7278 0.1575 0.815, -0.0782 0.1575 0.815, 0.0596 0.1575 0.815, 1.2441 0.5 0.815, 1.2441 -0.5 0.815, 1.3317 -0.4901 0.815, 0.9843 -0.1378 0.815, -0.1687 -0.1378 0.815, -0.6215 -0.1378 0.815, -0.6215 -0.1575 0.815, 1.6378 -0.1063 0.815, 0.9843 0.1378 0.815, 1.6378 0.1063 0.815, 1.6279 0.1939 0.815, 0.4218 -0.1378 0.815, -0.031 -0.1378 0.815, 0.4218 -0.1575 0.815, -0.7593 -0.1575 0.815, -0.7593 -0.1378 0.815, -0.9843 -0.1378 0.815, -0.9843 0.1378 0.815, -0.8656 0.1378 0.815, -0.8656 0.1575 0.815, 0.0596 0.1378 0.815, 0.7092 0.1378 0.815, 0.7092 0.1575 0.815, 0.5596 -0.1575 0.815, 0.5596 -0.1378 0.815, 0.847 0.1575 0.815, 0.847 0.1378 0.815, 1.4149 -0.461 0.815, 1.4896 -0.4141 0.815, 1.5519 -0.3518 0.815, 1.5988 -0.2771 0.815, 1.6279 -0.1939 0.815, 1.5988 0.2771 0.815, 1.5519 0.3518 0.815, 1.4896 0.4141 0.815, -1.4896 0.4141 0.815, -1.5519 0.3518 0.815, -1.6378 0.1063 0.815, -1.6378 -0.1063 0.815, -1.6279 -0.1939 0.815, 1.4149 0.461 0.815, 1.3317 0.4901 0.815, -1.5988 0.2771 0.815, -1.6279 0.1939 0.815, -1.2441 0.5 0.815, -1.3317 0.4901 0.815, -1.4149 0.461 0.815, -1.5988 -0.2771 0.815, -1.5519 -0.3518 0.815, -1.4896 -0.4141 0.815, -1.4149 -0.461 0.815, -1.3317 -0.4901 0.815, -0.6215 -0.1378 1.9173, 1.1729 -0.1378 1.9764, -1.1729 -0.1378 1.9764, -0.9843 -0.1378 1.6811, -0.7593 -0.1378 1.9173, -0.031 -0.1378 1.9173, -1.2598 -0.1378 1.7598, -1.1811 -0.1378 1.6811, -1.2598 -0.1378 1.8895, 0.4218 -0.1378 1.9173, 0.5596 -0.1378 1.9173, -0.1687 -0.1378 1.9173, 1.2598 -0.1378 1.7598, 1.2598 -0.1378 1.8895, 1.1811 -0.1378 1.6811, 0.9843 -0.1378 1.6811, -0.0782 0.1378 1.9173, 0.9843 0.1378 1.6811, 0.847 0.1378 1.9173, 0.7092 0.1378 1.9173, 0.0596 0.1378 1.9173, -0.7278 0.1378 1.9173, -0.8656 0.1378 1.9173, -1.1729 0.1378 1.9764, 1.2598 0.1378 1.7598, 1.1811 0.1378 1.6811, 1.2598 0.1378 1.8895, 1.1729 0.1378 1.9764, -1.2598 0.1378 1.7598, -1.2598 0.1378 1.8895, -1.1811 0.1378 1.6811, -0.9843 0.1378 1.6811, -1.2795 0.2756 0.0276, -1.6378 0.1063 0.0276, -1.629 0.189 0.0276, -0.5315 0.187 0.0276, -0.4528 0.187 0.0276, 1.3976 0.0 0.0276, 0.1378 0.187 0.0276, 0.1378 0.2756 0.0276, 0.2559 0.2756 0.0276, -1.3976 0.0 0.0276, -1.122 0.187 0.0276, -1.0433 0.187 0.0276, -1.0433 0.2756 0.0276, -0.5315 0.2756 0.0276, -1.6031 0.2679 0.0276, -1.5612 0.3397 0.0276, -1.5051 0.4011 0.0276, -1.4374 0.4493 0.0276, -1.3611 0.4822 0.0276, -1.2795 0.4984 0.0276, -0.2559 0.187 0.0276, -0.3346 0.187 0.0276, -0.3346 0.2756 0.0276, -0.4528 0.2756 0.0276, 1.4764 0.0787 0.0276, 0.2559 0.187 0.0276, 0.3346 0.187 0.0276, 0.5315 0.187 0.0276, 0.4528 0.187 0.0276, 0.4528 0.2756 0.0276, 0.3346 0.2756 0.0276, -0.0591 0.187 0.0276, -0.0591 0.2756 0.0276, 0.0591 0.2756 0.0276, 1.456 -0.0761 0.0276, 1.4764 -0.0787 0.0276, 1.2795 -0.2756 0.0276, 0.5315 -0.187 0.0276, 0.4528 -0.187 0.0276, -1.5551 0.0 0.0276, -1.6378 -0.1063 0.0276, -1.5524 0.0204 0.0276, -1.5446 0.0394 0.0276, -1.5321 0.0557 0.0276, 1.3611 -0.4822 0.0276, 1.2795 -0.4984 0.0276, 1.122 -0.187 0.0276, 1.0433 -0.187 0.0276, 1.0433 -0.2756 0.0276, 0.5315 -0.2756 0.0276, -1.4003 0.0204 0.0276, -1.4082 0.0394 0.0276, -1.122 0.2756 0.0276, -1.4207 0.0557 0.0276, -1.437 0.0682 0.0276, -1.456 0.0761 0.0276, -1.4764 0.0787 0.0276, -1.4968 0.0761 0.0276, -1.5157 0.0682 0.0276, 1.437 0.0682 0.0276, 1.4207 0.0557 0.0276, 0.0591 0.187 0.0276, 1.5551 0.0 0.0276, 1.6378 0.1063 0.0276, 1.5524 -0.0204 0.0276, 1.6378 -0.1063 0.0276, 1.5446 -0.0394 0.0276, 1.5524 0.0204 0.0276, 1.5446 0.0394 0.0276, 1.629 0.189 0.0276, 1.5321 0.0557 0.0276, 1.456 0.0761 0.0276, 1.4082 0.0394 0.0276, 1.4003 0.0204 0.0276, -0.1378 0.187 0.0276, -0.1378 0.2756 0.0276, -0.2559 0.2756 0.0276, 0.2559 -0.187 0.0276, 0.2559 -0.2756 0.0276, 0.1378 -0.2756 0.0276, 1.5321 -0.0557 0.0276, 1.629 -0.189 0.0276, 1.5157 -0.0682 0.0276, 1.6031 -0.2679 0.0276, 1.4968 -0.0761 0.0276, 1.5612 -0.3397 0.0276, 1.5051 -0.4011 0.0276, 1.4374 -0.4493 0.0276, 1.2795 0.4984 0.0276, 1.3611 0.4822 0.0276, 1.2795 0.2756 0.0276, 1.4374 0.4493 0.0276, 1.5051 0.4011 0.0276, 1.5612 0.3397 0.0276, 1.6031 0.2679 0.0276, 0.5315 0.2756 0.0276, 1.0433 0.2756 0.0276, 1.0433 0.187 0.0276, 1.122 0.187 0.0276, 1.4968 0.0761 0.0276, 1.122 0.2756 0.0276, 1.5157 0.0682 0.0276, 0.1378 -0.187 0.0276, 0.0591 -0.187 0.0276, 1.4003 -0.0204 0.0276, 1.4082 -0.0394 0.0276, 1.122 -0.2756 0.0276, 1.4207 -0.0557 0.0276, 1.437 -0.0682 0.0276, 0.3346 -0.187 0.0276, 0.3346 -0.2756 0.0276, 0.4528 -0.2756 0.0276, -0.1378 -0.187 0.0276, -0.1378 -0.2756 0.0276, -0.2559 -0.2756 0.0276, -0.2559 -0.187 0.0276, -0.3346 -0.187 0.0276, -0.0591 -0.187 0.0276, -0.0591 -0.2756 0.0276, 0.0591 -0.2756 0.0276, -1.0433 -0.187 0.0276, -1.122 -0.187 0.0276, -0.5315 -0.187 0.0276, -0.5315 -0.2756 0.0276, -1.0433 -0.2756 0.0276, -1.4003 -0.0204 0.0276, -0.4528 -0.187 0.0276, -0.4528 -0.2756 0.0276, -0.3346 -0.2756 0.0276, -1.5321 -0.0557 0.0276, -1.5157 -0.0682 0.0276, -1.2795 -0.2756 0.0276, -1.4968 -0.0761 0.0276, -1.4764 -0.0787 0.0276, -1.5524 -0.0204 0.0276, -1.5446 -0.0394 0.0276, -1.629 -0.189 0.0276, -1.6031 -0.2679 0.0276, -1.456 -0.0761 0.0276, -1.437 -0.0682 0.0276, -1.122 -0.2756 0.0276, -1.4207 -0.0557 0.0276, -1.4082 -0.0394 0.0276, -1.2795 -0.4984 0.0276, -1.3611 -0.4822 0.0276, -1.4374 -0.4493 0.0276, -1.5051 -0.4011 0.0276, -1.5612 -0.3397 0.0276, 1.3317 0.4901 0.0276, 1.2795 0.4984 0.1772, 1.2441 0.5 0.1772, 1.4149 0.461 0.0276, 1.4896 0.4141 0.0276, 1.5519 0.3518 0.0276, 1.5988 0.2771 0.0276, 1.6279 0.1939 0.0276, 0.8071 0.5 0.1772, 0.8071 0.5 0.4528, 0.4134 0.5 0.4528, -0.8071 0.5 0.1772, -1.2441 0.5 0.1772, -0.8071 0.5 0.4528, -0.4134 0.5 0.4528, -0.4134 0.5 0.1772, 0.4134 0.5 0.1772, -1.2795 0.4984 0.1772, -1.3317 0.4901 0.0276, -1.4149 0.461 0.0276, -1.4896 0.4141 0.0276, -1.5519 0.3518 0.0276, -1.5988 0.2771 0.0276, -1.6279 0.1939 0.0276, -1.3317 -0.4901 0.0276, -1.2795 -0.4984 0.1772, -1.2441 -0.5 0.1772, -1.4149 -0.461 0.0276, -1.4896 -0.4141 0.0276, -1.5519 -0.3518 0.0276, -1.5988 -0.2771 0.0276, -1.6279 -0.1939 0.0276, 0.8071 -0.5 0.1772, 1.2441 -0.5 0.1772, 0.8071 -0.5 0.4528, 0.4134 -0.5 0.4528, -0.8071 -0.5 0.1772, -0.8071 -0.5 0.4528, -0.4134 -0.5 0.4528, -0.4134 -0.5 0.1772, 0.4134 -0.5 0.1772, 1.2795 -0.4984 0.1772, 1.3317 -0.4901 0.0276, 1.4149 -0.461 0.0276, 1.4896 -0.4141 0.0276, 1.5519 -0.3518 0.0276, 1.5988 -0.2771 0.0276, 1.6279 -0.1939 0.0276, -1.2795 -0.2756 0.1772, 0.4134 -0.3071 0.1772, 1.2795 -0.2756 0.1772, -0.8071 -0.3071 0.1772, -0.4134 -0.3071 0.1772, 0.8071 -0.3071 0.1772, 1.2795 0.2756 0.1772, -0.4134 0.3071 0.1772, -1.2795 0.2756 0.1772, 0.8071 0.3071 0.1772, 0.4134 0.3071 0.1772, -0.8071 0.3071 0.1772, -0.8071 0.3071 0.4528, -0.4134 0.3071 0.4528, 0.4134 0.3071 0.4528, 0.8071 0.3071 0.4528, 0.8071 -0.3071 0.4528, 0.4134 -0.3071 0.4528, -0.4134 -0.3071 0.4528, -0.8071 -0.3071 0.4528
            ]
        }
        coordIndex [
            0,1,2,-1,3,4,5,-1,5,4,6,-1,6,7,8,-1,9,10,11,-1,12,13,1,-1,1,13,14,-1,1,14,2,-1,11,15,16,-1,16,15,17,-1,16,17,18,-1,19,20,21,-1,21,20,0,-1,14,22,2,-1,2,22,23,-1,2,23,24,-1,25,26,27,-1,28,29,7,-1,7,29,30,-1,7,30,8,-1,0,2,21,-1,21,2,9,-1,21,9,31,-1,31,9,11,-1,31,11,32,-1,30,33,8,-1,8,33,34,-1,8,34,16,-1,10,35,11,-1,11,35,36,-1,11,36,37,-1,37,38,11,-1,11,38,39,-1,11,39,15,-1,18,40,16,-1,16,40,41,-1,16,41,42,-1,43,44,25,-1,25,45,24,-1,24,45,46,-1,24,46,47,-1,42,48,16,-1,16,48,49,-1,16,49,8,-1,44,50,25,-1,25,50,51,-1,25,51,45,-1,6,8,5,-1,5,8,52,-1,5,52,27,-1,27,52,53,-1,27,53,25,-1,25,53,54,-1,25,54,43,-1,47,55,24,-1,24,55,56,-1,24,56,57,-1,57,58,24,-1,24,58,59,-1,24,59,2,-1,60,61,62,-1,24,23,63,-1,63,23,64,-1,65,20,19,-1,66,67,68,-1,68,67,63,-1,68,63,62,-1,62,63,64,-1,62,64,60,-1,69,70,61,-1,19,69,65,-1,65,69,61,-1,65,61,71,-1,71,61,60,-1,71,60,12,-1,12,60,13,-1,72,73,74,-1,74,73,61,-1,74,61,75,-1,75,61,70,-1,75,70,11,-1,11,70,32,-1,76,4,3,-1,16,34,77,-1,77,34,78,-1,29,28,79,-1,79,28,80,-1,81,82,83,-1,84,85,86,-1,86,85,77,-1,86,77,87,-1,87,77,78,-1,3,81,76,-1,76,81,83,-1,76,83,80,-1,80,83,87,-1,80,87,79,-1,79,87,78,-1,88,89,90,-1,90,89,83,-1,90,83,91,-1,91,83,82,-1,91,82,25,-1,25,82,26,-1,92,93,94,-1,95,96,97,-1,98,99,100,-1,101,102,103,-1,103,104,105,-1,94,106,92,-1,92,106,107,-1,92,107,108,-1,108,109,92,-1,92,109,110,-1,92,110,111,-1,112,97,113,-1,113,97,96,-1,113,96,114,-1,114,96,115,-1,116,117,118,-1,119,116,120,-1,120,116,118,-1,120,118,121,-1,121,118,122,-1,123,124,125,-1,126,127,128,-1,129,130,101,-1,131,132,133,-1,133,132,93,-1,133,93,134,-1,134,93,135,-1,136,137,128,-1,97,138,139,-1,139,140,141,-1,101,142,102,-1,102,142,143,-1,102,143,144,-1,144,143,145,-1,144,145,92,-1,92,145,146,-1,92,146,147,-1,147,148,92,-1,92,148,149,-1,92,149,93,-1,93,149,150,-1,93,150,135,-1,151,152,153,-1,154,155,156,-1,156,155,157,-1,156,157,158,-1,154,159,155,-1,155,159,160,-1,155,160,161,-1,161,160,162,-1,141,129,139,-1,139,129,101,-1,139,101,97,-1,97,101,103,-1,97,103,95,-1,95,103,105,-1,100,117,98,-1,98,117,116,-1,98,116,153,-1,153,116,163,-1,153,163,151,-1,152,164,153,-1,153,164,165,-1,153,165,97,-1,125,153,123,-1,123,153,97,-1,123,97,166,-1,166,97,112,-1,166,112,167,-1,167,112,168,-1,169,170,171,-1,158,157,172,-1,172,157,173,-1,172,173,174,-1,174,173,175,-1,174,175,176,-1,176,175,177,-1,176,177,127,-1,127,177,178,-1,127,178,128,-1,128,178,179,-1,128,179,136,-1,180,181,182,-1,182,181,183,-1,183,184,182,-1,182,184,185,-1,182,185,186,-1,187,188,119,-1,119,188,189,-1,119,189,116,-1,116,189,190,-1,116,190,191,-1,191,190,192,-1,191,192,193,-1,193,192,182,-1,193,182,162,-1,162,182,186,-1,162,186,161,-1,194,195,101,-1,97,196,138,-1,138,196,197,-1,138,197,198,-1,198,197,199,-1,198,199,128,-1,128,199,200,-1,128,200,126,-1,171,194,169,-1,169,194,101,-1,169,101,201,-1,201,101,130,-1,201,130,202,-1,202,130,203,-1,204,205,206,-1,207,208,101,-1,206,207,204,-1,204,207,101,-1,204,101,209,-1,209,101,195,-1,209,195,210,-1,210,195,211,-1,212,213,101,-1,214,215,216,-1,101,213,217,-1,216,212,214,-1,214,212,101,-1,214,101,218,-1,218,101,208,-1,218,208,219,-1,219,208,220,-1,221,222,223,-1,223,222,224,-1,223,224,225,-1,131,226,132,-1,132,226,227,-1,132,227,228,-1,228,227,221,-1,228,221,229,-1,229,221,223,-1,225,230,223,-1,223,230,231,-1,223,231,232,-1,232,231,233,-1,232,233,213,-1,213,233,234,-1,213,234,217,-1,235,236,223,-1,223,236,237,-1,237,238,223,-1,223,238,239,-1,223,239,229,-1,240,180,241,-1,242,8,241,-1,241,8,49,-1,241,49,240,-1,240,49,48,-1,240,48,243,-1,243,48,42,-1,243,42,244,-1,244,42,41,-1,244,41,245,-1,245,41,40,-1,245,40,246,-1,246,40,18,-1,246,18,247,-1,247,18,17,-1,247,17,155,-1,8,242,248,-1,248,249,8,-1,8,249,250,-1,8,250,52,-1,251,252,253,-1,253,252,52,-1,253,52,254,-1,254,52,250,-1,254,250,255,-1,255,250,256,-1,257,111,258,-1,52,252,53,-1,53,252,257,-1,257,258,53,-1,53,258,259,-1,53,259,54,-1,54,259,260,-1,54,260,43,-1,43,260,261,-1,43,261,44,-1,44,261,262,-1,44,262,50,-1,50,262,263,-1,50,263,51,-1,51,263,93,-1,51,93,45,-1,46,45,132,-1,132,45,93,-1,264,235,265,-1,266,2,265,-1,265,2,59,-1,265,59,264,-1,264,59,58,-1,264,58,267,-1,267,58,57,-1,267,57,268,-1,268,57,56,-1,268,56,269,-1,269,56,55,-1,269,55,270,-1,270,55,47,-1,270,47,271,-1,271,47,46,-1,271,46,132,-1,272,273,274,-1,274,273,9,-1,274,9,275,-1,266,276,2,-1,2,276,277,-1,2,277,278,-1,279,280,278,-1,278,280,275,-1,278,275,2,-1,2,275,9,-1,281,137,282,-1,9,273,10,-1,10,273,281,-1,281,282,10,-1,10,282,283,-1,10,283,35,-1,35,283,284,-1,35,284,36,-1,36,284,285,-1,36,285,37,-1,37,285,286,-1,37,286,38,-1,38,286,287,-1,38,287,39,-1,39,287,157,-1,39,157,15,-1,17,15,155,-1,155,15,157,-1,266,265,288,-1,289,280,279,-1,290,281,273,-1,276,266,291,-1,291,266,288,-1,291,288,292,-1,292,288,290,-1,279,292,289,-1,289,292,290,-1,289,290,293,-1,293,290,273,-1,293,273,272,-1,288,265,223,-1,223,265,235,-1,128,137,290,-1,290,137,281,-1,288,223,232,-1,232,216,288,-1,288,216,215,-1,288,215,219,-1,219,220,288,-1,288,220,206,-1,288,206,205,-1,205,210,288,-1,288,210,211,-1,288,211,290,-1,290,211,171,-1,290,171,170,-1,170,202,290,-1,290,202,203,-1,290,203,141,-1,141,140,290,-1,290,140,198,-1,290,198,128,-1,242,241,294,-1,295,255,256,-1,296,257,252,-1,248,242,297,-1,297,242,294,-1,297,294,298,-1,298,294,296,-1,256,298,295,-1,295,298,296,-1,295,296,299,-1,299,296,252,-1,299,252,251,-1,92,111,296,-1,296,111,257,-1,294,241,182,-1,182,241,180,-1,182,192,294,-1,294,192,188,-1,294,188,187,-1,187,121,294,-1,294,121,122,-1,294,122,100,-1,100,99,294,-1,294,99,125,-1,294,125,296,-1,125,124,296,-1,296,124,167,-1,296,167,168,-1,168,114,296,-1,296,114,115,-1,296,115,105,-1,105,104,296,-1,296,104,144,-1,296,144,92,-1,300,253,301,-1,301,253,254,-1,299,251,300,-1,300,251,253,-1,301,254,295,-1,295,254,255,-1,300,301,299,-1,299,301,295,-1,302,250,303,-1,303,250,249,-1,298,256,302,-1,302,256,250,-1,303,249,297,-1,297,249,248,-1,302,303,298,-1,298,303,297,-1,304,274,305,-1,305,274,275,-1,293,272,304,-1,304,272,274,-1,305,275,289,-1,289,275,280,-1,304,305,293,-1,293,305,289,-1,306,278,307,-1,307,278,277,-1,292,279,306,-1,306,279,278,-1,307,277,291,-1,291,277,276,-1,306,307,292,-1,292,307,291,-1,
        ]
    }
}
Shape{
    appearance Appearance {
        material  Material 	{
            diffuseColor 0.6039215686274509 0.6039215686274509 0.6039215686274509
            specularColor 0.7529411764705882 0.7529411764705882 0.7529411764705882
            ambientIntensity 0.7529
            transparency 0.0
            shininess 0.5
        }
    }
    geometry IndexedFaceSet {
        ccw TRUE
        solid FALSE
        coord DEF co Coordinate {
            point [
                1.122 0.4134 -0.0197, 1.122 0.4134 0.0276, 1.122 0.2263 -0.0197, 1.122 0.2756 0.0276, 1.122 0.187 0.0276, 1.122 0.187 0.0197, 1.122 0.1883 0.0095, 1.122 0.1922 0.0, 1.122 0.1985 -0.0082, 1.122 0.2066 -0.0144, 1.122 0.2161 -0.0183, 1.0433 0.187 0.0197, 1.0433 0.187 0.0276, 1.0433 0.4134 0.0276, 1.0433 0.4134 -0.0197, 1.0433 0.2756 0.0276, 1.0433 0.2263 -0.0197, 1.0433 0.2161 -0.0183, 1.0433 0.1922 0.0, 1.0433 0.1883 0.0095, 1.0433 0.2066 -0.0144, 1.0433 0.1985 -0.0082, 0.5315 0.2756 0.0276, 0.5315 0.4134 0.0276, 0.4528 0.2756 0.0276, 0.4528 0.4134 0.0276, 0.5315 0.4134 -0.0197, 0.5315 0.2263 -0.0197, 0.5315 0.187 0.0276, 0.5315 0.187 0.0197, 0.5315 0.1883 0.0095, 0.5315 0.1922 0.0, 0.5315 0.1985 -0.0082, 0.5315 0.2066 -0.0144, 0.5315 0.2161 -0.0183, 0.4528 0.187 0.0197, 0.4528 0.187 0.0276, 0.4528 0.4134 -0.0197, 0.4528 0.2263 -0.0197, 0.4528 0.2161 -0.0183, 0.4528 0.1922 0.0, 0.4528 0.1883 0.0095, 0.4528 0.2066 -0.0144, 0.4528 0.1985 -0.0082, 0.3346 0.4134 0.0276, 0.2559 0.4134 0.0276, 0.3346 0.2756 0.0276, 0.2559 0.2756 0.0276, 0.3346 0.4134 -0.0197, 0.2559 0.4134 -0.0197, 0.3346 0.2263 -0.0197, 0.3346 0.187 0.0276, 0.3346 0.187 0.0197, 0.3346 0.1883 0.0095, 0.3346 0.1922 0.0, 0.3346 0.1985 -0.0082, 0.3346 0.2066 -0.0144, 0.3346 0.2161 -0.0183, 0.2559 0.187 0.0197, 0.2559 0.187 0.0276, 0.2559 0.2263 -0.0197, 0.2559 0.2161 -0.0183, 0.2559 0.1922 0.0, 0.2559 0.1883 0.0095, 0.2559 0.2066 -0.0144, 0.2559 0.1985 -0.0082, 0.1378 0.4134 0.0276, 0.0591 0.4134 0.0276, 0.1378 0.2756 0.0276, 0.0591 0.2756 0.0276, 0.1378 0.4134 -0.0197, 0.0591 0.4134 -0.0197, 0.1378 0.2263 -0.0197, 0.1378 0.187 0.0276, 0.1378 0.187 0.0197, 0.1378 0.1883 0.0095, 0.1378 0.1922 0.0, 0.1378 0.1985 -0.0082, 0.1378 0.2066 -0.0144, 0.1378 0.2161 -0.0183, 0.0591 0.187 0.0197, 0.0591 0.187 0.0276, 0.0591 0.2263 -0.0197, 0.0591 0.2161 -0.0183, 0.0591 0.1922 0.0, 0.0591 0.1883 0.0095, 0.0591 0.2066 -0.0144, 0.0591 0.1985 -0.0082, -0.0591 0.4134 0.0276, -0.1378 0.4134 0.0276, -0.0591 0.2756 0.0276, -0.1378 0.2756 0.0276, -0.0591 0.4134 -0.0197, -0.1378 0.4134 -0.0197, -0.0591 0.2263 -0.0197, -0.0591 0.187 0.0276, -0.0591 0.187 0.0197, -0.0591 0.1883 0.0095, -0.0591 0.1922 0.0, -0.0591 0.1985 -0.0082, -0.0591 0.2066 -0.0144, -0.0591 0.2161 -0.0183, -0.1378 0.187 0.0197, -0.1378 0.187 0.0276, -0.1378 0.2263 -0.0197, -0.1378 0.2161 -0.0183, -0.1378 0.1922 0.0, -0.1378 0.1883 0.0095, -0.1378 0.2066 -0.0144, -0.1378 0.1985 -0.0082, -0.2559 0.4134 0.0276, -0.3346 0.4134 0.0276, -0.2559 0.2756 0.0276, -0.3346 0.2756 0.0276, -0.2559 0.4134 -0.0197, -0.3346 0.4134 -0.0197, -0.2559 0.2263 -0.0197, -0.2559 0.187 0.0276, -0.2559 0.187 0.0197, -0.2559 0.1883 0.0095, -0.2559 0.1922 0.0, -0.2559 0.1985 -0.0082, -0.2559 0.2066 -0.0144, -0.2559 0.2161 -0.0183, -0.3346 0.187 0.0197, -0.3346 0.187 0.0276, -0.3346 0.2263 -0.0197, -0.3346 0.2161 -0.0183, -0.3346 0.1922 0.0, -0.3346 0.1883 0.0095, -0.3346 0.2066 -0.0144, -0.3346 0.1985 -0.0082, -0.4528 0.4134 0.0276, -0.5315 0.4134 0.0276, -0.4528 0.2756 0.0276, -0.5315 0.2756 0.0276, -0.4528 0.4134 -0.0197, -0.5315 0.4134 -0.0197, -0.4528 0.2263 -0.0197, -0.4528 0.187 0.0276, -0.4528 0.187 0.0197, -0.4528 0.1883 0.0095, -0.4528 0.1922 0.0, -0.4528 0.1985 -0.0082, -0.4528 0.2066 -0.0144, -0.4528 0.2161 -0.0183, -0.5315 0.187 0.0197, -0.5315 0.187 0.0276, -0.5315 0.2263 -0.0197, -0.5315 0.2161 -0.0183, -0.5315 0.1922 0.0, -0.5315 0.1883 0.0095, -0.5315 0.2066 -0.0144, -0.5315 0.1985 -0.0082, -1.0433 0.2756 0.0276, -1.0433 0.4134 0.0276, -1.122 0.2756 0.0276, -1.122 0.4134 0.0276, -1.0433 0.4134 -0.0197, -1.122 0.4134 -0.0197, -1.0433 0.2263 -0.0197, -1.0433 0.187 0.0276, -1.0433 0.187 0.0197, -1.0433 0.1883 0.0095, -1.0433 0.1922 0.0, -1.0433 0.1985 -0.0082, -1.0433 0.2066 -0.0144, -1.0433 0.2161 -0.0183, -1.122 0.187 0.0197, -1.122 0.187 0.0276, -1.122 0.2263 -0.0197, -1.122 0.2161 -0.0183, -1.122 0.1922 0.0, -1.122 0.1883 0.0095, -1.122 0.2066 -0.0144, -1.122 0.1985 -0.0082, -1.122 -0.2756 0.0276, -1.122 -0.4134 0.0276, -1.0433 -0.2756 0.0276, -1.0433 -0.4134 0.0276, -1.122 -0.4134 -0.0197, -1.122 -0.2263 -0.0197, -1.122 -0.187 0.0276, -1.122 -0.187 0.0197, -1.122 -0.1883 0.0095, -1.122 -0.1922 0.0, -1.122 -0.1985 -0.0082, -1.122 -0.2066 -0.0144, -1.122 -0.2161 -0.0183, -1.0433 -0.187 0.0197, -1.0433 -0.187 0.0276, -1.0433 -0.4134 -0.0197, -1.0433 -0.2263 -0.0197, -1.0433 -0.2161 -0.0183, -1.0433 -0.1922 0.0, -1.0433 -0.1883 0.0095, -1.0433 -0.2066 -0.0144, -1.0433 -0.1985 -0.0082, -0.5315 -0.4134 0.0276, -0.4528 -0.4134 0.0276, -0.5315 -0.2756 0.0276, -0.4528 -0.2756 0.0276, -0.4528 -0.4134 -0.0197, -0.4528 -0.2263 -0.0197, -0.4528 -0.2161 -0.0183, -0.4528 -0.1922 0.0, -0.4528 -0.1883 0.0095, -0.4528 -0.187 0.0197, -0.4528 -0.187 0.0276, -0.4528 -0.2066 -0.0144, -0.4528 -0.1985 -0.0082, -0.5315 -0.4134 -0.0197, -0.5315 -0.2263 -0.0197, -0.5315 -0.187 0.0276, -0.5315 -0.187 0.0197, -0.5315 -0.1883 0.0095, -0.5315 -0.1922 0.0, -0.5315 -0.1985 -0.0082, -0.5315 -0.2066 -0.0144, -0.5315 -0.2161 -0.0183, -0.3346 -0.4134 0.0276, -0.2559 -0.4134 0.0276, -0.3346 -0.2756 0.0276, -0.2559 -0.2756 0.0276, -0.2559 -0.4134 -0.0197, -0.2559 -0.2263 -0.0197, -0.2559 -0.2161 -0.0183, -0.2559 -0.1922 0.0, -0.2559 -0.1883 0.0095, -0.2559 -0.187 0.0197, -0.2559 -0.187 0.0276, -0.2559 -0.2066 -0.0144, -0.2559 -0.1985 -0.0082, -0.3346 -0.4134 -0.0197, -0.3346 -0.2263 -0.0197, -0.3346 -0.187 0.0276, -0.3346 -0.187 0.0197, -0.3346 -0.1883 0.0095, -0.3346 -0.1922 0.0, -0.3346 -0.1985 -0.0082, -0.3346 -0.2066 -0.0144, -0.3346 -0.2161 -0.0183, -0.1378 -0.4134 0.0276, -0.0591 -0.4134 0.0276, -0.1378 -0.2756 0.0276, -0.0591 -0.2756 0.0276, -0.0591 -0.4134 -0.0197, -0.0591 -0.2263 -0.0197, -0.0591 -0.2161 -0.0183, -0.0591 -0.1922 0.0, -0.0591 -0.1883 0.0095, -0.0591 -0.187 0.0197, -0.0591 -0.187 0.0276, -0.0591 -0.2066 -0.0144, -0.0591 -0.1985 -0.0082, -0.1378 -0.4134 -0.0197, -0.1378 -0.2263 -0.0197, -0.1378 -0.187 0.0276, -0.1378 -0.187 0.0197, -0.1378 -0.1883 0.0095, -0.1378 -0.1922 0.0, -0.1378 -0.1985 -0.0082, -0.1378 -0.2066 -0.0144, -0.1378 -0.2161 -0.0183, 0.0591 -0.4134 0.0276, 0.1378 -0.4134 0.0276, 0.0591 -0.2756 0.0276, 0.1378 -0.2756 0.0276, 0.1378 -0.4134 -0.0197, 0.1378 -0.2263 -0.0197, 0.1378 -0.2161 -0.0183, 0.1378 -0.1922 0.0, 0.1378 -0.1883 0.0095, 0.1378 -0.187 0.0197, 0.1378 -0.187 0.0276, 0.1378 -0.2066 -0.0144, 0.1378 -0.1985 -0.0082, 0.0591 -0.4134 -0.0197, 0.0591 -0.2263 -0.0197, 0.0591 -0.187 0.0276, 0.0591 -0.187 0.0197, 0.0591 -0.1883 0.0095, 0.0591 -0.1922 0.0, 0.0591 -0.1985 -0.0082, 0.0591 -0.2066 -0.0144, 0.0591 -0.2161 -0.0183, 0.2559 -0.4134 0.0276, 0.3346 -0.4134 0.0276, 0.2559 -0.2756 0.0276, 0.3346 -0.2756 0.0276, 0.3346 -0.4134 -0.0197, 0.3346 -0.2263 -0.0197, 0.3346 -0.2161 -0.0183, 0.3346 -0.1922 0.0, 0.3346 -0.1883 0.0095, 0.3346 -0.187 0.0197, 0.3346 -0.187 0.0276, 0.3346 -0.2066 -0.0144, 0.3346 -0.1985 -0.0082, 0.2559 -0.4134 -0.0197, 0.2559 -0.2263 -0.0197, 0.2559 -0.187 0.0276, 0.2559 -0.187 0.0197, 0.2559 -0.1883 0.0095, 0.2559 -0.1922 0.0, 0.2559 -0.1985 -0.0082, 0.2559 -0.2066 -0.0144, 0.2559 -0.2161 -0.0183, 0.4528 -0.2756 0.0276, 0.4528 -0.4134 0.0276, 0.5315 -0.2756 0.0276, 0.5315 -0.4134 0.0276, 0.4528 -0.4134 -0.0197, 0.5315 -0.4134 -0.0197, 0.4528 -0.2263 -0.0197, 0.4528 -0.187 0.0276, 0.4528 -0.187 0.0197, 0.4528 -0.1883 0.0095, 0.4528 -0.1922 0.0, 0.4528 -0.1985 -0.0082, 0.4528 -0.2066 -0.0144, 0.4528 -0.2161 -0.0183, 0.5315 -0.187 0.0197, 0.5315 -0.187 0.0276, 0.5315 -0.2263 -0.0197, 0.5315 -0.2161 -0.0183, 0.5315 -0.1922 0.0, 0.5315 -0.1883 0.0095, 0.5315 -0.2066 -0.0144, 0.5315 -0.1985 -0.0082, 1.0433 -0.2756 0.0276, 1.0433 -0.4134 0.0276, 1.122 -0.2756 0.0276, 1.122 -0.4134 0.0276, 1.0433 -0.4134 -0.0197, 1.122 -0.4134 -0.0197, 1.0433 -0.2263 -0.0197, 1.0433 -0.187 0.0276, 1.0433 -0.187 0.0197, 1.0433 -0.1883 0.0095, 1.0433 -0.1922 0.0, 1.0433 -0.1985 -0.0082, 1.0433 -0.2066 -0.0144, 1.0433 -0.2161 -0.0183, 1.122 -0.187 0.0197, 1.122 -0.187 0.0276, 1.122 -0.2263 -0.0197, 1.122 -0.2161 -0.0183, 1.122 -0.1922 0.0, 1.122 -0.1883 0.0095, 1.122 -0.2066 -0.0144, 1.122 -0.1985 -0.0082
            ]
        }
        coordIndex [
            0,1,2,-1,2,1,3,-1,3,4,5,-1,5,6,3,-1,3,6,7,-1,3,7,8,-1,8,9,3,-1,3,9,10,-1,3,10,2,-1,5,4,11,-1,11,4,12,-1,13,14,15,-1,15,14,16,-1,15,16,17,-1,18,19,15,-1,15,19,11,-1,15,11,12,-1,17,20,15,-1,15,20,21,-1,15,21,18,-1,0,14,1,-1,1,14,13,-1,16,14,2,-1,2,14,0,-1,1,13,3,-1,3,13,15,-1,22,23,24,-1,24,23,25,-1,26,23,27,-1,27,23,22,-1,22,28,29,-1,29,30,22,-1,22,30,31,-1,22,31,32,-1,32,33,22,-1,22,33,34,-1,22,34,27,-1,29,28,35,-1,35,28,36,-1,25,37,24,-1,24,37,38,-1,24,38,39,-1,40,41,24,-1,24,41,35,-1,24,35,36,-1,39,42,24,-1,24,42,43,-1,24,43,40,-1,26,37,23,-1,23,37,25,-1,38,37,27,-1,27,37,26,-1,44,45,46,-1,46,45,47,-1,48,49,44,-1,44,49,45,-1,48,44,50,-1,50,44,46,-1,46,51,52,-1,52,53,46,-1,46,53,54,-1,46,54,55,-1,55,56,46,-1,46,56,57,-1,46,57,50,-1,52,51,58,-1,58,51,59,-1,45,49,47,-1,47,49,60,-1,47,60,61,-1,62,63,47,-1,47,63,58,-1,47,58,59,-1,61,64,47,-1,47,64,65,-1,47,65,62,-1,60,49,50,-1,50,49,48,-1,66,67,68,-1,68,67,69,-1,70,71,66,-1,66,71,67,-1,70,66,72,-1,72,66,68,-1,68,73,74,-1,74,75,68,-1,68,75,76,-1,68,76,77,-1,77,78,68,-1,68,78,79,-1,68,79,72,-1,74,73,80,-1,80,73,81,-1,67,71,69,-1,69,71,82,-1,69,82,83,-1,84,85,69,-1,69,85,80,-1,69,80,81,-1,83,86,69,-1,69,86,87,-1,69,87,84,-1,82,71,72,-1,72,71,70,-1,88,89,90,-1,90,89,91,-1,92,93,88,-1,88,93,89,-1,92,88,94,-1,94,88,90,-1,90,95,96,-1,96,97,90,-1,90,97,98,-1,90,98,99,-1,99,100,90,-1,90,100,101,-1,90,101,94,-1,96,95,102,-1,102,95,103,-1,89,93,91,-1,91,93,104,-1,91,104,105,-1,106,107,91,-1,91,107,102,-1,91,102,103,-1,105,108,91,-1,91,108,109,-1,91,109,106,-1,104,93,94,-1,94,93,92,-1,110,111,112,-1,112,111,113,-1,114,115,110,-1,110,115,111,-1,114,110,116,-1,116,110,112,-1,112,117,118,-1,118,119,112,-1,112,119,120,-1,112,120,121,-1,121,122,112,-1,112,122,123,-1,112,123,116,-1,118,117,124,-1,124,117,125,-1,111,115,113,-1,113,115,126,-1,113,126,127,-1,128,129,113,-1,113,129,124,-1,113,124,125,-1,127,130,113,-1,113,130,131,-1,113,131,128,-1,126,115,116,-1,116,115,114,-1,132,133,134,-1,134,133,135,-1,136,137,132,-1,132,137,133,-1,136,132,138,-1,138,132,134,-1,134,139,140,-1,140,141,134,-1,134,141,142,-1,134,142,143,-1,143,144,134,-1,134,144,145,-1,134,145,138,-1,140,139,146,-1,146,139,147,-1,133,137,135,-1,135,137,148,-1,135,148,149,-1,150,151,135,-1,135,151,146,-1,135,146,147,-1,149,152,135,-1,135,152,153,-1,135,153,150,-1,148,137,138,-1,138,137,136,-1,154,155,156,-1,156,155,157,-1,158,159,155,-1,155,159,157,-1,158,155,160,-1,160,155,154,-1,154,161,162,-1,162,163,154,-1,154,163,164,-1,154,164,165,-1,165,166,154,-1,154,166,167,-1,154,167,160,-1,162,161,168,-1,168,161,169,-1,157,159,156,-1,156,159,170,-1,156,170,171,-1,172,173,156,-1,156,173,168,-1,156,168,169,-1,171,174,156,-1,156,174,175,-1,156,175,172,-1,170,159,160,-1,160,159,158,-1,176,177,178,-1,178,177,179,-1,180,177,181,-1,181,177,176,-1,176,182,183,-1,183,184,176,-1,176,184,185,-1,176,185,186,-1,186,187,176,-1,176,187,188,-1,176,188,181,-1,183,182,189,-1,189,182,190,-1,179,191,178,-1,178,191,192,-1,178,192,193,-1,194,195,178,-1,178,195,189,-1,178,189,190,-1,193,196,178,-1,178,196,197,-1,178,197,194,-1,180,191,177,-1,177,191,179,-1,192,191,181,-1,181,191,180,-1,198,199,200,-1,200,199,201,-1,199,202,201,-1,201,202,203,-1,201,203,204,-1,205,206,201,-1,201,206,207,-1,201,207,208,-1,204,209,201,-1,201,209,210,-1,201,210,205,-1,211,202,198,-1,198,202,199,-1,211,198,212,-1,212,198,200,-1,200,213,214,-1,214,215,200,-1,200,215,216,-1,200,216,217,-1,217,218,200,-1,200,218,219,-1,200,219,212,-1,214,213,207,-1,207,213,208,-1,203,202,212,-1,212,202,211,-1,220,221,222,-1,222,221,223,-1,221,224,223,-1,223,224,225,-1,223,225,226,-1,227,228,223,-1,223,228,229,-1,223,229,230,-1,226,231,223,-1,223,231,232,-1,223,232,227,-1,233,224,220,-1,220,224,221,-1,233,220,234,-1,234,220,222,-1,222,235,236,-1,236,237,222,-1,222,237,238,-1,222,238,239,-1,239,240,222,-1,222,240,241,-1,222,241,234,-1,236,235,229,-1,229,235,230,-1,225,224,234,-1,234,224,233,-1,242,243,244,-1,244,243,245,-1,243,246,245,-1,245,246,247,-1,245,247,248,-1,249,250,245,-1,245,250,251,-1,245,251,252,-1,248,253,245,-1,245,253,254,-1,245,254,249,-1,255,246,242,-1,242,246,243,-1,255,242,256,-1,256,242,244,-1,244,257,258,-1,258,259,244,-1,244,259,260,-1,244,260,261,-1,261,262,244,-1,244,262,263,-1,244,263,256,-1,258,257,251,-1,251,257,252,-1,247,246,256,-1,256,246,255,-1,264,265,266,-1,266,265,267,-1,265,268,267,-1,267,268,269,-1,267,269,270,-1,271,272,267,-1,267,272,273,-1,267,273,274,-1,270,275,267,-1,267,275,276,-1,267,276,271,-1,277,268,264,-1,264,268,265,-1,277,264,278,-1,278,264,266,-1,266,279,280,-1,280,281,266,-1,266,281,282,-1,266,282,283,-1,283,284,266,-1,266,284,285,-1,266,285,278,-1,280,279,273,-1,273,279,274,-1,269,268,278,-1,278,268,277,-1,286,287,288,-1,288,287,289,-1,287,290,289,-1,289,290,291,-1,289,291,292,-1,293,294,289,-1,289,294,295,-1,289,295,296,-1,292,297,289,-1,289,297,298,-1,289,298,293,-1,299,290,286,-1,286,290,287,-1,299,286,300,-1,300,286,288,-1,288,301,302,-1,302,303,288,-1,288,303,304,-1,288,304,305,-1,305,306,288,-1,288,306,307,-1,288,307,300,-1,302,301,295,-1,295,301,296,-1,291,290,300,-1,300,290,299,-1,308,309,310,-1,310,309,311,-1,312,313,309,-1,309,313,311,-1,312,309,314,-1,314,309,308,-1,308,315,316,-1,316,317,308,-1,308,317,318,-1,308,318,319,-1,319,320,308,-1,308,320,321,-1,308,321,314,-1,316,315,322,-1,322,315,323,-1,311,313,310,-1,310,313,324,-1,310,324,325,-1,326,327,310,-1,310,327,322,-1,310,322,323,-1,325,328,310,-1,310,328,329,-1,310,329,326,-1,324,313,314,-1,314,313,312,-1,330,331,332,-1,332,331,333,-1,334,335,331,-1,331,335,333,-1,334,331,336,-1,336,331,330,-1,330,337,338,-1,338,339,330,-1,330,339,340,-1,330,340,341,-1,341,342,330,-1,330,342,343,-1,330,343,336,-1,338,337,344,-1,344,337,345,-1,333,335,332,-1,332,335,346,-1,332,346,347,-1,348,349,332,-1,332,349,344,-1,332,344,345,-1,347,350,332,-1,332,350,351,-1,332,351,348,-1,346,335,336,-1,336,335,334,-1,346,336,343,-1,346,343,347,-1,347,343,342,-1,347,342,350,-1,350,342,341,-1,350,341,351,-1,351,341,340,-1,351,340,348,-1,348,340,339,-1,348,339,349,-1,349,339,338,-1,349,338,344,-1,324,314,321,-1,324,321,325,-1,325,321,320,-1,325,320,328,-1,328,320,319,-1,328,319,329,-1,329,319,318,-1,329,318,326,-1,326,318,317,-1,326,317,327,-1,327,317,316,-1,327,316,322,-1,302,295,294,-1,302,294,303,-1,303,294,293,-1,303,293,304,-1,304,293,298,-1,304,298,305,-1,305,298,297,-1,305,297,306,-1,306,297,292,-1,306,292,307,-1,307,292,291,-1,307,291,300,-1,280,273,272,-1,280,272,281,-1,281,272,271,-1,281,271,282,-1,282,271,276,-1,282,276,283,-1,283,276,275,-1,283,275,284,-1,284,275,270,-1,284,270,285,-1,285,270,269,-1,285,269,278,-1,258,251,250,-1,258,250,259,-1,259,250,249,-1,259,249,260,-1,260,249,254,-1,260,254,261,-1,261,254,253,-1,261,253,262,-1,262,253,248,-1,262,248,263,-1,263,248,247,-1,263,247,256,-1,236,229,228,-1,236,228,237,-1,237,228,227,-1,237,227,238,-1,238,227,232,-1,238,232,239,-1,239,232,231,-1,239,231,240,-1,240,231,226,-1,240,226,241,-1,241,226,225,-1,241,225,234,-1,214,207,206,-1,214,206,215,-1,215,206,205,-1,215,205,216,-1,216,205,210,-1,216,210,217,-1,217,210,209,-1,217,209,218,-1,218,209,204,-1,218,204,219,-1,219,204,203,-1,219,203,212,-1,192,181,188,-1,192,188,193,-1,193,188,187,-1,193,187,196,-1,196,187,186,-1,196,186,197,-1,197,186,185,-1,197,185,194,-1,194,185,184,-1,194,184,195,-1,195,184,183,-1,195,183,189,-1,170,160,167,-1,170,167,171,-1,171,167,166,-1,171,166,174,-1,174,166,165,-1,174,165,175,-1,175,165,164,-1,175,164,172,-1,172,164,163,-1,172,163,173,-1,173,163,162,-1,173,162,168,-1,140,146,151,-1,140,151,141,-1,141,151,150,-1,141,150,142,-1,142,150,153,-1,142,153,143,-1,143,153,152,-1,143,152,144,-1,144,152,149,-1,144,149,145,-1,145,149,148,-1,145,148,138,-1,118,124,129,-1,118,129,119,-1,119,129,128,-1,119,128,120,-1,120,128,131,-1,120,131,121,-1,121,131,130,-1,121,130,122,-1,122,130,127,-1,122,127,123,-1,123,127,126,-1,123,126,116,-1,96,102,107,-1,96,107,97,-1,97,107,106,-1,97,106,98,-1,98,106,109,-1,98,109,99,-1,99,109,108,-1,99,108,100,-1,100,108,105,-1,100,105,101,-1,101,105,104,-1,101,104,94,-1,74,80,85,-1,74,85,75,-1,75,85,84,-1,75,84,76,-1,76,84,87,-1,76,87,77,-1,77,87,86,-1,77,86,78,-1,78,86,83,-1,78,83,79,-1,79,83,82,-1,79,82,72,-1,52,58,63,-1,52,63,53,-1,53,63,62,-1,53,62,54,-1,54,62,65,-1,54,65,55,-1,55,65,64,-1,55,64,56,-1,56,64,61,-1,56,61,57,-1,57,61,60,-1,57,60,50,-1,38,27,34,-1,38,34,39,-1,39,34,33,-1,39,33,42,-1,42,33,32,-1,42,32,43,-1,43,32,31,-1,43,31,40,-1,40,31,30,-1,40,30,41,-1,41,30,29,-1,41,29,35,-1,16,2,10,-1,16,10,17,-1,17,10,9,-1,17,9,20,-1,20,9,8,-1,20,8,21,-1,21,8,7,-1,21,7,18,-1,18,7,6,-1,18,6,19,-1,19,6,5,-1,19,5,11,-1,
        ]
    }
}
Shape{
    appearance Appearance {
        material  Material 	{
            diffuseColor 0.2 0.2 0.2
            specularColor 0.25098039215686274 0.25098039215686274 0.25098039215686274
            ambientIntensity 0.251
            transparency 0.0
            shininess 0.5
        }
    }
    geometry IndexedFaceSet {
        ccw TRUE
        solid FALSE
        coord DEF co Coordinate {
            point [
                1.5551 0.0 0.0276, 1.5524 0.0204 -0.1378, 1.5524 0.0204 0.0276, 1.5446 0.0394 -0.1378, 1.5446 0.0394 0.0276, 1.5321 0.0557 -0.1378, 1.5321 0.0557 0.0276, 1.5157 0.0682 -0.1378, 1.5157 0.0682 0.0276, 1.4968 0.0761 -0.1378, 1.4968 0.0761 0.0276, 1.4764 0.0787 -0.1378, 1.4764 0.0787 0.0276, 1.456 0.0761 -0.1378, 1.456 0.0761 0.0276, 1.437 0.0682 -0.1378, 1.437 0.0682 0.0276, 1.4207 0.0557 -0.1378, 1.4207 0.0557 0.0276, 1.4082 0.0394 -0.1378, 1.4082 0.0394 0.0276, 1.4003 0.0204 -0.1378, 1.4003 0.0204 0.0276, 1.3976 0.0 -0.1378, 1.3976 0.0 0.0276, 1.4003 -0.0204 -0.1378, 1.4003 -0.0204 0.0276, 1.4082 -0.0394 -0.1378, 1.4082 -0.0394 0.0276, 1.4207 -0.0557 -0.1378, 1.4207 -0.0557 0.0276, 1.437 -0.0682 -0.1378, 1.437 -0.0682 0.0276, 1.456 -0.0761 -0.1378, 1.456 -0.0761 0.0276, 1.4764 -0.0787 -0.1378, 1.4764 -0.0787 0.0276, 1.4968 -0.0761 -0.1378, 1.4968 -0.0761 0.0276, 1.5157 -0.0682 -0.1378, 1.5157 -0.0682 0.0276, 1.5321 -0.0557 -0.1378, 1.5321 -0.0557 0.0276, 1.5446 -0.0394 -0.1378, 1.5446 -0.0394 0.0276, 1.5524 -0.0204 -0.1378, 1.5524 -0.0204 0.0276, 1.5551 0.0 -0.1378, 1.4423 -0.0197 -0.1772, 1.4383 -0.0102 -0.1772, 1.4764 0.0 -0.1772, 1.437 0.0 -0.1772, 1.4383 0.0102 -0.1772, 1.4662 -0.038 -0.1772, 1.4567 -0.0341 -0.1772, 1.4485 -0.0278 -0.1772, 1.4961 -0.0341 -0.1772, 1.4866 -0.038 -0.1772, 1.4764 -0.0394 -0.1772, 1.5144 -0.0102 -0.1772, 1.5105 -0.0197 -0.1772, 1.5042 -0.0278 -0.1772, 1.5105 0.0197 -0.1772, 1.5144 0.0102 -0.1772, 1.5157 0.0 -0.1772, 1.4866 0.038 -0.1772, 1.4961 0.0341 -0.1772, 1.5042 0.0278 -0.1772, 1.4567 0.0341 -0.1772, 1.4662 0.038 -0.1772, 1.4764 0.0394 -0.1772, 1.4423 0.0197 -0.1772, 1.4485 0.0278 -0.1772, -1.3976 0.0 0.0276, -1.4003 0.0204 -0.1378, -1.4003 0.0204 0.0276, -1.4082 0.0394 -0.1378, -1.4082 0.0394 0.0276, -1.4207 0.0557 -0.1378, -1.4207 0.0557 0.0276, -1.437 0.0682 -0.1378, -1.437 0.0682 0.0276, -1.456 0.0761 -0.1378, -1.456 0.0761 0.0276, -1.4764 0.0787 -0.1378, -1.4764 0.0787 0.0276, -1.4968 0.0761 -0.1378, -1.4968 0.0761 0.0276, -1.5157 0.0682 -0.1378, -1.5157 0.0682 0.0276, -1.5321 0.0557 -0.1378, -1.5321 0.0557 0.0276, -1.5446 0.0394 -0.1378, -1.5446 0.0394 0.0276, -1.5524 0.0204 -0.1378, -1.5524 0.0204 0.0276, -1.5551 0.0 -0.1378, -1.5551 0.0 0.0276, -1.5524 -0.0204 -0.1378, -1.5524 -0.0204 0.0276, -1.5446 -0.0394 -0.1378, -1.5446 -0.0394 0.0276, -1.5321 -0.0557 -0.1378, -1.5321 -0.0557 0.0276, -1.5157 -0.0682 -0.1378, -1.5157 -0.0682 0.0276, -1.4968 -0.0761 -0.1378, -1.4968 -0.0761 0.0276, -1.4764 -0.0787 -0.1378, -1.4764 -0.0787 0.0276, -1.456 -0.0761 -0.1378, -1.456 -0.0761 0.0276, -1.437 -0.0682 -0.1378, -1.437 -0.0682 0.0276, -1.4207 -0.0557 -0.1378, -1.4207 -0.0557 0.0276, -1.4082 -0.0394 -0.1378, -1.4082 -0.0394 0.0276, -1.4003 -0.0204 -0.1378, -1.4003 -0.0204 0.0276, -1.3976 0.0 -0.1378, -1.5105 -0.0197 -0.1772, -1.5144 -0.0102 -0.1772, -1.4764 0.0 -0.1772, -1.5157 0.0 -0.1772, -1.5144 0.0102 -0.1772, -1.4866 -0.038 -0.1772, -1.4961 -0.0341 -0.1772, -1.5042 -0.0278 -0.1772, -1.4567 -0.0341 -0.1772, -1.4662 -0.038 -0.1772, -1.4764 -0.0394 -0.1772, -1.4383 -0.0102 -0.1772, -1.4423 -0.0197 -0.1772, -1.4485 -0.0278 -0.1772, -1.4423 0.0197 -0.1772, -1.4383 0.0102 -0.1772, -1.437 0.0 -0.1772, -1.4662 0.038 -0.1772, -1.4567 0.0341 -0.1772, -1.4485 0.0278 -0.1772, -1.4961 0.0341 -0.1772, -1.4866 0.038 -0.1772, -1.4764 0.0394 -0.1772, -1.5105 0.0197 -0.1772, -1.5042 0.0278 -0.1772, -0.9843 0.1378 1.6811, -0.9843 0.1378 0.815, -0.9843 -0.1378 1.6811, -0.9843 -0.1378 0.815, -1.1811 0.1378 1.6811, -1.1811 -0.1378 1.6811, -1.2598 0.1378 1.7598, -1.2598 -0.1378 1.7598, -1.2598 0.1378 1.8895, -1.2598 -0.1378 1.8895, -1.2598 0.1371 1.8967, -1.2598 -0.1371 1.8967, -1.2598 -0.1352 1.9034, -1.2598 0.1352 1.9034, -1.2598 -0.132 1.9092, -1.2598 0.132 1.9092, -1.2541 -0.1181 1.9231, -1.1869 -0.1181 1.9903, -1.2541 0.1181 1.9231, -1.1869 0.1181 1.9903, -1.1729 -0.1181 1.9961, 1.1729 -0.1181 1.9961, -1.1729 0.1181 1.9961, 1.1729 0.1181 1.9961, 1.1869 0.1181 1.9903, 1.1869 -0.1181 1.9903, 1.2541 0.1181 1.9231, 1.2541 -0.1181 1.9231, 1.2598 -0.1378 1.7598, 1.2598 0.1378 1.7598, 1.2598 -0.1378 1.8895, 1.2598 0.1378 1.8895, 1.2598 -0.1371 1.8967, 1.2598 0.1371 1.8967, 1.2598 0.1352 1.9034, 1.2598 -0.1352 1.9034, 1.2598 0.132 1.9092, 1.2598 -0.132 1.9092, 1.1811 0.1378 1.6811, 1.1811 -0.1378 1.6811, 0.9843 0.1378 1.6811, 0.9843 -0.1378 1.6811, 0.9843 0.1378 0.815, 0.9843 -0.1378 0.815, -1.1729 -0.1378 1.9764, -1.1766 -0.1371 1.98, -1.1772 -0.1368 1.9806, -1.1778 -0.1364 1.9812, -1.1799 -0.1352 1.9833, -1.1814 -0.1336 1.9848, -1.1816 -0.1333 1.9851, -1.1828 -0.132 1.9862, -1.2592 -0.128 1.9143, -1.1842 -0.1294 1.9876, -1.185 -0.128 1.9884, -1.2572 -0.1232 1.919, -1.1851 -0.1275 1.9886, -1.1857 -0.1255 1.9891, -1.1865 -0.1218 1.99, -1.1864 -0.1232 1.9898, -1.2592 0.128 1.9143, -1.2572 0.1232 1.919, -1.1836 -0.1243 1.9917, -1.1776 -0.1353 1.9848, -1.1729 -0.1373 1.9806, -1.1729 -0.137 1.9814, -1.1769 -0.133 1.9886, -1.1807 -0.1315 1.9886, -1.1817 -0.1268 1.9917, -1.1839 -0.129 1.9886, -1.1752 -0.1264 1.9941, -1.1729 -0.1267 1.9941, -1.1741 -0.1224 1.9956, -1.1729 -0.1232 1.9953, -1.1774 -0.1181 1.9956, -1.1772 -0.1193 1.9956, -1.178 -0.1181 1.9953, -1.1812 -0.1203 1.9941, -1.1761 -0.1212 1.9956, -1.1768 -0.1203 1.9956, -1.179 -0.1242 1.9941, -1.1804 -0.1224 1.9941, -1.1849 -0.1213 1.9917, -1.1853 -0.1181 1.9917, -1.1827 -0.1181 1.9933, -1.1815 -0.1181 1.9941, -1.1729 -0.1319 1.9902, -1.1761 -0.13 1.9917, -1.1729 -0.1304 1.9917, -1.1729 -0.1279 1.9933, -1.1752 -0.1219 1.9956, -1.1772 -0.1255 1.9941, -1.1791 -0.1288 1.9917, -1.1729 -0.1225 1.9956, -1.1729 -0.1359 1.9848, -1.1729 -0.1351 1.9862, -1.1729 -0.1336 1.9886, -1.1853 0.1181 1.9917, -1.1827 0.1181 1.9933, -1.1815 0.1181 1.9941, -1.178 0.1181 1.9953, -1.1774 0.1181 1.9956, -1.1816 0.1333 1.9851, -1.1814 0.1336 1.9848, -1.1799 0.1352 1.9833, -1.1778 0.1364 1.9812, -1.1772 0.1368 1.9806, -1.1766 0.1371 1.98, -1.1729 0.1378 1.9764, -1.1865 0.1218 1.99, -1.1864 0.1232 1.9898, -1.1857 0.1255 1.9891, -1.1851 0.1275 1.9886, -1.185 0.128 1.9884, -1.1842 0.1294 1.9876, -1.1828 0.132 1.9862, 1.1729 -0.1225 1.9956, 1.1729 -0.1232 1.9953, 1.1729 -0.1267 1.9941, 1.1729 -0.1279 1.9933, 1.1729 -0.1304 1.9917, 1.1729 -0.1319 1.9902, 1.1729 -0.1336 1.9886, 1.1729 -0.1351 1.9862, 1.1729 -0.1359 1.9848, 1.1729 -0.137 1.9814, 1.1729 -0.1373 1.9806, 1.1729 -0.1378 1.9764, -1.1812 0.1203 1.9941, -1.1772 0.1193 1.9956, -1.1768 0.1203 1.9956, -1.1752 0.1219 1.9956, -1.1761 0.1212 1.9956, -1.1839 0.129 1.9886, -1.1836 0.1243 1.9917, -1.1849 0.1213 1.9917, -1.1807 0.1315 1.9886, -1.1769 0.133 1.9886, -1.1776 0.1353 1.9848, -1.1729 0.1225 1.9956, -1.1741 0.1224 1.9956, -1.1729 0.1232 1.9953, -1.1804 0.1224 1.9941, -1.179 0.1242 1.9941, -1.1772 0.1255 1.9941, -1.1752 0.1264 1.9941, -1.1817 0.1268 1.9917, -1.1791 0.1288 1.9917, -1.1761 0.13 1.9917, -1.1729 0.1267 1.9941, -1.1729 0.1279 1.9933, -1.1729 0.1304 1.9917, -1.1729 0.1319 1.9902, -1.1729 0.1373 1.9806, -1.1729 0.137 1.9814, -1.1729 0.1359 1.9848, -1.1729 0.1351 1.9862, -1.1729 0.1336 1.9886, 1.1812 -0.1203 1.9941, 1.1772 -0.1193 1.9956, 1.1768 -0.1203 1.9956, 1.1752 -0.1219 1.9956, 1.1761 -0.1212 1.9956, 1.1774 -0.1181 1.9956, 1.185 -0.128 1.9884, 1.1851 -0.1275 1.9886, 1.1839 -0.129 1.9886, 1.1836 -0.1243 1.9917, 1.1864 -0.1232 1.9898, 1.1849 -0.1213 1.9917, 1.1865 -0.1218 1.99, 1.1814 -0.1336 1.9848, 1.1816 -0.1333 1.9851, 1.1807 -0.1315 1.9886, 1.1828 -0.132 1.9862, 1.1842 -0.1294 1.9876, 1.1769 -0.133 1.9886, 1.1776 -0.1353 1.9848, 1.1799 -0.1352 1.9833, 1.1778 -0.1364 1.9812, 1.1741 -0.1224 1.9956, 1.1804 -0.1224 1.9941, 1.179 -0.1242 1.9941, 1.1772 -0.1255 1.9941, 1.1752 -0.1264 1.9941, 1.1853 -0.1181 1.9917, 1.1827 -0.1181 1.9933, 1.1815 -0.1181 1.9941, 1.178 -0.1181 1.9953, 1.1817 -0.1268 1.9917, 1.1791 -0.1288 1.9917, 1.1761 -0.13 1.9917, 1.1857 -0.1255 1.9891, 1.1766 -0.1371 1.98, 1.1772 -0.1368 1.9806, 1.1774 0.1181 1.9956, 1.178 0.1181 1.9953, 1.1815 0.1181 1.9941, 1.1827 0.1181 1.9933, 1.1853 0.1181 1.9917, 1.1729 0.1225 1.9956, 1.1729 0.1232 1.9953, 1.1729 0.1267 1.9941, 1.1729 0.1279 1.9933, 1.1729 0.1304 1.9917, 1.1729 0.1319 1.9902, 1.1729 0.1336 1.9886, 1.1729 0.1351 1.9862, 1.1729 0.1359 1.9848, 1.1729 0.137 1.9814, 1.1729 0.1373 1.9806, 1.1729 0.1378 1.9764, 1.2572 -0.1232 1.919, 1.2592 -0.128 1.9143, 1.1864 0.1232 1.9898, 1.1857 0.1255 1.9891, 1.1836 0.1243 1.9917, 1.1799 0.1352 1.9833, 1.1778 0.1364 1.9812, 1.1776 0.1353 1.9848, 1.1766 0.1371 1.98, 1.1772 0.1368 1.9806, 1.1814 0.1336 1.9848, 1.1769 0.133 1.9886, 1.1816 0.1333 1.9851, 1.1842 0.1294 1.9876, 1.1828 0.132 1.9862, 1.1807 0.1315 1.9886, 1.1817 0.1268 1.9917, 1.1851 0.1275 1.9886, 1.1839 0.129 1.9886, 1.185 0.128 1.9884, 1.1752 0.1264 1.9941, 1.1741 0.1224 1.9956, 1.1772 0.1193 1.9956, 1.1812 0.1203 1.9941, 1.1761 0.1212 1.9956, 1.1768 0.1203 1.9956, 1.179 0.1242 1.9941, 1.1804 0.1224 1.9941, 1.1865 0.1218 1.99, 1.1849 0.1213 1.9917, 1.1761 0.13 1.9917, 1.1752 0.1219 1.9956, 1.1772 0.1255 1.9941, 1.1791 0.1288 1.9917, 1.2572 0.1232 1.919, 1.2592 0.128 1.9143
            ]
        }
        coordIndex [
            0,1,2,-1,2,1,3,-1,2,3,4,-1,4,3,5,-1,4,5,6,-1,6,5,7,-1,6,7,8,-1,8,7,9,-1,8,9,10,-1,10,9,11,-1,10,11,12,-1,12,11,13,-1,12,13,14,-1,14,13,15,-1,14,15,16,-1,16,15,17,-1,16,17,18,-1,18,17,19,-1,18,19,20,-1,20,19,21,-1,20,21,22,-1,22,21,23,-1,22,23,24,-1,24,23,25,-1,24,25,26,-1,26,25,27,-1,26,27,28,-1,28,27,29,-1,28,29,30,-1,30,29,31,-1,30,31,32,-1,32,31,33,-1,32,33,34,-1,34,33,35,-1,34,35,36,-1,36,35,37,-1,36,37,38,-1,38,37,39,-1,38,39,40,-1,40,39,41,-1,40,41,42,-1,42,41,43,-1,42,43,44,-1,44,43,45,-1,44,45,46,-1,46,45,47,-1,46,47,0,-1,0,47,1,-1,48,49,50,-1,50,49,51,-1,50,51,52,-1,53,54,50,-1,50,54,55,-1,50,55,48,-1,56,57,50,-1,50,57,58,-1,50,58,53,-1,59,60,50,-1,50,60,61,-1,50,61,56,-1,62,63,50,-1,50,63,64,-1,50,64,59,-1,65,66,50,-1,50,66,67,-1,50,67,62,-1,68,69,50,-1,50,69,70,-1,50,70,65,-1,52,71,50,-1,50,71,72,-1,50,72,68,-1,73,74,75,-1,75,74,76,-1,75,76,77,-1,77,76,78,-1,77,78,79,-1,79,78,80,-1,79,80,81,-1,81,80,82,-1,81,82,83,-1,83,82,84,-1,83,84,85,-1,85,84,86,-1,85,86,87,-1,87,86,88,-1,87,88,89,-1,89,88,90,-1,89,90,91,-1,91,90,92,-1,91,92,93,-1,93,92,94,-1,93,94,95,-1,95,94,96,-1,95,96,97,-1,97,96,98,-1,97,98,99,-1,99,98,100,-1,99,100,101,-1,101,100,102,-1,101,102,103,-1,103,102,104,-1,103,104,105,-1,105,104,106,-1,105,106,107,-1,107,106,108,-1,107,108,109,-1,109,108,110,-1,109,110,111,-1,111,110,112,-1,111,112,113,-1,113,112,114,-1,113,114,115,-1,115,114,116,-1,115,116,117,-1,117,116,118,-1,117,118,119,-1,119,118,120,-1,119,120,73,-1,73,120,74,-1,121,122,123,-1,123,122,124,-1,123,124,125,-1,126,127,123,-1,123,127,128,-1,123,128,121,-1,129,130,123,-1,123,130,131,-1,123,131,126,-1,132,133,123,-1,123,133,134,-1,123,134,129,-1,135,136,123,-1,123,136,137,-1,123,137,132,-1,138,139,123,-1,123,139,140,-1,123,140,135,-1,141,142,123,-1,123,142,143,-1,123,143,138,-1,125,144,123,-1,123,144,145,-1,123,145,141,-1,120,136,74,-1,74,136,135,-1,74,135,76,-1,76,135,140,-1,76,140,78,-1,78,140,139,-1,78,139,80,-1,80,139,138,-1,80,138,82,-1,82,138,143,-1,82,143,84,-1,84,143,142,-1,84,142,86,-1,86,142,141,-1,86,141,88,-1,88,141,145,-1,88,145,90,-1,90,145,144,-1,90,144,92,-1,92,144,125,-1,92,125,94,-1,94,125,124,-1,94,124,96,-1,96,124,122,-1,96,122,98,-1,98,122,121,-1,98,121,100,-1,100,121,128,-1,100,128,102,-1,102,128,127,-1,102,127,104,-1,104,127,126,-1,104,126,106,-1,106,126,131,-1,106,131,108,-1,108,131,130,-1,108,130,110,-1,110,130,129,-1,110,129,112,-1,112,129,134,-1,112,134,114,-1,114,134,133,-1,114,133,116,-1,116,133,132,-1,116,132,118,-1,118,132,137,-1,118,137,120,-1,120,137,136,-1,47,63,1,-1,1,63,62,-1,1,62,3,-1,3,62,67,-1,3,67,5,-1,5,67,66,-1,5,66,7,-1,7,66,65,-1,7,65,9,-1,9,65,70,-1,9,70,11,-1,11,70,69,-1,11,69,13,-1,13,69,68,-1,13,68,15,-1,15,68,72,-1,15,72,17,-1,17,72,71,-1,17,71,19,-1,19,71,52,-1,19,52,21,-1,21,52,51,-1,21,51,23,-1,23,51,49,-1,23,49,25,-1,25,49,48,-1,25,48,27,-1,27,48,55,-1,27,55,29,-1,29,55,54,-1,29,54,31,-1,31,54,53,-1,31,53,33,-1,33,53,58,-1,33,58,35,-1,35,58,57,-1,35,57,37,-1,37,57,56,-1,37,56,39,-1,39,56,61,-1,39,61,41,-1,41,61,60,-1,41,60,43,-1,43,60,59,-1,43,59,45,-1,45,59,64,-1,45,64,47,-1,47,64,63,-1,146,147,148,-1,148,147,149,-1,150,146,151,-1,151,146,148,-1,152,150,153,-1,153,150,151,-1,152,153,154,-1,154,153,155,-1,154,155,156,-1,155,157,156,-1,156,157,158,-1,156,158,159,-1,159,158,160,-1,159,160,161,-1,162,163,164,-1,164,163,165,-1,166,167,168,-1,168,167,169,-1,170,171,172,-1,172,171,173,-1,174,175,176,-1,176,175,177,-1,176,177,178,-1,177,179,178,-1,178,179,180,-1,178,180,181,-1,181,180,182,-1,181,182,183,-1,184,175,185,-1,185,175,174,-1,186,184,187,-1,187,184,185,-1,188,186,189,-1,189,186,187,-1,190,191,155,-1,155,191,157,-1,191,192,157,-1,157,192,193,-1,157,193,158,-1,193,194,158,-1,158,194,195,-1,158,195,160,-1,195,196,160,-1,160,196,197,-1,160,197,198,-1,197,199,198,-1,198,199,200,-1,198,200,201,-1,201,200,202,-1,201,202,203,-1,163,162,204,-1,204,162,201,-1,204,201,205,-1,205,201,203,-1,161,160,198,-1,161,198,206,-1,206,198,201,-1,206,201,207,-1,207,201,162,-1,207,162,164,-1,205,203,208,-1,194,193,209,-1,190,210,191,-1,191,210,192,-1,192,210,193,-1,193,210,211,-1,193,211,209,-1,194,209,195,-1,195,209,212,-1,195,212,196,-1,199,197,213,-1,214,202,215,-1,215,202,200,-1,216,217,218,-1,218,217,219,-1,166,220,221,-1,221,220,222,-1,221,222,223,-1,224,225,226,-1,226,225,227,-1,226,227,214,-1,214,227,208,-1,214,208,202,-1,202,208,203,-1,204,205,228,-1,228,205,208,-1,228,208,223,-1,223,208,227,-1,223,227,221,-1,221,227,225,-1,221,225,166,-1,224,166,225,-1,163,204,229,-1,229,204,228,-1,229,228,230,-1,230,228,223,-1,230,223,231,-1,231,223,222,-1,212,232,233,-1,233,232,234,-1,233,234,216,-1,216,234,235,-1,216,235,217,-1,218,236,216,-1,216,236,237,-1,216,237,233,-1,233,237,238,-1,233,238,212,-1,212,238,213,-1,212,213,196,-1,196,213,197,-1,200,199,215,-1,215,199,213,-1,215,213,214,-1,214,213,238,-1,214,238,226,-1,226,238,237,-1,226,237,224,-1,224,237,236,-1,224,236,166,-1,218,166,236,-1,219,239,218,-1,218,239,166,-1,211,240,209,-1,209,240,241,-1,209,241,212,-1,212,241,242,-1,212,242,232,-1,165,163,243,-1,243,163,229,-1,243,229,244,-1,244,229,230,-1,244,230,245,-1,245,230,231,-1,245,231,246,-1,246,231,222,-1,246,222,247,-1,247,222,220,-1,247,220,168,-1,168,220,166,-1,159,161,248,-1,248,249,159,-1,159,249,250,-1,159,250,156,-1,156,250,251,-1,156,251,252,-1,252,253,156,-1,156,253,254,-1,156,254,154,-1,207,164,165,-1,165,255,207,-1,207,255,256,-1,207,256,206,-1,206,256,257,-1,206,257,258,-1,258,259,206,-1,206,259,260,-1,206,260,161,-1,161,260,261,-1,161,261,248,-1,167,166,262,-1,262,166,239,-1,262,239,263,-1,263,239,219,-1,263,219,264,-1,264,219,217,-1,264,217,265,-1,265,217,235,-1,265,235,266,-1,266,235,234,-1,266,234,267,-1,267,234,232,-1,267,232,268,-1,268,232,242,-1,268,242,269,-1,269,242,241,-1,269,241,270,-1,270,241,240,-1,270,240,271,-1,271,240,211,-1,271,211,272,-1,272,211,210,-1,272,210,273,-1,273,210,190,-1,274,275,276,-1,168,277,278,-1,276,275,168,-1,247,168,275,-1,259,258,279,-1,280,256,281,-1,281,256,255,-1,281,255,165,-1,249,248,282,-1,282,248,261,-1,282,261,279,-1,279,261,260,-1,279,260,259,-1,282,283,249,-1,249,283,284,-1,249,284,250,-1,250,284,251,-1,168,285,286,-1,286,285,287,-1,277,168,286,-1,288,278,289,-1,289,278,277,-1,289,277,290,-1,290,277,286,-1,290,286,291,-1,291,286,287,-1,243,244,274,-1,274,244,245,-1,274,245,275,-1,275,245,246,-1,275,246,247,-1,281,288,280,-1,280,288,289,-1,280,289,292,-1,292,289,290,-1,292,290,293,-1,293,290,291,-1,293,291,294,-1,165,243,281,-1,281,243,274,-1,281,274,288,-1,288,274,276,-1,288,276,278,-1,278,276,168,-1,287,295,291,-1,291,295,296,-1,291,296,294,-1,294,296,297,-1,294,297,298,-1,298,283,294,-1,294,283,282,-1,294,282,293,-1,293,282,279,-1,293,279,292,-1,292,279,258,-1,292,258,280,-1,280,258,257,-1,280,257,256,-1,254,253,299,-1,299,253,252,-1,299,252,300,-1,300,252,251,-1,300,251,301,-1,301,251,284,-1,301,284,302,-1,302,284,283,-1,302,283,303,-1,303,283,298,-1,304,305,306,-1,167,307,308,-1,306,305,167,-1,309,167,305,-1,310,311,312,-1,313,314,315,-1,315,314,316,-1,315,316,171,-1,317,318,319,-1,319,318,320,-1,319,320,312,-1,312,320,321,-1,312,321,310,-1,319,322,317,-1,317,322,323,-1,317,323,324,-1,324,323,325,-1,167,262,326,-1,326,262,263,-1,307,167,326,-1,327,308,328,-1,328,308,307,-1,328,307,329,-1,329,307,326,-1,329,326,330,-1,330,326,263,-1,331,332,304,-1,304,332,333,-1,304,333,305,-1,305,333,334,-1,305,334,309,-1,315,327,313,-1,313,327,328,-1,313,328,335,-1,335,328,329,-1,335,329,336,-1,336,329,330,-1,336,330,337,-1,171,331,315,-1,315,331,304,-1,315,304,327,-1,327,304,306,-1,327,306,308,-1,308,306,167,-1,263,264,330,-1,330,264,265,-1,330,265,337,-1,337,265,266,-1,337,266,267,-1,267,322,337,-1,337,322,319,-1,337,319,336,-1,336,319,312,-1,336,312,335,-1,335,312,311,-1,335,311,313,-1,313,311,338,-1,313,338,314,-1,273,339,272,-1,272,339,340,-1,272,340,271,-1,271,340,325,-1,271,325,270,-1,270,325,323,-1,270,323,269,-1,269,323,322,-1,269,322,268,-1,268,322,267,-1,169,167,341,-1,341,167,309,-1,341,309,342,-1,342,309,334,-1,342,334,343,-1,343,334,333,-1,343,333,344,-1,344,333,332,-1,344,332,345,-1,345,332,331,-1,345,331,170,-1,170,331,171,-1,168,169,285,-1,285,169,346,-1,285,346,287,-1,287,346,347,-1,287,347,295,-1,295,347,348,-1,295,348,296,-1,296,348,349,-1,296,349,297,-1,297,349,350,-1,297,350,298,-1,298,350,351,-1,298,351,303,-1,303,351,352,-1,303,352,302,-1,302,352,353,-1,302,353,301,-1,301,353,354,-1,301,354,300,-1,300,354,355,-1,300,355,299,-1,299,355,356,-1,299,356,254,-1,254,356,357,-1,358,173,171,-1,171,316,358,-1,358,316,314,-1,358,314,359,-1,359,314,338,-1,359,338,311,-1,311,310,359,-1,359,310,321,-1,359,321,183,-1,321,320,183,-1,183,320,318,-1,183,318,181,-1,318,317,181,-1,181,317,324,-1,181,324,178,-1,178,324,325,-1,178,325,340,-1,340,339,178,-1,178,339,273,-1,178,273,176,-1,360,361,362,-1,363,364,365,-1,357,356,366,-1,366,356,367,-1,367,356,364,-1,364,356,355,-1,364,355,365,-1,363,365,368,-1,368,365,369,-1,368,369,370,-1,371,372,373,-1,374,375,376,-1,376,375,377,-1,378,348,379,-1,379,348,347,-1,169,341,380,-1,380,341,342,-1,380,342,381,-1,382,383,384,-1,384,383,385,-1,384,385,374,-1,374,385,362,-1,374,362,375,-1,375,362,361,-1,386,360,387,-1,387,360,362,-1,387,362,381,-1,381,362,385,-1,381,385,380,-1,380,385,383,-1,380,383,169,-1,382,169,383,-1,170,386,345,-1,345,386,387,-1,345,387,344,-1,344,387,381,-1,344,381,343,-1,343,381,342,-1,369,351,388,-1,388,351,350,-1,388,350,378,-1,378,350,349,-1,378,349,348,-1,379,389,378,-1,378,389,390,-1,378,390,388,-1,388,390,391,-1,388,391,369,-1,369,391,373,-1,369,373,370,-1,370,373,372,-1,377,371,376,-1,376,371,373,-1,376,373,374,-1,374,373,391,-1,374,391,384,-1,384,391,390,-1,384,390,382,-1,382,390,389,-1,382,389,169,-1,379,169,389,-1,347,346,379,-1,379,346,169,-1,355,354,365,-1,365,354,353,-1,365,353,369,-1,369,353,352,-1,369,352,351,-1,172,173,358,-1,172,358,392,-1,392,358,359,-1,392,359,393,-1,393,359,183,-1,393,183,182,-1,357,366,177,-1,177,366,179,-1,366,367,179,-1,179,367,364,-1,179,364,180,-1,364,363,180,-1,180,363,368,-1,180,368,182,-1,368,370,182,-1,182,370,372,-1,182,372,393,-1,372,371,393,-1,393,371,377,-1,393,377,392,-1,392,377,375,-1,392,375,361,-1,170,172,386,-1,386,172,392,-1,386,392,360,-1,360,392,361,-1,
        ]
    }
}
Shape{
    appearance Appearance {
        material  Material 	{
            diffuseColor 0.792156862745098 0.5882352941176471 0.41568627450980394
            specularColor 0.9882352941176471 0.7372549019607844 0.5176470588235295
            ambientIntensity 0.7873
            transparency 0.0
            shininess 0.5
        }
    }
    geometry IndexedFaceSet {
        ccw TRUE
        solid FALSE
        coord DEF co Coordinate {
            point [
                -0.8656 0.1378 1.9173, -0.8656 0.1575 1.9173, -0.8656 0.1378 0.815, -0.8656 0.1575 0.815, -0.7278 0.1575 1.9173, -0.7278 0.1378 1.9173, -0.7278 0.1575 0.815, -0.7278 0.1378 0.815, -0.0782 0.1378 1.9173, -0.0782 0.1575 1.9173, -0.0782 0.1378 0.815, -0.0782 0.1575 0.815, 0.0596 0.1575 1.9173, 0.0596 0.1378 1.9173, 0.0596 0.1575 0.815, 0.0596 0.1378 0.815, 0.7092 0.1378 1.9173, 0.7092 0.1575 1.9173, 0.7092 0.1378 0.815, 0.7092 0.1575 0.815, 0.847 0.1575 1.9173, 0.847 0.1378 1.9173, 0.847 0.1575 0.815, 0.847 0.1378 0.815, 0.5596 -0.1378 1.9173, 0.5596 -0.1575 1.9173, 0.5596 -0.1378 0.815, 0.5596 -0.1575 0.815, 0.4218 -0.1575 1.9173, 0.4218 -0.1378 1.9173, 0.4218 -0.1575 0.815, 0.4218 -0.1378 0.815, -0.031 -0.1378 1.9173, -0.031 -0.1575 1.9173, -0.031 -0.1378 0.815, -0.031 -0.1575 0.815, -0.1687 -0.1575 1.9173, -0.1687 -0.1378 1.9173, -0.1687 -0.1575 0.815, -0.1687 -0.1378 0.815, -0.6215 -0.1378 1.9173, -0.6215 -0.1575 1.9173, -0.6215 -0.1378 0.815, -0.6215 -0.1575 0.815, -0.7593 -0.1575 1.9173, -0.7593 -0.1378 1.9173, -0.7593 -0.1575 0.815, -0.7593 -0.1378 0.815
            ]
        }
        coordIndex [
            0,1,2,-1,2,1,3,-1,4,5,6,-1,6,5,7,-1,1,4,3,-1,3,4,6,-1,5,4,0,-1,0,4,1,-1,8,9,10,-1,10,9,11,-1,12,13,14,-1,14,13,15,-1,9,12,11,-1,11,12,14,-1,13,12,8,-1,8,12,9,-1,16,17,18,-1,18,17,19,-1,20,21,22,-1,22,21,23,-1,17,20,19,-1,19,20,22,-1,21,20,16,-1,16,20,17,-1,24,25,26,-1,26,25,27,-1,28,29,30,-1,30,29,31,-1,25,28,27,-1,27,28,30,-1,29,28,24,-1,24,28,25,-1,32,33,34,-1,34,33,35,-1,36,37,38,-1,38,37,39,-1,33,36,35,-1,35,36,38,-1,37,36,32,-1,32,36,33,-1,40,41,42,-1,42,41,43,-1,44,45,46,-1,46,45,47,-1,41,44,43,-1,43,44,46,-1,45,44,40,-1,40,44,41,-1,
        ]
    }
}
Shape{
    appearance Appearance {
        material  Material 	{
            diffuseColor 0.6039215686274509 0.6039215686274509 0.6039215686274509
            specularColor 0.7529411764705882 0.7529411764705882 0.7529411764705882
            ambientIntensity 0.7529
            transparency 0.0
            shininess 0.5
        }
    }
    geometry IndexedFaceSet {
        ccw TRUE
        solid FALSE
        coord DEF co Coordinate {
            point [
                -1.248 0.622 2.5394, -0.6141 0.622 2.5394, -0.6141 0.622 1.1676, 0.3047 0.622 0.9595, 0.3079 0.622 0.9591, 0.288 0.622 0.9591, 0.3911 0.622 1.104, 0.3923 0.622 1.1072, 0.3923 0.622 1.0862, 0.5165 0.622 1.0752, 0.5115 0.622 1.0627, 0.4742 0.622 1.0627, 0.5281 0.622 1.0914, 0.5244 0.622 1.0862, 0.4742 0.622 1.0862, 0.6165 0.622 1.1743, 0.6068 0.622 1.1676, 0.4742 0.622 1.1676, 0.5941 0.622 1.1588, 0.5745 0.622 1.1359, 0.5633 0.622 1.1138, 0.5605 0.622 1.1129, 0.5436 0.622 1.1045, 0.7238 0.622 1.1759, 0.6974 0.622 1.1855, 1.248 0.622 2.5394, 0.4742 0.622 2.5394, 0.6715 0.622 1.1884, 0.6447 0.622 1.1852, 0.7375 0.622 1.1676, 1.248 0.622 1.1676, 0.7398 0.622 1.1662, 1.248 0.622 1.0862, 0.8621 0.622 1.0862, 0.8571 0.622 1.0974, 0.8434 0.622 1.115, 0.8004 0.622 1.1395, 0.778 0.622 1.1423, 0.7532 0.622 1.1547, 0.7714 0.622 1.1419, 0.7649 0.622 1.1411, 0.8396 0.622 1.1186, 0.8215 0.622 1.1313, 0.8285 0.622 0.9728, 0.8463 0.622 0.988, 1.248 0.622 0.9591, 0.8079 0.622 0.9628, 0.8593 0.622 1.0066, 0.8674 0.622 1.0278, 1.248 0.622 1.0627, 0.8702 0.622 1.0501, 0.87 0.622 1.0555, 0.8687 0.622 1.0627, 0.8662 0.622 1.0769, 0.8007 0.622 0.9607, 0.8 0.622 0.9591, 0.795 0.622 0.9485, 0.7865 0.622 0.938, 1.248 0.622 0.2756, 1.122 0.622 0.2756, 1.122 0.622 0.4724, 1.248 0.622 0.9274, 0.8412 0.622 0.4724, 0.8349 0.622 0.4806, 0.8268 0.622 0.4869, 0.8173 0.622 0.4908, 0.7702 0.622 0.9274, 0.7754 0.622 0.9296, 0.7231 0.622 0.9274, 0.7329 0.622 0.9237, 0.4742 0.622 0.4921, 0.8071 0.622 0.4921, 0.7466 0.622 0.922, 0.7488 0.622 0.922, 0.7623 0.622 0.9241, 0.6933 0.622 0.9591, 0.6934 0.622 0.9589, 0.4742 0.622 0.9274, 0.7001 0.622 0.9462, 0.7088 0.622 0.9364, 0.7202 0.622 0.9285, 0.6206 0.622 0.9927, 0.6167 0.622 0.9943, 0.61 0.622 1.0267, 0.7039 0.622 1.017, 0.6277 0.622 1.0569, 0.7139 0.622 1.0261, 0.726 0.622 1.0326, 0.6241 0.622 0.9902, 0.5167 0.622 1.0009, 0.528 0.622 0.9852, 0.4742 0.622 0.9591, 0.5425 0.622 1.0437, 0.5452 0.622 1.0546, 0.5496 0.622 1.0627, 0.8329 0.622 1.0627, 0.5096 0.622 1.0578, 0.507 0.622 1.0392, 0.5096 0.622 1.0189, 0.6123 0.622 0.9948, 0.6117 0.622 0.9948, 0.61 0.622 0.9944, 0.8295 0.622 1.0285, 0.8228 0.622 1.0169, 0.7939 0.622 1.0111, 0.8126 0.622 1.0065, 0.8002 0.622 0.9988, 0.7728 0.622 1.0299, 0.7844 0.622 1.0218, 0.8343 0.622 1.0512, 0.8336 0.622 1.0424, 0.7602 0.622 1.0347, 0.7466 0.622 1.0364, 0.7397 0.622 1.036, 0.5435 0.622 0.972, 0.5609 0.622 0.9635, 0.5798 0.622 0.9595, 0.6299 0.622 0.9772, 0.6298 0.622 0.9794, 0.6897 0.622 0.9846, 0.6286 0.622 0.9838, 0.6265 0.622 0.9877, 0.5538 0.622 1.0086, 0.5476 0.622 1.0174, 0.5436 0.622 1.0276, 0.5423 0.622 1.0387, 0.6134 0.622 0.9595, 0.6166 0.622 0.9601, 0.6204 0.622 0.9615, 0.6241 0.622 0.9642, 0.6254 0.622 0.9655, 0.6279 0.622 0.9691, 0.6294 0.622 0.9729, 0.69 0.622 0.973, 0.6897 0.622 0.9789, 0.6089 0.622 0.9943, 0.5833 0.622 0.9943, 0.573 0.622 0.9962, 0.563 0.622 1.0009, 0.5546 0.622 1.0078, 0.5912 0.622 1.0831, 0.8277 0.622 1.0777, 0.8326 0.622 1.065, 0.5867 0.622 1.0831, 0.5505 0.622 1.0644, 0.5571 0.622 1.0717, 0.5659 0.622 1.0779, 0.5758 0.622 1.0817, 0.6035 0.622 1.1173, 0.6163 0.622 1.1326, 0.7472 0.622 1.0996, 0.6178 0.622 1.1339, 0.6338 0.622 1.145, 0.7385 0.622 1.1176, 0.8218 0.622 1.0862, 0.7513 0.622 1.1018, 0.5919 0.622 1.0862, 0.5947 0.622 1.0989, 0.764 0.622 1.1065, 0.7774 0.622 1.1081, 0.7833 0.622 1.1078, 0.7257 0.622 1.1328, 0.6516 0.622 1.1519, 0.7105 0.622 1.144, 0.6709 0.622 1.1542, 0.6919 0.622 1.1515, 0.7974 0.622 1.1045, 0.81 0.622 1.0978, 0.8198 0.622 1.089, 0.094 0.622 1.0862, 0.1201 0.622 1.0868, 0.1315 0.622 1.0868, 0.1506 0.622 1.1669, 0.094 0.622 1.1676, 0.169 0.622 1.1676, 0.1807 0.622 1.0868, 0.1921 0.622 1.0868, 0.1943 0.622 1.0862, 0.169 0.622 1.0862, 0.169 0.622 1.1087, 0.173 0.622 1.1087, 0.1943 0.622 1.1676, 0.169 0.622 1.1474, 0.1616 0.622 1.1669, 0.2693 0.622 1.1676, 0.288 0.622 1.1676, 0.2787 0.622 1.1669, 0.288 0.622 1.1669, 0.3096 0.622 1.1577, 0.3096 0.622 1.1321, 0.288 0.622 1.1577, 0.288 0.622 1.1321, 0.2787 0.622 1.1577, 0.281 0.622 1.1321, 0.2769 0.622 1.096, 0.281 0.622 1.1229, 0.288 0.622 1.096, 0.288 0.622 1.1229, 0.3096 0.622 1.096, 0.3096 0.622 1.1229, 0.3199 0.622 1.0868, 0.3246 0.622 1.0862, 0.288 0.622 1.0862, 0.2693 0.622 1.0862, 0.2769 0.622 1.0868, 0.288 0.622 1.0868, 0.3199 0.622 1.1669, 0.3246 0.622 1.1676, 0.3548 0.622 1.1589, 0.3586 0.622 1.1587, 0.3394 0.622 1.0985, 0.345 0.622 1.1578, 0.3359 0.622 1.1542, 0.3359 0.622 1.1001, 0.3368 0.622 1.1547, 0.3394 0.622 1.1556, 0.3654 0.622 1.1573, 0.3717 0.622 1.1542, 0.3766 0.622 1.15, 0.3772 0.622 1.1494, 0.3811 0.622 1.1439, 0.3837 0.622 1.137, 0.385 0.622 1.126, 0.3849 0.622 1.1224, 0.3438 0.622 1.0965, 0.3529 0.622 1.0948, 0.3566 0.622 1.0947, 0.3835 0.622 1.1145, 0.3809 0.622 1.1082, 0.3772 0.622 1.1031, 0.375 0.622 1.101, 0.3637 0.622 1.0954, 0.3695 0.622 1.0975, 0.3463 0.622 1.1676, 0.3444 0.622 1.1674, 0.3394 0.622 1.1676, 0.3394 0.622 1.166, 0.3359 0.622 1.165, 0.3923 0.622 1.1676, 0.3901 0.622 1.1489, 0.3843 0.622 1.1565, 0.3823 0.622 1.1584, 0.3748 0.622 1.1636, 0.3665 0.622 1.1669, 0.3971 0.622 1.0862, 0.3971 0.622 1.1676, 0.3939 0.622 1.14, 0.3923 0.622 1.1438, 0.3943 0.622 1.1124, 0.3959 0.622 1.1254, 0.3958 0.622 1.1295, 0.3656 0.622 1.0862, 0.3729 0.622 1.0879, 0.3803 0.622 1.0918, 0.3856 0.622 1.0964, 0.3863 0.622 1.0972, 0.3581 0.622 1.0855, 0.3644 0.622 1.0859, 0.3923 0.622 1.0627, 0.351 0.622 1.0862, 0.3394 0.622 1.0627, 0.3359 0.622 1.0902, 0.3373 0.622 1.0895, 0.3394 0.622 1.0862, 0.3394 0.622 1.0888, 0.3459 0.622 1.0867, -1.122 0.622 0.2756, -1.248 0.622 0.2756, -1.122 0.622 0.4724, -1.248 0.622 0.9274, -0.8173 0.622 0.4908, -0.8071 0.622 0.4921, -0.6141 0.622 0.9274, -0.6141 0.622 0.4921, -0.8412 0.622 0.4724, -0.8349 0.622 0.4806, -0.8268 0.622 0.4869, 0.094 0.622 0.9274, -0.4331 0.622 0.4869, -0.4426 0.622 0.4908, -0.479 0.622 0.374, -0.4528 0.622 0.374, -0.479 0.622 0.1772, -0.4426 0.622 0.3754, 0.094 0.622 0.1772, -0.4331 0.622 0.3793, -0.4249 0.622 0.3855, -0.4134 0.622 0.4528, -0.4147 0.622 0.4629, -0.4187 0.622 0.3937, -0.4147 0.622 0.4032, -0.4134 0.622 0.4134, -0.4528 0.622 0.4921, -0.4187 0.622 0.4724, -0.4249 0.622 0.4806, 0.479 0.622 0.374, 0.479 0.622 0.1772, 0.4742 0.622 0.374, 0.4742 0.622 0.1772, 0.4426 0.622 0.4908, 0.4331 0.622 0.4869, 0.3971 0.622 0.9274, 0.4528 0.622 0.4921, 0.4187 0.622 0.3937, 0.4249 0.622 0.3855, 0.3971 0.622 0.1772, 0.4331 0.622 0.3793, 0.4426 0.622 0.3754, 0.4528 0.622 0.374, 0.4249 0.622 0.4806, 0.4187 0.622 0.4724, 0.4147 0.622 0.4629, 0.4134 0.622 0.4528, 0.4134 0.622 0.4134, 0.4147 0.622 0.4032, 0.3866 0.622 0.9844, 0.3846 0.622 0.9872, 0.3831 0.622 1.0033, 0.3394 0.622 0.9591, 0.3428 0.622 0.9598, 0.3528 0.622 0.9598, 0.3528 0.622 0.9687, 0.3531 0.622 0.9687, 0.3804 0.622 0.9606, 0.3923 0.622 0.9591, 0.3766 0.622 0.9592, 0.3764 0.622 0.9591, 0.387 0.622 0.9672, 0.3882 0.622 0.9706, 0.3887 0.622 0.9751, 0.3498 0.622 1.0145, 0.3471 0.622 1.0119, 0.3814 0.622 0.9899, 0.377 0.622 0.992, 0.3772 0.622 1.0071, 0.3698 0.622 0.9938, 0.361 0.622 1.0098, 0.3644 0.622 1.0102, 0.3709 0.622 1.0094, 0.3838 0.622 0.963, 0.3849 0.622 0.9641, 0.3558 0.622 0.9649, 0.3591 0.622 0.9619, 0.3609 0.622 0.9608, 0.3887 0.622 0.9766, 0.388 0.622 0.9809, 0.3736 0.622 1.0171, 0.3635 0.622 1.0183, 0.3573 0.622 1.0177, 0.3531 0.622 1.0164, 0.3831 0.622 1.013, 0.3811 0.622 1.0142, 0.3451 0.622 1.0087, 0.3435 0.622 1.004, 0.3428 0.622 0.9966, 0.3528 0.622 0.9962, 0.3532 0.622 1.0006, 0.3542 0.622 1.0042, 0.3554 0.622 1.0062, 0.3569 0.622 1.0079, 0.3587 0.622 1.009, 0.3706 0.622 0.9585, 0.3923 0.622 0.9274, 0.3652 0.622 0.9591, 0.3394 0.622 0.9274, 0.3291 0.622 1.0016, 0.3287 0.622 1.0052, 0.3276 0.622 0.9946, 0.3287 0.622 0.9977, 0.3292 0.622 0.9722, 0.3252 0.622 0.9697, 0.3246 0.622 0.9695, 0.3246 0.622 0.9908, 0.3263 0.622 0.9925, 0.3246 0.622 0.9908, 0.3195 0.622 0.9591, 0.323 0.622 0.9596, 0.3246 0.622 0.9591, 0.3246 0.622 0.9601, 0.3292 0.622 0.9618, 0.2933 0.622 1.0158, 0.2933 0.622 1.006, 0.3227 0.622 1.0138, 0.3195 0.622 1.0157, 0.3246 0.622 1.0627, 0.3275 0.622 1.0084, 0.3257 0.622 1.0111, 0.3246 0.622 1.0121, 0.291 0.622 0.9713, 0.2923 0.622 0.9682, 0.2941 0.622 0.9655, 0.3139 0.622 1.0176, 0.3069 0.622 1.0183, 0.288 0.622 1.0627, 0.2998 0.622 1.0177, 0.2939 0.622 0.9848, 0.2921 0.622 0.9821, 0.291 0.622 0.9791, 0.2906 0.622 0.9754, 0.297 0.622 0.963, 0.2994 0.622 0.9615, 0.3078 0.622 1.0102, 0.3108 0.622 1.0099, 0.3188 0.622 1.0025, 0.3135 0.622 1.0092, 0.3157 0.622 1.008, 0.3187 0.622 1.0011, 0.3183 0.622 0.9996, 0.3176 0.622 0.9982, 0.3166 0.622 0.9972, 0.3131 0.622 0.9949, 0.3014 0.622 1.0094, 0.3069 0.622 0.9922, 0.2957 0.622 1.0074, 0.303 0.622 0.9907, 0.2963 0.622 0.987, 0.3173 0.622 1.0067, 0.3181 0.622 1.0054, 0.3186 0.622 1.0041, 0.3189 0.622 0.9674, 0.3139 0.622 0.985, 0.3199 0.622 0.9877, 0.3127 0.622 0.9667, 0.3123 0.622 0.9667, 0.3074 0.622 0.9822, 0.3071 0.622 0.9672, 0.3009 0.622 0.9744, 0.301 0.622 0.9756, 0.3045 0.622 0.9682, 0.3036 0.622 0.9687, 0.3025 0.622 0.9698, 0.3016 0.622 0.9711, 0.3011 0.622 0.9725, 0.3014 0.622 0.9772, 0.3022 0.622 0.9785, 0.3034 0.622 0.9798, 0.2196 0.622 1.0399, 0.1943 0.622 1.0399, 0.1943 0.622 1.0627, 0.2592 0.622 0.974, 0.258 0.622 0.9693, 0.2577 0.622 0.9693, 0.2305 0.622 1.017, 0.2693 0.622 1.0627, 0.2409 0.622 1.017, 0.2693 0.622 1.0031, 0.2565 0.622 0.9739, 0.2572 0.622 0.9713, 0.2693 0.622 0.9591, 0.2693 0.622 0.9762, 0.2854 0.622 1.017, 0.2741 0.622 1.017, 0.2629 0.622 0.9599, 0.2633 0.622 0.9591, 0.2673 0.622 0.9495, 0.288 0.622 0.9274, 0.2833 0.622 0.9337, 0.2833 0.622 0.9426, 0.2712 0.622 0.9438, 0.2693 0.622 0.9459, 0.2693 0.622 0.9459, 0.3137 0.622 0.9585, 0.3246 0.622 0.9274, 0.2812 0.622 0.942, 0.2776 0.622 0.9415, 0.2693 0.622 0.9347, 0.2728 0.622 0.9333, 0.2693 0.622 0.9274, 0.2768 0.622 0.9329, 0.279 0.622 0.933, 0.2751 0.622 0.9418, 0.2729 0.622 0.9426, 0.2564 0.622 0.9512, 0.2609 0.622 0.9423, 0.1943 0.622 0.9274, 0.2533 0.622 0.9591, 0.2646 0.622 0.9379, 0.2653 0.622 0.9373, 0.2688 0.622 0.9349, 0.1784 0.622 1.0399, 0.1784 0.622 1.0307, 0.169 0.622 1.0627, 0.1766 0.622 0.9689, 0.169 0.622 0.9591, 0.1766 0.622 0.9598, 0.1943 0.622 0.9591, 0.1943 0.622 0.9598, 0.2196 0.622 0.9598, 0.2093 0.622 1.0307, 0.2093 0.622 1.0051, 0.1943 0.622 1.0307, 0.1943 0.622 1.0051, 0.1807 0.622 1.0051, 0.1807 0.622 0.9959, 0.1943 0.622 0.9689, 0.1943 0.622 0.9959, 0.2093 0.622 0.9689, 0.2093 0.622 0.9959, 0.4311 0.622 1.1669, 0.4311 0.622 1.096, 0.3992 0.622 1.096, 0.4414 0.622 1.0868, 0.4414 0.622 1.1669, 0.3992 0.622 1.0868, 0.3971 0.622 1.0627, 0.4002 0.622 1.0399, 0.4002 0.622 1.0307, 0.4311 0.622 1.0307, 0.4311 0.622 1.0051, 0.3983 0.622 0.9689, 0.3983 0.622 0.9598, 0.3971 0.622 0.9591, 0.4414 0.622 0.9598, 0.4414 0.622 1.0399, 0.4311 0.622 0.9959, 0.4311 0.622 0.9689, 0.4024 0.622 0.9959, 0.4024 0.622 1.0051, 0.3971 0.622 2.5394, 0.3923 0.622 2.5394, 0.3605 0.622 1.1676, 0.3649 0.622 0.9592, 0.1987 0.622 1.1134, 0.2027 0.622 1.1051, 0.2086 0.622 1.0981, 0.217 0.622 1.092, 0.2389 0.622 1.1669, 0.2267 0.622 1.1656, 0.217 0.622 1.162, 0.2261 0.622 1.0885, 0.2397 0.622 1.0868, 0.2617 0.622 1.0868, 0.2617 0.622 1.1669, 0.2086 0.622 1.1563, 0.2058 0.622 1.1535, 0.2008 0.622 1.1465, 0.1979 0.622 1.1389, 0.1965 0.622 1.1279, 0.1968 0.622 1.1228, 0.3549 0.622 1.1683, 0.3394 0.622 2.5394, 0.3246 0.622 2.5394, 0.288 0.622 2.5394, 0.2693 0.622 2.5394, 0.1943 0.622 2.5394, 0.169 0.622 2.5394, 0.094 0.622 2.5394, 0.1264 0.622 1.0385, 0.1167 0.622 1.035, 0.094 0.622 1.0627, 0.0985 0.622 0.9864, 0.1024 0.622 0.9781, 0.094 0.622 0.9591, 0.1083 0.622 0.971, 0.1167 0.622 0.965, 0.1259 0.622 0.9615, 0.1394 0.622 0.9598, 0.1615 0.622 0.9598, 0.1615 0.622 1.0399, 0.1386 0.622 1.0399, 0.1396 0.622 1.1087, 0.1083 0.622 1.0293, 0.1055 0.622 1.0265, 0.1006 0.622 1.0195, 0.0976 0.622 1.0119, 0.0963 0.622 1.0009, 0.0965 0.622 0.9958, 0.3923 0.622 0.1772, 0.3394 0.622 0.1772, 0.3246 0.622 0.1772, 0.288 0.622 0.1772, 0.2693 0.622 0.1772, 0.1943 0.622 0.1772, 0.169 0.622 0.9274, 0.169 0.622 0.1772, 0.0804 0.622 0.9598, 0.0918 0.622 0.9598, 0.0312 0.622 0.9598, 0.0394 0.622 0.9817, 0.0727 0.622 0.9817, 0.0613 0.622 1.0399, 0.0503 0.622 1.0399, 0.0198 0.622 0.9598, -0.6141 0.622 0.9591, -0.6141 0.622 1.0627, -0.6141 0.622 1.0862, -1.248 0.622 1.1676, -1.248 0.622 1.0862, -1.248 0.622 1.0627, -1.248 0.622 0.9591, 0.4134 -0.5039 0.374, 0.4134 -0.5039 0.4921, 0.4134 -0.622 0.374, 0.4134 -0.622 0.4921, -0.4134 -0.622 0.374, -0.4134 -0.622 0.4921, -0.4134 -0.5039 0.374, -0.4134 -0.5039 0.4921, -0.4134 0.5039 0.4528, -0.4134 0.5039 0.4134, 0.4134 0.5039 0.4528, 0.4134 0.5039 0.4134, -0.479 -0.622 0.374, -0.479 -0.622 0.1772, 0.8465 -0.622 0.4921, 0.8465 -0.622 0.3937, 1.122 -0.622 0.3937, 1.122 -0.622 0.2756, 1.248 -0.622 0.2756, 1.248 -0.622 2.5394, -1.248 -0.622 0.2756, -1.122 -0.622 0.2756, -1.122 -0.622 0.4724, -0.8465 -0.622 0.4724, -0.8465 -0.622 0.4921, -1.248 -0.622 2.5394, 0.479 -0.622 0.1772, 0.479 -0.622 0.374, 0.4724 -0.5039 0.374, 0.4724 -0.5039 0.1772, 1.248 -0.5039 0.2756, 0.8465 -0.5039 0.2756, 0.8465 -0.5039 0.4921, -1.248 -0.5039 2.5394, 1.248 -0.5039 2.5394, -0.4724 -0.5039 0.1772, -0.4724 -0.5039 0.374, -0.8465 -0.5039 0.2756, -1.248 -0.5039 0.2756, -0.8465 -0.5039 0.4921, -0.7131 -0.4709 0.1772, -0.6422 -0.3765 0.1772, -0.5381 -0.6023 0.1772, -0.52 -0.6131 0.1772, -0.5 -0.6198 0.1772, 0.6422 -0.3765 0.1772, 0.7131 -0.4709 0.1772, 0.5381 -0.6023 0.1772, 0.52 -0.6131 0.1772, 0.5 -0.6198 0.1772, 1.0827 -0.6326 0.2756, 1.0664 -0.6451 0.2756, 1.3356 -0.4941 0.2756, 1.4189 -0.4649 0.2756, 1.4439 -0.5831 0.2756, 1.0539 -0.6614 0.2756, 1.046 -0.6804 0.2756, 0.8465 -0.7874 0.2756, 1.0433 -0.7008 0.2756, 1.0433 -0.7874 0.2756, 1.4961 -0.5579 0.2756, 1.4935 -0.418 0.2756, 1.4961 -0.416 0.2756, 1.3479 -0.6122 0.2756, 1.1017 -0.6247 0.2756, -1.0664 -0.6451 0.2756, -1.0539 -0.6614 0.2756, -1.046 -0.6804 0.2756, -1.0827 -0.6326 0.2756, -1.1017 -0.6247 0.2756, -1.0433 -0.7008 0.2756, -0.8465 -0.7874 0.2756, -1.0433 -0.7874 0.2756, -1.3356 -0.4941 0.2756, -1.3479 -0.6122 0.2756, -1.4189 -0.4649 0.2756, -1.4439 -0.5831 0.2756, -1.4935 -0.418 0.2756, -1.4961 -0.5579 0.2756, -1.4961 -0.416 0.2756, 1.6027 -0.2811 0.0787, 1.6736 -0.3946 0.0787, 1.5748 -0.3298 0.0787, 1.6099 -0.4721 0.0787, 1.5748 -0.5042 0.0787, 1.5748 0.5042 0.0787, 1.6099 0.4721 0.0787, 1.5748 0.3298 0.0787, 1.6736 0.3946 0.0787, 1.6027 0.2811 0.0787, 1.7209 0.3061 0.0787, 1.6319 0.1978 0.0787, 1.75 0.2101 0.0787, 1.6417 0.1102 0.0787, 1.7598 0.1102 0.0787, 1.6417 -0.1102 0.0787, 1.7598 -0.1102 0.0787, 1.6319 -0.1978 0.0787, 1.75 -0.2101 0.0787, 1.7209 -0.3061 0.0787, 1.5576 -0.5178 0.2459, 1.567 -0.5105 0.231, 1.6099 -0.4721 2.5394, 1.5704 -0.5078 0.2229, 1.5728 -0.5058 0.2144, 1.5743 -0.5046 0.2057, 1.5748 -0.5042 0.1969, 1.5136 -0.5478 0.2736, 1.5324 -0.5358 2.5394, 1.5301 -0.5372 0.2675, 1.5324 -0.5358 0.2667, 1.5452 -0.527 0.2584, 1.4439 -0.5831 2.5394, 1.3479 -0.6122 2.5394, 1.6736 -0.3946 2.5394, 1.7209 -0.3061 2.5394, 1.75 -0.2101 2.5394, 1.7598 -0.1102 2.5394, -1.4439 -0.5831 2.5394, -1.5136 -0.5478 0.2736, -1.5743 -0.5046 0.2057, -1.6099 -0.4721 0.0787, -1.5748 -0.5042 0.1969, -1.5748 -0.5042 0.0787, -1.5728 -0.5058 0.2144, -1.6099 -0.4721 2.5394, -1.5703 -0.5078 0.223, -1.567 -0.5105 0.231, -1.5576 -0.5178 0.2459, -1.5452 -0.527 0.2584, -1.5324 -0.5358 2.5394, -1.5324 -0.5358 0.2665, -1.5302 -0.5372 0.2678, -1.3479 -0.6122 2.5394, -1.6736 -0.3946 2.5394, -1.6736 -0.3946 0.0787, -1.7209 -0.3061 2.5394, -1.7209 -0.3061 0.0787, -1.75 -0.2101 2.5394, -1.75 -0.2101 0.0787, -1.7598 -0.1102 2.5394, -1.7598 -0.1102 0.0787, -1.7598 0.1102 0.0787, -1.7598 0.1102 2.5394, -1.5576 0.5178 0.2459, -1.567 0.5105 0.231, -1.6099 0.4721 2.5394, -1.5704 0.5078 0.2229, -1.5728 0.5058 0.2144, -1.5743 0.5046 0.2057, -1.6099 0.4721 0.0787, -1.5748 0.5042 0.1969, -1.5748 0.5042 0.0787, -1.4961 0.5579 0.2756, -1.5136 0.5478 0.2736, -1.5324 0.5358 2.5394, -1.4439 0.5831 0.2756, -1.5301 0.5372 0.2675, -1.5324 0.5358 0.2667, -1.5452 0.527 0.2584, -1.4439 0.5831 2.5394, -1.3479 0.6122 2.5394, -1.3479 0.6122 0.2756, -1.6736 0.3946 0.0787, -1.6736 0.3946 2.5394, -1.7209 0.3061 0.0787, -1.7209 0.3061 2.5394, -1.75 0.2101 0.0787, -1.75 0.2101 2.5394, 1.4439 0.5831 2.5394, 1.3479 0.6122 0.2756, 1.3479 0.6122 2.5394, 1.5136 0.5478 0.2736, 1.4961 0.5579 0.2756, 1.4439 0.5831 0.2756, 1.5743 0.5046 0.2057, 1.5748 0.5042 0.1969, 1.5728 0.5058 0.2144, 1.6099 0.4721 2.5394, 1.5703 0.5078 0.223, 1.567 0.5105 0.231, 1.5576 0.5178 0.2459, 1.5452 0.527 0.2584, 1.5324 0.5358 2.5394, 1.5324 0.5358 0.2665, 1.5302 0.5372 0.2678, 1.6736 0.3946 2.5394, 1.7209 0.3061 2.5394, 1.75 0.2101 2.5394, 1.7598 0.1102 2.5394, -1.6027 0.2811 0.0787, -1.5748 0.3298 0.0787, -1.5748 -0.3298 0.0787, -1.6027 -0.2811 0.0787, -1.6319 -0.1978 0.0787, -1.6417 -0.1102 0.0787, -1.6417 0.1102 0.0787, -1.6319 0.1978 0.0787, 1.4935 -0.418 2.5394, 1.5558 -0.3557 2.5394, 1.6027 -0.2811 2.5394, 1.6319 -0.1978 2.5394, 1.6417 -0.1102 2.5394, 1.6417 0.1102 2.5394, 1.6319 0.1978 2.5394, 1.6027 0.2811 2.5394, 1.5558 0.3557 2.5394, 1.4935 0.418 2.5394, 1.4189 0.4649 2.5394, 1.3356 0.4941 2.5394, 1.248 0.5039 2.5394, -1.248 0.5039 2.5394, -1.3356 0.4941 2.5394, -1.4189 0.4649 2.5394, -1.4935 0.418 2.5394, -1.5558 -0.3557 2.5394, -1.4935 -0.418 2.5394, -1.4189 -0.4649 2.5394, -1.3356 -0.4941 2.5394, 1.3356 -0.4941 2.5394, 1.4189 -0.4649 2.5394, -1.5558 0.3557 2.5394, -1.6027 0.2811 2.5394, -1.6319 0.1978 2.5394, -1.6417 0.1102 2.5394, -1.6417 -0.1102 2.5394, -1.6319 -0.1978 2.5394, -1.6027 -0.2811 2.5394, 1.5558 0.3557 0.2478, 1.5576 0.3534 0.2459, 1.567 0.341 0.231, 1.5703 0.3364 0.2231, 1.5728 0.3327 0.2144, 1.5743 0.3306 0.2058, 1.5748 0.3298 0.1969, 1.5136 0.4009 0.2736, 1.5302 0.3848 0.2678, 1.5452 0.3685 0.2584, 1.248 0.5039 0.2756, 1.3356 0.4941 0.2756, 1.4189 0.4649 0.2756, 1.4935 0.418 0.2756, 1.4961 0.416 0.2756, 1.5452 -0.3685 0.2584, 1.5302 -0.3848 0.2678, 1.5136 -0.4009 0.2736, 1.5748 -0.3298 0.1969, 1.5743 -0.3306 0.2058, 1.5728 -0.3327 0.2144, 1.5703 -0.3364 0.2231, 1.567 -0.341 0.231, 1.5574 -0.3537 0.2458, 1.5558 -0.3557 0.2481, -1.5558 -0.3557 0.2478, -1.5576 -0.3534 0.2459, -1.567 -0.341 0.231, -1.5703 -0.3364 0.2231, -1.5728 -0.3327 0.2144, -1.5743 -0.3306 0.2058, -1.5748 -0.3298 0.1969, -1.5136 -0.4009 0.2736, -1.5302 -0.3848 0.2678, -1.5452 -0.3685 0.2584, -1.5452 0.3685 0.2584, -1.5302 0.3848 0.2678, -1.248 0.5039 0.2756, -1.3356 0.4941 0.2756, -1.4189 0.4649 0.2756, -1.4935 0.418 0.2756, -1.4961 0.416 0.2756, -1.5136 0.4009 0.2736, -1.5748 0.3298 0.1969, -1.5743 0.3306 0.2058, -1.5728 0.3327 0.2144, -1.5703 0.3364 0.2231, -1.567 0.341 0.231, -1.5574 0.3537 0.2458, -1.5558 0.3557 0.2481, 0.8465 0.5039 0.2756, 0.8465 0.5039 0.4528, 0.8451 0.5039 0.4629, 0.8349 0.5039 0.4806, 0.8412 0.5039 0.4724, -0.4331 0.5039 0.3793, -0.4426 0.5039 0.3754, -0.4724 0.5039 0.1772, -0.4528 0.5039 0.374, -0.4724 0.5039 0.374, -0.8465 0.5039 0.2756, -0.8465 0.5039 0.4528, -0.8455 0.5039 0.4615, -0.8426 0.5039 0.4698, -0.8379 0.5039 0.4773, -0.8071 0.5039 0.4921, -0.4528 0.5039 0.4921, -0.4426 0.5039 0.4908, -0.4331 0.5039 0.4869, 0.8071 0.5039 0.4921, 0.8173 0.5039 0.4908, 0.8268 0.5039 0.4869, -0.8316 0.5039 0.4835, -0.8242 0.5039 0.4882, -0.8158 0.5039 0.4911, -0.4249 0.5039 0.3855, 0.4724 0.5039 0.1772, -0.4187 0.5039 0.3937, -0.4147 0.5039 0.4032, 0.4331 0.5039 0.3793, 0.4249 0.5039 0.3855, -0.4249 0.5039 0.4806, 0.4528 0.5039 0.4921, 0.4724 0.5039 0.374, 0.4528 0.5039 0.374, 0.4426 0.5039 0.3754, 0.4147 0.5039 0.4629, 0.4187 0.5039 0.4724, -0.4147 0.5039 0.4629, 0.4249 0.5039 0.4806, 0.4331 0.5039 0.4869, -0.4187 0.5039 0.4724, 0.4426 0.5039 0.4908, 0.4187 0.5039 0.3937, 0.4147 0.5039 0.4032, -1.0827 0.6326 0.2756, -1.0664 0.6451 0.2756, -1.0539 0.6614 0.2756, -1.046 0.6804 0.2756, -0.8465 0.7874 0.2756, -1.0433 0.7008 0.2756, -1.0433 0.7874 0.2756, -1.1017 0.6247 0.2756, 0.7131 0.4709 0.1772, 0.6422 0.3765 0.1772, 0.5381 0.6023 0.1772, 0.52 0.6131 0.1772, -0.6422 0.3765 0.1772, -0.7131 0.4709 0.1772, -0.5381 0.6023 0.1772, -0.52 0.6131 0.1772, -0.5 0.6198 0.1772, 0.5 0.6198 0.1772, 0.8465 0.7874 0.2756, 1.0433 0.7874 0.2756, 1.0433 0.7008 0.2756, 1.0539 0.6614 0.2756, 1.0664 0.6451 0.2756, 1.046 0.6804 0.2756, 1.0827 0.6326 0.2756, 1.1017 0.6247 0.2756, -0.8465 0.7874 -0.315, -0.9849 0.7874 -0.391, -0.9646 0.7874 -0.3937, -1.0433 0.7874 -0.315, -1.0328 0.7874 -0.3543, -1.0202 0.7874 -0.3706, -1.0039 0.7874 -0.3832, -0.9252 0.7874 -0.3937, -0.9048 0.7874 -0.391, -0.8858 0.7874 -0.3832, -0.8695 0.7874 -0.3706, -0.857 0.7874 -0.3543, -0.8491 0.7874 -0.3353, -1.0406 0.7874 -0.3353, -0.9252 0.9055 -0.3937, -0.9646 0.9055 -0.3937, -0.9048 0.9055 -0.391, -0.8465 0.9055 -0.315, -0.8465 0.9055 0.2756, -0.857 0.9055 -0.3543, -0.8695 0.9055 -0.3706, -0.8858 0.9055 -0.3832, -0.8491 0.9055 -0.3353, -1.0433 0.9055 0.2756, -1.0433 0.9055 -0.315, -0.9849 0.9055 -0.391, -1.0039 0.9055 -0.3832, -1.0202 0.9055 -0.3706, -1.0328 0.9055 -0.3543, -1.0406 0.9055 -0.3353, -1.0433 0.9026 0.3019, -0.8465 0.9026 0.3019, -1.0433 0.8938 0.3268, -0.8465 0.8938 0.3268, -1.0433 0.8797 0.3492, -0.8465 0.8797 0.3492, -1.0433 0.861 0.3679, -0.8465 0.861 0.3679, -1.0433 0.8386 0.382, -0.8465 0.8386 0.382, -1.0433 0.8137 0.3907, -0.8465 0.8137 0.3907, -1.0433 0.7874 0.3937, -0.8465 0.7874 0.3937, -0.8465 0.7008 0.3937, -1.0433 0.7008 0.3937, -0.8465 0.6804 0.3964, -0.8465 0.6614 0.4043, -0.8465 0.6451 0.4168, -0.8465 0.6326 0.4331, -0.8465 0.6247 0.4521, -0.8465 0.6245 0.4528, -0.9849 -0.9055 -0.391, -0.9646 -0.9055 -0.3937, -1.0433 -0.9055 -0.315, -1.0433 -0.9055 0.2756, -1.0328 -0.9055 -0.3543, -1.0202 -0.9055 -0.3706, -1.0039 -0.9055 -0.3832, -1.0406 -0.9055 -0.3353, -0.8465 -0.9055 0.2756, -0.9252 -0.9055 -0.3937, -0.8465 -0.9055 -0.315, -0.9048 -0.9055 -0.391, -0.8858 -0.9055 -0.3832, -0.8695 -0.9055 -0.3706, -0.857 -0.9055 -0.3543, -0.8491 -0.9055 -0.3353, -0.9646 -0.7874 -0.3937, -0.9252 -0.7874 -0.3937, -1.0433 -0.7874 -0.315, -0.9048 -0.7874 -0.391, -0.8465 -0.7874 -0.315, -0.857 -0.7874 -0.3543, -0.8695 -0.7874 -0.3706, -0.8858 -0.7874 -0.3832, -0.9849 -0.7874 -0.391, -1.0039 -0.7874 -0.3832, -1.0202 -0.7874 -0.3706, -1.0328 -0.7874 -0.3543, -1.0406 -0.7874 -0.3353, -0.8491 -0.7874 -0.3353, -1.0433 -0.7008 0.3937, -1.0433 -0.7874 0.3937, -0.8465 -0.7008 0.3937, -0.8465 -0.7874 0.3937, -1.0433 -0.8137 0.3907, -0.8465 -0.8137 0.3907, -1.0433 -0.8386 0.382, -0.8465 -0.8386 0.382, -1.0433 -0.861 0.3679, -0.8465 -0.861 0.3679, -1.0433 -0.8797 0.3492, -0.8465 -0.8797 0.3492, -1.0433 -0.8938 0.3268, -0.8465 -0.8938 0.3268, -1.0433 -0.9026 0.3019, -0.8465 -0.9026 0.3019, -0.8465 -0.6247 0.4521, -0.8465 -0.6326 0.4331, -0.8465 -0.6451 0.4168, -0.8465 -0.6614 0.4043, -0.8465 -0.6804 0.3964, 1.0433 0.7874 -0.315, 0.9048 0.7874 -0.391, 0.9252 0.7874 -0.3937, 0.8465 0.7874 -0.315, 0.857 0.7874 -0.3543, 0.8695 0.7874 -0.3706, 0.8858 0.7874 -0.3832, 0.9646 0.7874 -0.3937, 0.9849 0.7874 -0.391, 1.0039 0.7874 -0.3832, 1.0202 0.7874 -0.3706, 1.0328 0.7874 -0.3543, 1.0406 0.7874 -0.3353, 0.8491 0.7874 -0.3353, 0.9646 0.9055 -0.3937, 0.9252 0.9055 -0.3937, 0.9849 0.9055 -0.391, 1.0433 0.9055 -0.315, 1.0433 0.9055 0.2756, 1.0328 0.9055 -0.3543, 1.0202 0.9055 -0.3706, 1.0039 0.9055 -0.3832, 1.0406 0.9055 -0.3353, 0.8465 0.9055 0.2756, 0.8465 0.9055 -0.315, 0.9048 0.9055 -0.391, 0.8858 0.9055 -0.3832, 0.8695 0.9055 -0.3706, 0.857 0.9055 -0.3543, 0.8491 0.9055 -0.3353, 0.8465 0.9026 0.3019, 1.0433 0.9026 0.3019, 0.8465 0.8938 0.3268, 1.0433 0.8938 0.3268, 0.8465 0.8797 0.3492, 1.0433 0.8797 0.3492, 0.8465 0.861 0.3679, 1.0433 0.861 0.3679, 0.8465 0.8386 0.382, 1.0433 0.8386 0.382, 0.8465 0.8137 0.3907, 1.0433 0.8137 0.3907, 0.8465 0.7874 0.3937, 1.0433 0.7874 0.3937, 1.0433 0.7008 0.3937, 0.8465 0.7008 0.3937, 0.8465 0.6392 0.4233, 0.8465 0.6517 0.4109, 0.8465 0.6666 0.4015, 0.8465 0.6833 0.3957, 0.8465 0.6245 0.4528, 0.8465 0.6298 0.4383, 1.0433 -0.9055 -0.315, 1.0433 -0.9055 0.2756, 0.8465 -0.9055 0.2756, 0.9048 -0.9055 -0.391, 0.9252 -0.9055 -0.3937, 0.8465 -0.9055 -0.315, 0.857 -0.9055 -0.3543, 0.8695 -0.9055 -0.3706, 0.8858 -0.9055 -0.3832, 0.9646 -0.9055 -0.3937, 0.9849 -0.9055 -0.391, 1.0039 -0.9055 -0.3832, 1.0202 -0.9055 -0.3706, 1.0328 -0.9055 -0.3543, 1.0406 -0.9055 -0.3353, 0.8491 -0.9055 -0.3353, 0.9646 -0.7874 -0.3937, 0.9252 -0.7874 -0.3937, 0.9849 -0.7874 -0.391, 1.0433 -0.7874 -0.315, 1.0328 -0.7874 -0.3543, 1.0202 -0.7874 -0.3706, 1.0039 -0.7874 -0.3832, 1.0406 -0.7874 -0.3353, 0.8465 -0.7874 -0.315, 0.9048 -0.7874 -0.391, 0.8858 -0.7874 -0.3832, 0.8695 -0.7874 -0.3706, 0.857 -0.7874 -0.3543, 0.8491 -0.7874 -0.3353, 1.1017 -0.6247 0.3937, 1.0827 -0.6326 0.3937, 1.046 -0.6804 0.3937, 1.0539 -0.6614 0.3937, 1.0664 -0.6451 0.3937, 0.8465 -0.7874 0.3937, 1.0433 -0.7874 0.3937, 1.0433 -0.7008 0.3937, 0.8465 -0.8137 0.3907, 1.0433 -0.8137 0.3907, 0.8465 -0.8386 0.382, 1.0433 -0.8386 0.382, 0.8465 -0.861 0.3679, 1.0433 -0.861 0.3679, 0.8465 -0.8797 0.3492, 1.0433 -0.8797 0.3492, 0.8465 -0.8938 0.3268, 1.0433 -0.8938 0.3268, 0.8465 -0.9026 0.3019, 1.0433 -0.9026 0.3019, -1.1017 -0.6247 0.4521, -1.0827 -0.6326 0.4331, -1.0664 -0.6451 0.4168, -1.0539 -0.6614 0.4043, -1.0596 -0.6529 0.41, -1.044 -0.6905 0.3944, -1.046 -0.6804 0.3964, -1.0493 -0.6707 0.3997, 0.8435 0.6222 0.4678, 1.0438 0.692 0.3942, 1.0454 0.6833 0.3958, 1.046 0.6804 0.3964, 1.0511 0.6666 0.4015, 1.0542 0.6617 0.4046, 1.0605 0.6517 0.4109, 1.0667 0.6455 0.4171, 1.073 0.6392 0.4233, 1.0829 0.633 0.4333, 1.0879 0.6298 0.4383, 1.1018 0.625 0.4522, 1.1045 0.624 0.4549, 0.8464 0.624 0.4549, 0.8451 0.6226 0.4629, -1.044 0.6905 0.3944, -1.046 0.6804 0.3964, -1.0493 0.6707 0.3997, -1.0539 0.6614 0.4043, -1.0596 0.6529 0.41, -1.0664 0.6451 0.4168, -1.0827 0.6326 0.4331, -1.1017 0.6247 0.4521, -0.8426 0.6221 0.4698, -0.8455 0.6228 0.4615, 0.7739 0.4252 0.3157, 0.7761 0.4236 0.2953, 0.7131 0.4709 0.374, 0.5381 0.6023 0.374, 0.7294 0.4587 0.3713, 0.7446 0.4473 0.3635, 0.7576 0.4375 0.351, 0.7761 0.4236 0.2559, 0.7294 0.4587 0.1798, 0.7677 0.43 0.2165, 0.7576 0.4375 0.2002, 0.7446 0.4473 0.1877, 0.7677 0.43 0.3346, 0.7739 0.4252 0.2355, 0.52 0.6131 0.374, 0.5 0.6198 0.374, 0.6422 0.3765 0.374, 0.6737 0.3528 0.1877, 0.6867 0.343 0.2002, 0.6967 0.3355 0.2165, 0.6585 0.3642 0.1798, 0.7052 0.3292 0.2559, 0.703 0.3308 0.2355, 0.703 0.3308 0.3157, 0.6967 0.3355 0.3346, 0.6867 0.343 0.351, 0.6585 0.3642 0.3713, 0.6737 0.3528 0.3635, 0.7052 0.3292 0.2953, -0.6585 0.3642 0.1798, -0.7052 0.3292 0.2559, -0.6422 0.3765 0.374, -0.6967 0.3355 0.2165, -0.6867 0.343 0.2002, -0.6737 0.3528 0.1877, -0.7052 0.3292 0.2953, -0.703 0.3308 0.3157, -0.6585 0.3642 0.3713, -0.6737 0.3528 0.3635, -0.6867 0.343 0.351, -0.703 0.3308 0.2355, -0.6967 0.3355 0.3346, -0.5 0.6198 0.374, -0.52 0.6131 0.374, -0.5381 0.6023 0.374, -0.7131 0.4709 0.374, -0.7446 0.4473 0.1877, -0.7761 0.4236 0.2559, -0.7294 0.4587 0.1798, -0.7576 0.4375 0.2002, -0.7677 0.43 0.2165, -0.7739 0.4252 0.2355, -0.7761 0.4236 0.2953, -0.7739 0.4252 0.3157, -0.7446 0.4473 0.3635, -0.7294 0.4587 0.3713, -0.7576 0.4375 0.351, -0.7677 0.43 0.3346, -0.5381 -0.6023 0.374, -0.7131 -0.4709 0.374, -0.7761 -0.4236 0.2953, -0.7294 -0.4587 0.3713, -0.7761 -0.4236 0.2559, -0.7294 -0.4587 0.1798, -0.7677 -0.43 0.2165, -0.7576 -0.4375 0.2002, -0.7446 -0.4473 0.1877, -0.7446 -0.4473 0.3635, -0.7576 -0.4375 0.351, -0.7739 -0.4252 0.3157, -0.7677 -0.43 0.3346, -0.7739 -0.4252 0.2355, -0.52 -0.6131 0.374, -0.5 -0.6198 0.374, -0.6422 -0.3765 0.374, -0.7052 -0.3292 0.2559, -0.7052 -0.3292 0.2953, -0.6585 -0.3642 0.3713, -0.703 -0.3308 0.3157, -0.6967 -0.3355 0.3346, -0.6737 -0.3528 0.1877, -0.6867 -0.343 0.2002, -0.6967 -0.3355 0.2165, -0.6867 -0.343 0.351, -0.6737 -0.3528 0.3635, -0.6585 -0.3642 0.1798, -0.703 -0.3308 0.2355, 0.6422 -0.3765 0.374, 0.6967 -0.3355 0.3346, 0.6867 -0.343 0.351, 0.6585 -0.3642 0.3713, 0.6737 -0.3528 0.3635, 0.703 -0.3308 0.2355, 0.6967 -0.3355 0.2165, 0.6867 -0.343 0.2002, 0.6585 -0.3642 0.1798, 0.6737 -0.3528 0.1877, 0.703 -0.3308 0.3157, 0.7052 -0.3292 0.2953, 0.7052 -0.3292 0.2559, 0.5 -0.6198 0.374, 0.52 -0.6131 0.374, 0.5381 -0.6023 0.374, 0.7131 -0.4709 0.374, 0.7677 -0.43 0.2165, 0.7576 -0.4375 0.2002, 0.7294 -0.4587 0.1798, 0.7446 -0.4473 0.1877, 0.7739 -0.4252 0.2355, 0.7761 -0.4236 0.2559, 0.7761 -0.4236 0.2953, 0.7739 -0.4252 0.3157, 0.7446 -0.4473 0.3635, 0.7294 -0.4587 0.3713, 0.7576 -0.4375 0.351, 0.7677 -0.43 0.3346, -0.8158 0.622 0.4911, -0.8242 0.622 0.4882, -0.8316 0.622 0.4835, -0.8379 0.622 0.4773
            ]
        }
        coordIndex [
            0,1,2,-1,3,4,5,-1,6,7,8,-1,9,10,11,-1,12,13,14,-1,15,16,17,-1,17,16,18,-1,17,18,19,-1,19,20,17,-1,17,20,21,-1,17,21,22,-1,23,24,25,-1,25,24,26,-1,26,24,27,-1,26,27,28,-1,23,25,29,-1,29,25,30,-1,29,30,31,-1,32,33,30,-1,30,33,34,-1,30,34,35,-1,30,36,31,-1,31,36,37,-1,31,37,38,-1,38,37,39,-1,38,39,40,-1,35,41,30,-1,30,41,42,-1,30,42,36,-1,43,44,45,-1,43,45,46,-1,44,47,45,-1,45,47,48,-1,45,48,49,-1,49,48,50,-1,50,51,49,-1,49,51,52,-1,49,52,32,-1,32,52,53,-1,32,53,33,-1,54,46,55,-1,55,46,45,-1,55,45,56,-1,56,45,57,-1,58,59,60,-1,58,60,61,-1,61,60,62,-1,61,62,63,-1,64,65,66,-1,63,64,61,-1,61,64,66,-1,61,66,45,-1,45,66,67,-1,45,67,57,-1,68,69,70,-1,70,69,71,-1,69,72,71,-1,71,72,73,-1,71,73,65,-1,65,73,74,-1,65,74,66,-1,75,76,77,-1,76,78,77,-1,77,78,79,-1,77,79,80,-1,81,82,83,-1,84,85,86,-1,86,85,87,-1,81,83,88,-1,89,90,91,-1,92,93,85,-1,85,93,94,-1,85,94,95,-1,10,96,11,-1,11,96,97,-1,11,97,91,-1,91,97,98,-1,91,98,89,-1,82,99,83,-1,83,99,100,-1,83,100,101,-1,102,103,104,-1,104,103,105,-1,104,105,106,-1,107,95,108,-1,108,95,109,-1,108,109,104,-1,104,109,110,-1,104,110,102,-1,107,111,95,-1,95,111,112,-1,95,112,85,-1,85,112,113,-1,85,113,87,-1,90,114,91,-1,91,114,115,-1,91,115,116,-1,117,118,119,-1,119,118,120,-1,119,120,83,-1,83,120,121,-1,83,121,88,-1,122,123,83,-1,83,123,124,-1,83,124,85,-1,85,124,125,-1,85,125,92,-1,126,127,75,-1,127,128,75,-1,75,128,129,-1,75,129,130,-1,130,131,75,-1,75,131,132,-1,75,132,133,-1,133,132,117,-1,133,117,134,-1,134,117,119,-1,101,135,83,-1,83,135,136,-1,83,136,137,-1,137,138,83,-1,83,138,139,-1,83,139,122,-1,140,141,142,-1,142,95,140,-1,140,95,94,-1,140,94,143,-1,143,94,144,-1,144,145,143,-1,143,145,146,-1,143,146,147,-1,148,149,150,-1,149,151,150,-1,150,151,152,-1,150,152,153,-1,154,150,155,-1,141,140,154,-1,154,140,156,-1,154,156,150,-1,150,156,157,-1,150,157,148,-1,155,158,154,-1,154,158,159,-1,154,159,160,-1,153,152,161,-1,161,152,162,-1,161,162,163,-1,163,162,164,-1,163,164,165,-1,166,167,160,-1,160,167,168,-1,160,168,154,-1,169,170,171,-1,170,169,172,-1,172,169,173,-1,172,173,174,-1,175,176,177,-1,178,179,180,-1,177,176,181,-1,181,176,182,-1,181,182,174,-1,174,182,183,-1,174,183,172,-1,184,185,186,-1,186,185,187,-1,188,189,190,-1,190,189,191,-1,190,191,192,-1,192,191,193,-1,192,193,194,-1,194,193,195,-1,194,195,196,-1,196,195,197,-1,196,197,198,-1,198,197,199,-1,200,201,202,-1,186,192,184,-1,184,192,194,-1,184,194,203,-1,203,194,204,-1,203,204,202,-1,202,204,205,-1,202,205,200,-1,187,185,206,-1,206,185,207,-1,206,207,200,-1,208,209,210,-1,208,210,211,-1,200,207,201,-1,201,207,212,-1,201,212,213,-1,213,212,214,-1,213,214,210,-1,210,214,215,-1,210,215,211,-1,209,216,210,-1,210,216,217,-1,210,217,218,-1,218,219,210,-1,210,219,220,-1,210,220,221,-1,221,222,210,-1,210,222,223,-1,210,223,224,-1,224,223,225,-1,225,223,226,-1,226,223,227,-1,226,227,228,-1,228,229,226,-1,226,229,230,-1,226,230,231,-1,231,230,232,-1,233,234,235,-1,235,234,236,-1,235,236,207,-1,207,236,237,-1,207,237,212,-1,238,239,240,-1,240,241,238,-1,238,241,242,-1,238,242,243,-1,8,7,244,-1,245,246,238,-1,238,246,247,-1,238,247,239,-1,7,248,244,-1,244,248,249,-1,244,249,245,-1,245,249,250,-1,245,250,246,-1,251,252,8,-1,8,252,253,-1,253,254,8,-1,8,254,255,-1,8,255,6,-1,256,257,258,-1,259,256,260,-1,213,261,201,-1,201,261,262,-1,201,262,263,-1,263,262,264,-1,263,264,265,-1,266,267,268,-1,268,267,269,-1,270,269,271,-1,271,269,272,-1,271,272,273,-1,274,268,275,-1,275,268,269,-1,275,269,276,-1,276,269,270,-1,277,278,279,-1,280,281,282,-1,282,281,283,-1,282,283,284,-1,284,283,285,-1,284,285,286,-1,287,288,277,-1,286,289,284,-1,284,289,290,-1,284,290,291,-1,277,279,272,-1,272,279,292,-1,272,292,273,-1,288,293,277,-1,277,293,294,-1,277,294,278,-1,295,296,297,-1,297,296,298,-1,299,300,301,-1,80,68,77,-1,77,68,70,-1,77,70,301,-1,301,70,302,-1,301,302,299,-1,303,304,305,-1,304,306,305,-1,305,306,307,-1,305,307,298,-1,298,307,308,-1,298,308,297,-1,300,309,301,-1,301,309,310,-1,301,310,311,-1,312,313,305,-1,305,313,314,-1,305,314,303,-1,315,316,317,-1,318,319,320,-1,320,321,322,-1,323,324,325,-1,325,324,326,-1,327,328,324,-1,324,328,329,-1,260,330,331,-1,316,332,317,-1,317,332,333,-1,317,333,334,-1,334,333,335,-1,336,337,335,-1,335,337,338,-1,335,338,334,-1,323,339,324,-1,324,339,340,-1,324,340,327,-1,322,341,320,-1,320,341,342,-1,320,342,343,-1,258,344,345,-1,256,258,260,-1,260,258,346,-1,260,346,347,-1,347,348,260,-1,260,348,349,-1,260,349,330,-1,315,317,345,-1,345,317,350,-1,345,350,258,-1,258,350,351,-1,258,351,346,-1,331,352,260,-1,260,352,353,-1,260,353,354,-1,355,356,335,-1,335,356,357,-1,335,357,358,-1,358,359,335,-1,335,359,360,-1,335,360,336,-1,361,362,363,-1,363,362,364,-1,365,366,260,-1,367,368,369,-1,370,371,372,-1,367,369,373,-1,368,365,369,-1,369,365,260,-1,369,260,318,-1,318,260,354,-1,318,354,319,-1,370,372,369,-1,369,372,374,-1,369,374,373,-1,375,376,377,-1,377,376,378,-1,377,378,318,-1,318,378,379,-1,318,379,369,-1,380,381,5,-1,382,383,384,-1,366,385,260,-1,260,385,386,-1,260,386,384,-1,384,386,387,-1,384,387,382,-1,388,389,5,-1,5,389,390,-1,383,391,384,-1,384,391,392,-1,384,392,393,-1,393,392,394,-1,393,394,380,-1,395,396,381,-1,381,396,397,-1,381,397,5,-1,5,397,398,-1,5,398,388,-1,390,399,5,-1,5,399,400,-1,5,400,3,-1,401,402,403,-1,403,402,404,-1,403,404,405,-1,403,406,401,-1,401,406,407,-1,401,407,408,-1,408,409,401,-1,401,409,410,-1,401,410,411,-1,411,410,412,-1,411,412,413,-1,413,412,414,-1,413,414,381,-1,381,414,415,-1,381,415,395,-1,416,417,405,-1,405,417,418,-1,405,418,403,-1,419,420,371,-1,371,420,421,-1,371,421,372,-1,419,422,420,-1,420,422,423,-1,420,423,424,-1,424,423,425,-1,424,426,427,-1,425,428,424,-1,424,428,429,-1,424,429,430,-1,430,431,424,-1,424,431,432,-1,424,432,426,-1,427,433,424,-1,424,433,434,-1,424,434,435,-1,436,437,438,-1,439,440,441,-1,442,443,444,-1,444,443,445,-1,444,445,446,-1,446,445,439,-1,446,439,447,-1,447,439,441,-1,448,449,5,-1,5,449,450,-1,380,5,393,-1,393,5,450,-1,393,450,443,-1,443,450,451,-1,443,451,445,-1,452,449,453,-1,453,449,448,-1,453,448,454,-1,455,456,457,-1,458,459,448,-1,448,459,460,-1,448,460,454,-1,461,462,4,-1,4,462,455,-1,4,455,5,-1,5,455,457,-1,5,457,448,-1,448,457,463,-1,448,463,464,-1,465,466,467,-1,467,466,468,-1,467,468,455,-1,455,468,469,-1,455,469,456,-1,464,470,448,-1,448,470,471,-1,448,471,458,-1,472,473,474,-1,472,474,475,-1,473,476,474,-1,474,476,477,-1,474,477,467,-1,467,477,478,-1,467,478,465,-1,479,480,481,-1,481,480,482,-1,481,482,483,-1,483,482,484,-1,483,484,485,-1,485,484,486,-1,485,486,487,-1,488,489,490,-1,490,489,491,-1,490,491,480,-1,480,491,492,-1,480,492,482,-1,482,492,493,-1,482,493,494,-1,494,493,495,-1,494,495,496,-1,496,495,497,-1,498,499,500,-1,501,502,17,-1,17,502,498,-1,17,498,245,-1,245,498,500,-1,245,500,244,-1,500,503,244,-1,244,503,501,-1,244,501,14,-1,14,501,17,-1,14,17,12,-1,12,17,22,-1,504,505,506,-1,506,507,508,-1,509,510,511,-1,511,510,512,-1,505,504,513,-1,513,504,11,-1,513,11,512,-1,512,11,91,-1,512,91,511,-1,514,515,516,-1,516,515,509,-1,516,509,517,-1,28,15,26,-1,26,15,17,-1,26,17,518,-1,518,17,245,-1,518,245,519,-1,519,245,238,-1,519,238,520,-1,520,238,243,-1,13,9,14,-1,14,9,11,-1,14,11,244,-1,244,11,504,-1,244,504,8,-1,8,504,258,-1,8,258,251,-1,251,258,257,-1,508,517,506,-1,506,517,509,-1,506,509,504,-1,504,509,511,-1,504,511,258,-1,258,511,324,-1,258,324,344,-1,344,324,329,-1,361,326,362,-1,362,326,324,-1,362,324,301,-1,301,324,511,-1,301,511,77,-1,77,511,91,-1,77,91,75,-1,75,91,116,-1,75,116,126,-1,343,521,320,-1,320,521,363,-1,320,363,318,-1,318,363,364,-1,318,364,377,-1,377,364,462,-1,377,462,375,-1,375,462,461,-1,265,259,263,-1,263,259,260,-1,263,260,201,-1,201,260,384,-1,201,384,202,-1,202,384,393,-1,202,393,203,-1,203,393,443,-1,203,443,177,-1,522,523,177,-1,177,523,524,-1,177,524,525,-1,184,526,181,-1,181,526,527,-1,181,527,528,-1,525,529,177,-1,177,529,530,-1,177,530,203,-1,203,530,531,-1,203,531,184,-1,184,531,532,-1,184,532,526,-1,528,533,181,-1,181,533,534,-1,181,534,535,-1,535,536,181,-1,181,536,537,-1,181,537,177,-1,177,537,538,-1,177,538,522,-1,178,438,481,-1,481,438,437,-1,481,437,479,-1,520,539,519,-1,519,539,233,-1,519,233,540,-1,540,233,235,-1,540,235,541,-1,541,235,207,-1,541,207,542,-1,542,207,185,-1,542,185,543,-1,543,185,184,-1,543,184,544,-1,544,184,181,-1,544,181,545,-1,545,181,174,-1,545,174,546,-1,546,174,173,-1,547,548,549,-1,550,551,552,-1,552,551,553,-1,552,553,554,-1,554,555,552,-1,552,555,556,-1,552,556,483,-1,483,556,557,-1,483,557,481,-1,481,557,558,-1,481,558,559,-1,560,179,171,-1,171,179,178,-1,171,178,169,-1,169,178,481,-1,169,481,549,-1,549,481,559,-1,549,559,547,-1,548,561,549,-1,549,561,562,-1,549,562,563,-1,563,564,549,-1,549,564,565,-1,549,565,552,-1,552,565,566,-1,552,566,550,-1,311,312,301,-1,301,312,305,-1,301,305,362,-1,362,305,567,-1,362,567,364,-1,364,567,568,-1,364,568,462,-1,462,568,569,-1,462,569,455,-1,455,569,570,-1,455,570,467,-1,467,570,571,-1,467,571,474,-1,474,571,572,-1,474,572,573,-1,573,572,574,-1,573,574,277,-1,277,574,284,-1,277,284,287,-1,287,284,291,-1,575,576,552,-1,577,578,579,-1,552,576,549,-1,549,576,580,-1,549,580,581,-1,579,575,577,-1,577,575,552,-1,577,552,582,-1,582,552,583,-1,582,583,581,-1,581,583,584,-1,581,584,549,-1,549,584,585,-1,549,585,169,-1,169,585,2,-1,169,2,173,-1,173,2,1,-1,173,1,546,-1,0,2,586,-1,586,2,585,-1,586,585,587,-1,587,585,584,-1,587,584,588,-1,588,584,583,-1,588,583,589,-1,180,175,178,-1,178,175,177,-1,178,177,438,-1,438,177,443,-1,438,443,436,-1,436,443,442,-1,436,442,487,-1,487,442,475,-1,487,475,485,-1,485,475,474,-1,485,474,483,-1,483,474,573,-1,483,573,552,-1,552,573,277,-1,552,277,583,-1,583,277,272,-1,583,272,589,-1,589,272,269,-1,590,591,592,-1,592,591,593,-1,594,595,596,-1,596,595,597,-1,287,291,598,-1,598,291,599,-1,600,601,312,-1,312,601,313,-1,594,602,603,-1,604,605,606,-1,607,608,606,-1,606,608,609,-1,606,609,604,-1,604,609,593,-1,610,611,612,-1,612,613,614,-1,610,612,615,-1,615,612,614,-1,615,614,595,-1,616,617,592,-1,609,615,593,-1,593,615,595,-1,593,595,592,-1,592,595,594,-1,592,594,616,-1,616,594,603,-1,590,618,619,-1,620,621,622,-1,591,623,622,-1,622,623,624,-1,622,624,620,-1,625,626,596,-1,627,628,629,-1,629,628,623,-1,629,623,597,-1,597,623,591,-1,597,591,596,-1,596,591,590,-1,596,590,625,-1,625,590,619,-1,630,631,632,-1,632,631,625,-1,632,625,633,-1,633,625,634,-1,635,636,619,-1,619,636,637,-1,619,637,638,-1,638,639,619,-1,619,639,616,-1,619,616,625,-1,625,616,603,-1,625,603,634,-1,640,641,621,-1,642,643,644,-1,641,645,621,-1,621,645,646,-1,621,646,647,-1,647,646,648,-1,647,648,649,-1,644,643,650,-1,650,643,651,-1,650,651,652,-1,644,653,642,-1,642,653,608,-1,642,608,620,-1,620,608,607,-1,620,607,621,-1,621,607,654,-1,621,654,640,-1,655,627,656,-1,656,627,657,-1,655,658,627,-1,627,658,659,-1,627,659,628,-1,657,627,660,-1,660,627,661,-1,660,661,662,-1,659,611,628,-1,628,611,610,-1,628,610,663,-1,663,610,664,-1,663,664,665,-1,665,664,666,-1,665,666,667,-1,667,666,668,-1,667,668,669,-1,670,671,672,-1,672,671,673,-1,672,673,674,-1,675,676,677,-1,677,676,678,-1,677,678,679,-1,679,678,680,-1,679,680,681,-1,681,680,682,-1,681,682,683,-1,683,682,684,-1,683,684,685,-1,685,684,686,-1,685,686,687,-1,687,686,688,-1,687,688,670,-1,670,688,689,-1,670,689,671,-1,690,691,692,-1,692,691,693,-1,692,693,694,-1,694,695,673,-1,673,695,696,-1,673,696,674,-1,650,697,698,-1,650,698,644,-1,697,699,698,-1,698,699,700,-1,698,700,692,-1,692,700,701,-1,692,701,690,-1,698,702,644,-1,644,702,703,-1,644,703,653,-1,653,703,609,-1,653,609,608,-1,694,673,692,-1,692,673,671,-1,692,671,704,-1,704,671,689,-1,704,689,705,-1,705,689,688,-1,705,688,706,-1,706,688,686,-1,706,686,707,-1,708,709,668,-1,710,711,712,-1,712,711,713,-1,710,714,715,-1,715,714,716,-1,715,716,717,-1,717,718,715,-1,715,718,719,-1,715,719,720,-1,720,719,721,-1,720,721,708,-1,708,721,722,-1,708,722,709,-1,668,666,708,-1,708,666,664,-1,708,664,723,-1,723,664,610,-1,723,610,615,-1,710,715,711,-1,711,715,724,-1,711,724,725,-1,725,724,726,-1,725,726,727,-1,727,726,728,-1,727,728,729,-1,729,728,730,-1,729,730,731,-1,732,731,733,-1,733,731,730,-1,734,735,736,-1,736,735,737,-1,736,737,738,-1,738,739,740,-1,740,739,741,-1,740,741,742,-1,743,744,745,-1,743,745,746,-1,744,747,745,-1,745,747,748,-1,745,748,736,-1,736,748,749,-1,736,749,734,-1,745,750,746,-1,746,750,751,-1,746,751,752,-1,752,751,0,-1,752,0,267,-1,738,740,736,-1,736,740,753,-1,736,753,754,-1,754,753,755,-1,754,755,756,-1,756,755,757,-1,756,757,758,-1,758,757,732,-1,758,732,733,-1,759,760,761,-1,761,760,58,-1,761,58,25,-1,762,763,759,-1,759,763,764,-1,759,764,760,-1,765,676,766,-1,766,676,675,-1,765,767,768,-1,768,767,769,-1,768,769,770,-1,770,771,768,-1,768,771,772,-1,768,772,773,-1,773,772,774,-1,773,774,759,-1,759,774,775,-1,759,775,762,-1,765,768,676,-1,676,768,776,-1,676,776,678,-1,678,776,777,-1,678,777,680,-1,680,777,778,-1,680,778,682,-1,682,778,779,-1,682,779,684,-1,686,684,707,-1,707,684,779,-1,780,753,781,-1,781,753,740,-1,781,740,742,-1,713,711,782,-1,782,711,725,-1,782,725,783,-1,783,725,727,-1,783,727,784,-1,784,727,729,-1,784,729,785,-1,785,729,731,-1,785,731,786,-1,786,731,732,-1,786,732,787,-1,787,732,757,-1,787,757,780,-1,780,757,755,-1,780,755,753,-1,788,692,789,-1,789,692,704,-1,789,704,790,-1,790,704,705,-1,790,705,791,-1,791,705,706,-1,791,706,792,-1,792,706,707,-1,792,707,793,-1,793,707,779,-1,793,779,794,-1,794,779,778,-1,794,778,795,-1,795,778,777,-1,795,777,796,-1,777,776,796,-1,796,776,768,-1,796,768,797,-1,797,768,773,-1,797,773,798,-1,798,773,759,-1,798,759,799,-1,799,759,761,-1,799,761,800,-1,800,761,25,-1,800,25,801,-1,801,25,0,-1,801,0,802,-1,802,0,751,-1,802,751,803,-1,803,751,750,-1,803,750,804,-1,805,715,806,-1,806,715,720,-1,806,720,807,-1,807,720,708,-1,807,708,808,-1,808,708,723,-1,808,723,623,-1,623,723,615,-1,623,615,624,-1,624,615,609,-1,624,609,809,-1,809,609,703,-1,809,703,810,-1,810,703,702,-1,810,702,788,-1,788,702,698,-1,788,698,692,-1,750,745,804,-1,804,745,736,-1,804,736,811,-1,811,736,754,-1,811,754,812,-1,812,754,756,-1,812,756,813,-1,813,756,758,-1,813,758,814,-1,814,758,733,-1,814,733,815,-1,815,733,730,-1,815,730,816,-1,816,730,728,-1,816,728,817,-1,817,728,726,-1,817,726,805,-1,805,726,724,-1,805,724,715,-1,795,796,818,-1,818,819,795,-1,795,819,820,-1,795,820,821,-1,822,823,679,-1,679,823,824,-1,679,824,677,-1,825,826,796,-1,796,826,827,-1,796,827,818,-1,800,828,799,-1,799,828,829,-1,799,829,798,-1,798,829,830,-1,798,830,797,-1,797,830,831,-1,797,831,796,-1,796,831,832,-1,796,832,825,-1,683,793,681,-1,681,793,794,-1,681,794,679,-1,679,794,795,-1,679,795,822,-1,822,795,821,-1,683,685,793,-1,793,685,792,-1,833,834,789,-1,620,624,642,-1,642,624,809,-1,642,809,643,-1,643,809,810,-1,643,810,651,-1,651,810,788,-1,651,788,652,-1,652,788,789,-1,652,789,835,-1,835,789,834,-1,670,672,836,-1,837,838,790,-1,790,838,839,-1,839,840,790,-1,790,840,841,-1,790,841,789,-1,789,841,842,-1,789,842,833,-1,836,837,670,-1,670,837,790,-1,670,790,687,-1,687,790,791,-1,687,791,685,-1,685,791,792,-1,817,805,843,-1,843,844,817,-1,817,844,845,-1,817,845,846,-1,847,848,783,-1,783,848,849,-1,783,849,782,-1,850,851,805,-1,805,851,852,-1,805,852,843,-1,623,628,808,-1,808,628,663,-1,808,663,807,-1,807,663,665,-1,807,665,806,-1,806,665,667,-1,806,667,805,-1,805,667,669,-1,805,669,850,-1,785,815,784,-1,784,815,816,-1,784,816,783,-1,783,816,817,-1,783,817,847,-1,847,817,846,-1,785,786,815,-1,815,786,814,-1,853,854,811,-1,855,801,856,-1,856,801,802,-1,856,802,857,-1,857,802,803,-1,857,803,858,-1,858,803,804,-1,858,804,859,-1,859,804,811,-1,859,811,860,-1,860,811,854,-1,780,781,861,-1,862,863,812,-1,812,863,864,-1,864,865,812,-1,812,865,866,-1,812,866,811,-1,811,866,867,-1,811,867,853,-1,861,862,780,-1,780,862,812,-1,780,812,787,-1,787,812,813,-1,787,813,786,-1,786,813,814,-1,868,828,869,-1,869,828,870,-1,800,871,828,-1,828,871,872,-1,828,872,870,-1,873,874,875,-1,875,874,876,-1,875,876,877,-1,855,878,879,-1,879,880,855,-1,855,880,881,-1,855,881,801,-1,801,881,882,-1,883,884,800,-1,800,884,885,-1,800,885,886,-1,887,888,800,-1,800,888,889,-1,800,889,871,-1,882,890,801,-1,801,890,891,-1,801,891,800,-1,800,891,892,-1,800,892,883,-1,873,875,893,-1,893,875,894,-1,893,894,895,-1,895,894,896,-1,896,894,897,-1,896,897,898,-1,886,899,800,-1,800,899,900,-1,800,900,887,-1,901,902,894,-1,894,902,903,-1,894,903,897,-1,904,905,906,-1,906,905,907,-1,906,907,908,-1,899,909,900,-1,900,909,906,-1,900,906,910,-1,910,906,908,-1,898,911,896,-1,896,911,912,-1,896,912,601,-1,904,906,600,-1,600,906,598,-1,600,598,601,-1,601,598,599,-1,601,599,896,-1,913,914,878,-1,914,915,878,-1,878,915,916,-1,878,916,917,-1,917,916,918,-1,917,918,919,-1,856,857,746,-1,746,857,743,-1,743,857,858,-1,743,858,859,-1,746,752,856,-1,856,752,267,-1,856,267,855,-1,855,267,266,-1,855,266,878,-1,878,266,920,-1,878,920,913,-1,921,922,923,-1,923,922,894,-1,923,894,924,-1,925,926,927,-1,925,927,875,-1,875,927,928,-1,875,928,929,-1,929,282,875,-1,875,282,296,-1,875,296,894,-1,894,296,930,-1,894,930,924,-1,931,932,933,-1,934,935,868,-1,931,933,868,-1,868,933,936,-1,868,936,934,-1,935,937,868,-1,868,937,938,-1,868,938,828,-1,938,59,828,-1,828,59,58,-1,828,58,829,-1,829,58,760,-1,829,760,830,-1,830,760,764,-1,830,764,831,-1,831,764,763,-1,831,763,832,-1,861,781,741,-1,741,781,742,-1,766,675,824,-1,824,675,677,-1,836,672,696,-1,696,672,674,-1,712,713,849,-1,849,713,782,-1,939,917,919,-1,940,941,942,-1,943,944,945,-1,942,941,919,-1,919,941,946,-1,919,946,939,-1,939,946,947,-1,939,947,948,-1,949,950,948,-1,948,950,951,-1,948,951,939,-1,940,942,945,-1,945,942,952,-1,945,952,943,-1,946,941,953,-1,953,941,954,-1,955,953,956,-1,956,953,957,-1,958,959,960,-1,955,956,960,-1,960,956,961,-1,960,961,958,-1,957,953,962,-1,962,953,954,-1,962,954,963,-1,963,954,964,-1,963,964,965,-1,966,967,965,-1,965,967,968,-1,965,968,963,-1,957,962,969,-1,957,969,970,-1,970,969,971,-1,970,971,972,-1,972,971,973,-1,972,973,974,-1,974,973,975,-1,974,975,976,-1,976,975,977,-1,976,977,978,-1,978,977,979,-1,978,979,980,-1,980,979,981,-1,980,981,982,-1,983,982,984,-1,984,982,981,-1,982,983,917,-1,917,983,878,-1,878,983,985,-1,878,985,986,-1,939,956,917,-1,917,956,957,-1,917,957,970,-1,970,972,917,-1,917,972,974,-1,917,974,976,-1,986,987,878,-1,878,987,988,-1,878,988,879,-1,879,988,989,-1,879,989,990,-1,976,978,917,-1,917,978,980,-1,917,980,982,-1,919,973,971,-1,918,984,919,-1,919,984,981,-1,919,981,979,-1,963,942,962,-1,962,942,919,-1,962,919,969,-1,969,919,971,-1,979,977,919,-1,919,977,975,-1,919,975,973,-1,991,992,993,-1,993,992,994,-1,995,996,997,-1,991,993,997,-1,997,993,998,-1,997,998,995,-1,994,992,999,-1,999,992,1000,-1,999,1000,1001,-1,1001,1000,1002,-1,1001,1002,1003,-1,1004,1005,1003,-1,1003,1005,1006,-1,1003,1006,1001,-1,1007,1008,992,-1,992,1008,1000,-1,1009,662,661,-1,1010,1008,1011,-1,1012,1013,1014,-1,1011,1008,661,-1,661,1008,1007,-1,661,1007,1009,-1,1009,1007,1015,-1,1009,1015,1016,-1,1017,1018,1016,-1,1016,1018,1019,-1,1016,1019,1009,-1,1010,1011,1014,-1,1014,1011,1020,-1,1014,1020,1012,-1,1021,1022,1023,-1,1023,1022,1024,-1,1024,1022,1025,-1,1024,1025,1026,-1,1026,1025,1027,-1,1026,1027,1028,-1,1028,1027,1029,-1,1028,1029,1030,-1,1030,1029,1031,-1,1030,1031,1032,-1,1032,1031,1033,-1,1032,1033,1034,-1,1034,1033,1035,-1,1034,1035,1036,-1,1036,1035,994,-1,1036,994,999,-1,1001,1011,999,-1,999,1011,661,-1,1032,1034,661,-1,661,1034,1036,-1,661,1036,999,-1,614,613,629,-1,629,613,1037,-1,629,1037,627,-1,627,1037,1038,-1,627,1038,1039,-1,1039,1040,627,-1,627,1040,1041,-1,627,1041,661,-1,1041,1023,661,-1,661,1023,1024,-1,661,1024,1026,-1,1026,1028,661,-1,661,1028,1030,-1,661,1030,1032,-1,1021,660,1022,-1,1022,660,662,-1,1009,993,662,-1,662,993,994,-1,662,994,1035,-1,1035,1033,662,-1,662,1033,1031,-1,662,1031,1029,-1,1029,1027,662,-1,662,1027,1025,-1,662,1025,1022,-1,1042,932,931,-1,1043,1044,1045,-1,1046,1047,1048,-1,1045,1044,931,-1,931,1044,1049,-1,931,1049,1042,-1,1042,1049,1050,-1,1042,1050,1051,-1,1052,1053,1051,-1,1051,1053,1054,-1,1051,1054,1042,-1,1043,1045,1048,-1,1048,1045,1055,-1,1048,1055,1046,-1,1049,1044,1056,-1,1056,1044,1057,-1,1058,1056,1059,-1,1059,1056,1060,-1,1061,1062,1063,-1,1058,1059,1063,-1,1063,1059,1064,-1,1063,1064,1061,-1,1060,1056,1065,-1,1065,1056,1057,-1,1065,1057,1066,-1,1066,1057,1067,-1,1066,1067,1068,-1,1069,1070,1068,-1,1068,1070,1071,-1,1068,1071,1066,-1,1060,1065,1072,-1,1060,1072,1073,-1,1073,1072,1074,-1,1073,1074,1075,-1,1075,1074,1076,-1,1075,1076,1077,-1,1077,1076,1078,-1,1077,1078,1079,-1,1079,1078,1080,-1,1079,1080,1081,-1,1081,1080,1082,-1,1081,1082,1083,-1,1083,1082,1084,-1,1083,1084,1085,-1,1086,1085,1087,-1,1087,1085,1084,-1,1086,933,1085,-1,1085,933,932,-1,1042,1059,932,-1,932,1059,1060,-1,932,1077,1079,-1,1060,1073,932,-1,932,1073,1075,-1,932,1075,1077,-1,1079,1081,932,-1,932,1081,1083,-1,932,1083,1085,-1,931,1076,1074,-1,1088,1089,868,-1,1066,1045,1065,-1,1065,1045,931,-1,1065,931,1072,-1,1072,931,1074,-1,1089,1090,868,-1,868,1090,1091,-1,868,1091,931,-1,1091,1087,931,-1,931,1087,1084,-1,931,1084,1082,-1,869,1092,868,-1,868,1092,1093,-1,868,1093,1088,-1,1082,1080,931,-1,931,1080,1078,-1,931,1078,1076,-1,1094,1095,1096,-1,1097,1098,1099,-1,1100,1101,1102,-1,1099,1098,1096,-1,1096,1098,1103,-1,1096,1103,1094,-1,1094,1103,1104,-1,1094,1104,1105,-1,1106,1107,1105,-1,1105,1107,1108,-1,1105,1108,1094,-1,1097,1099,1102,-1,1102,1099,1109,-1,1102,1109,1100,-1,1103,1098,1110,-1,1110,1098,1111,-1,1112,1110,1113,-1,1113,1110,649,-1,1114,1115,1116,-1,1112,1113,1116,-1,1116,1113,1117,-1,1116,1117,1114,-1,649,1110,647,-1,647,1110,1111,-1,647,1111,1118,-1,1118,1111,1119,-1,1118,1119,1120,-1,1121,1122,1120,-1,1120,1122,1123,-1,1120,1123,1118,-1,1124,606,605,-1,1124,605,1125,-1,1126,1127,605,-1,605,1127,1128,-1,605,1128,1125,-1,1129,1130,605,-1,605,1130,1131,-1,605,1131,1126,-1,1130,1129,1132,-1,1130,1132,1133,-1,1133,1132,1134,-1,1133,1134,1135,-1,1135,1134,1136,-1,1135,1136,1137,-1,1137,1136,1138,-1,1137,1138,1139,-1,1139,1138,1140,-1,1139,1140,1141,-1,1141,1140,1142,-1,1141,1142,1143,-1,1143,1142,1096,-1,1143,1096,1095,-1,1094,1113,1095,-1,1095,1113,649,-1,648,1131,649,-1,649,1131,1130,-1,649,1130,1133,-1,1139,1141,649,-1,649,1141,1143,-1,649,1143,1095,-1,1133,1135,649,-1,649,1135,1137,-1,649,1137,1139,-1,1118,1099,647,-1,647,1099,1096,-1,647,1096,1142,-1,604,622,605,-1,605,622,621,-1,605,621,1129,-1,1129,621,647,-1,1142,1140,647,-1,647,1140,1138,-1,647,1138,1136,-1,1136,1134,647,-1,647,1134,1132,-1,647,1132,1129,-1,1113,1094,1108,-1,1113,1108,1117,-1,1117,1108,1107,-1,1117,1107,1114,-1,1114,1107,1106,-1,1114,1106,1115,-1,1115,1106,1105,-1,1115,1105,1116,-1,1116,1105,1104,-1,1116,1104,1112,-1,1112,1104,1103,-1,1112,1103,1110,-1,1099,1118,1123,-1,1099,1123,1109,-1,1109,1123,1122,-1,1109,1122,1100,-1,1100,1122,1121,-1,1100,1121,1101,-1,1101,1121,1120,-1,1101,1120,1102,-1,1102,1120,1119,-1,1102,1119,1097,-1,1097,1119,1111,-1,1097,1111,1098,-1,993,1009,1019,-1,993,1019,998,-1,998,1019,1018,-1,998,1018,995,-1,995,1018,1017,-1,995,1017,996,-1,996,1017,1016,-1,996,1016,997,-1,997,1016,1015,-1,997,1015,991,-1,991,1015,1007,-1,991,1007,992,-1,1011,1001,1006,-1,1011,1006,1020,-1,1020,1006,1005,-1,1020,1005,1012,-1,1012,1005,1004,-1,1012,1004,1013,-1,1013,1004,1003,-1,1013,1003,1014,-1,1014,1003,1002,-1,1014,1002,1010,-1,1010,1002,1000,-1,1010,1000,1008,-1,956,939,951,-1,956,951,961,-1,961,951,950,-1,961,950,958,-1,958,950,949,-1,958,949,959,-1,959,949,948,-1,959,948,960,-1,960,948,947,-1,960,947,955,-1,955,947,946,-1,955,946,953,-1,1059,1042,1054,-1,1059,1054,1064,-1,1064,1054,1053,-1,1064,1053,1061,-1,1061,1053,1052,-1,1061,1052,1062,-1,1062,1052,1051,-1,1062,1051,1063,-1,1063,1051,1050,-1,1063,1050,1058,-1,1058,1050,1049,-1,1058,1049,1056,-1,1045,1066,1071,-1,1045,1071,1055,-1,1055,1071,1070,-1,1055,1070,1046,-1,1046,1070,1069,-1,1046,1069,1047,-1,1047,1069,1068,-1,1047,1068,1048,-1,1048,1068,1067,-1,1048,1067,1043,-1,1043,1067,1057,-1,1043,1057,1044,-1,942,963,968,-1,942,968,952,-1,952,968,967,-1,952,967,943,-1,943,967,966,-1,943,966,944,-1,944,966,965,-1,944,965,945,-1,945,965,964,-1,945,964,940,-1,940,964,954,-1,940,954,941,-1,612,611,659,-1,612,659,1144,-1,1144,659,658,-1,1144,658,1145,-1,1145,658,655,-1,1145,655,1146,-1,656,1147,655,-1,655,1147,1148,-1,655,1148,1146,-1,657,660,1021,-1,1021,1149,657,-1,657,1149,1150,-1,657,1150,656,-1,656,1150,1151,-1,656,1151,1147,-1,1021,1023,1149,-1,1149,1023,1041,-1,1149,1041,1150,-1,1150,1041,1151,-1,1151,1041,1040,-1,1151,1040,1147,-1,1147,1040,1148,-1,1148,1040,1039,-1,1148,1039,1146,-1,1146,1039,1038,-1,1146,1038,1145,-1,1145,1038,1037,-1,1145,1037,1144,-1,1144,1037,613,-1,1144,613,612,-1,669,668,709,-1,669,709,850,-1,850,709,722,-1,850,722,851,-1,851,722,721,-1,851,721,852,-1,852,721,719,-1,852,719,843,-1,843,719,718,-1,843,718,844,-1,844,718,717,-1,844,717,845,-1,845,717,716,-1,845,716,846,-1,846,716,714,-1,846,714,847,-1,847,714,710,-1,847,710,848,-1,848,710,712,-1,848,712,849,-1,607,606,654,-1,654,606,1124,-1,654,1124,640,-1,640,1124,1125,-1,640,1125,641,-1,641,1125,1128,-1,641,1128,645,-1,645,1128,1127,-1,645,1127,646,-1,646,1127,1126,-1,646,1126,648,-1,648,1126,1131,-1,836,696,837,-1,837,696,695,-1,837,695,838,-1,838,695,694,-1,838,694,839,-1,839,694,693,-1,839,693,840,-1,693,691,840,-1,840,691,690,-1,840,690,841,-1,700,834,701,-1,701,834,833,-1,701,833,690,-1,690,833,842,-1,690,842,841,-1,700,699,834,-1,834,699,697,-1,834,697,835,-1,835,697,650,-1,835,650,652,-1,1152,62,60,-1,1086,1087,1153,-1,1153,1087,1091,-1,1153,1091,1154,-1,1154,1091,1155,-1,1155,1091,1090,-1,1155,1090,1156,-1,1156,1090,1157,-1,1157,1090,1089,-1,1157,1089,1158,-1,1158,1089,1159,-1,1159,1089,1088,-1,1159,1088,1160,-1,1160,1088,1161,-1,1161,1088,1093,-1,1161,1093,1162,-1,1162,1093,1163,-1,1163,1093,1092,-1,1163,1092,1164,-1,1164,1092,1165,-1,1164,1165,60,-1,60,1165,1166,-1,60,1166,1152,-1,938,937,1161,-1,1161,1162,938,-1,938,1162,1163,-1,938,1163,59,-1,59,1163,1164,-1,59,1164,60,-1,935,934,1157,-1,1157,1158,935,-1,935,1158,1159,-1,935,1159,937,-1,937,1159,1160,-1,937,1160,1161,-1,933,1086,936,-1,936,1086,1153,-1,1153,1154,936,-1,936,1154,1155,-1,936,1155,934,-1,934,1155,1156,-1,934,1156,1157,-1,766,824,823,-1,766,823,765,-1,765,823,822,-1,765,822,767,-1,767,822,821,-1,767,821,769,-1,769,821,820,-1,769,820,770,-1,770,820,819,-1,770,819,771,-1,771,819,818,-1,771,818,772,-1,772,818,827,-1,772,827,774,-1,774,827,826,-1,774,826,775,-1,775,826,825,-1,775,825,762,-1,762,825,832,-1,762,832,763,-1,984,918,1167,-1,1167,918,916,-1,1167,916,1168,-1,1168,916,1169,-1,1169,916,915,-1,1169,915,1170,-1,1170,915,1171,-1,1171,915,914,-1,1171,914,1172,-1,1172,914,913,-1,1172,913,1173,-1,1173,913,920,-1,1173,920,1174,-1,1174,920,266,-1,1174,266,268,-1,268,274,1175,-1,1175,1176,268,-1,268,1176,990,-1,268,990,1174,-1,990,989,1174,-1,1174,989,988,-1,1174,988,1173,-1,1173,988,987,-1,1173,987,1172,-1,986,1170,987,-1,987,1170,1171,-1,987,1171,1172,-1,985,983,984,-1,984,1167,985,-1,985,1167,1168,-1,985,1168,986,-1,986,1168,1169,-1,986,1169,1170,-1,734,866,865,-1,748,747,854,-1,854,747,744,-1,854,744,860,-1,860,744,743,-1,860,743,859,-1,748,854,749,-1,749,854,853,-1,749,853,734,-1,734,853,867,-1,734,867,866,-1,861,741,862,-1,862,741,739,-1,862,739,863,-1,863,739,738,-1,863,738,864,-1,864,738,737,-1,864,737,865,-1,865,737,735,-1,865,735,734,-1,884,883,292,-1,292,883,271,-1,302,71,900,-1,900,71,887,-1,629,597,614,-1,614,597,595,-1,591,622,593,-1,593,622,604,-1,1177,1178,1179,-1,923,1180,921,-1,921,1180,1179,-1,1181,1182,1183,-1,1179,1178,921,-1,921,1178,1184,-1,921,1184,1185,-1,1186,1187,1188,-1,1181,1183,1179,-1,1179,1183,1189,-1,1179,1189,1177,-1,1185,1184,1188,-1,1188,1184,1190,-1,1188,1190,1186,-1,1180,923,924,-1,1180,924,1191,-1,1191,924,930,-1,1191,930,1192,-1,1192,930,296,-1,1192,296,295,-1,901,894,1193,-1,1193,894,922,-1,1194,1195,1196,-1,922,1197,1198,-1,1198,1197,1194,-1,1198,1194,1199,-1,1199,1194,1196,-1,1200,1201,1193,-1,1193,1201,1202,-1,1193,1202,1203,-1,1203,1202,1204,-1,922,1198,1193,-1,1193,1198,1205,-1,1193,1205,1200,-1,1205,1198,1178,-1,1178,1198,1184,-1,1191,901,1180,-1,1180,901,1193,-1,1180,1193,1179,-1,308,902,295,-1,295,902,901,-1,295,901,1192,-1,1192,901,1191,-1,1206,925,1207,-1,875,877,925,-1,925,877,1208,-1,1209,1210,1211,-1,1207,925,1212,-1,1212,925,1208,-1,1212,1208,1213,-1,1214,1215,1216,-1,1206,1207,1211,-1,1211,1207,1217,-1,1211,1217,1209,-1,1214,1216,1208,-1,1208,1216,1218,-1,1208,1218,1213,-1,280,282,929,-1,280,929,1219,-1,1219,929,928,-1,1219,928,1220,-1,1220,928,927,-1,1220,927,1221,-1,1221,927,1222,-1,1222,927,926,-1,1223,1224,1225,-1,1225,1224,926,-1,1226,1227,1223,-1,1223,1227,1228,-1,1223,1228,1224,-1,926,1224,1222,-1,1222,1224,1229,-1,1222,1229,1230,-1,1231,1232,1233,-1,1233,1232,1222,-1,1233,1222,1234,-1,1234,1222,1230,-1,1207,1212,1224,-1,1224,1212,1229,-1,1222,1208,1221,-1,1221,1208,877,-1,876,281,877,-1,877,281,280,-1,280,1219,877,-1,877,1219,1220,-1,877,1220,1221,-1,632,1235,630,-1,630,1235,1236,-1,1237,1236,1238,-1,1236,1237,630,-1,630,1237,1239,-1,630,1239,1240,-1,1241,1242,1243,-1,1238,1244,1237,-1,1237,1244,1245,-1,1237,1245,1246,-1,1246,1245,1247,-1,1240,1239,1243,-1,1243,1239,1248,-1,1243,1248,1241,-1,1235,632,633,-1,1235,633,1249,-1,1249,633,634,-1,1249,634,1250,-1,1250,634,603,-1,1250,603,602,-1,626,625,1251,-1,1251,625,631,-1,631,1252,1251,-1,1251,1252,1253,-1,1251,1253,1254,-1,1253,1255,1256,-1,1257,1258,1259,-1,1256,1260,1253,-1,1253,1260,1261,-1,1253,1261,1254,-1,631,1262,1252,-1,1252,1262,1257,-1,1252,1257,1263,-1,1263,1257,1259,-1,1253,1252,1237,-1,1237,1252,1239,-1,1249,626,1235,-1,1235,626,1251,-1,1235,1251,1236,-1,594,596,602,-1,602,596,626,-1,602,626,1250,-1,1250,626,1249,-1,619,618,635,-1,635,618,1264,-1,1265,1264,1266,-1,1266,1264,1267,-1,1266,1267,1268,-1,1269,1270,635,-1,635,1270,1271,-1,635,1271,1272,-1,1272,1271,1273,-1,1265,1274,1264,-1,1264,1274,1275,-1,1264,1275,635,-1,635,1275,1276,-1,635,1276,1269,-1,617,616,639,-1,617,639,1277,-1,1277,639,638,-1,1277,638,1278,-1,1278,638,637,-1,1278,637,1279,-1,1279,637,1280,-1,1280,637,636,-1,1281,636,1282,-1,1282,636,1283,-1,1282,1283,1284,-1,1281,1285,636,-1,636,1285,1286,-1,636,1286,1280,-1,1280,1286,1287,-1,1280,1287,1288,-1,1289,1290,1291,-1,1291,1290,1280,-1,1291,1280,1292,-1,1292,1280,1288,-1,1276,1275,1286,-1,1286,1275,1287,-1,1280,1264,1279,-1,1279,1264,618,-1,590,592,618,-1,618,592,617,-1,617,1277,618,-1,618,1277,1278,-1,618,1278,1279,-1,636,635,1272,-1,636,1272,1283,-1,1283,1272,1273,-1,1283,1273,1284,-1,1284,1273,1271,-1,1284,1271,1282,-1,1282,1271,1270,-1,1282,1270,1281,-1,1281,1270,1269,-1,1281,1269,1285,-1,1285,1269,1276,-1,1285,1276,1286,-1,1287,1275,1274,-1,1287,1274,1288,-1,1288,1274,1265,-1,1288,1265,1292,-1,1292,1265,1266,-1,1292,1266,1291,-1,1291,1266,1268,-1,1291,1268,1289,-1,1289,1268,1267,-1,1289,1267,1290,-1,1290,1267,1264,-1,1290,1264,1280,-1,1253,1237,1246,-1,1253,1246,1255,-1,1255,1246,1247,-1,1255,1247,1256,-1,1256,1247,1245,-1,1256,1245,1260,-1,1260,1245,1244,-1,1260,1244,1261,-1,1261,1244,1238,-1,1261,1238,1254,-1,1254,1238,1236,-1,1254,1236,1251,-1,631,630,1240,-1,631,1240,1262,-1,1262,1240,1243,-1,1262,1243,1257,-1,1257,1243,1242,-1,1257,1242,1258,-1,1258,1242,1241,-1,1258,1241,1259,-1,1259,1241,1248,-1,1259,1248,1263,-1,1263,1248,1239,-1,1263,1239,1252,-1,926,925,1206,-1,926,1206,1225,-1,1225,1206,1211,-1,1225,1211,1223,-1,1223,1211,1210,-1,1223,1210,1226,-1,1226,1210,1209,-1,1226,1209,1227,-1,1227,1209,1217,-1,1227,1217,1228,-1,1228,1217,1207,-1,1228,1207,1224,-1,1229,1212,1213,-1,1229,1213,1230,-1,1230,1213,1218,-1,1230,1218,1234,-1,1234,1218,1216,-1,1234,1216,1233,-1,1233,1216,1215,-1,1233,1215,1231,-1,1231,1215,1214,-1,1231,1214,1232,-1,1232,1214,1208,-1,1232,1208,1222,-1,1205,1178,1177,-1,1205,1177,1200,-1,1200,1177,1189,-1,1200,1189,1201,-1,1201,1189,1183,-1,1201,1183,1202,-1,1202,1183,1182,-1,1202,1182,1204,-1,1204,1182,1181,-1,1204,1181,1203,-1,1203,1181,1179,-1,1203,1179,1193,-1,922,921,1185,-1,922,1185,1197,-1,1197,1185,1188,-1,1197,1188,1194,-1,1194,1188,1187,-1,1194,1187,1195,-1,1195,1187,1186,-1,1195,1186,1196,-1,1196,1186,1190,-1,1196,1190,1199,-1,1199,1190,1184,-1,1199,1184,1198,-1,302,900,299,-1,299,900,910,-1,299,910,300,-1,300,910,908,-1,300,908,309,-1,309,908,907,-1,309,907,310,-1,310,907,905,-1,310,905,311,-1,311,905,904,-1,311,904,312,-1,312,904,600,-1,902,308,903,-1,903,308,307,-1,903,307,897,-1,897,307,306,-1,897,306,898,-1,898,306,304,-1,898,304,911,-1,911,304,303,-1,911,303,912,-1,912,303,314,-1,912,314,601,-1,601,314,313,-1,870,1166,869,-1,869,1166,1165,-1,869,1165,1092,-1,887,71,888,-1,888,71,65,-1,888,65,889,-1,889,65,64,-1,889,64,871,-1,871,64,63,-1,871,63,872,-1,872,63,62,-1,872,62,870,-1,870,62,1152,-1,870,1152,1166,-1,287,598,288,-1,288,598,906,-1,288,906,293,-1,293,906,909,-1,293,909,294,-1,294,909,899,-1,294,899,278,-1,278,899,886,-1,278,886,279,-1,279,886,885,-1,279,885,292,-1,292,885,884,-1,281,876,283,-1,283,876,874,-1,283,874,285,-1,285,874,873,-1,285,873,286,-1,286,873,893,-1,286,893,289,-1,289,893,895,-1,289,895,290,-1,290,895,896,-1,290,896,291,-1,291,896,599,-1,271,883,1293,-1,1293,883,892,-1,1293,892,1294,-1,1294,892,891,-1,1294,891,1295,-1,1295,891,890,-1,1295,890,1296,-1,1296,890,882,-1,1296,882,274,-1,274,882,881,-1,274,881,1175,-1,1175,881,880,-1,1175,880,1176,-1,1176,880,879,-1,1176,879,990,-1,
        ]
    }
}
Shape{
    appearance Appearance {
        material  Material 	{
            diffuseColor 0.25098039215686274 0.25098039215686274 0.25098039215686274
            specularColor 0.12549019607843137 0.12549019607843137 0.12549019607843137
            ambientIntensity 0.251
            transparency 0.0
            shininess 0.5
        }
    }
    geometry IndexedFaceSet {
        ccw TRUE
        solid FALSE
        coord DEF co Coordinate {
            point [
                0.3992 0.626 1.096, 0.3992 0.626 1.0868, 0.3992 0.622 1.096, 0.3992 0.622 1.0868, 0.4311 0.626 1.096, 0.4311 0.622 1.096, 0.4311 0.626 1.1669, 0.4311 0.622 1.1669, 0.4414 0.626 1.1669, 0.4414 0.622 1.1669, 0.4414 0.626 1.0868, 0.4414 0.622 1.0868, 0.3359 0.622 1.0902, 0.3359 0.626 1.0902, 0.3373 0.626 1.0895, 0.3581 0.626 1.0855, 0.3581 0.622 1.0855, 0.3459 0.626 1.0867, 0.351 0.622 1.0862, 0.3459 0.622 1.0867, 0.3394 0.622 1.0888, 0.3373 0.622 1.0895, 0.3359 0.626 1.1001, 0.3359 0.622 1.1001, 0.3394 0.622 1.0985, 0.3438 0.626 1.0965, 0.3438 0.622 1.0965, 0.3529 0.622 1.0948, 0.3529 0.626 1.0948, 0.3566 0.622 1.0947, 0.3566 0.626 1.0947, 0.3637 0.622 1.0954, 0.3637 0.626 1.0954, 0.3695 0.622 1.0975, 0.3695 0.626 1.0975, 0.375 0.622 1.101, 0.375 0.626 1.101, 0.3772 0.622 1.1031, 0.3772 0.626 1.1031, 0.3809 0.622 1.1082, 0.3809 0.626 1.1082, 0.3835 0.622 1.1145, 0.3835 0.626 1.1145, 0.3849 0.622 1.1224, 0.3849 0.626 1.1224, 0.385 0.622 1.126, 0.385 0.626 1.126, 0.3837 0.622 1.137, 0.3837 0.626 1.137, 0.3811 0.622 1.1439, 0.3811 0.626 1.1439, 0.3772 0.622 1.1494, 0.3772 0.626 1.1494, 0.3766 0.622 1.15, 0.3766 0.626 1.15, 0.3717 0.622 1.1542, 0.3717 0.626 1.1542, 0.3654 0.622 1.1573, 0.3654 0.626 1.1573, 0.3586 0.622 1.1587, 0.3586 0.626 1.1587, 0.3548 0.622 1.1589, 0.3548 0.626 1.1589, 0.345 0.622 1.1578, 0.3394 0.622 1.1556, 0.3368 0.626 1.1547, 0.345 0.626 1.1578, 0.3368 0.622 1.1547, 0.3359 0.622 1.1542, 0.3359 0.626 1.1542, 0.3359 0.626 1.165, 0.3359 0.622 1.165, 0.3394 0.622 1.166, 0.3444 0.626 1.1674, 0.3549 0.622 1.1683, 0.3549 0.626 1.1683, 0.3463 0.622 1.1676, 0.3444 0.622 1.1674, 0.3605 0.622 1.1676, 0.3665 0.626 1.1669, 0.3665 0.622 1.1669, 0.3748 0.622 1.1636, 0.3748 0.626 1.1636, 0.3823 0.622 1.1584, 0.3823 0.626 1.1584, 0.3843 0.622 1.1565, 0.3843 0.626 1.1565, 0.3901 0.622 1.1489, 0.3923 0.622 1.1438, 0.3939 0.626 1.14, 0.3901 0.626 1.1489, 0.3939 0.622 1.14, 0.3958 0.622 1.1295, 0.3958 0.626 1.1295, 0.3959 0.622 1.1254, 0.3959 0.626 1.1254, 0.3943 0.622 1.1124, 0.3923 0.622 1.1072, 0.3911 0.626 1.104, 0.3943 0.626 1.1124, 0.3911 0.622 1.104, 0.3863 0.622 1.0972, 0.3863 0.626 1.0972, 0.3856 0.622 1.0964, 0.3856 0.626 1.0964, 0.3644 0.626 1.0859, 0.3803 0.622 1.0918, 0.3803 0.626 1.0918, 0.3729 0.622 1.0879, 0.3729 0.626 1.0879, 0.3656 0.622 1.0862, 0.3644 0.622 1.0859, 0.2769 0.626 1.096, 0.2769 0.626 1.0868, 0.2769 0.622 1.096, 0.2769 0.622 1.0868, 0.3096 0.622 1.096, 0.3096 0.626 1.096, 0.288 0.622 1.096, 0.3096 0.626 1.1229, 0.3096 0.622 1.1229, 0.281 0.626 1.1229, 0.288 0.622 1.1229, 0.281 0.622 1.1229, 0.281 0.626 1.1321, 0.281 0.622 1.1321, 0.3096 0.622 1.1321, 0.3096 0.626 1.1321, 0.288 0.622 1.1321, 0.3096 0.626 1.1577, 0.3096 0.622 1.1577, 0.2787 0.626 1.1577, 0.288 0.622 1.1577, 0.2787 0.622 1.1577, 0.2787 0.626 1.1669, 0.2787 0.622 1.1669, 0.3199 0.622 1.1669, 0.3199 0.626 1.1669, 0.288 0.622 1.1669, 0.3199 0.626 1.0868, 0.3199 0.622 1.0868, 0.288 0.622 1.0868, 0.2086 0.626 1.0981, 0.2169 0.626 1.1034, 0.217 0.626 1.092, 0.2221 0.626 1.0999, 0.2261 0.626 1.0885, 0.2287 0.626 1.0973, 0.2397 0.626 1.0868, 0.2398 0.626 1.096, 0.2617 0.626 1.0868, 0.2514 0.626 1.096, 0.2617 0.626 1.1669, 0.2514 0.626 1.1577, 0.2389 0.626 1.1669, 0.2393 0.626 1.1577, 0.2386 0.626 1.1577, 0.2267 0.626 1.1656, 0.2283 0.626 1.1564, 0.217 0.626 1.162, 0.2215 0.626 1.1538, 0.2086 0.626 1.1563, 0.2162 0.626 1.1502, 0.2058 0.626 1.1535, 0.2139 0.626 1.148, 0.2008 0.626 1.1465, 0.2108 0.626 1.1435, 0.1979 0.626 1.1389, 0.2086 0.626 1.1376, 0.1965 0.626 1.1279, 0.2074 0.626 1.1276, 0.1968 0.626 1.1228, 0.2077 0.626 1.1222, 0.1987 0.626 1.1134, 0.2093 0.626 1.1149, 0.2027 0.626 1.1051, 0.2121 0.626 1.109, 0.216 0.626 1.1043, 0.2397 0.622 1.0868, 0.2617 0.622 1.0868, 0.2261 0.622 1.0885, 0.217 0.622 1.092, 0.2086 0.622 1.0981, 0.2027 0.622 1.1051, 0.1987 0.622 1.1134, 0.1968 0.622 1.1228, 0.1965 0.622 1.1279, 0.1979 0.622 1.1389, 0.2008 0.622 1.1465, 0.2058 0.622 1.1535, 0.2086 0.622 1.1563, 0.217 0.622 1.162, 0.2267 0.622 1.1656, 0.2389 0.622 1.1669, 0.2617 0.622 1.1669, 0.2393 0.622 1.1577, 0.2514 0.622 1.1577, 0.2514 0.622 1.096, 0.2398 0.622 1.096, 0.216 0.622 1.1043, 0.2169 0.622 1.1034, 0.2221 0.622 1.0999, 0.2287 0.622 1.0973, 0.2074 0.622 1.1276, 0.2077 0.622 1.1222, 0.2093 0.622 1.1149, 0.2121 0.622 1.109, 0.2162 0.622 1.1502, 0.2139 0.622 1.148, 0.2108 0.622 1.1435, 0.2086 0.622 1.1376, 0.2386 0.622 1.1577, 0.2283 0.622 1.1564, 0.2215 0.622 1.1538
            ]
        }
        coordIndex [
            0,1,2,-1,2,1,3,-1,4,0,5,-1,5,0,2,-1,6,4,7,-1,7,4,5,-1,8,6,9,-1,9,6,7,-1,10,8,11,-1,11,8,9,-1,1,10,3,-1,3,10,11,-1,6,8,4,-1,4,8,10,-1,4,10,0,-1,0,10,1,-1,12,13,14,-1,15,16,17,-1,17,16,18,-1,18,19,17,-1,17,19,20,-1,17,20,14,-1,14,20,21,-1,14,21,12,-1,22,13,23,-1,23,13,12,-1,22,23,24,-1,22,24,25,-1,24,26,25,-1,25,26,27,-1,25,27,28,-1,28,27,29,-1,28,29,30,-1,30,29,31,-1,30,31,32,-1,32,31,33,-1,32,33,34,-1,34,33,35,-1,34,35,36,-1,36,35,37,-1,36,37,38,-1,38,37,39,-1,38,39,40,-1,40,39,41,-1,40,41,42,-1,42,41,43,-1,42,43,44,-1,44,43,45,-1,44,45,46,-1,46,45,47,-1,46,47,48,-1,48,47,49,-1,48,49,50,-1,50,49,51,-1,50,51,52,-1,52,51,53,-1,52,53,54,-1,54,53,55,-1,54,55,56,-1,56,55,57,-1,56,57,58,-1,58,57,59,-1,58,59,60,-1,60,59,61,-1,60,61,62,-1,62,61,63,-1,64,65,63,-1,63,65,66,-1,63,66,62,-1,64,67,65,-1,65,67,68,-1,65,68,69,-1,70,69,71,-1,71,69,68,-1,70,71,72,-1,70,72,73,-1,74,75,76,-1,76,75,73,-1,76,73,77,-1,77,73,72,-1,75,74,78,-1,75,78,79,-1,78,80,79,-1,79,80,81,-1,79,81,82,-1,82,81,83,-1,82,83,84,-1,84,83,85,-1,84,85,86,-1,86,85,87,-1,88,89,87,-1,87,89,90,-1,87,90,86,-1,88,91,89,-1,89,91,92,-1,89,92,93,-1,93,92,94,-1,93,94,95,-1,95,94,96,-1,97,98,96,-1,96,98,99,-1,96,99,95,-1,97,100,98,-1,98,100,101,-1,98,101,102,-1,102,101,103,-1,102,103,104,-1,16,15,105,-1,104,103,106,-1,104,106,107,-1,107,106,108,-1,107,108,109,-1,109,108,110,-1,109,110,105,-1,105,110,111,-1,105,111,16,-1,48,50,90,-1,90,50,86,-1,95,46,93,-1,93,46,48,-1,93,48,89,-1,89,48,90,-1,50,52,86,-1,86,52,54,-1,86,54,84,-1,84,54,56,-1,84,56,82,-1,82,56,79,-1,79,56,58,-1,79,58,75,-1,13,22,14,-1,14,22,25,-1,14,25,17,-1,17,25,28,-1,17,28,15,-1,15,28,30,-1,15,30,105,-1,105,30,32,-1,105,32,109,-1,109,32,34,-1,109,34,107,-1,107,34,36,-1,107,36,104,-1,104,36,38,-1,104,38,102,-1,102,38,40,-1,102,40,98,-1,98,40,99,-1,99,40,42,-1,99,42,95,-1,95,42,44,-1,95,44,46,-1,58,60,75,-1,75,60,62,-1,75,62,73,-1,73,62,66,-1,73,66,70,-1,70,66,65,-1,70,65,69,-1,112,113,114,-1,114,113,115,-1,116,117,118,-1,118,117,112,-1,118,112,114,-1,119,117,120,-1,120,117,116,-1,119,120,121,-1,121,120,122,-1,121,122,123,-1,124,121,125,-1,125,121,123,-1,126,127,128,-1,128,127,124,-1,128,124,125,-1,129,127,130,-1,130,127,126,-1,129,130,131,-1,131,130,132,-1,131,132,133,-1,134,131,135,-1,135,131,133,-1,136,137,138,-1,138,137,134,-1,138,134,135,-1,139,137,140,-1,140,137,136,-1,139,140,113,-1,113,140,141,-1,113,141,115,-1,139,113,112,-1,112,117,139,-1,139,117,119,-1,139,119,137,-1,131,134,129,-1,129,134,137,-1,129,137,127,-1,127,137,119,-1,127,119,124,-1,124,119,121,-1,142,143,144,-1,144,143,145,-1,144,145,146,-1,146,145,147,-1,146,147,148,-1,148,147,149,-1,148,149,150,-1,150,149,151,-1,150,151,152,-1,152,151,153,-1,152,153,154,-1,153,155,154,-1,154,155,156,-1,154,156,157,-1,157,156,158,-1,157,158,159,-1,159,158,160,-1,159,160,161,-1,161,160,162,-1,161,162,163,-1,163,162,164,-1,163,164,165,-1,165,164,166,-1,165,166,167,-1,167,166,168,-1,167,168,169,-1,169,168,170,-1,169,170,171,-1,171,170,172,-1,171,172,173,-1,173,172,174,-1,173,174,175,-1,175,174,176,-1,175,176,142,-1,142,176,177,-1,142,177,143,-1,148,150,178,-1,178,150,179,-1,148,178,180,-1,148,180,146,-1,146,180,181,-1,146,181,144,-1,144,181,182,-1,144,182,142,-1,142,182,183,-1,142,183,175,-1,175,183,184,-1,175,184,173,-1,173,184,185,-1,173,185,171,-1,171,185,186,-1,171,186,169,-1,169,186,187,-1,169,187,167,-1,167,187,188,-1,167,188,165,-1,165,188,189,-1,165,189,163,-1,163,189,190,-1,163,190,161,-1,161,190,191,-1,161,191,159,-1,159,191,192,-1,159,192,157,-1,157,192,193,-1,157,193,154,-1,152,154,194,-1,194,154,193,-1,150,152,179,-1,179,152,194,-1,155,153,195,-1,195,153,196,-1,153,151,196,-1,196,151,197,-1,151,149,197,-1,197,149,198,-1,177,199,200,-1,177,200,143,-1,143,200,201,-1,143,201,145,-1,145,201,202,-1,145,202,147,-1,147,202,198,-1,147,198,149,-1,170,203,204,-1,170,204,172,-1,172,204,205,-1,172,205,174,-1,174,205,206,-1,174,206,176,-1,176,206,199,-1,176,199,177,-1,162,207,208,-1,162,208,164,-1,164,208,209,-1,164,209,166,-1,166,209,210,-1,166,210,168,-1,168,210,203,-1,168,203,170,-1,155,195,211,-1,155,211,156,-1,156,211,212,-1,156,212,158,-1,158,212,213,-1,158,213,160,-1,160,213,207,-1,160,207,162,-1,
        ]
    }
}
Shape{
    appearance Appearance {
        material  Material 	{
            diffuseColor 0.6039215686274509 0.6039215686274509 0.6039215686274509
            specularColor 0.7529411764705882 0.7529411764705882 0.7529411764705882
            ambientIntensity 0.7529
            transparency 0.0
            shininess 0.5
        }
    }
    geometry IndexedFaceSet {
        ccw TRUE
        solid FALSE
        coord DEF co Coordinate {
            point [
                0.2221 0.622 1.0999, 0.2169 0.622 1.1034, 0.2386 0.622 1.1577, 0.2514 0.622 1.1577, 0.2514 0.622 1.096, 0.2393 0.622 1.1577, 0.2398 0.622 1.096, 0.2287 0.622 1.0973, 0.216 0.622 1.1043, 0.2121 0.622 1.109, 0.2093 0.622 1.1149, 0.2074 0.622 1.1276, 0.2162 0.622 1.1502, 0.2215 0.622 1.1538, 0.2086 0.622 1.1376, 0.2108 0.622 1.1435, 0.2139 0.622 1.148, 0.2077 0.622 1.1222, 0.2283 0.622 1.1564
            ]
        }
        coordIndex [
            0,1,2,-1,3,4,5,-1,5,4,6,-1,5,6,2,-1,2,6,7,-1,2,7,0,-1,1,8,2,-1,2,8,9,-1,2,9,10,-1,11,12,13,-1,14,15,11,-1,11,15,16,-1,11,16,12,-1,10,17,2,-1,2,17,11,-1,2,11,18,-1,18,11,13,-1,
        ]
    }
}
Shape{
    appearance Appearance {
        material  Material 	{
            diffuseColor 0.25098039215686274 0.25098039215686274 0.25098039215686274
            specularColor 0.12549019607843137 0.12549019607843137 0.12549019607843137
            ambientIntensity 0.251
            transparency 0.0
            shininess 0.5
        }
    }
    geometry IndexedFaceSet {
        ccw TRUE
        solid FALSE
        coord DEF co Coordinate {
            point [
                0.1697 0.626 1.1178, 0.1577 0.626 1.1511, 0.1616 0.626 1.1669, 0.1921 0.626 1.0868, 0.1807 0.626 1.0868, 0.173 0.626 1.1087, 0.157 0.626 1.1535, 0.1564 0.626 1.1567, 0.1506 0.626 1.1669, 0.1562 0.626 1.1567, 0.1555 0.626 1.1533, 0.1549 0.626 1.1511, 0.1428 0.626 1.1178, 0.1201 0.626 1.0868, 0.1315 0.626 1.0868, 0.1396 0.626 1.1087, 0.1506 0.622 1.1669, 0.1201 0.622 1.0868, 0.1616 0.622 1.1669, 0.1921 0.622 1.0868, 0.169 0.622 1.1474, 0.1807 0.622 1.0868, 0.173 0.622 1.1087, 0.1396 0.622 1.1087, 0.169 0.622 1.1087, 0.1315 0.622 1.0868, 0.1697 0.622 1.1178, 0.1428 0.622 1.1178, 0.1549 0.622 1.1511, 0.1562 0.622 1.1567, 0.1555 0.622 1.1533, 0.1564 0.622 1.1567, 0.1577 0.622 1.1511, 0.157 0.622 1.1535
            ]
        }
        coordIndex [
            0,1,2,-1,3,4,5,-1,1,6,2,-1,2,6,7,-1,2,7,8,-1,8,7,9,-1,8,9,10,-1,10,11,8,-1,8,11,12,-1,8,12,13,-1,14,13,15,-1,15,13,12,-1,15,12,5,-1,5,12,0,-1,5,0,3,-1,3,0,2,-1,8,13,16,-1,16,13,17,-1,2,8,18,-1,18,8,16,-1,19,3,20,-1,20,3,2,-1,20,2,18,-1,4,3,21,-1,21,3,19,-1,5,4,22,-1,22,4,21,-1,23,15,24,-1,24,15,5,-1,24,5,22,-1,14,15,25,-1,25,15,23,-1,13,14,17,-1,17,14,25,-1,0,12,26,-1,26,12,27,-1,12,11,27,-1,27,11,28,-1,9,29,30,-1,9,30,10,-1,10,30,28,-1,10,28,11,-1,9,7,29,-1,29,7,31,-1,1,32,33,-1,1,33,6,-1,6,33,31,-1,6,31,7,-1,1,0,32,-1,32,0,26,-1,
        ]
    }
}
Shape{
    appearance Appearance {
        material  Material 	{
            diffuseColor 0.6039215686274509 0.6039215686274509 0.6039215686274509
            specularColor 0.7529411764705882 0.7529411764705882 0.7529411764705882
            ambientIntensity 0.7529
            transparency 0.0
            shininess 0.5
        }
    }
    geometry IndexedFaceSet {
        ccw TRUE
        solid FALSE
        coord DEF co Coordinate {
            point [
                0.1562 0.622 1.1567, 0.1564 0.622 1.1567, 0.1555 0.622 1.1533, 0.157 0.622 1.1535, 0.1549 0.622 1.1511, 0.1577 0.622 1.1511, 0.1428 0.622 1.1178, 0.1697 0.622 1.1178
            ]
        }
        coordIndex [
            0,1,2,-1,2,1,3,-1,2,3,4,-1,4,3,5,-1,4,5,6,-1,6,5,7,-1,
        ]
    }
}
Shape{
    appearance Appearance {
        material  Material 	{
            diffuseColor 0.25098039215686274 0.25098039215686274 0.25098039215686274
            specularColor 0.12549019607843137 0.12549019607843137 0.12549019607843137
            ambientIntensity 0.251
            transparency 0.0
            shininess 0.5
        }
    }
    geometry IndexedFaceSet {
        ccw TRUE
        solid FALSE
        coord DEF co Coordinate {
            point [
                0.3983 0.626 0.9689, 0.3983 0.626 0.9598, 0.3983 0.622 0.9689, 0.3983 0.622 0.9598, 0.4311 0.626 0.9689, 0.4311 0.622 0.9689, 0.4311 0.626 0.9959, 0.4311 0.622 0.9959, 0.4024 0.626 0.9959, 0.4024 0.622 0.9959, 0.4024 0.626 1.0051, 0.4024 0.622 1.0051, 0.4311 0.626 1.0051, 0.4311 0.622 1.0051, 0.4311 0.626 1.0307, 0.4311 0.622 1.0307, 0.4002 0.626 1.0307, 0.4002 0.622 1.0307, 0.4002 0.626 1.0399, 0.4002 0.622 1.0399, 0.4414 0.626 1.0399, 0.4414 0.622 1.0399, 0.4414 0.626 0.9598, 0.4414 0.622 0.9598, 0.3528 0.626 0.9598, 0.3428 0.626 0.9598, 0.3528 0.626 0.9687, 0.3428 0.626 0.9966, 0.3662 0.626 0.9867, 0.3528 0.626 0.9885, 0.3528 0.626 0.983, 0.3531 0.626 0.9687, 0.3584 0.626 0.9701, 0.3558 0.626 0.9649, 0.3612 0.626 0.9682, 0.3814 0.626 0.9899, 0.3846 0.626 0.9872, 0.3771 0.626 0.9817, 0.3528 0.626 0.9824, 0.3535 0.626 0.9779, 0.3549 0.626 0.9743, 0.3571 0.626 0.9714, 0.3831 0.626 1.013, 0.3831 0.626 1.0033, 0.3811 0.626 1.0142, 0.3772 0.626 1.0071, 0.3736 0.626 1.0171, 0.3709 0.626 1.0094, 0.3635 0.626 1.0183, 0.3644 0.626 1.0102, 0.3573 0.626 1.0177, 0.361 0.626 1.0098, 0.3531 0.626 1.0164, 0.3587 0.626 1.009, 0.3498 0.626 1.0145, 0.3569 0.626 1.0079, 0.3471 0.626 1.0119, 0.3554 0.626 1.0062, 0.3451 0.626 1.0087, 0.3542 0.626 1.0042, 0.3435 0.626 1.004, 0.3532 0.626 1.0006, 0.3528 0.626 0.9962, 0.378 0.626 0.9798, 0.3866 0.626 0.9844, 0.3785 0.626 0.9775, 0.3698 0.626 0.9938, 0.3747 0.626 0.9841, 0.3724 0.626 0.9853, 0.3765 0.626 0.9701, 0.3838 0.626 0.963, 0.3757 0.626 0.9693, 0.3804 0.626 0.9606, 0.3737 0.626 0.9679, 0.3766 0.626 0.9592, 0.3714 0.626 0.9671, 0.3706 0.626 0.9585, 0.368 0.626 0.9667, 0.3649 0.626 0.9592, 0.3642 0.626 0.9671, 0.3609 0.626 0.9608, 0.3591 0.626 0.9619, 0.3759 0.626 0.9832, 0.377 0.626 0.992, 0.388 0.626 0.9809, 0.3887 0.626 0.9766, 0.3786 0.626 0.9759, 0.3887 0.626 0.9751, 0.3783 0.626 0.9736, 0.3882 0.626 0.9706, 0.3776 0.626 0.9718, 0.387 0.626 0.9672, 0.3849 0.626 0.9641, 0.3635 0.622 1.0183, 0.3736 0.622 1.0171, 0.3811 0.622 1.0142, 0.3831 0.622 1.013, 0.3831 0.622 1.0033, 0.3772 0.622 1.0071, 0.3709 0.622 1.0094, 0.3644 0.622 1.0102, 0.361 0.622 1.0098, 0.3587 0.622 1.009, 0.3569 0.622 1.0079, 0.3554 0.622 1.0062, 0.3542 0.622 1.0042, 0.3532 0.622 1.0006, 0.3528 0.622 0.9962, 0.3698 0.622 0.9938, 0.377 0.622 0.992, 0.3814 0.622 0.9899, 0.3846 0.622 0.9872, 0.3866 0.622 0.9844, 0.388 0.622 0.9809, 0.3887 0.622 0.9766, 0.3887 0.622 0.9751, 0.3882 0.622 0.9706, 0.387 0.622 0.9672, 0.3849 0.622 0.9641, 0.3838 0.622 0.963, 0.3706 0.622 0.9585, 0.3764 0.622 0.9591, 0.3766 0.622 0.9592, 0.3804 0.622 0.9606, 0.3652 0.622 0.9591, 0.3649 0.622 0.9592, 0.3609 0.622 0.9608, 0.3591 0.622 0.9619, 0.3558 0.622 0.9649, 0.3531 0.622 0.9687, 0.3528 0.622 0.9687, 0.3528 0.622 0.9598, 0.3428 0.622 0.9598, 0.3428 0.622 0.9966, 0.3435 0.622 1.004, 0.3451 0.622 1.0087, 0.3471 0.622 1.0119, 0.3498 0.622 1.0145, 0.3531 0.622 1.0164, 0.3573 0.622 1.0177, 0.3759 0.622 0.9832, 0.3747 0.622 0.9841, 0.3724 0.622 0.9853, 0.3662 0.622 0.9867, 0.3786 0.622 0.9759, 0.3785 0.622 0.9775, 0.378 0.622 0.9798, 0.3771 0.622 0.9817, 0.3757 0.622 0.9693, 0.3765 0.622 0.9701, 0.3776 0.622 0.9718, 0.3783 0.622 0.9736, 0.368 0.622 0.9667, 0.3714 0.622 0.9671, 0.3737 0.622 0.9679, 0.3571 0.622 0.9714, 0.3584 0.622 0.9701, 0.3612 0.622 0.9682, 0.3642 0.622 0.9671, 0.3528 0.622 0.983, 0.3528 0.622 0.9824, 0.3535 0.622 0.9779, 0.3549 0.622 0.9743, 0.3528 0.622 0.9885
            ]
        }
        coordIndex [
            0,1,2,-1,2,1,3,-1,4,0,5,-1,5,0,2,-1,6,4,7,-1,7,4,5,-1,8,6,9,-1,9,6,7,-1,10,8,11,-1,11,8,9,-1,12,10,13,-1,13,10,11,-1,14,12,15,-1,15,12,13,-1,16,14,17,-1,17,14,15,-1,18,16,19,-1,19,16,17,-1,20,18,21,-1,21,18,19,-1,22,20,23,-1,23,20,21,-1,1,22,3,-1,3,22,23,-1,16,18,14,-1,14,18,20,-1,14,20,12,-1,1,0,22,-1,22,0,4,-1,22,4,6,-1,8,10,6,-1,6,10,12,-1,6,12,22,-1,22,12,20,-1,24,25,26,-1,26,25,27,-1,28,29,27,-1,27,29,30,-1,31,32,33,-1,33,32,34,-1,35,36,37,-1,30,38,27,-1,27,38,39,-1,27,39,26,-1,26,39,40,-1,26,40,31,-1,31,40,41,-1,31,41,32,-1,42,43,44,-1,44,43,45,-1,44,45,46,-1,46,45,47,-1,46,47,48,-1,48,47,49,-1,48,49,50,-1,50,49,51,-1,50,51,52,-1,52,51,53,-1,52,53,54,-1,54,53,55,-1,54,55,56,-1,56,55,57,-1,56,57,58,-1,58,57,59,-1,58,59,60,-1,60,59,61,-1,60,61,27,-1,27,61,62,-1,27,62,28,-1,37,36,63,-1,63,36,64,-1,63,64,65,-1,66,67,62,-1,62,67,68,-1,62,68,28,-1,69,70,71,-1,71,70,72,-1,71,72,73,-1,73,72,74,-1,73,74,75,-1,75,74,76,-1,75,76,77,-1,77,76,78,-1,77,78,79,-1,79,78,80,-1,79,80,34,-1,34,80,81,-1,34,81,33,-1,37,82,35,-1,35,82,67,-1,35,67,83,-1,83,67,66,-1,64,84,65,-1,65,84,85,-1,65,85,86,-1,86,85,87,-1,86,87,88,-1,88,87,89,-1,88,89,90,-1,90,89,91,-1,90,91,69,-1,69,91,92,-1,69,92,70,-1,48,93,94,-1,48,94,46,-1,46,94,95,-1,46,95,44,-1,44,95,96,-1,44,96,42,-1,43,42,97,-1,97,42,96,-1,43,97,98,-1,43,98,45,-1,45,98,99,-1,45,99,47,-1,47,99,100,-1,47,100,49,-1,49,100,101,-1,49,101,51,-1,51,101,102,-1,51,102,53,-1,53,102,103,-1,53,103,55,-1,55,103,104,-1,55,104,57,-1,57,104,105,-1,57,105,59,-1,59,105,106,-1,59,106,61,-1,61,106,107,-1,61,107,62,-1,66,62,108,-1,108,62,107,-1,66,108,109,-1,66,109,83,-1,83,109,110,-1,83,110,35,-1,35,110,111,-1,35,111,36,-1,36,111,112,-1,36,112,64,-1,64,112,113,-1,64,113,84,-1,84,113,114,-1,84,114,85,-1,85,114,115,-1,85,115,87,-1,87,115,116,-1,87,116,89,-1,89,116,117,-1,89,117,91,-1,91,117,118,-1,91,118,92,-1,92,118,119,-1,92,119,70,-1,120,76,121,-1,121,76,74,-1,121,74,122,-1,122,74,72,-1,122,72,123,-1,123,72,70,-1,123,70,119,-1,120,124,76,-1,76,124,78,-1,124,125,78,-1,78,125,126,-1,78,126,80,-1,80,126,127,-1,80,127,81,-1,81,127,128,-1,81,128,33,-1,33,128,129,-1,33,129,31,-1,26,31,130,-1,130,31,129,-1,24,26,131,-1,131,26,130,-1,25,24,132,-1,132,24,131,-1,27,25,133,-1,133,25,132,-1,27,133,134,-1,27,134,60,-1,60,134,135,-1,60,135,58,-1,58,135,136,-1,58,136,56,-1,56,136,137,-1,56,137,54,-1,54,137,138,-1,54,138,52,-1,52,138,139,-1,52,139,50,-1,50,139,93,-1,50,93,48,-1,82,140,141,-1,82,141,67,-1,67,141,142,-1,67,142,68,-1,68,142,143,-1,68,143,28,-1,86,144,145,-1,86,145,65,-1,65,145,146,-1,65,146,63,-1,63,146,147,-1,63,147,37,-1,37,147,140,-1,37,140,82,-1,71,148,149,-1,71,149,69,-1,69,149,150,-1,69,150,90,-1,90,150,151,-1,90,151,88,-1,88,151,144,-1,88,144,86,-1,77,152,153,-1,77,153,75,-1,75,153,154,-1,75,154,73,-1,73,154,148,-1,73,148,71,-1,41,155,156,-1,41,156,32,-1,32,156,157,-1,32,157,34,-1,34,157,158,-1,34,158,79,-1,79,158,152,-1,79,152,77,-1,30,159,160,-1,30,160,38,-1,38,160,161,-1,38,161,39,-1,39,161,162,-1,39,162,40,-1,40,162,155,-1,40,155,41,-1,30,29,159,-1,159,29,163,-1,29,28,163,-1,163,28,143,-1,
        ]
    }
}
Shape{
    appearance Appearance {
        material  Material 	{
            diffuseColor 0.6039215686274509 0.6039215686274509 0.6039215686274509
            specularColor 0.7529411764705882 0.7529411764705882 0.7529411764705882
            ambientIntensity 0.7529
            transparency 0.0
            shininess 0.5
        }
    }
    geometry IndexedFaceSet {
        ccw TRUE
        solid FALSE
        coord DEF co Coordinate {
            point [
                0.3528 0.622 0.9824, 0.3528 0.622 0.983, 0.3759 0.622 0.9832, 0.3528 0.622 0.9885, 0.3662 0.622 0.9867, 0.3724 0.622 0.9853, 0.3747 0.622 0.9841, 0.3535 0.622 0.9779, 0.3771 0.622 0.9817, 0.3549 0.622 0.9743, 0.3765 0.622 0.9701, 0.3757 0.622 0.9693, 0.3584 0.622 0.9701, 0.3776 0.622 0.9718, 0.3612 0.622 0.9682, 0.3642 0.622 0.9671, 0.368 0.622 0.9667, 0.378 0.622 0.9798, 0.3785 0.622 0.9775, 0.3571 0.622 0.9714, 0.3786 0.622 0.9759, 0.3783 0.622 0.9736, 0.3737 0.622 0.9679, 0.3714 0.622 0.9671
            ]
        }
        coordIndex [
            0,1,2,-1,1,3,4,-1,4,5,1,-1,1,5,6,-1,1,6,2,-1,0,2,7,-1,7,2,8,-1,7,8,9,-1,10,11,12,-1,10,12,13,-1,14,12,15,-1,15,12,16,-1,8,17,9,-1,9,17,18,-1,9,18,19,-1,19,18,20,-1,19,20,12,-1,12,20,21,-1,12,21,13,-1,11,22,12,-1,12,22,23,-1,12,23,16,-1,
        ]
    }
}
Shape{
    appearance Appearance {
        material  Material 	{
            diffuseColor 0.25098039215686274 0.25098039215686274 0.25098039215686274
            specularColor 0.12549019607843137 0.12549019607843137 0.12549019607843137
            ambientIntensity 0.251
            transparency 0.0
            shininess 0.5
        }
    }
    geometry IndexedFaceSet {
        ccw TRUE
        solid FALSE
        coord DEF co Coordinate {
            point [
                0.3292 0.622 0.9722, 0.3292 0.626 0.9722, 0.3252 0.626 0.9697, 0.3127 0.626 0.9667, 0.3127 0.622 0.9667, 0.3189 0.622 0.9674, 0.3189 0.626 0.9674, 0.3246 0.622 0.9695, 0.3252 0.622 0.9697, 0.3292 0.626 0.9618, 0.3292 0.622 0.9618, 0.3246 0.622 0.9601, 0.323 0.626 0.9596, 0.3137 0.622 0.9585, 0.3137 0.626 0.9585, 0.3195 0.622 0.9591, 0.323 0.622 0.9596, 0.3047 0.626 0.9595, 0.3079 0.622 0.9591, 0.3047 0.622 0.9595, 0.2994 0.622 0.9615, 0.2994 0.626 0.9615, 0.297 0.622 0.963, 0.297 0.626 0.963, 0.2941 0.622 0.9655, 0.2941 0.626 0.9655, 0.2923 0.622 0.9682, 0.2923 0.626 0.9682, 0.291 0.622 0.9713, 0.291 0.626 0.9713, 0.2906 0.622 0.9754, 0.2906 0.626 0.9754, 0.291 0.622 0.9791, 0.291 0.626 0.9791, 0.2921 0.622 0.9821, 0.2921 0.626 0.9821, 0.2939 0.622 0.9848, 0.2939 0.626 0.9848, 0.2963 0.622 0.987, 0.2963 0.626 0.987, 0.303 0.622 0.9907, 0.303 0.626 0.9907, 0.3069 0.622 0.9922, 0.3069 0.626 0.9922, 0.3131 0.622 0.9949, 0.3131 0.626 0.9949, 0.3166 0.622 0.9972, 0.3166 0.626 0.9972, 0.3176 0.622 0.9982, 0.3176 0.626 0.9982, 0.3183 0.622 0.9996, 0.3183 0.626 0.9996, 0.3187 0.622 1.0011, 0.3187 0.626 1.0011, 0.3188 0.622 1.0025, 0.3188 0.626 1.0025, 0.3186 0.622 1.0041, 0.3186 0.626 1.0041, 0.3181 0.622 1.0054, 0.3181 0.626 1.0054, 0.3173 0.622 1.0067, 0.3173 0.626 1.0067, 0.3157 0.622 1.008, 0.3157 0.626 1.008, 0.3135 0.622 1.0092, 0.3135 0.626 1.0092, 0.3108 0.622 1.0099, 0.3108 0.626 1.0099, 0.3078 0.622 1.0102, 0.3078 0.626 1.0102, 0.3014 0.622 1.0094, 0.3014 0.626 1.0094, 0.2957 0.622 1.0074, 0.2957 0.626 1.0074, 0.2933 0.622 1.006, 0.2933 0.626 1.006, 0.2933 0.626 1.0158, 0.2933 0.622 1.0158, 0.2998 0.622 1.0177, 0.2998 0.626 1.0177, 0.3069 0.622 1.0183, 0.3069 0.626 1.0183, 0.3139 0.622 1.0176, 0.3139 0.626 1.0176, 0.3195 0.622 1.0157, 0.3195 0.626 1.0157, 0.3227 0.622 1.0138, 0.3227 0.626 1.0138, 0.3246 0.622 1.0121, 0.3257 0.626 1.0111, 0.3257 0.622 1.0111, 0.3275 0.622 1.0084, 0.3275 0.626 1.0084, 0.3287 0.622 1.0052, 0.3287 0.626 1.0052, 0.3291 0.622 1.0016, 0.3291 0.626 1.0016, 0.3287 0.622 0.9977, 0.3287 0.626 0.9977, 0.3276 0.622 0.9946, 0.3276 0.626 0.9946, 0.3263 0.622 0.9925, 0.3263 0.626 0.9925, 0.3139 0.622 0.985, 0.3139 0.626 0.985, 0.3199 0.626 0.9877, 0.3246 0.622 0.9908, 0.3246 0.626 0.9908, 0.3246 0.622 0.9908, 0.3199 0.622 0.9877, 0.3074 0.622 0.9822, 0.3074 0.626 0.9822, 0.3034 0.622 0.9798, 0.3034 0.626 0.9798, 0.3022 0.622 0.9785, 0.3022 0.626 0.9785, 0.3014 0.622 0.9772, 0.3014 0.626 0.9772, 0.301 0.622 0.9756, 0.301 0.626 0.9756, 0.3009 0.622 0.9744, 0.3009 0.626 0.9744, 0.3011 0.622 0.9725, 0.3011 0.626 0.9725, 0.3016 0.622 0.9711, 0.3016 0.626 0.9711, 0.3025 0.622 0.9698, 0.3025 0.626 0.9698, 0.3036 0.622 0.9687, 0.3036 0.626 0.9687, 0.3045 0.622 0.9682, 0.3045 0.626 0.9682, 0.3071 0.622 0.9672, 0.3071 0.626 0.9672, 0.3123 0.622 0.9667, 0.3123 0.626 0.9667, 0.2409 0.626 1.017, 0.2305 0.626 1.017, 0.2409 0.622 1.017, 0.2305 0.622 1.017, 0.2565 0.626 0.9739, 0.2565 0.622 0.9739, 0.2572 0.622 0.9713, 0.2572 0.626 0.9713, 0.2577 0.622 0.9693, 0.2577 0.626 0.9693, 0.258 0.626 0.9693, 0.258 0.622 0.9693, 0.2592 0.626 0.974, 0.2592 0.622 0.974, 0.2741 0.622 1.017, 0.2741 0.626 1.017, 0.2693 0.622 1.0031, 0.2854 0.626 1.017, 0.2854 0.622 1.017, 0.2629 0.622 0.9599, 0.2629 0.626 0.9599, 0.2693 0.622 0.9762, 0.2673 0.622 0.9495, 0.2673 0.626 0.9495, 0.2633 0.622 0.9591, 0.2693 0.622 0.9459, 0.2693 0.626 0.9459, 0.2693 0.622 0.9459, 0.2712 0.622 0.9438, 0.2712 0.626 0.9438, 0.2729 0.622 0.9426, 0.2729 0.626 0.9426, 0.2751 0.622 0.9418, 0.2751 0.626 0.9418, 0.2776 0.622 0.9415, 0.2776 0.626 0.9415, 0.2812 0.622 0.942, 0.2812 0.626 0.942, 0.2833 0.622 0.9426, 0.2833 0.626 0.9426, 0.2833 0.626 0.9337, 0.2833 0.622 0.9337, 0.279 0.622 0.933, 0.279 0.626 0.933, 0.2768 0.622 0.9329, 0.2768 0.626 0.9329, 0.2728 0.622 0.9333, 0.2728 0.626 0.9333, 0.2693 0.622 0.9347, 0.2688 0.626 0.9349, 0.2688 0.622 0.9349, 0.2653 0.622 0.9373, 0.2653 0.626 0.9373, 0.2646 0.622 0.9379, 0.2646 0.626 0.9379, 0.2609 0.622 0.9423, 0.2609 0.626 0.9423, 0.2564 0.622 0.9512, 0.2564 0.626 0.9512, 0.2533 0.622 0.9591, 0.1766 0.626 0.9689, 0.1766 0.626 0.9598, 0.1766 0.622 0.9689, 0.1766 0.622 0.9598, 0.2093 0.622 0.9689, 0.2093 0.626 0.9689, 0.1943 0.622 0.9689, 0.2093 0.626 0.9959, 0.2093 0.622 0.9959, 0.1807 0.622 0.9959, 0.1807 0.626 0.9959, 0.1943 0.622 0.9959, 0.1807 0.626 1.0051, 0.1807 0.622 1.0051, 0.2093 0.622 1.0051, 0.2093 0.626 1.0051, 0.1943 0.622 1.0051, 0.2093 0.626 1.0307, 0.2093 0.622 1.0307, 0.1784 0.622 1.0307, 0.1784 0.626 1.0307, 0.1943 0.622 1.0307, 0.1784 0.626 1.0399, 0.1784 0.622 1.0399, 0.2196 0.622 1.0399, 0.2196 0.626 1.0399, 0.1943 0.622 1.0399, 0.2196 0.626 0.9598, 0.2196 0.622 0.9598, 0.1943 0.622 0.9598, 0.1083 0.626 0.971, 0.1166 0.626 0.9764, 0.1167 0.626 0.965, 0.1218 0.626 0.9728, 0.1259 0.626 0.9615, 0.1284 0.626 0.9703, 0.1394 0.626 0.9598, 0.1395 0.626 0.9689, 0.1615 0.626 0.9598, 0.1511 0.626 0.9689, 0.1615 0.626 1.0399, 0.1511 0.626 1.0307, 0.1386 0.626 1.0399, 0.139 0.626 1.0307, 0.1383 0.626 1.0307, 0.1264 0.626 1.0385, 0.128 0.626 1.0294, 0.1167 0.626 1.035, 0.1212 0.626 1.0267, 0.1083 0.626 1.0293, 0.1159 0.626 1.0231, 0.1055 0.626 1.0265, 0.1137 0.626 1.0209, 0.1006 0.626 1.0195, 0.1106 0.626 1.0164, 0.0976 0.626 1.0119, 0.1083 0.626 1.0106, 0.0963 0.626 1.0009, 0.1071 0.626 1.0006, 0.0965 0.626 0.9958, 0.1074 0.626 0.9952, 0.0985 0.626 0.9864, 0.1091 0.626 0.9879, 0.1024 0.626 0.9781, 0.1119 0.626 0.982, 0.1157 0.626 0.9773, 0.1394 0.622 0.9598, 0.1615 0.622 0.9598, 0.1259 0.622 0.9615, 0.1167 0.622 0.965, 0.1083 0.622 0.971, 0.1024 0.622 0.9781, 0.0985 0.622 0.9864, 0.0965 0.622 0.9958, 0.0963 0.622 1.0009, 0.0976 0.622 1.0119, 0.1006 0.622 1.0195, 0.1055 0.622 1.0265, 0.1083 0.622 1.0293, 0.1167 0.622 1.035, 0.1264 0.622 1.0385, 0.1386 0.622 1.0399, 0.1615 0.622 1.0399, 0.139 0.622 1.0307, 0.1511 0.622 1.0307, 0.1511 0.622 0.9689, 0.1395 0.622 0.9689, 0.1157 0.622 0.9773, 0.1166 0.622 0.9764, 0.1218 0.622 0.9728, 0.1284 0.622 0.9703, 0.1071 0.622 1.0006, 0.1074 0.622 0.9952, 0.1091 0.622 0.9879, 0.1119 0.622 0.982, 0.1159 0.622 1.0231, 0.1137 0.622 1.0209, 0.1106 0.622 1.0164, 0.1083 0.622 1.0106, 0.1383 0.622 1.0307, 0.128 0.622 1.0294, 0.1212 0.622 1.0267
            ]
        }
        coordIndex [
            0,1,2,-1,3,4,5,-1,3,5,6,-1,6,5,7,-1,6,7,2,-1,2,7,8,-1,2,8,0,-1,9,1,10,-1,10,1,0,-1,10,11,9,-1,9,11,12,-1,13,14,15,-1,15,14,12,-1,15,12,16,-1,16,12,11,-1,14,13,17,-1,17,13,18,-1,18,19,17,-1,17,19,20,-1,17,20,21,-1,21,20,22,-1,21,22,23,-1,23,22,24,-1,23,24,25,-1,25,24,26,-1,25,26,27,-1,27,26,28,-1,27,28,29,-1,29,28,30,-1,29,30,31,-1,31,30,32,-1,31,32,33,-1,33,32,34,-1,33,34,35,-1,35,34,36,-1,35,36,37,-1,37,36,38,-1,37,38,39,-1,39,38,40,-1,39,40,41,-1,41,40,42,-1,41,42,43,-1,43,42,44,-1,43,44,45,-1,45,44,46,-1,45,46,47,-1,47,46,48,-1,47,48,49,-1,49,48,50,-1,49,50,51,-1,51,50,52,-1,51,52,53,-1,53,52,54,-1,53,54,55,-1,55,54,56,-1,55,56,57,-1,57,56,58,-1,57,58,59,-1,59,58,60,-1,59,60,61,-1,61,60,62,-1,61,62,63,-1,63,62,64,-1,63,64,65,-1,65,64,66,-1,65,66,67,-1,67,66,68,-1,67,68,69,-1,69,68,70,-1,69,70,71,-1,71,70,72,-1,71,72,73,-1,73,72,74,-1,73,74,75,-1,76,75,77,-1,77,75,74,-1,76,77,78,-1,76,78,79,-1,79,78,80,-1,79,80,81,-1,81,80,82,-1,81,82,83,-1,83,82,84,-1,83,84,85,-1,85,84,86,-1,85,86,87,-1,86,88,87,-1,87,88,89,-1,88,90,89,-1,89,90,91,-1,89,91,92,-1,92,91,93,-1,92,93,94,-1,94,93,95,-1,94,95,96,-1,96,95,97,-1,96,97,98,-1,98,97,99,-1,98,99,100,-1,100,99,101,-1,100,101,102,-1,103,104,105,-1,102,101,106,-1,102,106,107,-1,107,106,108,-1,107,108,105,-1,105,108,109,-1,105,109,103,-1,104,103,110,-1,104,110,111,-1,111,110,112,-1,111,112,113,-1,113,112,114,-1,113,114,115,-1,115,114,116,-1,115,116,117,-1,117,116,118,-1,117,118,119,-1,119,118,120,-1,119,120,121,-1,121,120,122,-1,121,122,123,-1,123,122,124,-1,123,124,125,-1,125,124,126,-1,125,126,127,-1,127,126,128,-1,127,128,129,-1,129,128,130,-1,129,130,131,-1,131,130,132,-1,131,132,133,-1,133,132,134,-1,133,134,135,-1,135,134,4,-1,135,4,3,-1,61,63,85,-1,85,63,83,-1,111,43,104,-1,104,43,45,-1,21,23,127,-1,127,23,25,-1,127,25,125,-1,125,25,27,-1,125,27,123,-1,123,27,29,-1,123,29,121,-1,121,29,31,-1,121,31,119,-1,119,31,33,-1,119,33,117,-1,117,33,35,-1,117,35,115,-1,115,35,37,-1,115,37,113,-1,113,37,39,-1,113,39,111,-1,111,39,41,-1,111,41,43,-1,14,3,12,-1,12,3,6,-1,12,6,9,-1,9,6,2,-1,9,2,1,-1,63,65,83,-1,83,65,67,-1,83,67,81,-1,81,67,69,-1,81,69,79,-1,79,69,71,-1,79,71,76,-1,76,71,73,-1,76,73,75,-1,127,129,21,-1,21,129,131,-1,21,131,17,-1,17,131,133,-1,17,133,14,-1,14,133,135,-1,14,135,3,-1,85,87,61,-1,61,87,89,-1,61,89,59,-1,59,89,92,-1,59,92,57,-1,57,92,94,-1,57,94,55,-1,55,94,96,-1,55,96,53,-1,53,96,98,-1,53,98,51,-1,51,98,100,-1,51,100,49,-1,49,100,102,-1,49,102,47,-1,47,102,107,-1,47,107,45,-1,45,107,105,-1,45,105,104,-1,136,137,138,-1,138,137,139,-1,140,136,141,-1,141,136,138,-1,140,141,142,-1,140,142,143,-1,143,142,144,-1,143,144,145,-1,146,145,147,-1,147,145,144,-1,148,146,149,-1,149,146,147,-1,150,151,152,-1,152,151,148,-1,152,148,149,-1,153,151,154,-1,154,151,150,-1,155,156,157,-1,157,156,153,-1,157,153,154,-1,158,159,160,-1,160,159,156,-1,160,156,155,-1,158,161,159,-1,159,161,162,-1,161,163,162,-1,162,163,164,-1,162,164,165,-1,165,164,166,-1,165,166,167,-1,167,166,168,-1,167,168,169,-1,169,168,170,-1,169,170,171,-1,171,170,172,-1,171,172,173,-1,173,172,174,-1,173,174,175,-1,176,175,177,-1,177,175,174,-1,176,177,178,-1,176,178,179,-1,179,178,180,-1,179,180,181,-1,181,180,182,-1,181,182,183,-1,183,182,184,-1,183,184,185,-1,184,186,185,-1,185,186,187,-1,185,187,188,-1,188,187,189,-1,188,189,190,-1,190,189,191,-1,190,191,192,-1,192,191,193,-1,192,193,194,-1,139,137,195,-1,195,137,194,-1,195,194,193,-1,143,145,194,-1,137,136,194,-1,194,136,140,-1,194,140,143,-1,151,153,148,-1,148,153,156,-1,148,156,146,-1,175,176,173,-1,173,176,179,-1,173,179,171,-1,171,179,181,-1,171,181,169,-1,169,181,183,-1,169,183,167,-1,167,183,185,-1,167,185,165,-1,145,146,194,-1,194,146,156,-1,194,156,192,-1,156,159,192,-1,192,159,162,-1,192,162,190,-1,190,162,165,-1,190,165,188,-1,188,165,185,-1,196,197,198,-1,198,197,199,-1,200,201,202,-1,202,201,196,-1,202,196,198,-1,203,201,204,-1,204,201,200,-1,205,206,207,-1,207,206,203,-1,207,203,204,-1,208,206,209,-1,209,206,205,-1,210,211,212,-1,212,211,208,-1,212,208,209,-1,213,211,214,-1,214,211,210,-1,215,216,217,-1,217,216,213,-1,217,213,214,-1,218,216,219,-1,219,216,215,-1,220,221,222,-1,222,221,218,-1,222,218,219,-1,223,221,224,-1,224,221,220,-1,199,197,225,-1,225,197,223,-1,225,223,224,-1,206,208,203,-1,203,208,211,-1,197,196,223,-1,223,196,201,-1,216,218,213,-1,213,218,221,-1,213,221,211,-1,211,221,223,-1,211,223,203,-1,203,223,201,-1,226,227,228,-1,228,227,229,-1,228,229,230,-1,230,229,231,-1,230,231,232,-1,232,231,233,-1,232,233,234,-1,234,233,235,-1,234,235,236,-1,236,235,237,-1,236,237,238,-1,237,239,238,-1,238,239,240,-1,238,240,241,-1,241,240,242,-1,241,242,243,-1,243,242,244,-1,243,244,245,-1,245,244,246,-1,245,246,247,-1,247,246,248,-1,247,248,249,-1,249,248,250,-1,249,250,251,-1,251,250,252,-1,251,252,253,-1,253,252,254,-1,253,254,255,-1,255,254,256,-1,255,256,257,-1,257,256,258,-1,257,258,259,-1,259,258,260,-1,259,260,226,-1,226,260,261,-1,226,261,227,-1,232,234,262,-1,262,234,263,-1,232,262,264,-1,232,264,230,-1,230,264,265,-1,230,265,228,-1,228,265,266,-1,228,266,226,-1,226,266,267,-1,226,267,259,-1,259,267,268,-1,259,268,257,-1,257,268,269,-1,257,269,255,-1,255,269,270,-1,255,270,253,-1,253,270,271,-1,253,271,251,-1,251,271,272,-1,251,272,249,-1,249,272,273,-1,249,273,247,-1,247,273,274,-1,247,274,245,-1,245,274,275,-1,245,275,243,-1,243,275,276,-1,243,276,241,-1,241,276,277,-1,241,277,238,-1,236,238,278,-1,278,238,277,-1,234,236,263,-1,263,236,278,-1,239,237,279,-1,279,237,280,-1,237,235,280,-1,280,235,281,-1,235,233,281,-1,281,233,282,-1,261,283,284,-1,261,284,227,-1,227,284,285,-1,227,285,229,-1,229,285,286,-1,229,286,231,-1,231,286,282,-1,231,282,233,-1,254,287,288,-1,254,288,256,-1,256,288,289,-1,256,289,258,-1,258,289,290,-1,258,290,260,-1,260,290,283,-1,260,283,261,-1,246,291,292,-1,246,292,248,-1,248,292,293,-1,248,293,250,-1,250,293,294,-1,250,294,252,-1,252,294,287,-1,252,287,254,-1,239,279,295,-1,239,295,240,-1,240,295,296,-1,240,296,242,-1,242,296,297,-1,242,297,244,-1,244,297,291,-1,244,291,246,-1,
        ]
    }
}
Shape{
    appearance Appearance {
        material  Material 	{
            diffuseColor 0.6039215686274509 0.6039215686274509 0.6039215686274509
            specularColor 0.7529411764705882 0.7529411764705882 0.7529411764705882
            ambientIntensity 0.7529
            transparency 0.0
            shininess 0.5
        }
    }
    geometry IndexedFaceSet {
        ccw TRUE
        solid FALSE
        coord DEF co Coordinate {
            point [
                0.1218 0.622 0.9728, 0.1166 0.622 0.9764, 0.1383 0.622 1.0307, 0.1511 0.622 1.0307, 0.1511 0.622 0.9689, 0.139 0.622 1.0307, 0.1395 0.622 0.9689, 0.1284 0.622 0.9703, 0.1157 0.622 0.9773, 0.1119 0.622 0.982, 0.1091 0.622 0.9879, 0.1071 0.622 1.0006, 0.1159 0.622 1.0231, 0.1212 0.622 1.0267, 0.1083 0.622 1.0106, 0.1106 0.622 1.0164, 0.1137 0.622 1.0209, 0.1074 0.622 0.9952, 0.128 0.622 1.0294
            ]
        }
        coordIndex [
            0,1,2,-1,3,4,5,-1,5,4,6,-1,5,6,2,-1,2,6,7,-1,2,7,0,-1,1,8,2,-1,2,8,9,-1,2,9,10,-1,11,12,13,-1,14,15,11,-1,11,15,16,-1,11,16,12,-1,10,17,2,-1,2,17,11,-1,2,11,18,-1,18,11,13,-1,
        ]
    }
}
Shape{
    appearance Appearance {
        material  Material 	{
            diffuseColor 0.25098039215686274 0.25098039215686274 0.25098039215686274
            specularColor 0.12549019607843137 0.12549019607843137 0.12549019607843137
            ambientIntensity 0.251
            transparency 0.0
            shininess 0.5
        }
    }
    geometry IndexedFaceSet {
        ccw TRUE
        solid FALSE
        coord DEF co Coordinate {
            point [
                0.0694 0.626 0.9908, 0.0575 0.626 1.024, 0.0613 0.626 1.0399, 0.0918 0.626 0.9598, 0.0804 0.626 0.9598, 0.0727 0.626 0.9817, 0.0568 0.626 1.0264, 0.0562 0.626 1.0297, 0.0503 0.626 1.0399, 0.0559 0.626 1.0297, 0.0553 0.626 1.0263, 0.0547 0.626 1.024, 0.0426 0.626 0.9908, 0.0198 0.626 0.9598, 0.0312 0.626 0.9598, 0.0394 0.626 0.9817, 0.0503 0.622 1.0399, 0.0198 0.622 0.9598, 0.0613 0.622 1.0399, 0.0918 0.622 0.9598, 0.0804 0.622 0.9598, 0.0727 0.622 0.9817, 0.0394 0.622 0.9817, 0.0312 0.622 0.9598, 0.0694 0.622 0.9908, 0.0426 0.622 0.9908, 0.0547 0.622 1.024, 0.0559 0.622 1.0297, 0.0553 0.622 1.0263, 0.0562 0.622 1.0297, 0.0575 0.622 1.024, 0.0568 0.622 1.0264
            ]
        }
        coordIndex [
            0,1,2,-1,3,4,5,-1,1,6,2,-1,2,6,7,-1,2,7,8,-1,8,7,9,-1,8,9,10,-1,10,11,8,-1,8,11,12,-1,8,12,13,-1,14,13,15,-1,15,13,12,-1,15,12,5,-1,5,12,0,-1,5,0,3,-1,3,0,2,-1,8,13,16,-1,16,13,17,-1,2,8,18,-1,18,8,16,-1,3,2,19,-1,19,2,18,-1,4,3,20,-1,20,3,19,-1,5,4,21,-1,21,4,20,-1,15,5,22,-1,22,5,21,-1,14,15,23,-1,23,15,22,-1,13,14,17,-1,17,14,23,-1,0,12,24,-1,24,12,25,-1,12,11,25,-1,25,11,26,-1,9,27,28,-1,9,28,10,-1,10,28,26,-1,10,26,11,-1,9,7,27,-1,27,7,29,-1,1,30,31,-1,1,31,6,-1,6,31,29,-1,6,29,7,-1,1,0,30,-1,30,0,24,-1,
        ]
    }
}
Shape{
    appearance Appearance {
        material  Material 	{
            diffuseColor 0.6039215686274509 0.6039215686274509 0.6039215686274509
            specularColor 0.7529411764705882 0.7529411764705882 0.7529411764705882
            ambientIntensity 0.7529
            transparency 0.0
            shininess 0.5
        }
    }
    geometry IndexedFaceSet {
        ccw TRUE
        solid FALSE
        coord DEF co Coordinate {
            point [
                0.0559 0.622 1.0297, 0.0562 0.622 1.0297, 0.0553 0.622 1.0263, 0.0568 0.622 1.0264, 0.0547 0.622 1.024, 0.0575 0.622 1.024, 0.0426 0.622 0.9908, 0.0694 0.622 0.9908
            ]
        }
        coordIndex [
            0,1,2,-1,2,1,3,-1,2,3,4,-1,4,3,5,-1,4,5,6,-1,6,5,7,-1,
        ]
    }
}
Shape{
    appearance Appearance {
        material  Material 	{
            diffuseColor 0.25098039215686274 0.25098039215686274 0.25098039215686274
            specularColor 0.12549019607843137 0.12549019607843137 0.12549019607843137
            ambientIntensity 0.251
            transparency 0.0
            shininess 0.5
        }
    }
    geometry IndexedFaceSet {
        ccw TRUE
        solid FALSE
        coord DEF co Coordinate {
            point [
                0.795 0.626 0.9485, 0.7865 0.626 0.938, 0.8002 0.626 0.9988, 0.61 0.626 1.0267, 0.6277 0.626 1.0569, 0.7039 0.626 1.017, 0.7434 0.626 1.0002, 0.738 0.626 0.9985, 0.81 0.626 1.0978, 0.7974 0.626 1.1045, 0.8004 0.626 1.1395, 0.7649 0.626 1.1411, 0.7472 0.626 1.0996, 0.7385 0.626 1.1176, 0.8126 0.626 1.0065, 0.8079 0.626 0.9628, 0.8007 0.626 0.9607, 0.778 0.626 1.1423, 0.7333 0.626 0.9956, 0.7295 0.626 0.9917, 0.6897 0.626 0.9846, 0.7268 0.626 0.9871, 0.7253 0.626 0.9819, 0.6897 0.626 0.9789, 0.7251 0.626 0.9764, 0.7527 0.626 0.9998, 0.7602 0.626 1.0347, 0.7576 0.626 0.9979, 0.7728 0.626 1.0299, 0.7621 0.626 0.9948, 0.7844 0.626 1.0218, 0.7647 0.626 0.992, 0.7939 0.626 1.0111, 0.7676 0.626 0.9872, 0.7691 0.626 0.9818, 0.726 0.626 1.0326, 0.7397 0.626 1.036, 0.7466 0.626 1.0364, 0.5912 0.626 1.0831, 0.5867 0.626 1.0831, 0.5633 0.626 1.1138, 0.5758 0.626 1.0817, 0.5605 0.626 1.1129, 0.5659 0.626 1.0779, 0.5436 0.626 1.1045, 0.5281 0.626 1.0914, 0.7532 0.626 1.1547, 0.7257 0.626 1.1328, 0.7398 0.626 1.1662, 0.7105 0.626 1.144, 0.7238 0.626 1.1759, 0.7833 0.626 1.1078, 0.7774 0.626 1.1081, 0.7714 0.626 1.1419, 0.764 0.626 1.1065, 0.7513 0.626 1.1018, 0.528 0.626 0.9852, 0.5546 0.626 1.0078, 0.5435 0.626 0.972, 0.563 0.626 1.0009, 0.5609 0.626 0.9635, 0.573 0.626 0.9962, 0.5798 0.626 0.9595, 0.5833 0.626 0.9943, 0.6134 0.626 0.9595, 0.6089 0.626 0.9943, 0.6166 0.626 0.9601, 0.7472 0.626 1.0005, 0.7139 0.626 1.0261, 0.5571 0.626 1.0717, 0.5505 0.626 1.0644, 0.5165 0.626 1.0752, 0.5452 0.626 1.0546, 0.5096 0.626 1.0578, 0.5425 0.626 1.0437, 0.507 0.626 1.0392, 0.5423 0.626 1.0387, 0.5096 0.626 1.0189, 0.5436 0.626 1.0276, 0.5167 0.626 1.0009, 0.5476 0.626 1.0174, 0.5538 0.626 1.0086, 0.5941 0.626 1.1588, 0.6163 0.626 1.1326, 0.5745 0.626 1.1359, 0.6035 0.626 1.1173, 0.5947 0.626 1.0989, 0.8326 0.626 1.065, 0.87 0.626 1.0555, 0.8343 0.626 1.0512, 0.8702 0.626 1.0501, 0.8336 0.626 1.0424, 0.8674 0.626 1.0278, 0.8295 0.626 1.0285, 0.8593 0.626 1.0066, 0.8228 0.626 1.0169, 0.8463 0.626 0.988, 0.8285 0.626 0.9728, 0.7628 0.626 0.9625, 0.7658 0.626 0.9662, 0.7682 0.626 0.971, 0.7693 0.626 0.9763, 0.6974 0.626 1.1855, 0.6919 0.626 1.1515, 0.6715 0.626 1.1884, 0.6709 0.626 1.1542, 0.6447 0.626 1.1852, 0.6516 0.626 1.1519, 0.6165 0.626 1.1743, 0.6338 0.626 1.145, 0.6178 0.626 1.1339, 0.8215 0.626 1.1313, 0.8396 0.626 1.1186, 0.8198 0.626 1.089, 0.8434 0.626 1.115, 0.8277 0.626 1.0777, 0.8571 0.626 1.0974, 0.8662 0.626 1.0769, 0.6117 0.626 0.9948, 0.6254 0.626 0.9655, 0.6241 0.626 0.9642, 0.7584 0.626 0.9592, 0.7754 0.626 0.9296, 0.7533 0.626 0.957, 0.7623 0.626 0.9241, 0.7482 0.626 0.9561, 0.7488 0.626 0.922, 0.7472 0.626 0.9561, 0.7466 0.626 0.922, 0.7417 0.626 0.9568, 0.7329 0.626 0.9237, 0.7368 0.626 0.9587, 0.7202 0.626 0.9285, 0.7324 0.626 0.9618, 0.7088 0.626 0.9364, 0.7288 0.626 0.9659, 0.7001 0.626 0.9462, 0.7263 0.626 0.9709, 0.6934 0.626 0.9589, 0.69 0.626 0.973, 0.61 0.626 0.9944, 0.6204 0.626 0.9615, 0.6299 0.626 0.9772, 0.6294 0.626 0.9729, 0.6279 0.626 0.9691, 0.6167 0.626 0.9943, 0.6206 0.626 0.9927, 0.6298 0.626 0.9794, 0.6241 0.626 0.9902, 0.6265 0.626 0.9877, 0.6286 0.626 0.9838, 0.6123 0.626 0.9948, 0.5244 0.622 1.0862, 0.5165 0.622 1.0752, 0.5115 0.622 1.0627, 0.5096 0.622 1.0578, 0.507 0.622 1.0392, 0.5281 0.622 1.0914, 0.5436 0.622 1.1045, 0.5605 0.622 1.1129, 0.5633 0.622 1.1138, 0.5745 0.622 1.1359, 0.5941 0.622 1.1588, 0.6068 0.622 1.1676, 0.6165 0.622 1.1743, 0.6447 0.622 1.1852, 0.6715 0.622 1.1884, 0.6974 0.622 1.1855, 0.7238 0.622 1.1759, 0.7375 0.622 1.1676, 0.7398 0.622 1.1662, 0.7532 0.622 1.1547, 0.7649 0.622 1.1411, 0.7714 0.622 1.1419, 0.778 0.622 1.1423, 0.8004 0.622 1.1395, 0.8215 0.622 1.1313, 0.8396 0.622 1.1186, 0.8434 0.622 1.115, 0.8571 0.622 1.0974, 0.8621 0.622 1.0862, 0.8662 0.622 1.0769, 0.8687 0.622 1.0627, 0.87 0.622 1.0555, 0.8702 0.622 1.0501, 0.8674 0.622 1.0278, 0.8593 0.622 1.0066, 0.8463 0.622 0.988, 0.8285 0.622 0.9728, 0.8079 0.622 0.9628, 0.8007 0.622 0.9607, 0.8 0.622 0.9591, 0.795 0.622 0.9485, 0.7865 0.622 0.938, 0.7754 0.622 0.9296, 0.7702 0.622 0.9274, 0.7623 0.622 0.9241, 0.7488 0.622 0.922, 0.7466 0.622 0.922, 0.6897 0.622 0.9789, 0.7329 0.622 0.9237, 0.7231 0.622 0.9274, 0.7202 0.622 0.9285, 0.7088 0.622 0.9364, 0.7001 0.622 0.9462, 0.6934 0.622 0.9589, 0.6933 0.622 0.9591, 0.69 0.622 0.973, 0.6897 0.622 0.9846, 0.61 0.622 1.0267, 0.6277 0.622 1.0569, 0.7039 0.622 1.017, 0.7139 0.622 1.0261, 0.726 0.622 1.0326, 0.7397 0.622 1.036, 0.7466 0.622 1.0364, 0.7602 0.622 1.0347, 0.7728 0.622 1.0299, 0.7844 0.622 1.0218, 0.7939 0.622 1.0111, 0.8002 0.622 0.9988, 0.8126 0.622 1.0065, 0.8228 0.622 1.0169, 0.8295 0.622 1.0285, 0.8336 0.622 1.0424, 0.8343 0.622 1.0512, 0.8329 0.622 1.0627, 0.8326 0.622 1.065, 0.8277 0.622 1.0777, 0.8218 0.622 1.0862, 0.8198 0.622 1.089, 0.81 0.622 1.0978, 0.7974 0.622 1.1045, 0.7833 0.622 1.1078, 0.7774 0.622 1.1081, 0.764 0.622 1.1065, 0.7513 0.622 1.1018, 0.7472 0.622 1.0996, 0.7385 0.622 1.1176, 0.7257 0.622 1.1328, 0.7105 0.622 1.144, 0.6919 0.622 1.1515, 0.6709 0.622 1.1542, 0.6516 0.622 1.1519, 0.6338 0.622 1.145, 0.6178 0.622 1.1339, 0.6163 0.622 1.1326, 0.6035 0.622 1.1173, 0.5947 0.622 1.0989, 0.5919 0.622 1.0862, 0.5912 0.622 1.0831, 0.5867 0.622 1.0831, 0.5758 0.622 1.0817, 0.5659 0.622 1.0779, 0.5571 0.622 1.0717, 0.5505 0.622 1.0644, 0.5496 0.622 1.0627, 0.5452 0.622 1.0546, 0.5425 0.622 1.0437, 0.5423 0.622 1.0387, 0.5436 0.622 1.0276, 0.5476 0.622 1.0174, 0.5538 0.622 1.0086, 0.5546 0.622 1.0078, 0.563 0.622 1.0009, 0.573 0.622 0.9962, 0.5833 0.622 0.9943, 0.6089 0.622 0.9943, 0.61 0.622 0.9944, 0.6117 0.622 0.9948, 0.6123 0.622 0.9948, 0.6167 0.622 0.9943, 0.6206 0.622 0.9927, 0.6241 0.622 0.9902, 0.6265 0.622 0.9877, 0.6286 0.622 0.9838, 0.6298 0.622 0.9794, 0.6299 0.622 0.9772, 0.6294 0.622 0.9729, 0.6279 0.622 0.9691, 0.6254 0.622 0.9655, 0.6241 0.622 0.9642, 0.6204 0.622 0.9615, 0.6166 0.622 0.9601, 0.6134 0.622 0.9595, 0.5798 0.622 0.9595, 0.5609 0.622 0.9635, 0.5435 0.622 0.972, 0.528 0.622 0.9852, 0.5167 0.622 1.0009, 0.5096 0.622 1.0189, 0.7472 0.622 1.0005, 0.7434 0.622 1.0002, 0.738 0.622 0.9985, 0.7333 0.622 0.9956, 0.7295 0.622 0.9917, 0.7268 0.622 0.9871, 0.7253 0.622 0.9819, 0.7251 0.622 0.9764, 0.7263 0.622 0.9709, 0.7288 0.622 0.9659, 0.7324 0.622 0.9618, 0.7368 0.622 0.9587, 0.7417 0.622 0.9568, 0.7472 0.622 0.9561, 0.7482 0.622 0.9561, 0.7533 0.622 0.957, 0.7584 0.622 0.9592, 0.7628 0.622 0.9625, 0.7658 0.622 0.9662, 0.7682 0.622 0.971, 0.7693 0.622 0.9763, 0.7691 0.622 0.9818, 0.7676 0.622 0.9872, 0.7647 0.622 0.992, 0.7621 0.622 0.9948, 0.7576 0.622 0.9979, 0.7527 0.622 0.9998
            ]
        }
        coordIndex [
            0,1,2,-1,3,4,5,-1,6,7,3,-1,8,9,10,-1,11,12,13,-1,14,15,2,-1,2,15,16,-1,2,16,0,-1,10,9,17,-1,7,18,3,-1,3,18,19,-1,3,19,20,-1,19,21,20,-1,20,21,22,-1,20,22,23,-1,23,22,24,-1,25,26,27,-1,27,26,28,-1,27,28,29,-1,29,28,30,-1,29,30,31,-1,31,30,32,-1,31,32,33,-1,33,32,2,-1,33,2,34,-1,35,36,25,-1,25,36,37,-1,25,37,26,-1,38,39,40,-1,40,39,41,-1,40,41,42,-1,42,41,43,-1,42,43,44,-1,44,43,45,-1,11,13,46,-1,46,13,47,-1,46,47,48,-1,48,47,49,-1,48,49,50,-1,9,51,17,-1,17,51,52,-1,17,52,53,-1,53,52,54,-1,53,54,11,-1,11,54,55,-1,11,55,12,-1,56,57,58,-1,58,57,59,-1,58,59,60,-1,60,59,61,-1,60,61,62,-1,62,61,63,-1,62,63,64,-1,64,63,65,-1,64,65,66,-1,6,3,67,-1,67,3,5,-1,67,5,25,-1,25,5,68,-1,25,68,35,-1,43,69,45,-1,45,69,70,-1,45,70,71,-1,71,70,72,-1,71,72,73,-1,73,72,74,-1,73,74,75,-1,75,74,76,-1,75,76,77,-1,77,76,78,-1,77,78,79,-1,79,78,80,-1,79,80,56,-1,56,80,81,-1,56,81,57,-1,82,83,84,-1,84,83,85,-1,84,85,40,-1,40,85,86,-1,40,86,38,-1,87,88,89,-1,89,88,90,-1,89,90,91,-1,91,90,92,-1,91,92,93,-1,93,92,94,-1,93,94,95,-1,95,94,96,-1,95,96,14,-1,14,96,97,-1,14,97,15,-1,98,99,1,-1,1,99,100,-1,1,100,2,-1,2,100,101,-1,2,101,34,-1,50,49,102,-1,102,49,103,-1,102,103,104,-1,104,103,105,-1,104,105,106,-1,106,105,107,-1,106,107,108,-1,108,107,109,-1,108,109,82,-1,82,109,110,-1,82,110,83,-1,10,111,8,-1,8,111,112,-1,8,112,113,-1,113,112,114,-1,113,114,115,-1,115,114,116,-1,115,116,87,-1,87,116,117,-1,87,117,88,-1,118,119,120,-1,98,1,121,-1,121,1,122,-1,121,122,123,-1,123,122,124,-1,123,124,125,-1,125,124,126,-1,125,126,127,-1,127,126,128,-1,127,128,129,-1,129,128,130,-1,129,130,131,-1,131,130,132,-1,131,132,133,-1,133,132,134,-1,133,134,135,-1,135,134,136,-1,135,136,137,-1,137,136,138,-1,137,138,24,-1,24,138,139,-1,24,139,23,-1,65,140,66,-1,66,140,118,-1,66,118,141,-1,141,118,120,-1,142,143,118,-1,118,143,144,-1,118,144,119,-1,145,146,147,-1,146,148,147,-1,147,148,149,-1,147,149,150,-1,142,118,147,-1,147,118,151,-1,147,151,145,-1,152,45,153,-1,153,45,71,-1,153,71,154,-1,154,71,73,-1,154,73,155,-1,155,73,75,-1,155,75,156,-1,152,157,45,-1,45,157,158,-1,45,158,44,-1,44,158,159,-1,44,159,42,-1,42,159,160,-1,42,160,40,-1,40,160,161,-1,40,161,84,-1,84,161,162,-1,84,162,82,-1,82,162,108,-1,108,162,163,-1,163,164,108,-1,108,164,165,-1,108,165,106,-1,106,165,166,-1,106,166,104,-1,104,166,167,-1,104,167,102,-1,102,167,168,-1,102,168,50,-1,50,168,48,-1,48,168,169,-1,48,169,170,-1,48,170,171,-1,48,171,46,-1,46,171,172,-1,46,172,11,-1,11,172,173,-1,11,173,53,-1,53,173,174,-1,53,174,17,-1,17,174,175,-1,17,175,10,-1,10,175,176,-1,10,176,111,-1,111,176,177,-1,111,177,112,-1,112,177,178,-1,112,178,114,-1,117,116,179,-1,179,116,114,-1,179,114,178,-1,179,180,117,-1,117,180,181,-1,117,181,88,-1,88,181,182,-1,182,183,88,-1,88,183,184,-1,88,184,90,-1,90,184,185,-1,90,185,92,-1,92,185,186,-1,92,186,94,-1,94,186,187,-1,94,187,96,-1,96,187,188,-1,96,188,97,-1,97,188,189,-1,97,189,15,-1,15,189,190,-1,15,190,16,-1,16,190,191,-1,16,191,0,-1,191,192,0,-1,0,192,193,-1,0,193,1,-1,1,193,194,-1,1,194,122,-1,122,194,195,-1,122,195,124,-1,195,196,124,-1,124,196,197,-1,124,197,126,-1,126,197,198,-1,126,198,128,-1,199,23,139,-1,128,198,200,-1,201,132,200,-1,200,132,130,-1,200,130,128,-1,201,202,132,-1,132,202,203,-1,132,203,134,-1,134,203,204,-1,134,204,136,-1,136,204,205,-1,136,205,138,-1,138,205,206,-1,138,206,139,-1,139,206,207,-1,139,207,199,-1,20,23,208,-1,208,23,199,-1,3,20,209,-1,209,20,208,-1,4,3,210,-1,210,3,209,-1,5,4,211,-1,211,4,210,-1,5,211,212,-1,5,212,68,-1,68,212,213,-1,68,213,35,-1,35,213,214,-1,35,214,36,-1,36,214,215,-1,36,215,37,-1,37,215,216,-1,37,216,26,-1,26,216,217,-1,26,217,28,-1,28,217,218,-1,28,218,30,-1,30,218,219,-1,30,219,32,-1,32,219,220,-1,32,220,2,-1,2,220,221,-1,2,221,14,-1,14,221,222,-1,14,222,95,-1,95,222,223,-1,95,223,93,-1,93,223,224,-1,93,224,91,-1,91,224,225,-1,91,225,89,-1,87,89,225,-1,225,226,87,-1,87,226,227,-1,87,227,228,-1,229,113,228,-1,228,113,115,-1,228,115,87,-1,229,230,113,-1,113,230,231,-1,113,231,8,-1,8,231,232,-1,8,232,9,-1,9,232,233,-1,9,233,51,-1,51,233,234,-1,51,234,52,-1,52,234,235,-1,52,235,54,-1,54,235,236,-1,54,236,55,-1,55,236,237,-1,55,237,12,-1,12,237,238,-1,12,238,13,-1,13,238,239,-1,13,239,47,-1,47,239,240,-1,47,240,49,-1,49,240,241,-1,49,241,103,-1,103,241,242,-1,103,242,105,-1,105,242,243,-1,105,243,107,-1,107,243,244,-1,107,244,109,-1,109,244,245,-1,109,245,110,-1,110,245,246,-1,110,246,83,-1,83,246,247,-1,83,247,85,-1,85,247,248,-1,85,248,86,-1,86,248,38,-1,38,248,249,-1,38,249,250,-1,39,38,251,-1,251,38,250,-1,39,251,252,-1,39,252,41,-1,41,252,253,-1,41,253,43,-1,43,253,254,-1,43,254,69,-1,69,254,255,-1,69,255,70,-1,70,255,256,-1,70,256,72,-1,256,257,72,-1,72,257,258,-1,72,258,74,-1,74,258,259,-1,74,259,76,-1,76,259,260,-1,76,260,78,-1,78,260,261,-1,78,261,80,-1,80,261,262,-1,80,262,81,-1,81,262,263,-1,81,263,57,-1,57,263,264,-1,57,264,59,-1,59,264,265,-1,59,265,61,-1,61,265,266,-1,61,266,63,-1,65,63,267,-1,267,63,266,-1,65,267,268,-1,65,268,140,-1,140,268,269,-1,140,269,118,-1,118,269,270,-1,118,270,151,-1,151,270,271,-1,151,271,145,-1,145,271,272,-1,145,272,146,-1,146,272,273,-1,146,273,148,-1,148,273,274,-1,148,274,149,-1,149,274,275,-1,149,275,150,-1,150,275,276,-1,150,276,147,-1,147,276,277,-1,147,277,142,-1,142,277,278,-1,142,278,143,-1,143,278,279,-1,143,279,144,-1,144,279,280,-1,144,280,119,-1,119,280,281,-1,119,281,120,-1,120,281,282,-1,120,282,141,-1,141,282,283,-1,141,283,66,-1,66,283,284,-1,66,284,64,-1,62,64,285,-1,285,64,284,-1,62,285,286,-1,62,286,60,-1,60,286,287,-1,60,287,58,-1,58,287,288,-1,58,288,56,-1,56,288,289,-1,56,289,79,-1,79,289,290,-1,79,290,77,-1,77,290,156,-1,77,156,75,-1,67,291,292,-1,67,292,6,-1,6,292,293,-1,6,293,7,-1,7,293,294,-1,7,294,18,-1,18,294,295,-1,18,295,19,-1,19,295,296,-1,19,296,21,-1,21,296,297,-1,21,297,22,-1,22,297,298,-1,22,298,24,-1,24,298,299,-1,24,299,137,-1,137,299,300,-1,137,300,135,-1,135,300,301,-1,135,301,133,-1,133,301,302,-1,133,302,131,-1,131,302,303,-1,131,303,129,-1,129,303,304,-1,129,304,127,-1,127,304,305,-1,127,305,125,-1,125,305,306,-1,125,306,123,-1,123,306,307,-1,123,307,121,-1,121,307,308,-1,121,308,98,-1,98,308,309,-1,98,309,99,-1,99,309,310,-1,99,310,100,-1,100,310,311,-1,100,311,101,-1,101,311,312,-1,101,312,34,-1,34,312,313,-1,34,313,33,-1,33,313,314,-1,33,314,31,-1,31,314,315,-1,31,315,29,-1,29,315,316,-1,29,316,27,-1,27,316,317,-1,27,317,25,-1,25,317,291,-1,25,291,67,-1,
        ]
    }
}
Shape{
    appearance Appearance {
        material  Material 	{
            diffuseColor 0.6039215686274509 0.6039215686274509 0.6039215686274509
            specularColor 0.7529411764705882 0.7529411764705882 0.7529411764705882
            ambientIntensity 0.7529
            transparency 0.0
            shininess 0.5
        }
    }
    geometry IndexedFaceSet {
        ccw TRUE
        solid FALSE
        coord DEF co Coordinate {
            point [
                0.7527 0.622 0.9998, 0.7576 0.622 0.9979, 0.7482 0.622 0.9561, 0.7621 0.622 0.9948, 0.7647 0.622 0.992, 0.7434 0.622 1.0002, 0.7472 0.622 0.9561, 0.7417 0.622 0.9568, 0.7472 0.622 1.0005, 0.7682 0.622 0.971, 0.7658 0.622 0.9662, 0.7628 0.622 0.9625, 0.7324 0.622 0.9618, 0.7295 0.622 0.9917, 0.7333 0.622 0.9956, 0.7676 0.622 0.9872, 0.7691 0.622 0.9818, 0.7693 0.622 0.9763, 0.7584 0.622 0.9592, 0.7533 0.622 0.957, 0.7368 0.622 0.9587, 0.738 0.622 0.9985, 0.7263 0.622 0.9709, 0.7251 0.622 0.9764, 0.7288 0.622 0.9659, 0.7253 0.622 0.9819, 0.7268 0.622 0.9871
            ]
        }
        coordIndex [
            0,1,2,-1,2,1,3,-1,2,3,4,-1,5,6,7,-1,6,5,2,-1,2,5,8,-1,2,8,0,-1,9,10,4,-1,4,10,11,-1,12,13,14,-1,15,16,4,-1,4,16,17,-1,4,17,9,-1,11,18,4,-1,4,18,19,-1,4,19,2,-1,7,20,5,-1,5,20,12,-1,5,12,21,-1,21,12,14,-1,22,23,24,-1,24,23,25,-1,24,25,12,-1,12,25,26,-1,12,26,13,-1,
        ]
    }
}