ISO-10303-21;
HEADER;
/* Generated by software containing ST-Developer
 * from STEP Tools, Inc. (www.steptools.com) 
 */

FILE_DESCRIPTION(
/* description */ (''),
/* implementation_level */ '2;1');

FILE_NAME(
/* name */ 'triangle brackets - corner bracket.step',
/* time_stamp */ '2026-08-31T23:20:37+09:00',
/* author */ (''),
/* organization */ (''),
/* preprocessor_version */ 'ST-DEVELOPER v20.1',
/* originating_system */ 'Autodesk Translation Framework v15.8.0.0',
/* authorisation */ '');

FILE_SCHEMA (('AUTOMOTIVE_DESIGN { 1 0 10303 214 3 1 1 }'));
ENDSEC;

DATA;
#10=MECHANICAL_DESIGN_GEOMETRIC_PRESENTATION_REPRESENTATION('',(#13),#2275);
#11=SHAPE_REPRESENTATION_RELATIONSHIP('SRR','None',#2282,#12);
#12=ADVANCED_BREP_SHAPE_REPRESENTATION('',(#14),#2274);
#13=STYLED_ITEM('',(#2291),#14);
#14=MANIFOLD_SOLID_BREP('CornerBracket (1)',#969);
#15=B_SPLINE_SURFACE_WITH_KNOTS('',3,3,((#1683,#1684,#1685,#1686),(#1687,
#1688,#1689,#1690),(#1691,#1692,#1693,#1694),(#1695,#1696,#1697,#1698),
(#1699,#1700,#1701,#1702)),.UNSPECIFIED.,.F.,.F.,.F.,(4,1,4),(4,4),(0.,
0.571428571428571,1.),(0.144061915923397,2.60290431380772),
 .UNSPECIFIED.);
#16=B_SPLINE_SURFACE_WITH_KNOTS('',3,3,((#1738,#1739,#1740,#1741,#1742,
#1743,#1744),(#1745,#1746,#1747,#1748,#1749,#1750,#1751),(#1752,#1753,#1754,
#1755,#1756,#1757,#1758),(#1759,#1760,#1761,#1762,#1763,#1764,#1765)),
 .UNSPECIFIED.,.F.,.F.,.F.,(4,4),(4,1,1,1,4),(0.,1.),(0.223088144855632,
1.28980368389151,2.0009473765821,2.3565192229274,2.71209106927269),
 .UNSPECIFIED.);
#17=B_SPLINE_SURFACE_WITH_KNOTS('',3,3,((#1867,#1868,#1869,#1870,#1871,
#1872,#1873,#1874),(#1875,#1876,#1877,#1878,#1879,#1880,#1881,#1882),(#1883,
#1884,#1885,#1886,#1887,#1888,#1889,#1890),(#1891,#1892,#1893,#1894,#1895,
#1896,#1897,#1898)),.UNSPECIFIED.,.F.,.F.,.F.,(4,4),(4,1,1,1,1,4),(0.,1.),
(0.301909869398825,0.657479560892042,1.01304925238526,1.36861894387848,
2.07975832686491,2.79089770985134),.UNSPECIFIED.);
#18=B_SPLINE_SURFACE_WITH_KNOTS('',3,3,((#2058,#2059,#2060,#2061),(#2062,
#2063,#2064,#2065),(#2066,#2067,#2068,#2069),(#2070,#2071,#2072,#2073),
(#2074,#2075,#2076,#2077)),.UNSPECIFIED.,.F.,.F.,.F.,(4,1,4),(4,4),(0.,
0.571428571428571,1.),(0.0131332743705271,0.863551773405277),
 .UNSPECIFIED.);
#19=B_SPLINE_SURFACE_WITH_KNOTS('',3,3,((#2107,#2108,#2109,#2110),(#2111,
#2112,#2113,#2114),(#2115,#2116,#2117,#2118),(#2119,#2120,#2121,#2122)),
 .UNSPECIFIED.,.F.,.F.,.F.,(4,4),(4,4),(0.293396437991327,0.918003956061472),
(0.0879951901855193,0.846495306391286),.UNSPECIFIED.);
#20=B_SPLINE_SURFACE_WITH_KNOTS('',3,3,((#2127,#2128,#2129,#2130),(#2131,
#2132,#2133,#2134),(#2135,#2136,#2137,#2138),(#2139,#2140,#2141,#2142),
(#2143,#2144,#2145,#2146)),.UNSPECIFIED.,.F.,.F.,.F.,(4,1,4),(4,4),(0.,
0.571428571428571,1.),(0.116687524470686,2.57552994212078),
 .UNSPECIFIED.);
#21=B_SPLINE_SURFACE_WITH_KNOTS('',3,3,((#2232,#2233,#2234,#2235),(#2236,
#2237,#2238,#2239),(#2240,#2241,#2242,#2243),(#2244,#2245,#2246,#2247),
(#2248,#2249,#2250,#2251)),.UNSPECIFIED.,.F.,.F.,.F.,(4,1,4),(4,4),(0.,
0.571428571428571,1.),(0.0346651536661178,0.885083652739771),
 .UNSPECIFIED.);
#22=B_SPLINE_SURFACE_WITH_KNOTS('',3,3,((#2256,#2257,#2258,#2259),(#2260,
#2261,#2262,#2263),(#2264,#2265,#2266,#2267),(#2268,#2269,#2270,#2271)),
 .UNSPECIFIED.,.F.,.F.,.F.,(4,4),(4,4),(0.293396437991242,0.918003956056689),
(0.0879951901855123,0.846495306391285),.UNSPECIFIED.);
#23=ELLIPSE('',#1001,4.24264068711929,3.);
#24=ELLIPSE('',#1002,4.24264068711928,3.);
#25=ELLIPSE('',#1006,4.24264068711929,3.);
#26=ELLIPSE('',#1007,4.24264068711928,3.);
#27=ELLIPSE('',#1011,2.54558441227157,1.8);
#28=ELLIPSE('',#1012,2.54558441227157,1.8);
#29=ELLIPSE('',#1015,2.54558441227157,1.8);
#30=ELLIPSE('',#1016,2.54558441227157,1.8);
#31=ELLIPSE('',#1019,2.54558441227157,1.8);
#32=ELLIPSE('',#1020,2.54558441227157,1.8);
#33=ELLIPSE('',#1021,2.54558441227157,1.8);
#34=ELLIPSE('',#1022,2.54558441227157,1.8);
#35=ELLIPSE('',#1024,2.54558441227157,1.8);
#36=ELLIPSE('',#1025,2.54558441227157,1.8);
#37=ELLIPSE('',#1028,2.54558441227157,1.8);
#38=ELLIPSE('',#1029,2.54558441227157,1.8);
#39=ELLIPSE('',#1030,2.54558441227157,1.8);
#40=ELLIPSE('',#1032,2.54558441227157,1.8);
#41=ELLIPSE('',#1035,3.62544769987722,3.);
#42=ELLIPSE('',#1038,3.22842110940182,3.);
#43=ELLIPSE('',#1039,3.05451567205073,3.);
#44=ELLIPSE('',#1043,3.22842110940182,3.);
#45=ELLIPSE('',#1047,3.05451567205073,3.);
#46=ELLIPSE('',#1055,3.05451567205073,3.);
#47=ELLIPSE('',#1057,3.05451567205073,3.);
#48=ELLIPSE('',#1060,3.62544769987721,3.);
#49=B_SPLINE_CURVE_WITH_KNOTS('',3,(#1323,#1324,#1325,#1326,#1327,#1328),
 .UNSPECIFIED.,.F.,.F.,(4,2,4),(0.066670618415939,0.129906955262756,0.130688278732692),
 .UNSPECIFIED.);
#50=B_SPLINE_CURVE_WITH_KNOTS('',3,(#1332,#1333,#1334,#1335,#1336,#1337),
 .UNSPECIFIED.,.F.,.F.,(4,2,4),(-0.000787033973265391,0.,0.0636985158595713),
 .UNSPECIFIED.);
#51=B_SPLINE_CURVE_WITH_KNOTS('',3,(#1339,#1340,#1341,#1342,#1343,#1344,
#1345,#1346,#1347,#1348),.UNSPECIFIED.,.F.,.F.,(4,2,2,2,4),(0.69097488350338,
0.708488546574198,0.771719023483262,0.835837650909313,0.836569992366863),
 .UNSPECIFIED.);
#52=B_SPLINE_CURVE_WITH_KNOTS('',3,(#1351,#1352,#1353,#1354,#1355,#1356,
#1357,#1358,#1359,#1360),.UNSPECIFIED.,.F.,.F.,(4,2,2,2,4),(-0.000656874698326296,
0.,0.0575111245256738,0.114225639334254,0.12993446533363),.UNSPECIFIED.);
#53=B_SPLINE_CURVE_WITH_KNOTS('',3,(#1365,#1366,#1367,#1368,#1369,#1370),
 .UNSPECIFIED.,.F.,.F.,(4,2,4),(0.0666706182289013,0.12990695001741,0.130688278366943),
 .UNSPECIFIED.);
#54=B_SPLINE_CURVE_WITH_KNOTS('',3,(#1387,#1388,#1389,#1390,#1391,#1392),
 .UNSPECIFIED.,.F.,.F.,(4,2,4),(-0.00078703889084647,0.,0.0636985109882015),
 .UNSPECIFIED.);
#55=B_SPLINE_CURVE_WITH_KNOTS('',3,(#1395,#1396,#1397,#1398,#1399,#1400,
#1401,#1402,#1403,#1404),.UNSPECIFIED.,.F.,.F.,(4,2,2,2,4),(0.641504141114042,
0.658797153085741,0.715886367608177,0.77443219173545,0.775041976628675),
 .UNSPECIFIED.);
#56=B_SPLINE_CURVE_WITH_KNOTS('',3,(#1407,#1408,#1409,#1410,#1411,#1412,
#1413,#1414,#1415,#1416),.UNSPECIFIED.,.F.,.F.,(4,2,2,2,4),(-0.000596517438105656,
0.,0.0572719969468847,0.113119075791123,0.130035832041053),
 .UNSPECIFIED.);
#57=B_SPLINE_CURVE_WITH_KNOTS('',3,(#1420,#1421,#1422,#1423,#1424,#1425,
#1426,#1427),.UNSPECIFIED.,.F.,.F.,(4,2,2,4),(1.04032470891047,1.08337692106173,
1.19634296435588,1.30930900765003),.UNSPECIFIED.);
#58=B_SPLINE_CURVE_WITH_KNOTS('',3,(#1431,#1432,#1433,#1434,#1435,#1436,
#1437,#1438),.UNSPECIFIED.,.F.,.F.,(4,2,2,4),(0.,0.11296604329415,0.225932086588301,
0.268984298739565),.UNSPECIFIED.);
#59=B_SPLINE_CURVE_WITH_KNOTS('',3,(#1452,#1453,#1454,#1455,#1456,#1457,
#1458,#1459),.UNSPECIFIED.,.F.,.F.,(4,2,2,4),(0.,0.11296604329415,0.225932086588301,
0.26898429707163),.UNSPECIFIED.);
#60=B_SPLINE_CURVE_WITH_KNOTS('',3,(#1469,#1470,#1471,#1472,#1473,#1474,
#1475,#1476,#1477,#1478,#1479,#1480,#1481,#1482,#1483,#1484,#1485,#1486,
#1487,#1488,#1489,#1490,#1491,#1492,#1493,#1494,#1495,#1496,#1497,#1498,
#1499,#1500,#1501,#1502,#1503,#1504,#1505,#1506,#1507,#1508,#1509,#1510,
#1511,#1512,#1513,#1514,#1515,#1516,#1517,#1518,#1519,#1520),
 .UNSPECIFIED.,.F.,.F.,(4,3,3,3,3,3,3,3,3,3,3,3,3,3,3,3,3,4),(-0.448164800054076,
-0.447258062719031,-0.417121277391166,-0.386596833523446,-0.356085168841497,
-0.336206546553204,-0.305650105861609,-0.275340614543509,-0.256134217916212,
-0.224134554049421,-0.193837898860436,-0.163182074476613,-0.132566596376802,
-0.112037797608176,-0.0813648125359636,-0.0508414913711792,-0.0210049406518754,
-0.00911584324285128),.UNSPECIFIED.);
#61=B_SPLINE_CURVE_WITH_KNOTS('',3,(#1522,#1523,#1524,#1525,#1526,#1527,
#1528),.UNSPECIFIED.,.F.,.F.,(4,3,4),(-0.0376903617412345,-0.0238991769202959,
0.000222659954152812),.UNSPECIFIED.);
#62=B_SPLINE_CURVE_WITH_KNOTS('',3,(#1567,#1568,#1569,#1570,#1571,#1572,
#1573,#1574),.UNSPECIFIED.,.F.,.F.,(4,2,2,4),(0.,0.11296604329415,0.2259320865883,
0.26898429707163),.UNSPECIFIED.);
#63=B_SPLINE_CURVE_WITH_KNOTS('',3,(#1595,#1596,#1597,#1598,#1599,#1600,
#1601,#1602,#1603,#1604),.UNSPECIFIED.,.F.,.F.,(4,2,2,2,4),(1.0159289333202,
1.08484000321996,1.15375107311973,1.25764716046352,1.36154324780732),
 .UNSPECIFIED.);
#64=B_SPLINE_CURVE_WITH_KNOTS('',3,(#1622,#1623,#1624,#1625,#1626,#1627,
#1628),.UNSPECIFIED.,.F.,.F.,(4,3,4),(-0.0485204952814592,-0.0264017403280304,
-0.0106075524952213),.UNSPECIFIED.);
#65=B_SPLINE_CURVE_WITH_KNOTS('',3,(#1630,#1631,#1632,#1633,#1634,#1635,
#1636,#1637,#1638,#1639,#1640,#1641,#1642,#1643,#1644,#1645,#1646,#1647,
#1648,#1649,#1650,#1651,#1652,#1653,#1654,#1655,#1656,#1657,#1658,#1659,
#1660,#1661,#1662,#1663,#1664,#1665,#1666,#1667,#1668,#1669,#1670,#1671,
#1672,#1673,#1674,#1675,#1676,#1677,#1678,#1679,#1680,#1681),
 .UNSPECIFIED.,.F.,.F.,(4,3,3,3,3,3,3,3,3,3,3,3,3,3,3,3,3,4),(-0.438174786298519,
-0.408211887128093,-0.377774734386527,-0.347105684823754,-0.335246406402613,
-0.304602753193324,-0.273876256287131,-0.243633749117191,-0.223142620952137,
-0.191141001690484,-0.160914356831103,-0.130345373646639,-0.111063553971473,
-0.0805229911563083,-0.0499192034494079,-0.01984588509703,0.,0.000901602895148033),
 .UNSPECIFIED.);
#66=B_SPLINE_CURVE_WITH_KNOTS('',3,(#1704,#1705,#1706,#1707,#1708,#1709,
#1710),.UNSPECIFIED.,.F.,.F.,(4,3,4),(-0.0871138498779702,-0.0855015361328534,
-0.0681452190431816),.UNSPECIFIED.);
#67=B_SPLINE_CURVE_WITH_KNOTS('',3,(#1712,#1713,#1714,#1715),
 .UNSPECIFIED.,.F.,.F.,(4,4),(0.161140202884943,2.45290347665347),
 .UNSPECIFIED.);
#68=B_SPLINE_CURVE_WITH_KNOTS('',3,(#1717,#1718,#1719,#1720,#1721,#1722,
#1723,#1724),.UNSPECIFIED.,.F.,.F.,(4,2,2,4),(-0.208590768223293,-0.167852399799885,
0.,0.00117996179226565),.UNSPECIFIED.);
#69=B_SPLINE_CURVE_WITH_KNOTS('',3,(#1726,#1727,#1728,#1729,#1730,#1731,
#1732,#1733),.UNSPECIFIED.,.F.,.F.,(4,2,2,4),(-0.394208116048651,-0.393185856901667,
-0.223110258307638,-0.158602791828845),.UNSPECIFIED.);
#70=B_SPLINE_CURVE_WITH_KNOTS('',3,(#1734,#1735,#1736,#1737),
 .UNSPECIFIED.,.F.,.F.,(4,4),(-2.45290190226618,-0.161140178180734),
 .UNSPECIFIED.);
#71=B_SPLINE_CURVE_WITH_KNOTS('',3,(#1767,#1768,#1769,#1770),
 .UNSPECIFIED.,.F.,.F.,(4,4),(-2.69463894353919,-2.39842260219791),
 .UNSPECIFIED.);
#72=B_SPLINE_CURVE_WITH_KNOTS('',3,(#1772,#1773,#1774,#1775,#1776,#1777,
#1778,#1779,#1780,#1781,#1782,#1783,#1784,#1785,#1786,#1787,#1788,#1789,
#1790),.UNSPECIFIED.,.F.,.F.,(4,3,3,3,3,3,4),(-0.161962763320396,-0.122595122016513,
-0.0896329349689087,-0.0508965290546115,-0.0422656630369936,0.,0.000731493705391756),
 .UNSPECIFIED.);
#73=B_SPLINE_CURVE_WITH_KNOTS('',3,(#1792,#1793,#1794,#1795,#1796,#1797,
#1798,#1799,#1800,#1801),.UNSPECIFIED.,.F.,.F.,(4,2,2,2,4),(-0.994907603508316,
-0.991593096935616,-0.656629076892137,-0.372301707729045,-0.355194114161771),
 .UNSPECIFIED.);
#74=B_SPLINE_CURVE_WITH_KNOTS('',3,(#1803,#1804,#1805,#1806,#1807),
 .UNSPECIFIED.,.F.,.F.,(4,1,4),(-1.58705620528516,-1.28980368389151,-0.292726134596245),
 .UNSPECIFIED.);
#75=B_SPLINE_CURVE_WITH_KNOTS('',3,(#1809,#1810,#1811,#1812,#1813,#1814,
#1815,#1816,#1817,#1818,#1819,#1820,#1821,#1822,#1823,#1824),
 .UNSPECIFIED.,.F.,.F.,(4,3,3,3,3,4),(-0.10097924111575,-0.0978313404176979,
-0.0569598642912489,-0.015761238911939,0.,0.000899248120983923),
 .UNSPECIFIED.);
#76=B_SPLINE_CURVE_WITH_KNOTS('',3,(#1826,#1827,#1828,#1829,#1830,#1831),
 .UNSPECIFIED.,.F.,.F.,(4,2,4),(-0.00106692802630537,0.,0.0947470035175512),
 .UNSPECIFIED.);
#77=B_SPLINE_CURVE_WITH_KNOTS('',3,(#1832,#1833,#1834,#1835,#1836,#1837,
#1838),.UNSPECIFIED.,.F.,.F.,(4,1,1,1,4),(0.292725319437932,1.28980368389151,
2.0009473765821,2.3565192229274,2.69463847658488),.UNSPECIFIED.);
#78=B_SPLINE_CURVE_WITH_KNOTS('',3,(#1858,#1859,#1860,#1861),
 .UNSPECIFIED.,.F.,.F.,(4,4),(-0.615692682232803,-0.319362521649071),
 .UNSPECIFIED.);
#79=B_SPLINE_CURVE_WITH_KNOTS('',3,(#1900,#1901,#1902,#1903,#1904,#1905,
#1906),.UNSPECIFIED.,.F.,.F.,(4,3,4),(-0.0173658366236536,0.,0.00161223255757381),
 .UNSPECIFIED.);
#80=B_SPLINE_CURVE_WITH_KNOTS('',3,(#1908,#1909,#1910,#1911,#1912,#1913,
#1914,#1915),.UNSPECIFIED.,.F.,.F.,(4,1,1,1,1,4),(0.31936301032429,0.657479560892042,
1.01304925238526,1.36861894387848,2.07975832686491,2.72125705501885),
 .UNSPECIFIED.);
#81=B_SPLINE_CURVE_WITH_KNOTS('',3,(#1917,#1918,#1919,#1920,#1921,#1922,
#1923,#1924,#1925,#1926,#1927,#1928,#1929),.UNSPECIFIED.,.F.,.F.,(4,3,3,
3,4),(-0.0991496151365565,-0.0981679072572143,-0.0565326894753063,-0.0149997867949503,
-0.00305807196174789),.UNSPECIFIED.);
#82=B_SPLINE_CURVE_WITH_KNOTS('',3,(#1931,#1932,#1933,#1934,#1935,#1936,
#1937,#1938,#1939,#1940,#1941,#1942,#1943,#1944,#1945,#1946),
 .UNSPECIFIED.,.F.,.F.,(4,3,3,3,3,4),(0.00349488561601224,0.0108449663577182,
0.0517901388086042,0.0930104422161363,0.104467233464918,0.105366822861621),
 .UNSPECIFIED.);
#83=B_SPLINE_CURVE_WITH_KNOTS('',3,(#1948,#1949,#1950,#1951,#1952),
 .UNSPECIFIED.,.F.,.F.,(4,1,4),(-2.72125735661266,-2.07975832686491,-1.42702307399881),
 .UNSPECIFIED.);
#84=B_SPLINE_CURVE_WITH_KNOTS('',3,(#1954,#1955,#1956,#1957,#1958,#1959,
#1960,#1961,#1962,#1963),.UNSPECIFIED.,.F.,.F.,(4,2,2,2,4),(-0.633148785750214,
-0.614654440726841,-0.332431707105057,0.,0.00329313591902396),
 .UNSPECIFIED.);
#85=B_SPLINE_CURVE_WITH_KNOTS('',3,(#1964,#1965,#1966,#1967,#1968,#1969,
#1970,#1971,#1972,#1973,#1974,#1975,#1976,#1977,#1978,#1979,#1980,#1981,
#1982),.UNSPECIFIED.,.F.,.F.,(4,3,3,3,3,3,4),(-0.222118304454598,-0.221386518873052,
-0.179119320949501,-0.142209957459113,-0.103438858129551,-0.0633598329066966,
-0.0593398922200098),.UNSPECIFIED.);
#86=B_SPLINE_CURVE_WITH_KNOTS('',3,(#1984,#1985,#1986,#1987,#1988,#1989,
#1990,#1991,#1992,#1993),.UNSPECIFIED.,.F.,.F.,(4,2,2,2,4),(1.01720444345653,
1.09382276361651,1.17044108377648,1.26655094197149,1.36266080016649),
 .UNSPECIFIED.);
#87=B_SPLINE_CURVE_WITH_KNOTS('',3,(#2008,#2009,#2010,#2011,#2012,#2013,
#2014,#2015,#2016,#2017,#2018,#2019,#2020,#2021,#2022,#2023,#2024,#2025,
#2026,#2027,#2028,#2029,#2030,#2031,#2032,#2033,#2034,#2035,#2036,#2037,
#2038,#2039,#2040,#2041,#2042,#2043,#2044,#2045,#2046,#2047,#2048,#2049,
#2050,#2051,#2052,#2053,#2054,#2055,#2056),.UNSPECIFIED.,.F.,.F.,(4,3,3,
3,3,3,3,3,3,3,3,3,3,3,3,3,4),(-0.00082245986627702,8.56519716263549E-18,
0.0310199624278195,0.062369510673524,0.0935497197795272,0.124079849711278,
0.155077337970823,0.185476398397153,0.203996147990474,0.235263252951146,
0.243339277250015,0.274191466766986,0.305179836210744,0.335723154075607,
0.359393500157725,0.390122478743553,0.403885643316065),.UNSPECIFIED.);
#88=B_SPLINE_CURVE_WITH_KNOTS('',3,(#2079,#2080,#2081,#2082),
 .UNSPECIFIED.,.F.,.F.,(4,4),(0.0826277986347783,0.713576680161233),
 .UNSPECIFIED.);
#89=B_SPLINE_CURVE_WITH_KNOTS('',3,(#2084,#2085,#2086,#2087,#2088,#2089,
#2090,#2091),.UNSPECIFIED.,.F.,.F.,(4,2,2,4),(0.22677598732338,0.267135322495897,
0.433476973353336,0.434647090829267),.UNSPECIFIED.);
#90=B_SPLINE_CURVE_WITH_KNOTS('',3,(#2093,#2094,#2095,#2096,#2097,#2098,
#2099,#2100,#2101,#2102),.UNSPECIFIED.,.F.,.F.,(4,2,2,2,4),(-0.467934246743388,
-0.467043021355399,-0.339812912419512,-0.216986647151896,-0.143420901659575),
 .UNSPECIFIED.);
#91=B_SPLINE_CURVE_WITH_KNOTS('',3,(#2103,#2104,#2105,#2106),
 .UNSPECIFIED.,.F.,.F.,(4,4),(-0.713576642395949,-0.0826277890491184),
 .UNSPECIFIED.);
#92=B_SPLINE_CURVE_WITH_KNOTS('',3,(#2123,#2124,#2125,#2126),
 .UNSPECIFIED.,.F.,.F.,(4,4),(0.266688355608233,2.55845165874116),
 .UNSPECIFIED.);
#93=B_SPLINE_CURVE_WITH_KNOTS('',3,(#2148,#2149,#2150,#2151),
 .UNSPECIFIED.,.F.,.F.,(4,4),(-2.5584516834457,-0.266689930031828),
 .UNSPECIFIED.);
#94=B_SPLINE_CURVE_WITH_KNOTS('',3,(#2152,#2153,#2154,#2155,#2156,#2157,
#2158,#2159),.UNSPECIFIED.,.F.,.F.,(4,2,2,4),(-0.001027417844544,0.,0.151852072673103,
0.235639777693161),.UNSPECIFIED.);
#95=B_SPLINE_CURVE_WITH_KNOTS('',3,(#2164,#2165,#2166,#2167,#2168,#2169,
#2170,#2171,#2172,#2173),.UNSPECIFIED.,.F.,.F.,(4,2,2,2,4),(-0.325323124448433,
-0.250880605631034,-0.127925438598117,0.,0.000903531916790625),
 .UNSPECIFIED.);
#96=B_SPLINE_CURVE_WITH_KNOTS('',3,(#2177,#2178,#2179,#2180),
 .UNSPECIFIED.,.F.,.F.,(4,4),(-0.815589141092615,-0.184640284822776),
 .UNSPECIFIED.);
#97=B_SPLINE_CURVE_WITH_KNOTS('',3,(#2183,#2184,#2185,#2186,#2187,#2188,
#2189,#2190,#2191,#2192,#2193,#2194,#2195,#2196,#2197,#2198,#2199,#2200,
#2201,#2202,#2203,#2204,#2205,#2206,#2207,#2208,#2209,#2210,#2211,#2212,
#2213,#2214,#2215,#2216,#2217,#2218,#2219,#2220,#2221,#2222,#2223,#2224,
#2225,#2226,#2227,#2228,#2229,#2230,#2231),.UNSPECIFIED.,.F.,.F.,(4,3,3,
3,3,3,3,3,3,3,3,3,3,3,3,3,4),(-0.474167954921847,-0.4732852851626,-0.442296568455218,
-0.410983305030026,-0.379839101250698,-0.34933041833307,-0.318368769805821,
-0.288003862131677,-0.269583928441995,-0.238352471310619,-0.230246131494224,
-0.199428473821774,-0.168475482817416,-0.137967867840703,-0.114356347328564,
-0.0836626244332409,-0.0699233865643174),.UNSPECIFIED.);
#98=B_SPLINE_CURVE_WITH_KNOTS('',3,(#2252,#2253,#2254,#2255),
 .UNSPECIFIED.,.F.,.F.,(4,4),(0.18464024660717,0.815589128461651),
 .UNSPECIFIED.);
#99=TOROIDAL_SURFACE('',#997,33.5000000000001,0.5);
#100=TOROIDAL_SURFACE('',#1008,33.5000000000001,0.5);
#101=FACE_BOUND('',#178,.T.);
#102=FACE_BOUND('',#183,.T.);
#103=FACE_BOUND('',#191,.T.);
#104=FACE_BOUND('',#202,.T.);
#105=FACE_BOUND('',#207,.T.);
#106=FACE_BOUND('',#232,.T.);
#107=PLANE('',#986);
#108=PLANE('',#996);
#109=PLANE('',#1013);
#110=PLANE('',#1026);
#111=PLANE('',#1036);
#112=PLANE('',#1040);
#113=PLANE('',#1042);
#114=PLANE('',#1045);
#115=PLANE('',#1048);
#116=PLANE('',#1049);
#117=PLANE('',#1051);
#118=PLANE('',#1052);
#119=PLANE('',#1058);
#120=PLANE('',#1063);
#121=PLANE('',#1065);
#122=FACE_OUTER_BOUND('',#176,.T.);
#123=FACE_OUTER_BOUND('',#177,.T.);
#124=FACE_OUTER_BOUND('',#179,.T.);
#125=FACE_OUTER_BOUND('',#180,.T.);
#126=FACE_OUTER_BOUND('',#181,.T.);
#127=FACE_OUTER_BOUND('',#182,.T.);
#128=FACE_OUTER_BOUND('',#184,.T.);
#129=FACE_OUTER_BOUND('',#185,.T.);
#130=FACE_OUTER_BOUND('',#186,.T.);
#131=FACE_OUTER_BOUND('',#187,.T.);
#132=FACE_OUTER_BOUND('',#188,.T.);
#133=FACE_OUTER_BOUND('',#189,.T.);
#134=FACE_OUTER_BOUND('',#190,.T.);
#135=FACE_OUTER_BOUND('',#192,.T.);
#136=FACE_OUTER_BOUND('',#193,.T.);
#137=FACE_OUTER_BOUND('',#194,.T.);
#138=FACE_OUTER_BOUND('',#195,.T.);
#139=FACE_OUTER_BOUND('',#196,.T.);
#140=FACE_OUTER_BOUND('',#197,.T.);
#141=FACE_OUTER_BOUND('',#198,.T.);
#142=FACE_OUTER_BOUND('',#199,.T.);
#143=FACE_OUTER_BOUND('',#200,.T.);
#144=FACE_OUTER_BOUND('',#201,.T.);
#145=FACE_OUTER_BOUND('',#203,.T.);
#146=FACE_OUTER_BOUND('',#204,.T.);
#147=FACE_OUTER_BOUND('',#205,.T.);
#148=FACE_OUTER_BOUND('',#206,.T.);
#149=FACE_OUTER_BOUND('',#208,.T.);
#150=FACE_OUTER_BOUND('',#209,.T.);
#151=FACE_OUTER_BOUND('',#210,.T.);
#152=FACE_OUTER_BOUND('',#211,.T.);
#153=FACE_OUTER_BOUND('',#212,.T.);
#154=FACE_OUTER_BOUND('',#213,.T.);
#155=FACE_OUTER_BOUND('',#214,.T.);
#156=FACE_OUTER_BOUND('',#215,.T.);
#157=FACE_OUTER_BOUND('',#216,.T.);
#158=FACE_OUTER_BOUND('',#217,.T.);
#159=FACE_OUTER_BOUND('',#218,.T.);
#160=FACE_OUTER_BOUND('',#219,.T.);
#161=FACE_OUTER_BOUND('',#220,.T.);
#162=FACE_OUTER_BOUND('',#221,.T.);
#163=FACE_OUTER_BOUND('',#222,.T.);
#164=FACE_OUTER_BOUND('',#223,.T.);
#165=FACE_OUTER_BOUND('',#224,.T.);
#166=FACE_OUTER_BOUND('',#225,.T.);
#167=FACE_OUTER_BOUND('',#226,.T.);
#168=FACE_OUTER_BOUND('',#227,.T.);
#169=FACE_OUTER_BOUND('',#228,.T.);
#170=FACE_OUTER_BOUND('',#229,.T.);
#171=FACE_OUTER_BOUND('',#230,.T.);
#172=FACE_OUTER_BOUND('',#231,.T.);
#173=FACE_OUTER_BOUND('',#233,.T.);
#174=FACE_OUTER_BOUND('',#234,.T.);
#175=FACE_OUTER_BOUND('',#235,.T.);
#176=EDGE_LOOP('',(#598,#599,#600,#601));
#177=EDGE_LOOP('',(#602));
#178=EDGE_LOOP('',(#603));
#179=EDGE_LOOP('',(#604,#605,#606,#607));
#180=EDGE_LOOP('',(#608,#609,#610,#611));
#181=EDGE_LOOP('',(#612,#613,#614,#615));
#182=EDGE_LOOP('',(#616));
#183=EDGE_LOOP('',(#617));
#184=EDGE_LOOP('',(#618,#619,#620,#621,#622,#623));
#185=EDGE_LOOP('',(#624,#625,#626,#627,#628,#629));
#186=EDGE_LOOP('',(#630,#631,#632,#633));
#187=EDGE_LOOP('',(#634,#635,#636,#637,#638,#639));
#188=EDGE_LOOP('',(#640,#641,#642,#643,#644,#645));
#189=EDGE_LOOP('',(#646,#647,#648,#649,#650,#651));
#190=EDGE_LOOP('',(#652,#653,#654,#655));
#191=EDGE_LOOP('',(#656));
#192=EDGE_LOOP('',(#657,#658,#659,#660,#661,#662));
#193=EDGE_LOOP('',(#663,#664,#665,#666,#667,#668));
#194=EDGE_LOOP('',(#669,#670,#671,#672,#673,#674));
#195=EDGE_LOOP('',(#675,#676,#677,#678,#679,#680));
#196=EDGE_LOOP('',(#681,#682,#683,#684));
#197=EDGE_LOOP('',(#685,#686,#687,#688,#689,#690));
#198=EDGE_LOOP('',(#691,#692,#693,#694,#695,#696));
#199=EDGE_LOOP('',(#697,#698,#699,#700,#701,#702));
#200=EDGE_LOOP('',(#703,#704,#705,#706,#707));
#201=EDGE_LOOP('',(#708,#709,#710,#711));
#202=EDGE_LOOP('',(#712));
#203=EDGE_LOOP('',(#713,#714,#715,#716,#717));
#204=EDGE_LOOP('',(#718,#719,#720,#721));
#205=EDGE_LOOP('',(#722,#723,#724,#725,#726));
#206=EDGE_LOOP('',(#727,#728,#729,#730,#731,#732));
#207=EDGE_LOOP('',(#733));
#208=EDGE_LOOP('',(#734,#735,#736,#737,#738,#739));
#209=EDGE_LOOP('',(#740,#741,#742,#743,#744,#745));
#210=EDGE_LOOP('',(#746,#747,#748,#749,#750,#751,#752,#753,#754));
#211=EDGE_LOOP('',(#755,#756,#757,#758,#759,#760,#761));
#212=EDGE_LOOP('',(#762,#763,#764,#765,#766));
#213=EDGE_LOOP('',(#767,#768,#769,#770));
#214=EDGE_LOOP('',(#771,#772,#773,#774,#775));
#215=EDGE_LOOP('',(#776,#777,#778,#779,#780));
#216=EDGE_LOOP('',(#781,#782,#783,#784));
#217=EDGE_LOOP('',(#785,#786,#787,#788,#789,#790,#791));
#218=EDGE_LOOP('',(#792,#793,#794,#795,#796,#797,#798,#799,#800));
#219=EDGE_LOOP('',(#801,#802,#803,#804,#805));
#220=EDGE_LOOP('',(#806,#807,#808,#809,#810));
#221=EDGE_LOOP('',(#811,#812,#813,#814,#815));
#222=EDGE_LOOP('',(#816,#817,#818,#819,#820));
#223=EDGE_LOOP('',(#821,#822,#823,#824,#825));
#224=EDGE_LOOP('',(#826,#827,#828,#829,#830));
#225=EDGE_LOOP('',(#831,#832,#833,#834,#835,#836));
#226=EDGE_LOOP('',(#837,#838,#839,#840,#841,#842));
#227=EDGE_LOOP('',(#843,#844,#845));
#228=EDGE_LOOP('',(#846,#847,#848,#849,#850,#851));
#229=EDGE_LOOP('',(#852,#853,#854,#855,#856,#857));
#230=EDGE_LOOP('',(#858,#859,#860,#861,#862,#863));
#231=EDGE_LOOP('',(#864,#865,#866,#867,#868,#869));
#232=EDGE_LOOP('',(#870));
#233=EDGE_LOOP('',(#871,#872,#873,#874,#875,#876));
#234=EDGE_LOOP('',(#877,#878,#879,#880,#881,#882));
#235=EDGE_LOOP('',(#883,#884,#885));
#236=LINE('',#1298,#292);
#237=LINE('',#1305,#293);
#238=LINE('',#1311,#294);
#239=LINE('',#1317,#295);
#240=LINE('',#1363,#296);
#241=LINE('',#1374,#297);
#242=LINE('',#1378,#298);
#243=LINE('',#1384,#299);
#244=LINE('',#1429,#300);
#245=LINE('',#1442,#301);
#246=LINE('',#1446,#302);
#247=LINE('',#1448,#303);
#248=LINE('',#1449,#304);
#249=LINE('',#1461,#305);
#250=LINE('',#1467,#306);
#251=LINE('',#1529,#307);
#252=LINE('',#1535,#308);
#253=LINE('',#1541,#309);
#254=LINE('',#1545,#310);
#255=LINE('',#1548,#311);
#256=LINE('',#1552,#312);
#257=LINE('',#1553,#313);
#258=LINE('',#1558,#314);
#259=LINE('',#1566,#315);
#260=LINE('',#1577,#316);
#261=LINE('',#1580,#317);
#262=LINE('',#1583,#318);
#263=LINE('',#1584,#319);
#264=LINE('',#1590,#320);
#265=LINE('',#1594,#321);
#266=LINE('',#1607,#322);
#267=LINE('',#1609,#323);
#268=LINE('',#1610,#324);
#269=LINE('',#1612,#325);
#270=LINE('',#1613,#326);
#271=LINE('',#1616,#327);
#272=LINE('',#1620,#328);
#273=LINE('',#1682,#329);
#274=LINE('',#1840,#330);
#275=LINE('',#1843,#331);
#276=LINE('',#1847,#332);
#277=LINE('',#1848,#333);
#278=LINE('',#1850,#334);
#279=LINE('',#1851,#335);
#280=LINE('',#1853,#336);
#281=LINE('',#1855,#337);
#282=LINE('',#1863,#338);
#283=LINE('',#1865,#339);
#284=LINE('',#1866,#340);
#285=LINE('',#2000,#341);
#286=LINE('',#2001,#342);
#287=LINE('',#2002,#343);
#288=LINE('',#2057,#344);
#289=LINE('',#2161,#345);
#290=LINE('',#2174,#346);
#291=LINE('',#2181,#347);
#292=VECTOR('',#1073,7.);
#293=VECTOR('',#1082,3.);
#294=VECTOR('',#1089,1.7);
#295=VECTOR('',#1096,1.8);
#296=VECTOR('',#1109,10.);
#297=VECTOR('',#1112,10.);
#298=VECTOR('',#1117,10.);
#299=VECTOR('',#1124,10.);
#300=VECTOR('',#1133,10.);
#301=VECTOR('',#1136,10.);
#302=VECTOR('',#1141,10.);
#303=VECTOR('',#1142,10.);
#304=VECTOR('',#1143,10.);
#305=VECTOR('',#1146,10.);
#306=VECTOR('',#1153,10.);
#307=VECTOR('',#1154,10.);
#308=VECTOR('',#1159,10.);
#309=VECTOR('',#1164,10.);
#310=VECTOR('',#1169,10.);
#311=VECTOR('',#1172,10.);
#312=VECTOR('',#1177,10.);
#313=VECTOR('',#1178,10.);
#314=VECTOR('',#1183,10.);
#315=VECTOR('',#1194,10.);
#316=VECTOR('',#1197,10.);
#317=VECTOR('',#1200,10.);
#318=VECTOR('',#1203,10.);
#319=VECTOR('',#1204,10.);
#320=VECTOR('',#1209,10.);
#321=VECTOR('',#1212,10.);
#322=VECTOR('',#1215,10.);
#323=VECTOR('',#1216,10.);
#324=VECTOR('',#1217,10.);
#325=VECTOR('',#1220,10.);
#326=VECTOR('',#1221,10.);
#327=VECTOR('',#1224,10.);
#328=VECTOR('',#1229,10.);
#329=VECTOR('',#1230,10.);
#330=VECTOR('',#1233,10.);
#331=VECTOR('',#1236,10.);
#332=VECTOR('',#1241,10.);
#333=VECTOR('',#1242,10.);
#334=VECTOR('',#1245,10.);
#335=VECTOR('',#1246,10.);
#336=VECTOR('',#1249,10.);
#337=VECTOR('',#1252,10.);
#338=VECTOR('',#1255,10.);
#339=VECTOR('',#1256,10.);
#340=VECTOR('',#1257,10.);
#341=VECTOR('',#1270,10.);
#342=VECTOR('',#1271,10.);
#343=VECTOR('',#1272,10.);
#344=VECTOR('',#1281,10.);
#345=VECTOR('',#1284,10.);
#346=VECTOR('',#1287,10.);
#347=VECTOR('',#1290,10.);
#348=CIRCLE('',#984,7.);
#349=CIRCLE('',#985,7.);
#350=CIRCLE('',#987,3.);
#351=CIRCLE('',#989,3.);
#352=CIRCLE('',#991,1.7);
#353=CIRCLE('',#992,1.7);
#354=CIRCLE('',#994,1.8);
#355=CIRCLE('',#995,1.8);
#356=CIRCLE('',#998,34.0000000000001);
#357=CIRCLE('',#999,33.5000000000001);
#358=CIRCLE('',#1004,34.0000000000001);
#359=CIRCLE('',#1009,33.5000000000001);
#360=VERTEX_POINT('',#1295);
#361=VERTEX_POINT('',#1297);
#362=VERTEX_POINT('',#1301);
#363=VERTEX_POINT('',#1304);
#364=VERTEX_POINT('',#1308);
#365=VERTEX_POINT('',#1310);
#366=VERTEX_POINT('',#1314);
#367=VERTEX_POINT('',#1316);
#368=VERTEX_POINT('',#1321);
#369=VERTEX_POINT('',#1322);
#370=VERTEX_POINT('',#1329);
#371=VERTEX_POINT('',#1331);
#372=VERTEX_POINT('',#1338);
#373=VERTEX_POINT('',#1349);
#374=VERTEX_POINT('',#1362);
#375=VERTEX_POINT('',#1364);
#376=VERTEX_POINT('',#1371);
#377=VERTEX_POINT('',#1373);
#378=VERTEX_POINT('',#1377);
#379=VERTEX_POINT('',#1381);
#380=VERTEX_POINT('',#1383);
#381=VERTEX_POINT('',#1385);
#382=VERTEX_POINT('',#1394);
#383=VERTEX_POINT('',#1405);
#384=VERTEX_POINT('',#1418);
#385=VERTEX_POINT('',#1419);
#386=VERTEX_POINT('',#1428);
#387=VERTEX_POINT('',#1430);
#388=VERTEX_POINT('',#1439);
#389=VERTEX_POINT('',#1441);
#390=VERTEX_POINT('',#1445);
#391=VERTEX_POINT('',#1447);
#392=VERTEX_POINT('',#1451);
#393=VERTEX_POINT('',#1460);
#394=VERTEX_POINT('',#1462);
#395=VERTEX_POINT('',#1466);
#396=VERTEX_POINT('',#1468);
#397=VERTEX_POINT('',#1521);
#398=VERTEX_POINT('',#1531);
#399=VERTEX_POINT('',#1532);
#400=VERTEX_POINT('',#1534);
#401=VERTEX_POINT('',#1536);
#402=VERTEX_POINT('',#1538);
#403=VERTEX_POINT('',#1540);
#404=VERTEX_POINT('',#1544);
#405=VERTEX_POINT('',#1547);
#406=VERTEX_POINT('',#1551);
#407=VERTEX_POINT('',#1555);
#408=VERTEX_POINT('',#1557);
#409=VERTEX_POINT('',#1559);
#410=VERTEX_POINT('',#1565);
#411=VERTEX_POINT('',#1576);
#412=VERTEX_POINT('',#1578);
#413=VERTEX_POINT('',#1582);
#414=VERTEX_POINT('',#1586);
#415=VERTEX_POINT('',#1587);
#416=VERTEX_POINT('',#1589);
#417=VERTEX_POINT('',#1591);
#418=VERTEX_POINT('',#1593);
#419=VERTEX_POINT('',#1606);
#420=VERTEX_POINT('',#1608);
#421=VERTEX_POINT('',#1615);
#422=VERTEX_POINT('',#1619);
#423=VERTEX_POINT('',#1621);
#424=VERTEX_POINT('',#1629);
#425=VERTEX_POINT('',#1703);
#426=VERTEX_POINT('',#1711);
#427=VERTEX_POINT('',#1716);
#428=VERTEX_POINT('',#1725);
#429=VERTEX_POINT('',#1766);
#430=VERTEX_POINT('',#1771);
#431=VERTEX_POINT('',#1791);
#432=VERTEX_POINT('',#1802);
#433=VERTEX_POINT('',#1808);
#434=VERTEX_POINT('',#1825);
#435=VERTEX_POINT('',#1842);
#436=VERTEX_POINT('',#1846);
#437=VERTEX_POINT('',#1857);
#438=VERTEX_POINT('',#1862);
#439=VERTEX_POINT('',#1864);
#440=VERTEX_POINT('',#1899);
#441=VERTEX_POINT('',#1907);
#442=VERTEX_POINT('',#1916);
#443=VERTEX_POINT('',#1930);
#444=VERTEX_POINT('',#1947);
#445=VERTEX_POINT('',#1953);
#446=VERTEX_POINT('',#1999);
#447=VERTEX_POINT('',#2007);
#448=VERTEX_POINT('',#2078);
#449=VERTEX_POINT('',#2083);
#450=VERTEX_POINT('',#2092);
#451=VERTEX_POINT('',#2147);
#452=VERTEX_POINT('',#2163);
#453=VERTEX_POINT('',#2176);
#454=EDGE_CURVE('',#360,#360,#348,.T.);
#455=EDGE_CURVE('',#360,#361,#236,.T.);
#456=EDGE_CURVE('',#361,#361,#349,.T.);
#457=EDGE_CURVE('',#362,#362,#350,.T.);
#458=EDGE_CURVE('',#362,#363,#237,.T.);
#459=EDGE_CURVE('',#363,#363,#351,.T.);
#460=EDGE_CURVE('',#364,#364,#352,.T.);
#461=EDGE_CURVE('',#364,#365,#238,.T.);
#462=EDGE_CURVE('',#365,#365,#353,.T.);
#463=EDGE_CURVE('',#366,#366,#354,.T.);
#464=EDGE_CURVE('',#366,#367,#239,.T.);
#465=EDGE_CURVE('',#367,#367,#355,.T.);
#466=EDGE_CURVE('',#368,#369,#49,.T.);
#467=EDGE_CURVE('',#369,#370,#356,.T.);
#468=EDGE_CURVE('',#370,#371,#50,.T.);
#469=EDGE_CURVE('',#371,#372,#51,.T.);
#470=EDGE_CURVE('',#372,#373,#357,.T.);
#471=EDGE_CURVE('',#373,#368,#52,.T.);
#472=EDGE_CURVE('',#370,#374,#240,.T.);
#473=EDGE_CURVE('',#375,#374,#53,.T.);
#474=EDGE_CURVE('',#375,#376,#23,.T.);
#475=EDGE_CURVE('',#376,#377,#241,.T.);
#476=EDGE_CURVE('',#377,#371,#24,.T.);
#477=EDGE_CURVE('',#378,#369,#242,.T.);
#478=EDGE_CURVE('',#374,#378,#358,.T.);
#479=EDGE_CURVE('',#379,#368,#25,.T.);
#480=EDGE_CURVE('',#379,#380,#243,.T.);
#481=EDGE_CURVE('',#380,#381,#26,.T.);
#482=EDGE_CURVE('',#378,#381,#54,.T.);
#483=EDGE_CURVE('',#381,#382,#55,.T.);
#484=EDGE_CURVE('',#382,#383,#359,.T.);
#485=EDGE_CURVE('',#383,#375,#56,.T.);
#486=EDGE_CURVE('',#384,#385,#57,.T.);
#487=EDGE_CURVE('',#385,#386,#244,.T.);
#488=EDGE_CURVE('',#386,#387,#58,.T.);
#489=EDGE_CURVE('',#387,#388,#27,.T.);
#490=EDGE_CURVE('',#388,#389,#245,.T.);
#491=EDGE_CURVE('',#389,#384,#28,.T.);
#492=EDGE_CURVE('',#390,#388,#246,.T.);
#493=EDGE_CURVE('',#391,#390,#247,.T.);
#494=EDGE_CURVE('',#389,#391,#248,.T.);
#495=EDGE_CURVE('',#392,#387,#59,.T.);
#496=EDGE_CURVE('',#392,#393,#249,.T.);
#497=EDGE_CURVE('',#393,#394,#29,.T.);
#498=EDGE_CURVE('',#390,#394,#30,.T.);
#499=EDGE_CURVE('',#386,#395,#250,.T.);
#500=EDGE_CURVE('',#395,#396,#60,.T.);
#501=EDGE_CURVE('',#396,#397,#61,.T.);
#502=EDGE_CURVE('',#397,#392,#251,.T.);
#503=EDGE_CURVE('',#398,#399,#31,.T.);
#504=EDGE_CURVE('',#399,#400,#252,.T.);
#505=EDGE_CURVE('',#400,#401,#32,.T.);
#506=EDGE_CURVE('',#401,#402,#33,.T.);
#507=EDGE_CURVE('',#402,#403,#253,.T.);
#508=EDGE_CURVE('',#403,#398,#34,.T.);
#509=EDGE_CURVE('',#403,#404,#254,.T.);
#510=EDGE_CURVE('',#394,#404,#35,.T.);
#511=EDGE_CURVE('',#393,#405,#255,.T.);
#512=EDGE_CURVE('',#405,#398,#36,.T.);
#513=EDGE_CURVE('',#406,#402,#256,.T.);
#514=EDGE_CURVE('',#404,#406,#257,.T.);
#515=EDGE_CURVE('',#407,#401,#37,.T.);
#516=EDGE_CURVE('',#407,#408,#258,.T.);
#517=EDGE_CURVE('',#408,#409,#38,.T.);
#518=EDGE_CURVE('',#406,#409,#39,.T.);
#519=EDGE_CURVE('',#409,#391,#40,.T.);
#520=EDGE_CURVE('',#408,#410,#259,.T.);
#521=EDGE_CURVE('',#410,#384,#62,.T.);
#522=EDGE_CURVE('',#377,#411,#260,.T.);
#523=EDGE_CURVE('',#411,#412,#41,.F.);
#524=EDGE_CURVE('',#412,#372,#261,.T.);
#525=EDGE_CURVE('',#412,#413,#262,.T.);
#526=EDGE_CURVE('',#373,#413,#263,.T.);
#527=EDGE_CURVE('',#414,#415,#42,.F.);
#528=EDGE_CURVE('',#415,#416,#264,.T.);
#529=EDGE_CURVE('',#416,#417,#43,.F.);
#530=EDGE_CURVE('',#417,#418,#265,.T.);
#531=EDGE_CURVE('',#418,#414,#63,.F.);
#532=EDGE_CURVE('',#419,#415,#266,.T.);
#533=EDGE_CURVE('',#420,#419,#267,.T.);
#534=EDGE_CURVE('',#416,#420,#268,.T.);
#535=EDGE_CURVE('',#400,#414,#269,.T.);
#536=EDGE_CURVE('',#418,#407,#270,.T.);
#537=EDGE_CURVE('',#421,#399,#271,.T.);
#538=EDGE_CURVE('',#419,#421,#44,.F.);
#539=EDGE_CURVE('',#410,#422,#272,.T.);
#540=EDGE_CURVE('',#422,#423,#64,.T.);
#541=EDGE_CURVE('',#423,#424,#65,.T.);
#542=EDGE_CURVE('',#424,#385,#273,.T.);
#543=EDGE_CURVE('',#425,#423,#66,.T.);
#544=EDGE_CURVE('',#425,#426,#67,.T.);
#545=EDGE_CURVE('',#427,#426,#68,.T.);
#546=EDGE_CURVE('',#428,#427,#69,.T.);
#547=EDGE_CURVE('',#428,#424,#70,.T.);
#548=EDGE_CURVE('',#422,#429,#71,.T.);
#549=EDGE_CURVE('',#430,#429,#72,.T.);
#550=EDGE_CURVE('',#431,#430,#73,.T.);
#551=EDGE_CURVE('',#431,#432,#74,.T.);
#552=EDGE_CURVE('',#433,#432,#75,.T.);
#553=EDGE_CURVE('',#434,#433,#76,.T.);
#554=EDGE_CURVE('',#434,#425,#77,.T.);
#555=EDGE_CURVE('',#429,#417,#274,.T.);
#556=EDGE_CURVE('',#416,#435,#275,.T.);
#557=EDGE_CURVE('',#435,#430,#45,.F.);
#558=EDGE_CURVE('',#436,#420,#276,.T.);
#559=EDGE_CURVE('',#436,#435,#277,.T.);
#560=EDGE_CURVE('',#432,#376,#278,.T.);
#561=EDGE_CURVE('',#431,#411,#279,.T.);
#562=EDGE_CURVE('',#435,#412,#280,.T.);
#563=EDGE_CURVE('',#413,#436,#281,.T.);
#564=EDGE_CURVE('',#437,#397,#78,.T.);
#565=EDGE_CURVE('',#438,#437,#282,.T.);
#566=EDGE_CURVE('',#439,#438,#283,.T.);
#567=EDGE_CURVE('',#405,#439,#284,.T.);
#568=EDGE_CURVE('',#396,#440,#79,.T.);
#569=EDGE_CURVE('',#440,#441,#80,.T.);
#570=EDGE_CURVE('',#441,#442,#81,.T.);
#571=EDGE_CURVE('',#442,#443,#82,.T.);
#572=EDGE_CURVE('',#443,#444,#83,.T.);
#573=EDGE_CURVE('',#445,#444,#84,.T.);
#574=EDGE_CURVE('',#437,#445,#85,.T.);
#575=EDGE_CURVE('',#439,#421,#86,.F.);
#576=EDGE_CURVE('',#438,#420,#46,.F.);
#577=EDGE_CURVE('',#436,#445,#47,.T.);
#578=EDGE_CURVE('',#446,#444,#285,.T.);
#579=EDGE_CURVE('',#380,#443,#286,.T.);
#580=EDGE_CURVE('',#446,#379,#287,.T.);
#581=EDGE_CURVE('',#446,#413,#48,.F.);
#582=EDGE_CURVE('',#447,#442,#87,.T.);
#583=EDGE_CURVE('',#447,#382,#288,.T.);
#584=EDGE_CURVE('',#441,#448,#88,.T.);
#585=EDGE_CURVE('',#449,#448,#89,.T.);
#586=EDGE_CURVE('',#450,#449,#90,.T.);
#587=EDGE_CURVE('',#450,#447,#91,.T.);
#588=EDGE_CURVE('',#448,#440,#92,.T.);
#589=EDGE_CURVE('',#395,#451,#93,.T.);
#590=EDGE_CURVE('',#451,#449,#94,.T.);
#591=EDGE_CURVE('',#451,#428,#289,.T.);
#592=EDGE_CURVE('',#427,#452,#95,.T.);
#593=EDGE_CURVE('',#452,#450,#290,.T.);
#594=EDGE_CURVE('',#453,#452,#96,.T.);
#595=EDGE_CURVE('',#383,#453,#291,.T.);
#596=EDGE_CURVE('',#453,#433,#97,.T.);
#597=EDGE_CURVE('',#426,#434,#98,.T.);
#598=ORIENTED_EDGE('',*,*,#454,.F.);
#599=ORIENTED_EDGE('',*,*,#455,.T.);
#600=ORIENTED_EDGE('',*,*,#456,.T.);
#601=ORIENTED_EDGE('',*,*,#455,.F.);
#602=ORIENTED_EDGE('',*,*,#456,.F.);
#603=ORIENTED_EDGE('',*,*,#457,.F.);
#604=ORIENTED_EDGE('',*,*,#457,.T.);
#605=ORIENTED_EDGE('',*,*,#458,.T.);
#606=ORIENTED_EDGE('',*,*,#459,.F.);
#607=ORIENTED_EDGE('',*,*,#458,.F.);
#608=ORIENTED_EDGE('',*,*,#460,.F.);
#609=ORIENTED_EDGE('',*,*,#461,.T.);
#610=ORIENTED_EDGE('',*,*,#462,.F.);
#611=ORIENTED_EDGE('',*,*,#461,.F.);
#612=ORIENTED_EDGE('',*,*,#463,.F.);
#613=ORIENTED_EDGE('',*,*,#464,.T.);
#614=ORIENTED_EDGE('',*,*,#465,.T.);
#615=ORIENTED_EDGE('',*,*,#464,.F.);
#616=ORIENTED_EDGE('',*,*,#465,.F.);
#617=ORIENTED_EDGE('',*,*,#460,.T.);
#618=ORIENTED_EDGE('',*,*,#466,.T.);
#619=ORIENTED_EDGE('',*,*,#467,.T.);
#620=ORIENTED_EDGE('',*,*,#468,.T.);
#621=ORIENTED_EDGE('',*,*,#469,.T.);
#622=ORIENTED_EDGE('',*,*,#470,.T.);
#623=ORIENTED_EDGE('',*,*,#471,.T.);
#624=ORIENTED_EDGE('',*,*,#468,.F.);
#625=ORIENTED_EDGE('',*,*,#472,.T.);
#626=ORIENTED_EDGE('',*,*,#473,.F.);
#627=ORIENTED_EDGE('',*,*,#474,.T.);
#628=ORIENTED_EDGE('',*,*,#475,.T.);
#629=ORIENTED_EDGE('',*,*,#476,.T.);
#630=ORIENTED_EDGE('',*,*,#467,.F.);
#631=ORIENTED_EDGE('',*,*,#477,.F.);
#632=ORIENTED_EDGE('',*,*,#478,.F.);
#633=ORIENTED_EDGE('',*,*,#472,.F.);
#634=ORIENTED_EDGE('',*,*,#466,.F.);
#635=ORIENTED_EDGE('',*,*,#479,.F.);
#636=ORIENTED_EDGE('',*,*,#480,.T.);
#637=ORIENTED_EDGE('',*,*,#481,.T.);
#638=ORIENTED_EDGE('',*,*,#482,.F.);
#639=ORIENTED_EDGE('',*,*,#477,.T.);
#640=ORIENTED_EDGE('',*,*,#483,.T.);
#641=ORIENTED_EDGE('',*,*,#484,.T.);
#642=ORIENTED_EDGE('',*,*,#485,.T.);
#643=ORIENTED_EDGE('',*,*,#473,.T.);
#644=ORIENTED_EDGE('',*,*,#478,.T.);
#645=ORIENTED_EDGE('',*,*,#482,.T.);
#646=ORIENTED_EDGE('',*,*,#486,.T.);
#647=ORIENTED_EDGE('',*,*,#487,.T.);
#648=ORIENTED_EDGE('',*,*,#488,.T.);
#649=ORIENTED_EDGE('',*,*,#489,.T.);
#650=ORIENTED_EDGE('',*,*,#490,.T.);
#651=ORIENTED_EDGE('',*,*,#491,.T.);
#652=ORIENTED_EDGE('',*,*,#490,.F.);
#653=ORIENTED_EDGE('',*,*,#492,.F.);
#654=ORIENTED_EDGE('',*,*,#493,.F.);
#655=ORIENTED_EDGE('',*,*,#494,.F.);
#656=ORIENTED_EDGE('',*,*,#459,.T.);
#657=ORIENTED_EDGE('',*,*,#489,.F.);
#658=ORIENTED_EDGE('',*,*,#495,.F.);
#659=ORIENTED_EDGE('',*,*,#496,.T.);
#660=ORIENTED_EDGE('',*,*,#497,.T.);
#661=ORIENTED_EDGE('',*,*,#498,.F.);
#662=ORIENTED_EDGE('',*,*,#492,.T.);
#663=ORIENTED_EDGE('',*,*,#488,.F.);
#664=ORIENTED_EDGE('',*,*,#499,.T.);
#665=ORIENTED_EDGE('',*,*,#500,.T.);
#666=ORIENTED_EDGE('',*,*,#501,.T.);
#667=ORIENTED_EDGE('',*,*,#502,.T.);
#668=ORIENTED_EDGE('',*,*,#495,.T.);
#669=ORIENTED_EDGE('',*,*,#503,.T.);
#670=ORIENTED_EDGE('',*,*,#504,.T.);
#671=ORIENTED_EDGE('',*,*,#505,.T.);
#672=ORIENTED_EDGE('',*,*,#506,.T.);
#673=ORIENTED_EDGE('',*,*,#507,.T.);
#674=ORIENTED_EDGE('',*,*,#508,.T.);
#675=ORIENTED_EDGE('',*,*,#508,.F.);
#676=ORIENTED_EDGE('',*,*,#509,.T.);
#677=ORIENTED_EDGE('',*,*,#510,.F.);
#678=ORIENTED_EDGE('',*,*,#497,.F.);
#679=ORIENTED_EDGE('',*,*,#511,.T.);
#680=ORIENTED_EDGE('',*,*,#512,.T.);
#681=ORIENTED_EDGE('',*,*,#507,.F.);
#682=ORIENTED_EDGE('',*,*,#513,.F.);
#683=ORIENTED_EDGE('',*,*,#514,.F.);
#684=ORIENTED_EDGE('',*,*,#509,.F.);
#685=ORIENTED_EDGE('',*,*,#506,.F.);
#686=ORIENTED_EDGE('',*,*,#515,.F.);
#687=ORIENTED_EDGE('',*,*,#516,.T.);
#688=ORIENTED_EDGE('',*,*,#517,.T.);
#689=ORIENTED_EDGE('',*,*,#518,.F.);
#690=ORIENTED_EDGE('',*,*,#513,.T.);
#691=ORIENTED_EDGE('',*,*,#510,.T.);
#692=ORIENTED_EDGE('',*,*,#514,.T.);
#693=ORIENTED_EDGE('',*,*,#518,.T.);
#694=ORIENTED_EDGE('',*,*,#519,.T.);
#695=ORIENTED_EDGE('',*,*,#493,.T.);
#696=ORIENTED_EDGE('',*,*,#498,.T.);
#697=ORIENTED_EDGE('',*,*,#491,.F.);
#698=ORIENTED_EDGE('',*,*,#494,.T.);
#699=ORIENTED_EDGE('',*,*,#519,.F.);
#700=ORIENTED_EDGE('',*,*,#517,.F.);
#701=ORIENTED_EDGE('',*,*,#520,.T.);
#702=ORIENTED_EDGE('',*,*,#521,.T.);
#703=ORIENTED_EDGE('',*,*,#469,.F.);
#704=ORIENTED_EDGE('',*,*,#476,.F.);
#705=ORIENTED_EDGE('',*,*,#522,.T.);
#706=ORIENTED_EDGE('',*,*,#523,.T.);
#707=ORIENTED_EDGE('',*,*,#524,.T.);
#708=ORIENTED_EDGE('',*,*,#470,.F.);
#709=ORIENTED_EDGE('',*,*,#524,.F.);
#710=ORIENTED_EDGE('',*,*,#525,.T.);
#711=ORIENTED_EDGE('',*,*,#526,.F.);
#712=ORIENTED_EDGE('',*,*,#462,.T.);
#713=ORIENTED_EDGE('',*,*,#527,.T.);
#714=ORIENTED_EDGE('',*,*,#528,.T.);
#715=ORIENTED_EDGE('',*,*,#529,.T.);
#716=ORIENTED_EDGE('',*,*,#530,.T.);
#717=ORIENTED_EDGE('',*,*,#531,.T.);
#718=ORIENTED_EDGE('',*,*,#528,.F.);
#719=ORIENTED_EDGE('',*,*,#532,.F.);
#720=ORIENTED_EDGE('',*,*,#533,.F.);
#721=ORIENTED_EDGE('',*,*,#534,.F.);
#722=ORIENTED_EDGE('',*,*,#505,.F.);
#723=ORIENTED_EDGE('',*,*,#535,.T.);
#724=ORIENTED_EDGE('',*,*,#531,.F.);
#725=ORIENTED_EDGE('',*,*,#536,.T.);
#726=ORIENTED_EDGE('',*,*,#515,.T.);
#727=ORIENTED_EDGE('',*,*,#504,.F.);
#728=ORIENTED_EDGE('',*,*,#537,.F.);
#729=ORIENTED_EDGE('',*,*,#538,.F.);
#730=ORIENTED_EDGE('',*,*,#532,.T.);
#731=ORIENTED_EDGE('',*,*,#527,.F.);
#732=ORIENTED_EDGE('',*,*,#535,.F.);
#733=ORIENTED_EDGE('',*,*,#454,.T.);
#734=ORIENTED_EDGE('',*,*,#486,.F.);
#735=ORIENTED_EDGE('',*,*,#521,.F.);
#736=ORIENTED_EDGE('',*,*,#539,.T.);
#737=ORIENTED_EDGE('',*,*,#540,.T.);
#738=ORIENTED_EDGE('',*,*,#541,.T.);
#739=ORIENTED_EDGE('',*,*,#542,.T.);
#740=ORIENTED_EDGE('',*,*,#541,.F.);
#741=ORIENTED_EDGE('',*,*,#543,.F.);
#742=ORIENTED_EDGE('',*,*,#544,.T.);
#743=ORIENTED_EDGE('',*,*,#545,.F.);
#744=ORIENTED_EDGE('',*,*,#546,.F.);
#745=ORIENTED_EDGE('',*,*,#547,.T.);
#746=ORIENTED_EDGE('',*,*,#540,.F.);
#747=ORIENTED_EDGE('',*,*,#548,.T.);
#748=ORIENTED_EDGE('',*,*,#549,.F.);
#749=ORIENTED_EDGE('',*,*,#550,.F.);
#750=ORIENTED_EDGE('',*,*,#551,.T.);
#751=ORIENTED_EDGE('',*,*,#552,.F.);
#752=ORIENTED_EDGE('',*,*,#553,.F.);
#753=ORIENTED_EDGE('',*,*,#554,.T.);
#754=ORIENTED_EDGE('',*,*,#543,.T.);
#755=ORIENTED_EDGE('',*,*,#555,.F.);
#756=ORIENTED_EDGE('',*,*,#548,.F.);
#757=ORIENTED_EDGE('',*,*,#539,.F.);
#758=ORIENTED_EDGE('',*,*,#520,.F.);
#759=ORIENTED_EDGE('',*,*,#516,.F.);
#760=ORIENTED_EDGE('',*,*,#536,.F.);
#761=ORIENTED_EDGE('',*,*,#530,.F.);
#762=ORIENTED_EDGE('',*,*,#549,.T.);
#763=ORIENTED_EDGE('',*,*,#555,.T.);
#764=ORIENTED_EDGE('',*,*,#529,.F.);
#765=ORIENTED_EDGE('',*,*,#556,.T.);
#766=ORIENTED_EDGE('',*,*,#557,.T.);
#767=ORIENTED_EDGE('',*,*,#556,.F.);
#768=ORIENTED_EDGE('',*,*,#534,.T.);
#769=ORIENTED_EDGE('',*,*,#558,.F.);
#770=ORIENTED_EDGE('',*,*,#559,.T.);
#771=ORIENTED_EDGE('',*,*,#475,.F.);
#772=ORIENTED_EDGE('',*,*,#560,.F.);
#773=ORIENTED_EDGE('',*,*,#551,.F.);
#774=ORIENTED_EDGE('',*,*,#561,.T.);
#775=ORIENTED_EDGE('',*,*,#522,.F.);
#776=ORIENTED_EDGE('',*,*,#562,.T.);
#777=ORIENTED_EDGE('',*,*,#523,.F.);
#778=ORIENTED_EDGE('',*,*,#561,.F.);
#779=ORIENTED_EDGE('',*,*,#550,.T.);
#780=ORIENTED_EDGE('',*,*,#557,.F.);
#781=ORIENTED_EDGE('',*,*,#562,.F.);
#782=ORIENTED_EDGE('',*,*,#559,.F.);
#783=ORIENTED_EDGE('',*,*,#563,.F.);
#784=ORIENTED_EDGE('',*,*,#525,.F.);
#785=ORIENTED_EDGE('',*,*,#502,.F.);
#786=ORIENTED_EDGE('',*,*,#564,.F.);
#787=ORIENTED_EDGE('',*,*,#565,.F.);
#788=ORIENTED_EDGE('',*,*,#566,.F.);
#789=ORIENTED_EDGE('',*,*,#567,.F.);
#790=ORIENTED_EDGE('',*,*,#511,.F.);
#791=ORIENTED_EDGE('',*,*,#496,.F.);
#792=ORIENTED_EDGE('',*,*,#501,.F.);
#793=ORIENTED_EDGE('',*,*,#568,.T.);
#794=ORIENTED_EDGE('',*,*,#569,.T.);
#795=ORIENTED_EDGE('',*,*,#570,.T.);
#796=ORIENTED_EDGE('',*,*,#571,.T.);
#797=ORIENTED_EDGE('',*,*,#572,.T.);
#798=ORIENTED_EDGE('',*,*,#573,.F.);
#799=ORIENTED_EDGE('',*,*,#574,.F.);
#800=ORIENTED_EDGE('',*,*,#564,.T.);
#801=ORIENTED_EDGE('',*,*,#503,.F.);
#802=ORIENTED_EDGE('',*,*,#512,.F.);
#803=ORIENTED_EDGE('',*,*,#567,.T.);
#804=ORIENTED_EDGE('',*,*,#575,.T.);
#805=ORIENTED_EDGE('',*,*,#537,.T.);
#806=ORIENTED_EDGE('',*,*,#576,.T.);
#807=ORIENTED_EDGE('',*,*,#533,.T.);
#808=ORIENTED_EDGE('',*,*,#538,.T.);
#809=ORIENTED_EDGE('',*,*,#575,.F.);
#810=ORIENTED_EDGE('',*,*,#566,.T.);
#811=ORIENTED_EDGE('',*,*,#574,.T.);
#812=ORIENTED_EDGE('',*,*,#577,.F.);
#813=ORIENTED_EDGE('',*,*,#558,.T.);
#814=ORIENTED_EDGE('',*,*,#576,.F.);
#815=ORIENTED_EDGE('',*,*,#565,.T.);
#816=ORIENTED_EDGE('',*,*,#578,.T.);
#817=ORIENTED_EDGE('',*,*,#572,.F.);
#818=ORIENTED_EDGE('',*,*,#579,.F.);
#819=ORIENTED_EDGE('',*,*,#480,.F.);
#820=ORIENTED_EDGE('',*,*,#580,.F.);
#821=ORIENTED_EDGE('',*,*,#581,.T.);
#822=ORIENTED_EDGE('',*,*,#563,.T.);
#823=ORIENTED_EDGE('',*,*,#577,.T.);
#824=ORIENTED_EDGE('',*,*,#573,.T.);
#825=ORIENTED_EDGE('',*,*,#578,.F.);
#826=ORIENTED_EDGE('',*,*,#471,.F.);
#827=ORIENTED_EDGE('',*,*,#526,.T.);
#828=ORIENTED_EDGE('',*,*,#581,.F.);
#829=ORIENTED_EDGE('',*,*,#580,.T.);
#830=ORIENTED_EDGE('',*,*,#479,.T.);
#831=ORIENTED_EDGE('',*,*,#483,.F.);
#832=ORIENTED_EDGE('',*,*,#481,.F.);
#833=ORIENTED_EDGE('',*,*,#579,.T.);
#834=ORIENTED_EDGE('',*,*,#571,.F.);
#835=ORIENTED_EDGE('',*,*,#582,.F.);
#836=ORIENTED_EDGE('',*,*,#583,.T.);
#837=ORIENTED_EDGE('',*,*,#570,.F.);
#838=ORIENTED_EDGE('',*,*,#584,.T.);
#839=ORIENTED_EDGE('',*,*,#585,.F.);
#840=ORIENTED_EDGE('',*,*,#586,.F.);
#841=ORIENTED_EDGE('',*,*,#587,.T.);
#842=ORIENTED_EDGE('',*,*,#582,.T.);
#843=ORIENTED_EDGE('',*,*,#569,.F.);
#844=ORIENTED_EDGE('',*,*,#588,.F.);
#845=ORIENTED_EDGE('',*,*,#584,.F.);
#846=ORIENTED_EDGE('',*,*,#500,.F.);
#847=ORIENTED_EDGE('',*,*,#589,.T.);
#848=ORIENTED_EDGE('',*,*,#590,.T.);
#849=ORIENTED_EDGE('',*,*,#585,.T.);
#850=ORIENTED_EDGE('',*,*,#588,.T.);
#851=ORIENTED_EDGE('',*,*,#568,.F.);
#852=ORIENTED_EDGE('',*,*,#487,.F.);
#853=ORIENTED_EDGE('',*,*,#542,.F.);
#854=ORIENTED_EDGE('',*,*,#547,.F.);
#855=ORIENTED_EDGE('',*,*,#591,.F.);
#856=ORIENTED_EDGE('',*,*,#589,.F.);
#857=ORIENTED_EDGE('',*,*,#499,.F.);
#858=ORIENTED_EDGE('',*,*,#590,.F.);
#859=ORIENTED_EDGE('',*,*,#591,.T.);
#860=ORIENTED_EDGE('',*,*,#546,.T.);
#861=ORIENTED_EDGE('',*,*,#592,.T.);
#862=ORIENTED_EDGE('',*,*,#593,.T.);
#863=ORIENTED_EDGE('',*,*,#586,.T.);
#864=ORIENTED_EDGE('',*,*,#484,.F.);
#865=ORIENTED_EDGE('',*,*,#583,.F.);
#866=ORIENTED_EDGE('',*,*,#587,.F.);
#867=ORIENTED_EDGE('',*,*,#593,.F.);
#868=ORIENTED_EDGE('',*,*,#594,.F.);
#869=ORIENTED_EDGE('',*,*,#595,.F.);
#870=ORIENTED_EDGE('',*,*,#463,.T.);
#871=ORIENTED_EDGE('',*,*,#485,.F.);
#872=ORIENTED_EDGE('',*,*,#595,.T.);
#873=ORIENTED_EDGE('',*,*,#596,.T.);
#874=ORIENTED_EDGE('',*,*,#552,.T.);
#875=ORIENTED_EDGE('',*,*,#560,.T.);
#876=ORIENTED_EDGE('',*,*,#474,.F.);
#877=ORIENTED_EDGE('',*,*,#592,.F.);
#878=ORIENTED_EDGE('',*,*,#545,.T.);
#879=ORIENTED_EDGE('',*,*,#597,.T.);
#880=ORIENTED_EDGE('',*,*,#553,.T.);
#881=ORIENTED_EDGE('',*,*,#596,.F.);
#882=ORIENTED_EDGE('',*,*,#594,.T.);
#883=ORIENTED_EDGE('',*,*,#597,.F.);
#884=ORIENTED_EDGE('',*,*,#544,.F.);
#885=ORIENTED_EDGE('',*,*,#554,.F.);
#886=CYLINDRICAL_SURFACE('',#983,7.);
#887=CYLINDRICAL_SURFACE('',#988,3.);
#888=CYLINDRICAL_SURFACE('',#990,1.7);
#889=CYLINDRICAL_SURFACE('',#993,1.8);
#890=CYLINDRICAL_SURFACE('',#1000,3.);
#891=CYLINDRICAL_SURFACE('',#1003,34.0000000000001);
#892=CYLINDRICAL_SURFACE('',#1005,3.);
#893=CYLINDRICAL_SURFACE('',#1010,1.8);
#894=CYLINDRICAL_SURFACE('',#1014,1.8);
#895=CYLINDRICAL_SURFACE('',#1017,3.);
#896=CYLINDRICAL_SURFACE('',#1018,1.8);
#897=CYLINDRICAL_SURFACE('',#1023,1.8);
#898=CYLINDRICAL_SURFACE('',#1027,1.8);
#899=CYLINDRICAL_SURFACE('',#1031,1.8);
#900=CYLINDRICAL_SURFACE('',#1033,1.8);
#901=CYLINDRICAL_SURFACE('',#1034,3.);
#902=CYLINDRICAL_SURFACE('',#1037,3.);
#903=CYLINDRICAL_SURFACE('',#1041,1.8);
#904=CYLINDRICAL_SURFACE('',#1044,3.);
#905=CYLINDRICAL_SURFACE('',#1046,3.);
#906=CYLINDRICAL_SURFACE('',#1050,3.);
#907=CYLINDRICAL_SURFACE('',#1053,1.8);
#908=CYLINDRICAL_SURFACE('',#1054,3.);
#909=CYLINDRICAL_SURFACE('',#1056,3.);
#910=CYLINDRICAL_SURFACE('',#1059,3.);
#911=CYLINDRICAL_SURFACE('',#1061,3.);
#912=CYLINDRICAL_SURFACE('',#1062,3.);
#913=CYLINDRICAL_SURFACE('',#1064,3.);
#914=CYLINDRICAL_SURFACE('',#1066,3.);
#915=ADVANCED_FACE('',(#122),#886,.F.);
#916=ADVANCED_FACE('',(#123,#101),#107,.T.);
#917=ADVANCED_FACE('',(#124),#887,.F.);
#918=ADVANCED_FACE('',(#125),#888,.F.);
#919=ADVANCED_FACE('',(#126),#889,.F.);
#920=ADVANCED_FACE('',(#127,#102),#108,.T.);
#921=ADVANCED_FACE('',(#128),#99,.T.);
#922=ADVANCED_FACE('',(#129),#890,.T.);
#923=ADVANCED_FACE('',(#130),#891,.T.);
#924=ADVANCED_FACE('',(#131),#892,.T.);
#925=ADVANCED_FACE('',(#132),#100,.T.);
#926=ADVANCED_FACE('',(#133),#893,.T.);
#927=ADVANCED_FACE('',(#134,#103),#109,.F.);
#928=ADVANCED_FACE('',(#135),#894,.T.);
#929=ADVANCED_FACE('',(#136),#895,.T.);
#930=ADVANCED_FACE('',(#137),#896,.T.);
#931=ADVANCED_FACE('',(#138),#897,.T.);
#932=ADVANCED_FACE('',(#139),#110,.T.);
#933=ADVANCED_FACE('',(#140),#898,.T.);
#934=ADVANCED_FACE('',(#141),#899,.T.);
#935=ADVANCED_FACE('',(#142),#900,.T.);
#936=ADVANCED_FACE('',(#143),#901,.T.);
#937=ADVANCED_FACE('',(#144,#104),#111,.F.);
#938=ADVANCED_FACE('',(#145),#902,.T.);
#939=ADVANCED_FACE('',(#146),#112,.T.);
#940=ADVANCED_FACE('',(#147),#903,.T.);
#941=ADVANCED_FACE('',(#148,#105),#113,.T.);
#942=ADVANCED_FACE('',(#149),#904,.T.);
#943=ADVANCED_FACE('',(#150),#15,.F.);
#944=ADVANCED_FACE('',(#151),#16,.F.);
#945=ADVANCED_FACE('',(#152),#114,.T.);
#946=ADVANCED_FACE('',(#153),#905,.T.);
#947=ADVANCED_FACE('',(#154),#115,.T.);
#948=ADVANCED_FACE('',(#155),#116,.T.);
#949=ADVANCED_FACE('',(#156),#906,.T.);
#950=ADVANCED_FACE('',(#157),#117,.T.);
#951=ADVANCED_FACE('',(#158),#118,.T.);
#952=ADVANCED_FACE('',(#159),#17,.F.);
#953=ADVANCED_FACE('',(#160),#907,.T.);
#954=ADVANCED_FACE('',(#161),#908,.T.);
#955=ADVANCED_FACE('',(#162),#909,.T.);
#956=ADVANCED_FACE('',(#163),#119,.T.);
#957=ADVANCED_FACE('',(#164),#910,.T.);
#958=ADVANCED_FACE('',(#165),#911,.T.);
#959=ADVANCED_FACE('',(#166),#912,.T.);
#960=ADVANCED_FACE('',(#167),#18,.F.);
#961=ADVANCED_FACE('',(#168),#19,.T.);
#962=ADVANCED_FACE('',(#169),#20,.F.);
#963=ADVANCED_FACE('',(#170),#120,.T.);
#964=ADVANCED_FACE('',(#171),#913,.T.);
#965=ADVANCED_FACE('',(#172,#106),#121,.T.);
#966=ADVANCED_FACE('',(#173),#914,.T.);
#967=ADVANCED_FACE('',(#174),#21,.F.);
#968=ADVANCED_FACE('',(#175),#22,.F.);
#969=CLOSED_SHELL('',(#915,#916,#917,#918,#919,#920,#921,#922,#923,#924,
#925,#926,#927,#928,#929,#930,#931,#932,#933,#934,#935,#936,#937,#938,#939,
#940,#941,#942,#943,#944,#945,#946,#947,#948,#949,#950,#951,#952,#953,#954,
#955,#956,#957,#958,#959,#960,#961,#962,#963,#964,#965,#966,#967,#968));
#970=DERIVED_UNIT_ELEMENT(#972,1.);
#971=DERIVED_UNIT_ELEMENT(#2277,-3.);
#972=(
MASS_UNIT()
NAMED_UNIT(*)
SI_UNIT(.KILO.,.GRAM.)
);
#973=DERIVED_UNIT((#970,#971));
#974=MEASURE_REPRESENTATION_ITEM('density measure',
POSITIVE_RATIO_MEASURE(7850.),#973);
#975=PROPERTY_DEFINITION_REPRESENTATION(#980,#977);
#976=PROPERTY_DEFINITION_REPRESENTATION(#981,#978);
#977=REPRESENTATION('material name',(#979),#2274);
#978=REPRESENTATION('density',(#974),#2274);
#979=DESCRIPTIVE_REPRESENTATION_ITEM('Steel','Steel');
#980=PROPERTY_DEFINITION('material property','material name',#2284);
#981=PROPERTY_DEFINITION('material property','density of part',#2284);
#982=AXIS2_PLACEMENT_3D('',#1293,#1067,#1068);
#983=AXIS2_PLACEMENT_3D('',#1294,#1069,#1070);
#984=AXIS2_PLACEMENT_3D('',#1296,#1071,#1072);
#985=AXIS2_PLACEMENT_3D('',#1299,#1074,#1075);
#986=AXIS2_PLACEMENT_3D('',#1300,#1076,#1077);
#987=AXIS2_PLACEMENT_3D('',#1302,#1078,#1079);
#988=AXIS2_PLACEMENT_3D('',#1303,#1080,#1081);
#989=AXIS2_PLACEMENT_3D('',#1306,#1083,#1084);
#990=AXIS2_PLACEMENT_3D('',#1307,#1085,#1086);
#991=AXIS2_PLACEMENT_3D('',#1309,#1087,#1088);
#992=AXIS2_PLACEMENT_3D('',#1312,#1090,#1091);
#993=AXIS2_PLACEMENT_3D('',#1313,#1092,#1093);
#994=AXIS2_PLACEMENT_3D('',#1315,#1094,#1095);
#995=AXIS2_PLACEMENT_3D('',#1318,#1097,#1098);
#996=AXIS2_PLACEMENT_3D('',#1319,#1099,#1100);
#997=AXIS2_PLACEMENT_3D('',#1320,#1101,#1102);
#998=AXIS2_PLACEMENT_3D('',#1330,#1103,#1104);
#999=AXIS2_PLACEMENT_3D('',#1350,#1105,#1106);
#1000=AXIS2_PLACEMENT_3D('',#1361,#1107,#1108);
#1001=AXIS2_PLACEMENT_3D('',#1372,#1110,#1111);
#1002=AXIS2_PLACEMENT_3D('',#1375,#1113,#1114);
#1003=AXIS2_PLACEMENT_3D('',#1376,#1115,#1116);
#1004=AXIS2_PLACEMENT_3D('',#1379,#1118,#1119);
#1005=AXIS2_PLACEMENT_3D('',#1380,#1120,#1121);
#1006=AXIS2_PLACEMENT_3D('',#1382,#1122,#1123);
#1007=AXIS2_PLACEMENT_3D('',#1386,#1125,#1126);
#1008=AXIS2_PLACEMENT_3D('',#1393,#1127,#1128);
#1009=AXIS2_PLACEMENT_3D('',#1406,#1129,#1130);
#1010=AXIS2_PLACEMENT_3D('',#1417,#1131,#1132);
#1011=AXIS2_PLACEMENT_3D('',#1440,#1134,#1135);
#1012=AXIS2_PLACEMENT_3D('',#1443,#1137,#1138);
#1013=AXIS2_PLACEMENT_3D('',#1444,#1139,#1140);
#1014=AXIS2_PLACEMENT_3D('',#1450,#1144,#1145);
#1015=AXIS2_PLACEMENT_3D('',#1463,#1147,#1148);
#1016=AXIS2_PLACEMENT_3D('',#1464,#1149,#1150);
#1017=AXIS2_PLACEMENT_3D('',#1465,#1151,#1152);
#1018=AXIS2_PLACEMENT_3D('',#1530,#1155,#1156);
#1019=AXIS2_PLACEMENT_3D('',#1533,#1157,#1158);
#1020=AXIS2_PLACEMENT_3D('',#1537,#1160,#1161);
#1021=AXIS2_PLACEMENT_3D('',#1539,#1162,#1163);
#1022=AXIS2_PLACEMENT_3D('',#1542,#1165,#1166);
#1023=AXIS2_PLACEMENT_3D('',#1543,#1167,#1168);
#1024=AXIS2_PLACEMENT_3D('',#1546,#1170,#1171);
#1025=AXIS2_PLACEMENT_3D('',#1549,#1173,#1174);
#1026=AXIS2_PLACEMENT_3D('',#1550,#1175,#1176);
#1027=AXIS2_PLACEMENT_3D('',#1554,#1179,#1180);
#1028=AXIS2_PLACEMENT_3D('',#1556,#1181,#1182);
#1029=AXIS2_PLACEMENT_3D('',#1560,#1184,#1185);
#1030=AXIS2_PLACEMENT_3D('',#1561,#1186,#1187);
#1031=AXIS2_PLACEMENT_3D('',#1562,#1188,#1189);
#1032=AXIS2_PLACEMENT_3D('',#1563,#1190,#1191);
#1033=AXIS2_PLACEMENT_3D('',#1564,#1192,#1193);
#1034=AXIS2_PLACEMENT_3D('',#1575,#1195,#1196);
#1035=AXIS2_PLACEMENT_3D('',#1579,#1198,#1199);
#1036=AXIS2_PLACEMENT_3D('',#1581,#1201,#1202);
#1037=AXIS2_PLACEMENT_3D('',#1585,#1205,#1206);
#1038=AXIS2_PLACEMENT_3D('',#1588,#1207,#1208);
#1039=AXIS2_PLACEMENT_3D('',#1592,#1210,#1211);
#1040=AXIS2_PLACEMENT_3D('',#1605,#1213,#1214);
#1041=AXIS2_PLACEMENT_3D('',#1611,#1218,#1219);
#1042=AXIS2_PLACEMENT_3D('',#1614,#1222,#1223);
#1043=AXIS2_PLACEMENT_3D('',#1617,#1225,#1226);
#1044=AXIS2_PLACEMENT_3D('',#1618,#1227,#1228);
#1045=AXIS2_PLACEMENT_3D('',#1839,#1231,#1232);
#1046=AXIS2_PLACEMENT_3D('',#1841,#1234,#1235);
#1047=AXIS2_PLACEMENT_3D('',#1844,#1237,#1238);
#1048=AXIS2_PLACEMENT_3D('',#1845,#1239,#1240);
#1049=AXIS2_PLACEMENT_3D('',#1849,#1243,#1244);
#1050=AXIS2_PLACEMENT_3D('',#1852,#1247,#1248);
#1051=AXIS2_PLACEMENT_3D('',#1854,#1250,#1251);
#1052=AXIS2_PLACEMENT_3D('',#1856,#1253,#1254);
#1053=AXIS2_PLACEMENT_3D('',#1983,#1258,#1259);
#1054=AXIS2_PLACEMENT_3D('',#1994,#1260,#1261);
#1055=AXIS2_PLACEMENT_3D('',#1995,#1262,#1263);
#1056=AXIS2_PLACEMENT_3D('',#1996,#1264,#1265);
#1057=AXIS2_PLACEMENT_3D('',#1997,#1266,#1267);
#1058=AXIS2_PLACEMENT_3D('',#1998,#1268,#1269);
#1059=AXIS2_PLACEMENT_3D('',#2003,#1273,#1274);
#1060=AXIS2_PLACEMENT_3D('',#2004,#1275,#1276);
#1061=AXIS2_PLACEMENT_3D('',#2005,#1277,#1278);
#1062=AXIS2_PLACEMENT_3D('',#2006,#1279,#1280);
#1063=AXIS2_PLACEMENT_3D('',#2160,#1282,#1283);
#1064=AXIS2_PLACEMENT_3D('',#2162,#1285,#1286);
#1065=AXIS2_PLACEMENT_3D('',#2175,#1288,#1289);
#1066=AXIS2_PLACEMENT_3D('',#2182,#1291,#1292);
#1067=DIRECTION('axis',(0.,0.,1.));
#1068=DIRECTION('refdir',(1.,0.,0.));
#1069=DIRECTION('center_axis',(0.,0.,-1.));
#1070=DIRECTION('ref_axis',(1.,0.,0.));
#1071=DIRECTION('center_axis',(0.,0.,-1.));
#1072=DIRECTION('ref_axis',(1.,0.,0.));
#1073=DIRECTION('',(0.,0.,-1.));
#1074=DIRECTION('center_axis',(0.,0.,-1.));
#1075=DIRECTION('ref_axis',(1.,0.,0.));
#1076=DIRECTION('center_axis',(0.,0.,1.));
#1077=DIRECTION('ref_axis',(1.,0.,0.));
#1078=DIRECTION('center_axis',(0.,0.,1.));
#1079=DIRECTION('ref_axis',(1.,0.,0.));
#1080=DIRECTION('center_axis',(0.,0.,-1.));
#1081=DIRECTION('ref_axis',(1.,0.,0.));
#1082=DIRECTION('',(0.,0.,-1.));
#1083=DIRECTION('center_axis',(0.,0.,1.));
#1084=DIRECTION('ref_axis',(1.,0.,0.));
#1085=DIRECTION('center_axis',(0.,0.,-1.));
#1086=DIRECTION('ref_axis',(1.,0.,0.));
#1087=DIRECTION('center_axis',(0.,0.,-1.));
#1088=DIRECTION('ref_axis',(1.,0.,0.));
#1089=DIRECTION('',(0.,0.,-1.));
#1090=DIRECTION('center_axis',(0.,0.,1.));
#1091=DIRECTION('ref_axis',(1.,0.,0.));
#1092=DIRECTION('center_axis',(0.,0.,-1.));
#1093=DIRECTION('ref_axis',(1.,0.,0.));
#1094=DIRECTION('center_axis',(0.,0.,-1.));
#1095=DIRECTION('ref_axis',(1.,0.,0.));
#1096=DIRECTION('',(0.,0.,-1.));
#1097=DIRECTION('center_axis',(0.,0.,-1.));
#1098=DIRECTION('ref_axis',(1.,0.,0.));
#1099=DIRECTION('center_axis',(0.,0.,1.));
#1100=DIRECTION('ref_axis',(1.,0.,0.));
#1101=DIRECTION('center_axis',(0.,0.,1.));
#1102=DIRECTION('ref_axis',(-1.,1.61961947121787E-15,0.));
#1103=DIRECTION('center_axis',(0.,0.,-1.));
#1104=DIRECTION('ref_axis',(-1.,0.,0.));
#1105=DIRECTION('center_axis',(0.,0.,1.));
#1106=DIRECTION('ref_axis',(-1.,0.,0.));
#1107=DIRECTION('center_axis',(0.,0.,1.));
#1108=DIRECTION('ref_axis',(-0.622171016838256,0.782881361258812,0.));
#1109=DIRECTION('',(0.,0.,1.));
#1110=DIRECTION('center_axis',(-0.707106781186548,0.,-0.707106781186548));
#1111=DIRECTION('ref_axis',(-0.707106781186548,0.,0.707106781186548));
#1112=DIRECTION('',(0.,0.,-1.));
#1113=DIRECTION('center_axis',(-0.707106781186547,0.,0.707106781186548));
#1114=DIRECTION('ref_axis',(-0.707106781186548,0.,-0.707106781186547));
#1115=DIRECTION('center_axis',(0.,0.,1.));
#1116=DIRECTION('ref_axis',(-0.955769224074819,0.294117647058823,0.));
#1117=DIRECTION('',(0.,0.,-1.));
#1118=DIRECTION('center_axis',(0.,0.,1.));
#1119=DIRECTION('ref_axis',(-1.,0.,0.));
#1120=DIRECTION('center_axis',(0.,0.,1.));
#1121=DIRECTION('ref_axis',(-0.622171016838257,-0.782881361258811,0.));
#1122=DIRECTION('center_axis',(0.707106781186547,0.,-0.707106781186548));
#1123=DIRECTION('ref_axis',(-0.707106781186548,-1.30841038223648E-16,-0.707106781186547));
#1124=DIRECTION('',(0.,0.,1.));
#1125=DIRECTION('center_axis',(-0.707106781186547,0.,-0.707106781186548));
#1126=DIRECTION('ref_axis',(-0.707106781186548,0.,0.707106781186547));
#1127=DIRECTION('center_axis',(0.,0.,1.));
#1128=DIRECTION('ref_axis',(-1.,1.61961947121787E-15,0.));
#1129=DIRECTION('center_axis',(0.,0.,-1.));
#1130=DIRECTION('ref_axis',(-1.,0.,0.));
#1131=DIRECTION('center_axis',(0.,1.,0.));
#1132=DIRECTION('ref_axis',(0.707106781186547,0.,-0.707106781186548));
#1133=DIRECTION('',(0.,-1.,0.));
#1134=DIRECTION('center_axis',(0.707106781186548,0.707106781186548,0.));
#1135=DIRECTION('ref_axis',(0.707106781186548,-0.707106781186548,0.));
#1136=DIRECTION('',(0.,1.,0.));
#1137=DIRECTION('center_axis',(0.707106781186547,-0.707106781186548,0.));
#1138=DIRECTION('ref_axis',(0.707106781186548,0.707106781186547,0.));
#1139=DIRECTION('center_axis',(0.,0.,1.));
#1140=DIRECTION('ref_axis',(1.,0.,0.));
#1141=DIRECTION('',(1.,0.,0.));
#1142=DIRECTION('',(0.,-1.,0.));
#1143=DIRECTION('',(-1.,0.,0.));
#1144=DIRECTION('center_axis',(1.,0.,0.));
#1145=DIRECTION('ref_axis',(0.,-0.707106781186547,-0.707106781186548));
#1146=DIRECTION('',(-1.,0.,0.));
#1147=DIRECTION('center_axis',(0.707106781186547,0.,-0.707106781186548));
#1148=DIRECTION('ref_axis',(-0.707106781186548,-5.45170992598533E-17,-0.707106781186547));
#1149=DIRECTION('center_axis',(-0.707106781186547,0.707106781186548,0.));
#1150=DIRECTION('ref_axis',(-0.707106781186548,-0.707106781186548,-1.6355129777956E-16));
#1151=DIRECTION('center_axis',(0.,0.,1.));
#1152=DIRECTION('ref_axis',(0.707106781186548,-0.707106781186548,0.));
#1153=DIRECTION('',(0.,0.,1.));
#1154=DIRECTION('',(0.,0.,-1.));
#1155=DIRECTION('center_axis',(0.,-1.,0.));
#1156=DIRECTION('ref_axis',(-0.707106781186549,0.,0.707106781186546));
#1157=DIRECTION('center_axis',(-0.707106781186547,0.707106781186548,0.));
#1158=DIRECTION('ref_axis',(-0.707106781186548,-0.707106781186547,1.09034198519707E-16));
#1159=DIRECTION('',(0.,1.,0.));
#1160=DIRECTION('center_axis',(-0.707106781186547,-0.707106781186548,0.));
#1161=DIRECTION('ref_axis',(-0.707106781186548,0.707106781186547,1.09034198519707E-16));
#1162=DIRECTION('center_axis',(0.,-0.707106781186547,0.707106781186548));
#1163=DIRECTION('ref_axis',(1.6355129777956E-16,0.707106781186548,0.707106781186547));
#1164=DIRECTION('',(0.,-1.,0.));
#1165=DIRECTION('center_axis',(0.,0.707106781186547,0.707106781186548));
#1166=DIRECTION('ref_axis',(5.45170992598533E-17,-0.707106781186548,0.707106781186547));
#1167=DIRECTION('center_axis',(0.,0.,1.));
#1168=DIRECTION('ref_axis',(-0.707106781186549,-0.707106781186546,0.));
#1169=DIRECTION('',(0.,0.,-1.));
#1170=DIRECTION('center_axis',(0.,0.707106781186548,-0.707106781186547));
#1171=DIRECTION('ref_axis',(1.09034198519707E-16,-0.707106781186547,-0.707106781186548));
#1172=DIRECTION('',(0.,0.,1.));
#1173=DIRECTION('center_axis',(-0.707106781186547,0.,-0.707106781186548));
#1174=DIRECTION('ref_axis',(-0.707106781186548,-1.09034198519707E-16,0.707106781186547));
#1175=DIRECTION('center_axis',(-1.,0.,0.));
#1176=DIRECTION('ref_axis',(0.,-1.,0.));
#1177=DIRECTION('',(0.,0.,1.));
#1178=DIRECTION('',(0.,1.,0.));
#1179=DIRECTION('center_axis',(0.,0.,1.));
#1180=DIRECTION('ref_axis',(-0.707106781186549,0.707106781186546,0.));
#1181=DIRECTION('center_axis',(0.707106781186547,0.,0.707106781186548));
#1182=DIRECTION('ref_axis',(-0.707106781186548,5.45170992598533E-17,0.707106781186547));
#1183=DIRECTION('',(0.,0.,-1.));
#1184=DIRECTION('center_axis',(-0.707106781186548,0.,0.707106781186547));
#1185=DIRECTION('ref_axis',(-0.707106781186547,-5.45170992598533E-17,-0.707106781186548));
#1186=DIRECTION('center_axis',(0.,-0.707106781186548,-0.707106781186547));
#1187=DIRECTION('ref_axis',(5.45170992598533E-17,0.707106781186547,-0.707106781186548));
#1188=DIRECTION('center_axis',(0.,-1.,0.));
#1189=DIRECTION('ref_axis',(-0.707106781186549,0.,-0.707106781186547));
#1190=DIRECTION('center_axis',(-0.707106781186548,-0.707106781186548,0.));
#1191=DIRECTION('ref_axis',(-0.707106781186547,0.707106781186547,0.));
#1192=DIRECTION('center_axis',(-1.,0.,0.));
#1193=DIRECTION('ref_axis',(0.,0.707106781186547,-0.707106781186548));
#1194=DIRECTION('',(1.,0.,0.));
#1195=DIRECTION('center_axis',(1.,0.,0.));
#1196=DIRECTION('ref_axis',(0.,0.707106781186547,-0.707106781186548));
#1197=DIRECTION('',(1.,0.,0.));
#1198=DIRECTION('center_axis',(0.827484009795977,0.,-0.561489281760544));
#1199=DIRECTION('ref_axis',(-0.561489281760544,0.,-0.827484009795977));
#1200=DIRECTION('',(-1.,0.,0.));
#1201=DIRECTION('center_axis',(0.,0.,1.));
#1202=DIRECTION('ref_axis',(1.,0.,0.));
#1203=DIRECTION('',(0.,-1.,0.));
#1204=DIRECTION('',(1.,0.,0.));
#1205=DIRECTION('center_axis',(0.369459572936057,0.,0.929246804657356));
#1206=DIRECTION('ref_axis',(-0.657076716969148,0.707106781186547,0.261247369397372));
#1207=DIRECTION('center_axis',(0.,0.,-1.));
#1208=DIRECTION('ref_axis',(-1.,-1.37556159745327E-15,0.));
#1209=DIRECTION('',(0.369459572936057,0.,0.929246804657356));
#1210=DIRECTION('center_axis',(0.188086675953727,0.,0.982152433346615));
#1211=DIRECTION('ref_axis',(-0.982152433346615,-4.54336768830432E-15,0.188086675953727));
#1212=DIRECTION('',(-0.369459572936057,0.,-0.929246804657356));
#1213=DIRECTION('center_axis',(-0.929246804657356,0.,0.369459572936057));
#1214=DIRECTION('ref_axis',(0.369459572936057,0.,0.929246804657356));
#1215=DIRECTION('',(0.,1.,0.));
#1216=DIRECTION('',(-0.369459572936057,0.,-0.929246804657356));
#1217=DIRECTION('',(0.,-1.,0.));
#1218=DIRECTION('center_axis',(-1.,0.,0.));
#1219=DIRECTION('ref_axis',(0.,0.707106781186548,0.707106781186547));
#1220=DIRECTION('',(1.,0.,0.));
#1221=DIRECTION('',(-1.,0.,0.));
#1222=DIRECTION('center_axis',(0.,0.,1.));
#1223=DIRECTION('ref_axis',(1.,0.,0.));
#1224=DIRECTION('',(-1.,0.,0.));
#1225=DIRECTION('center_axis',(0.,0.,-1.));
#1226=DIRECTION('ref_axis',(-1.,1.11764379793078E-15,0.));
#1227=DIRECTION('center_axis',(0.,0.,1.));
#1228=DIRECTION('ref_axis',(0.707106781186547,0.707106781186548,0.));
#1229=DIRECTION('',(0.,0.,1.));
#1230=DIRECTION('',(0.,0.,-1.));
#1231=DIRECTION('center_axis',(0.,1.,0.));
#1232=DIRECTION('ref_axis',(-1.,0.,0.));
#1233=DIRECTION('',(0.,0.,-1.));
#1234=DIRECTION('center_axis',(0.,0.,1.));
#1235=DIRECTION('ref_axis',(-0.707106781186548,0.707106781186547,0.));
#1236=DIRECTION('',(0.,0.,1.));
#1237=DIRECTION('center_axis',(-0.188086675953725,0.,0.982152433346616));
#1238=DIRECTION('ref_axis',(-0.982152433346616,-3.63469415064346E-16,-0.188086675953725));
#1239=DIRECTION('center_axis',(-1.,0.,0.));
#1240=DIRECTION('ref_axis',(0.,-1.,0.));
#1241=DIRECTION('',(0.,0.,-1.));
#1242=DIRECTION('',(0.,1.,0.));
#1243=DIRECTION('center_axis',(0.,1.,0.));
#1244=DIRECTION('ref_axis',(-1.,0.,0.));
#1245=DIRECTION('',(-1.,0.,0.));
#1246=DIRECTION('',(-0.369459572936057,0.,0.929246804657356));
#1247=DIRECTION('center_axis',(-0.369459572936057,0.,0.929246804657356));
#1248=DIRECTION('ref_axis',(-0.657076716969147,0.707106781186548,-0.261247369397372));
#1249=DIRECTION('',(-0.369459572936057,0.,0.929246804657356));
#1250=DIRECTION('center_axis',(-0.929246804657356,0.,-0.369459572936057));
#1251=DIRECTION('ref_axis',(-0.369459572936057,0.,0.929246804657356));
#1252=DIRECTION('',(0.369459572936057,0.,-0.929246804657356));
#1253=DIRECTION('center_axis',(0.,-1.,0.));
#1254=DIRECTION('ref_axis',(1.,0.,0.));
#1255=DIRECTION('',(0.,0.,1.));
#1256=DIRECTION('',(0.369459572936057,0.,0.929246804657356));
#1257=DIRECTION('',(1.,0.,0.));
#1258=DIRECTION('center_axis',(1.,0.,0.));
#1259=DIRECTION('ref_axis',(0.,-0.707106781186548,0.707106781186547));
#1260=DIRECTION('center_axis',(-0.369459572936057,0.,-0.929246804657356));
#1261=DIRECTION('ref_axis',(-0.657076716969147,-0.707106781186547,0.261247369397372));
#1262=DIRECTION('center_axis',(0.188086675953729,0.,0.982152433346615));
#1263=DIRECTION('ref_axis',(-0.982152433346615,2.27168384415216E-15,0.188086675953729));
#1264=DIRECTION('center_axis',(0.,0.,1.));
#1265=DIRECTION('ref_axis',(-0.707106781186548,-0.707106781186548,0.));
#1266=DIRECTION('center_axis',(-0.188086675953728,0.,0.982152433346615));
#1267=DIRECTION('ref_axis',(-0.982152433346615,0.,-0.188086675953728));
#1268=DIRECTION('center_axis',(0.,-1.,0.));
#1269=DIRECTION('ref_axis',(1.,0.,0.));
#1270=DIRECTION('',(0.369459572936057,0.,-0.929246804657356));
#1271=DIRECTION('',(1.,0.,0.));
#1272=DIRECTION('',(-1.,0.,0.));
#1273=DIRECTION('center_axis',(0.369459572936057,0.,-0.929246804657356));
#1274=DIRECTION('ref_axis',(-0.657076716969147,-0.707106781186548,-0.261247369397371));
#1275=DIRECTION('center_axis',(-0.827484009795977,0.,0.561489281760544));
#1276=DIRECTION('ref_axis',(-0.561489281760544,-3.82788250076934E-16,-0.827484009795977));
#1277=DIRECTION('center_axis',(-1.,0.,0.));
#1278=DIRECTION('ref_axis',(0.,-0.707106781186547,-0.707106781186548));
#1279=DIRECTION('center_axis',(1.,0.,0.));
#1280=DIRECTION('ref_axis',(0.,-0.707106781186549,0.707106781186546));
#1281=DIRECTION('',(-1.,0.,0.));
#1282=DIRECTION('center_axis',(1.,0.,0.));
#1283=DIRECTION('ref_axis',(0.,1.,0.));
#1284=DIRECTION('',(0.,1.,0.));
#1285=DIRECTION('center_axis',(0.,1.,0.));
#1286=DIRECTION('ref_axis',(0.707106781186549,0.,0.707106781186546));
#1287=DIRECTION('',(0.,-1.,0.));
#1288=DIRECTION('center_axis',(0.,0.,1.));
#1289=DIRECTION('ref_axis',(1.,0.,0.));
#1290=DIRECTION('',(1.,0.,0.));
#1291=DIRECTION('center_axis',(-1.,0.,0.));
#1292=DIRECTION('ref_axis',(0.,0.707106781186549,0.707106781186546));
#1293=CARTESIAN_POINT('',(0.,0.,0.));
#1294=CARTESIAN_POINT('Origin',(-15.,10.,4.));
#1295=CARTESIAN_POINT('',(-22.,10.,4.));
#1296=CARTESIAN_POINT('Origin',(-15.,10.,4.));
#1297=CARTESIAN_POINT('',(-22.,10.,2.5));
#1298=CARTESIAN_POINT('',(-22.,10.,4.));
#1299=CARTESIAN_POINT('Origin',(-15.,10.,2.5));
#1300=CARTESIAN_POINT('Origin',(-15.,10.,2.5));
#1301=CARTESIAN_POINT('',(-18.,10.,2.5));
#1302=CARTESIAN_POINT('Origin',(-15.,10.,2.5));
#1303=CARTESIAN_POINT('Origin',(-15.,10.,4.));
#1304=CARTESIAN_POINT('',(-18.,10.,0.));
#1305=CARTESIAN_POINT('',(-18.,10.,4.));
#1306=CARTESIAN_POINT('Origin',(-15.,10.,0.));
#1307=CARTESIAN_POINT('Origin',(-8.,10.,60.));
#1308=CARTESIAN_POINT('',(-9.7,10.,53.));
#1309=CARTESIAN_POINT('Origin',(-8.,10.,53.));
#1310=CARTESIAN_POINT('',(-9.7,10.,52.));
#1311=CARTESIAN_POINT('',(-9.7,10.,60.));
#1312=CARTESIAN_POINT('Origin',(-8.,10.,52.));
#1313=CARTESIAN_POINT('Origin',(-8.,10.,60.));
#1314=CARTESIAN_POINT('',(-9.8,10.,60.));
#1315=CARTESIAN_POINT('Origin',(-8.,10.,60.));
#1316=CARTESIAN_POINT('',(-9.8,10.,53.));
#1317=CARTESIAN_POINT('',(-9.8,10.,60.));
#1318=CARTESIAN_POINT('Origin',(-8.,10.,53.));
#1319=CARTESIAN_POINT('Origin',(-8.,10.,53.));
#1320=CARTESIAN_POINT('Origin',(20.6000000000001,10.,52.5));
#1321=CARTESIAN_POINT('',(-12.3276454572793,1.75246763338842,52.2716922838037));
#1322=CARTESIAN_POINT('',(-12.5218542966717,2.32258064516129,52.5));
#1323=CARTESIAN_POINT('Ctrl Pts',(-12.3276454572794,1.75246763338845,52.2716922838036));
#1324=CARTESIAN_POINT('Ctrl Pts',(-12.4107349524339,1.93418132421704,52.3427089007279));
#1325=CARTESIAN_POINT('Ctrl Pts',(-12.4750477618754,2.12282944198119,52.4200244932258));
#1326=CARTESIAN_POINT('Ctrl Pts',(-12.5207475117346,2.31781899283757,52.4980943232343));
#1327=CARTESIAN_POINT('Ctrl Pts',(-12.5213023593984,2.32019948228578,52.4990471618422));
#1328=CARTESIAN_POINT('Ctrl Pts',(-12.5218542966717,2.32258064516129,52.5));
#1329=CARTESIAN_POINT('',(-12.5218542966717,17.6774193548387,52.5));
#1330=CARTESIAN_POINT('Origin',(20.6000000000001,10.,52.5));
#1331=CARTESIAN_POINT('',(-12.3276454572793,18.2475323666117,52.2716922838037));
#1332=CARTESIAN_POINT('Ctrl Pts',(-12.5218542966717,17.6774193548387,52.5));
#1333=CARTESIAN_POINT('Ctrl Pts',(-12.5213023593985,17.6798005177137,52.4990471618425));
#1334=CARTESIAN_POINT('Ctrl Pts',(-12.5207475117343,17.6821810071634,52.4980943232349));
#1335=CARTESIAN_POINT('Ctrl Pts',(-12.4750477618887,17.877170557962,52.4200244932283));
#1336=CARTESIAN_POINT('Ctrl Pts',(-12.4107349524337,18.0658186757835,52.3427089007277));
#1337=CARTESIAN_POINT('Ctrl Pts',(-12.3276454572793,18.2475323666116,52.2716922838035));
#1338=CARTESIAN_POINT('',(-12.1604945017623,17.,52.));
#1339=CARTESIAN_POINT('Ctrl Pts',(-12.3276454572794,18.2475323666117,52.2716922838037));
#1340=CARTESIAN_POINT('Ctrl Pts',(-12.328033402019,18.2021105905915,52.250922949246));
#1341=CARTESIAN_POINT('Ctrl Pts',(-12.3271758141715,18.1552114290022,52.2308490619621));
#1342=CARTESIAN_POINT('Ctrl Pts',(-12.3177236778875,17.9321239866542,52.1422957684324));
#1343=CARTESIAN_POINT('Ctrl Pts',(-12.2956158036957,17.7512912067719,52.0896116174697));
#1344=CARTESIAN_POINT('Ctrl Pts',(-12.2369396322101,17.3823795306231,52.0184619127828));
#1345=CARTESIAN_POINT('Ctrl Pts',(-12.2000547180166,17.1942853202043,52.000409937586));
#1346=CARTESIAN_POINT('Ctrl Pts',(-12.1613687856647,17.0042909901434,52.0000023015356));
#1347=CARTESIAN_POINT('Ctrl Pts',(-12.1609317322066,17.0021454769145,52.));
#1348=CARTESIAN_POINT('Ctrl Pts',(-12.1604945017623,17.,52.));
#1349=CARTESIAN_POINT('',(-12.1604945017623,3.,52.));
#1350=CARTESIAN_POINT('Origin',(20.6000000000001,10.,52.));
#1351=CARTESIAN_POINT('Ctrl Pts',(-12.1604945017623,2.99999999999999,52.));
#1352=CARTESIAN_POINT('Ctrl Pts',(-12.1609317335343,2.99785451657019,52.));
#1353=CARTESIAN_POINT('Ctrl Pts',(-12.161368788312,2.99570899686353,52.0000023015495));
#1354=CARTESIAN_POINT('Ctrl Pts',(-12.2000547260716,2.80571463968553,52.0004099388936));
#1355=CARTESIAN_POINT('Ctrl Pts',(-12.236939643716,2.61762040959698,52.0184619191554));
#1356=CARTESIAN_POINT('Ctrl Pts',(-12.295615825376,2.24870864453235,52.0896116512331));
#1357=CARTESIAN_POINT('Ctrl Pts',(-12.3177237025391,2.06787579735241,52.1422958341527));
#1358=CARTESIAN_POINT('Ctrl Pts',(-12.3271758174385,1.84478839256243,52.2308491383353));
#1359=CARTESIAN_POINT('Ctrl Pts',(-12.3280334012806,1.79788932295619,52.2509229887767));
#1360=CARTESIAN_POINT('Ctrl Pts',(-12.3276454572794,1.75246763338842,52.2716922838037));
#1361=CARTESIAN_POINT('Origin',(-9.599337741083,17.,52.));
#1362=CARTESIAN_POINT('',(-12.5218542966717,17.6774193548387,59.5));
#1363=CARTESIAN_POINT('',(-12.5218542966717,17.6774193548387,52.));
#1364=CARTESIAN_POINT('',(-12.3276454572793,18.2475323666117,59.7283077161963));
#1365=CARTESIAN_POINT('Ctrl Pts',(-12.3276454572793,18.2475323666116,59.7283077161965));
#1366=CARTESIAN_POINT('Ctrl Pts',(-12.4107349460525,18.065818689739,59.6572911047264));
#1367=CARTESIAN_POINT('Ctrl Pts',(-12.4750477519973,17.8771705869662,59.5799755186605));
#1368=CARTESIAN_POINT('Ctrl Pts',(-12.5207475048328,17.6821810367737,59.5019056886165));
#1369=CARTESIAN_POINT('Ctrl Pts',(-12.5213023560029,17.6798005323628,59.5009528441114));
#1370=CARTESIAN_POINT('Ctrl Pts',(-12.5218542967249,17.6774193546091,59.5));
#1371=CARTESIAN_POINT('',(-9.599337741083,20.,57.));
#1372=CARTESIAN_POINT('Origin',(-9.599337741083,17.,57.));
#1373=CARTESIAN_POINT('',(-9.59933774108299,20.,55.));
#1374=CARTESIAN_POINT('',(-9.599337741083,20.,52.));
#1375=CARTESIAN_POINT('Origin',(-9.599337741083,17.,55.));
#1376=CARTESIAN_POINT('Origin',(20.6000000000001,10.,52.));
#1377=CARTESIAN_POINT('',(-12.5218542966717,2.32258064516129,59.5));
#1378=CARTESIAN_POINT('',(-12.5218542966717,2.32258064516129,52.));
#1379=CARTESIAN_POINT('Origin',(20.6000000000001,10.,59.5));
#1380=CARTESIAN_POINT('Origin',(-9.59933774108299,3.,52.));
#1381=CARTESIAN_POINT('',(-9.59933774108299,0.,55.));
#1382=CARTESIAN_POINT('Origin',(-9.59933774108299,3.,55.));
#1383=CARTESIAN_POINT('',(-9.59933774108299,0.,57.));
#1384=CARTESIAN_POINT('',(-9.59933774108299,0.,52.));
#1385=CARTESIAN_POINT('',(-12.3276454572793,1.75246763338843,59.7283077161963));
#1386=CARTESIAN_POINT('Origin',(-9.59933774108299,3.,57.));
#1387=CARTESIAN_POINT('Ctrl Pts',(-12.5218542967249,2.32258064539092,59.5));
#1388=CARTESIAN_POINT('Ctrl Pts',(-12.5213023560031,2.32019946763783,59.5009528441111));
#1389=CARTESIAN_POINT('Ctrl Pts',(-12.5207475048329,2.31781896322672,59.5019056886174));
#1390=CARTESIAN_POINT('Ctrl Pts',(-12.4750477519842,2.12282941297776,59.5799755186628));
#1391=CARTESIAN_POINT('Ctrl Pts',(-12.4107349460528,1.93418131026178,59.6572911047261));
#1392=CARTESIAN_POINT('Ctrl Pts',(-12.3276454572794,1.75246763338845,59.7283077161964));
#1393=CARTESIAN_POINT('Origin',(20.6000000000001,10.,59.5));
#1394=CARTESIAN_POINT('',(-12.1604945017623,3.,60.));
#1395=CARTESIAN_POINT('Ctrl Pts',(-12.3276454572794,1.75246763338843,59.7283077161963));
#1396=CARTESIAN_POINT('Ctrl Pts',(-12.3280620827012,1.80124743283395,59.7506125237823));
#1397=CARTESIAN_POINT('Ctrl Pts',(-12.327042090107,1.85172695671294,59.772113418697));
#1398=CARTESIAN_POINT('Ctrl Pts',(-12.3167615611227,2.0762249586562,59.8602276582174));
#1399=CARTESIAN_POINT('Ctrl Pts',(-12.2947841486722,2.25438120054918,59.9116649079718));
#1400=CARTESIAN_POINT('Ctrl Pts',(-12.2365237113856,2.61977328289738,59.9817631129181));
#1401=CARTESIAN_POINT('Ctrl Pts',(-12.1997782239152,2.80708766232438,59.9996298282981));
#1402=CARTESIAN_POINT('Ctrl Pts',(-12.1612884686837,2.99610328155041,59.9999981019773));
#1403=CARTESIAN_POINT('Ctrl Pts',(-12.1608915582103,2.99805165570217,60.));
#1404=CARTESIAN_POINT('Ctrl Pts',(-12.1604945017623,2.99999999999999,60.));
#1405=CARTESIAN_POINT('',(-12.1604945017623,17.,60.));
#1406=CARTESIAN_POINT('Origin',(20.6000000000001,10.,60.));
#1407=CARTESIAN_POINT('Ctrl Pts',(-12.1604945017623,17.,60.));
#1408=CARTESIAN_POINT('Ctrl Pts',(-12.1608915582743,17.0019483446117,60.));
#1409=CARTESIAN_POINT('Ctrl Pts',(-12.1612884688574,17.0038967193154,59.9999981019764));
#1410=CARTESIAN_POINT('Ctrl Pts',(-12.19977822328,17.1929123342856,59.9996298282312));
#1411=CARTESIAN_POINT('Ctrl Pts',(-12.2365237109632,17.3802267149363,59.981763113134));
#1412=CARTESIAN_POINT('Ctrl Pts',(-12.2947841475569,17.7456187919853,59.9116649095988));
#1413=CARTESIAN_POINT('Ctrl Pts',(-12.3167615597396,17.9237750296246,59.86022766171));
#1414=CARTESIAN_POINT('Ctrl Pts',(-12.327042089904,18.1482730332559,59.7721134229696));
#1415=CARTESIAN_POINT('Ctrl Pts',(-12.3280620827427,18.1987525623165,59.7506125259998));
#1416=CARTESIAN_POINT('Ctrl Pts',(-12.3276454572794,18.2475323666117,59.7283077161963));
#1417=CARTESIAN_POINT('Origin',(6.2,5.,1.8));
#1418=CARTESIAN_POINT('',(7.12132033853914,19.1213203503624,0.253659539021507));
#1419=CARTESIAN_POINT('',(8.,17.,1.8));
#1420=CARTESIAN_POINT('Ctrl Pts',(7.12132033880779,19.1213203483115,0.253659535128468));
#1421=CARTESIAN_POINT('Ctrl Pts',(7.22072280359152,19.0219178839731,0.312884210814935));
#1422=CARTESIAN_POINT('Ctrl Pts',(7.30940098981171,18.9190443761142,0.378852425183853));
#1423=CARTESIAN_POINT('Ctrl Pts',(7.58778091499477,18.5537028458537,0.622765263650769));
#1424=CARTESIAN_POINT('Ctrl Pts',(7.74743882756919,18.249308238845,0.844969932863323));
#1425=CARTESIAN_POINT('Ctrl Pts',(7.95348767560999,17.6213699818418,1.31840756257514));
#1426=CARTESIAN_POINT('Ctrl Pts',(8.,17.2976916625556,1.56940902972348));
#1427=CARTESIAN_POINT('Ctrl Pts',(8.,17.,1.8));
#1428=CARTESIAN_POINT('',(8.,3.,1.8));
#1429=CARTESIAN_POINT('',(8.,5.,1.8));
#1430=CARTESIAN_POINT('',(7.12132033853914,0.87867964963765,0.253659539021508));
#1431=CARTESIAN_POINT('Ctrl Pts',(8.,3.,1.8));
#1432=CARTESIAN_POINT('Ctrl Pts',(8.,2.70230833744441,1.56940902972348));
#1433=CARTESIAN_POINT('Ctrl Pts',(7.95348767560999,2.37863001815816,1.31840756257514));
#1434=CARTESIAN_POINT('Ctrl Pts',(7.74743882756919,1.75069176115503,0.84496993286332));
#1435=CARTESIAN_POINT('Ctrl Pts',(7.58778091499477,1.44629715414629,0.622765263650769));
#1436=CARTESIAN_POINT('Ctrl Pts',(7.30940098981171,1.08095562388578,0.378852425183853));
#1437=CARTESIAN_POINT('Ctrl Pts',(7.22072280359152,0.978082116026902,0.312884210814936));
#1438=CARTESIAN_POINT('Ctrl Pts',(7.12132033880779,0.878679651688503,0.25365953512847));
#1439=CARTESIAN_POINT('',(6.2,1.8,0.));
#1440=CARTESIAN_POINT('Origin',(6.2,1.8,1.8));
#1441=CARTESIAN_POINT('',(6.2,18.2,0.));
#1442=CARTESIAN_POINT('',(6.2,5.,0.));
#1443=CARTESIAN_POINT('Origin',(6.2,18.2,1.8));
#1444=CARTESIAN_POINT('Origin',(4.,10.,0.));
#1445=CARTESIAN_POINT('',(-23.2,1.8,0.));
#1446=CARTESIAN_POINT('',(2.,1.8,0.));
#1447=CARTESIAN_POINT('',(-23.2,18.2,0.));
#1448=CARTESIAN_POINT('',(-23.2,15.,0.));
#1449=CARTESIAN_POINT('',(6.,18.2,0.));
#1450=CARTESIAN_POINT('Origin',(2.,1.8,1.8));
#1451=CARTESIAN_POINT('',(5.,0.,1.8));
#1452=CARTESIAN_POINT('Ctrl Pts',(5.,-5.55111512312578E-16,1.8));
#1453=CARTESIAN_POINT('Ctrl Pts',(5.29769166255559,-5.55111512312578E-16,
1.56940902972348));
#1454=CARTESIAN_POINT('Ctrl Pts',(5.62136998184184,0.0465123243900101,1.31840756257513));
#1455=CARTESIAN_POINT('Ctrl Pts',(6.24930823884497,0.252561172430814,0.844969932863319));
#1456=CARTESIAN_POINT('Ctrl Pts',(6.55370284585371,0.412219085005233,0.622765263650768));
#1457=CARTESIAN_POINT('Ctrl Pts',(6.91904437220849,0.690599007212233,0.378852427791436));
#1458=CARTESIAN_POINT('Ctrl Pts',(7.02191787600739,0.779277189525632,0.312884215922207));
#1459=CARTESIAN_POINT('Ctrl Pts',(7.12132033675694,0.87867964963765,0.253659542012757));
#1460=CARTESIAN_POINT('',(-23.2,0.,1.8));
#1461=CARTESIAN_POINT('',(2.,0.,1.8));
#1462=CARTESIAN_POINT('',(-24.4727922061358,0.527207793864213,0.527207793864215));
#1463=CARTESIAN_POINT('Origin',(-23.2,1.8,1.8));
#1464=CARTESIAN_POINT('Origin',(-23.2,1.8,1.8));
#1465=CARTESIAN_POINT('Origin',(5.,3.,0.));
#1466=CARTESIAN_POINT('',(8.,3.00000000000013,34.2629971065464));
#1467=CARTESIAN_POINT('',(8.,3.,0.));
#1468=CARTESIAN_POINT('',(5.33762577450446,0.0190590686177577,34.4340387850459));
#1469=CARTESIAN_POINT('Ctrl Pts',(8.,3.00000039832465,34.2629970312411));
#1470=CARTESIAN_POINT('Ctrl Pts',(7.99999991096756,2.99698266093697,34.2631703182921));
#1471=CARTESIAN_POINT('Ctrl Pts',(7.99999512005671,2.99396490984431,34.2633436066295));
#1472=CARTESIAN_POINT('Ctrl Pts',(7.99998563150434,2.99094715526207,34.2635168956707));
#1473=CARTESIAN_POINT('Ctrl Pts',(7.99967026513023,2.89064752216845,34.2692764187789));
#1474=CARTESIAN_POINT('Ctrl Pts',(7.99417082075356,2.79057397822053,34.2750236691206));
#1475=CARTESIAN_POINT('Ctrl Pts',(7.98368584007717,2.69109773980147,34.2807371968271));
#1476=CARTESIAN_POINT('Ctrl Pts',(7.97306598793871,2.59034190858853,34.28652421936));
#1477=CARTESIAN_POINT('Ctrl Pts',(7.95733133313416,2.49019799025907,34.2922767449713));
#1478=CARTESIAN_POINT('Ctrl Pts',(7.93663407538214,2.39105077168623,34.2979726470136));
#1479=CARTESIAN_POINT('Ctrl Pts',(7.91594548262342,2.29194506151009,34.3036661644427));
#1480=CARTESIAN_POINT('Ctrl Pts',(7.89029816123539,2.19383434485506,34.3093032062476));
#1481=CARTESIAN_POINT('Ctrl Pts',(7.85979405531295,2.0971150256293,34.3148603316315));
#1482=CARTESIAN_POINT('Ctrl Pts',(7.83992035762404,2.0341015245663,34.318480848495));
#1483=CARTESIAN_POINT('Ctrl Pts',(7.81798412252062,1.97167889652459,34.3220674130916));
#1484=CARTESIAN_POINT('Ctrl Pts',(7.79400293389094,1.90996221463334,34.3256129267078));
#1485=CARTESIAN_POINT('Ctrl Pts',(7.75714022995454,1.81509436601977,34.3310629158952));
#1486=CARTESIAN_POINT('Ctrl Pts',(7.71561902328919,1.72233403364513,34.3363909680002));
#1487=CARTESIAN_POINT('Ctrl Pts',(7.66959429942765,1.63206064133343,34.3415727110391));
#1488=CARTESIAN_POINT('Ctrl Pts',(7.62394153566571,1.54251681559329,34.3467125765502));
#1489=CARTESIAN_POINT('Ctrl Pts',(7.57385739986752,1.45541906857602,34.3517085837805));
#1490=CARTESIAN_POINT('Ctrl Pts',(7.51944586602924,1.37115568593096,34.3565349080344));
#1491=CARTESIAN_POINT('Ctrl Pts',(7.48496658397763,1.3177600043191,34.3595932337879));
#1492=CARTESIAN_POINT('Ctrl Pts',(7.44874872837796,1.26550284783192,34.3625833787676));
#1493=CARTESIAN_POINT('Ctrl Pts',(7.41080973754297,1.21448908021825,34.3654980794134));
#1494=CARTESIAN_POINT('Ctrl Pts',(7.34759980921944,1.12949534360573,34.3703542449268));
#1495=CARTESIAN_POINT('Ctrl Pts',(7.27961402505727,1.04795048474029,34.3750012869305));
#1496=CARTESIAN_POINT('Ctrl Pts',(7.20722150496129,0.970085152884476,34.3794349038043));
#1497=CARTESIAN_POINT('Ctrl Pts',(7.13868168439506,0.896363781302831,34.3836325654493));
#1498=CARTESIAN_POINT('Ctrl Pts',(7.06651167391253,0.82628493900121,34.3876195054041));
#1499=CARTESIAN_POINT('Ctrl Pts',(6.9910914856794,0.759982714514037,34.3913936940187));
#1500=CARTESIAN_POINT('Ctrl Pts',(6.91477718527074,0.692894472018059,34.3952126259319));
#1501=CARTESIAN_POINT('Ctrl Pts',(6.83513448747952,0.629672415507428,34.3988137908295));
#1502=CARTESIAN_POINT('Ctrl Pts',(6.75251675983201,0.570491091012476,34.4021909726155));
#1503=CARTESIAN_POINT('Ctrl Pts',(6.67000776578966,0.511387655355105,34.4055637096757));
#1504=CARTESIAN_POINT('Ctrl Pts',(6.58453078953603,0.456313875006095,34.4087131046126));
#1505=CARTESIAN_POINT('Ctrl Pts',(6.49640908466678,0.405486000081153,34.4116280703991));
#1506=CARTESIAN_POINT('Ctrl Pts',(6.43732025579037,0.371404049351222,34.4135826616634));
#1507=CARTESIAN_POINT('Ctrl Pts',(6.3770417272823,0.339232018580407,34.4154317475736));
#1508=CARTESIAN_POINT('Ctrl Pts',(6.31566634125115,0.309047355597276,34.4171705703016));
#1509=CARTESIAN_POINT('Ctrl Pts',(6.22396260218061,0.263947085975631,34.4197686239521));
#1510=CARTESIAN_POINT('Ctrl Pts',(6.13024817027396,0.22349640672973,34.4221085116183));
#1511=CARTESIAN_POINT('Ctrl Pts',(6.0348757619539,0.18786227654678,34.4241772850077));
#1512=CARTESIAN_POINT('Ctrl Pts',(5.9399687079923,0.152402017382527,34.4262359641494));
#1513=CARTESIAN_POINT('Ctrl Pts',(5.84341902312022,0.121711018326659,34.4280262145896));
#1514=CARTESIAN_POINT('Ctrl Pts',(5.74555085196049,0.0959991186150423,34.4295300206311));
#1515=CARTESIAN_POINT('Ctrl Pts',(5.64988470092638,0.0708657330409855,34.4309999912475));
#1516=CARTESIAN_POINT('Ctrl Pts',(5.5529579836852,0.0504896752654009,34.4321962894651));
#1517=CARTESIAN_POINT('Ctrl Pts',(5.45506239120069,0.0351147809193045,34.4330965402918));
#1518=CARTESIAN_POINT('Ctrl Pts',(5.41605351762439,0.0289882813029822,34.433455267072));
#1519=CARTESIAN_POINT('Ctrl Pts',(5.37689073930119,0.0236564354824848,34.4337669219527));
#1520=CARTESIAN_POINT('Ctrl Pts',(5.3375923994786,0.0191369892554705,34.4340298204454));
#1521=CARTESIAN_POINT('',(5.00000000006217,0.,34.262997106451));
#1522=CARTESIAN_POINT('Ctrl Pts',(5.33762570232068,0.0190606095982175,34.4340386845096));
#1523=CARTESIAN_POINT('Ctrl Pts',(5.2969319955879,0.0144525454730277,34.4131597506495));
#1524=CARTESIAN_POINT('Ctrl Pts',(5.25613425437396,0.0106755035008089,34.3923289288627));
#1525=CARTESIAN_POINT('Ctrl Pts',(5.21525636656934,0.00773396715470103,
34.3715566887689));
#1526=CARTESIAN_POINT('Ctrl Pts',(5.14375781739323,0.00258899532786115,
34.3352244536756));
#1527=CARTESIAN_POINT('Ctrl Pts',(5.07202520533426,9.21593297329972E-8,
34.2990776371506));
#1528=CARTESIAN_POINT('Ctrl Pts',(5.0001875192555,5.42101086242752E-16,
34.2631710422091));
#1529=CARTESIAN_POINT('',(5.,0.,0.));
#1530=CARTESIAN_POINT('Origin',(-23.2,15.,2.2));
#1531=CARTESIAN_POINT('',(-24.4727922061358,0.527207793864215,3.47279220613578));
#1532=CARTESIAN_POINT('',(-23.2,1.8,4.));
#1533=CARTESIAN_POINT('Origin',(-23.2,1.8,2.2));
#1534=CARTESIAN_POINT('',(-23.2,18.2,4.));
#1535=CARTESIAN_POINT('',(-23.2,15.,4.));
#1536=CARTESIAN_POINT('',(-24.4727922061358,19.4727922061358,3.47279220613579));
#1537=CARTESIAN_POINT('Origin',(-23.2,18.2,2.2));
#1538=CARTESIAN_POINT('',(-25.,18.2,2.2));
#1539=CARTESIAN_POINT('Origin',(-23.2,18.2,2.2));
#1540=CARTESIAN_POINT('',(-25.,1.8,2.2));
#1541=CARTESIAN_POINT('',(-25.,15.,2.2));
#1542=CARTESIAN_POINT('Origin',(-23.2,1.8,2.2));
#1543=CARTESIAN_POINT('Origin',(-23.2,1.8,0.));
#1544=CARTESIAN_POINT('',(-25.,1.8,1.8));
#1545=CARTESIAN_POINT('',(-25.,1.8,0.));
#1546=CARTESIAN_POINT('Origin',(-23.2,1.8,1.8));
#1547=CARTESIAN_POINT('',(-23.2,0.,2.2));
#1548=CARTESIAN_POINT('',(-23.2,0.,0.));
#1549=CARTESIAN_POINT('Origin',(-23.2,1.8,2.2));
#1550=CARTESIAN_POINT('Origin',(-25.,20.,0.));
#1551=CARTESIAN_POINT('',(-25.,18.2,1.8));
#1552=CARTESIAN_POINT('',(-25.,18.2,0.));
#1553=CARTESIAN_POINT('',(-25.,15.,1.8));
#1554=CARTESIAN_POINT('Origin',(-23.2,18.2,0.));
#1555=CARTESIAN_POINT('',(-23.2,20.,2.2));
#1556=CARTESIAN_POINT('Origin',(-23.2,18.2,2.2));
#1557=CARTESIAN_POINT('',(-23.2,20.,1.8));
#1558=CARTESIAN_POINT('',(-23.2,20.,0.));
#1559=CARTESIAN_POINT('',(-24.4727922061358,19.4727922061358,0.527207793864213));
#1560=CARTESIAN_POINT('Origin',(-23.2,18.2,1.8));
#1561=CARTESIAN_POINT('Origin',(-23.2,18.2,1.8));
#1562=CARTESIAN_POINT('Origin',(-23.2,15.,1.8));
#1563=CARTESIAN_POINT('Origin',(-23.2,18.2,1.8));
#1564=CARTESIAN_POINT('Origin',(6.,18.2,1.8));
#1565=CARTESIAN_POINT('',(5.,20.,1.8));
#1566=CARTESIAN_POINT('',(6.,20.,1.8));
#1567=CARTESIAN_POINT('Ctrl Pts',(5.,20.,1.8));
#1568=CARTESIAN_POINT('Ctrl Pts',(5.29769166255559,20.,1.56940902972348));
#1569=CARTESIAN_POINT('Ctrl Pts',(5.62136998184183,19.95348767561,1.31840756257513));
#1570=CARTESIAN_POINT('Ctrl Pts',(6.24930823884496,19.7474388275692,0.844969932863319));
#1571=CARTESIAN_POINT('Ctrl Pts',(6.5537028458537,19.5877809149948,0.622765263650769));
#1572=CARTESIAN_POINT('Ctrl Pts',(6.91904437220849,19.3094009927878,0.378852427791437));
#1573=CARTESIAN_POINT('Ctrl Pts',(7.02191787600738,19.2207228104744,0.312884215922206));
#1574=CARTESIAN_POINT('Ctrl Pts',(7.12132033675693,19.1213203503624,0.253659542012756));
#1575=CARTESIAN_POINT('Origin',(2.65,17.,55.));
#1576=CARTESIAN_POINT('',(-3.72579575806806,20.,55.));
#1577=CARTESIAN_POINT('',(2.65,20.,55.));
#1578=CARTESIAN_POINT('',(-5.76144578313253,17.,52.));
#1579=CARTESIAN_POINT('Origin',(-3.72579575806806,17.,55.));
#1580=CARTESIAN_POINT('',(2.65,17.,52.));
#1581=CARTESIAN_POINT('Origin',(-2.7,10.,52.));
#1582=CARTESIAN_POINT('',(-5.76144578313253,3.,52.));
#1583=CARTESIAN_POINT('',(-5.76144578313253,10.,52.));
#1584=CARTESIAN_POINT('',(-1.35,3.,52.));
#1585=CARTESIAN_POINT('Origin',(-2.84039947071081,17.,3.22690581365611));
#1586=CARTESIAN_POINT('',(-5.49192149553614,18.2,4.));
#1587=CARTESIAN_POINT('',(-5.76144578313253,17.,4.));
#1588=CARTESIAN_POINT('Origin',(-2.53302467373071,17.,4.));
#1589=CARTESIAN_POINT('',(0.,17.,18.4909090909091));
#1590=CARTESIAN_POINT('',(-5.62813988468288,17.,4.33528453246428));
#1591=CARTESIAN_POINT('',(3.,20.,17.9163953915045));
#1592=CARTESIAN_POINT('Origin',(3.,17.,17.9163953915045));
#1593=CARTESIAN_POINT('',(-3.24868732433312,20.,2.2));
#1594=CARTESIAN_POINT('',(-2.84039947071081,20.,3.22690581365611));
#1595=CARTESIAN_POINT('Ctrl Pts',(-5.49192149553614,18.2,4.));
#1596=CARTESIAN_POINT('Ctrl Pts',(-5.39427137949936,18.4079138841537,4.));
#1597=CARTESIAN_POINT('Ctrl Pts',(-5.27545757306872,18.6243125969145,3.9616830350614));
#1598=CARTESIAN_POINT('Ctrl Pts',(-5.0107368280852,19.0162056029895,3.81783092344022));
#1599=CARTESIAN_POINT('Ctrl Pts',(-4.86461597350465,19.1917957347523,3.71295136402576));
#1600=CARTESIAN_POINT('Ctrl Pts',(-4.50923979407241,19.5441944618098,3.42777353767017));
#1601=CARTESIAN_POINT('Ctrl Pts',(-4.26412484281019,19.7189666716338,3.20300554687692));
#1602=CARTESIAN_POINT('Ctrl Pts',(-3.75594196733735,19.946789625518,2.71186600134615));
#1603=CARTESIAN_POINT('Ctrl Pts',(-3.49255023288825,20.,2.44590369230752));
#1604=CARTESIAN_POINT('Ctrl Pts',(-3.24868732433312,20.,2.2));
#1605=CARTESIAN_POINT('Origin',(-6.,10.,3.4));
#1606=CARTESIAN_POINT('',(-5.76144578313253,3.,4.));
#1607=CARTESIAN_POINT('',(-5.76144578313253,10.,4.));
#1608=CARTESIAN_POINT('',(0.,3.,18.4909090909091));
#1609=CARTESIAN_POINT('',(-6.17414138881925,3.,2.96200802206067));
#1610=CARTESIAN_POINT('',(0.,15.,18.4909090909091));
#1611=CARTESIAN_POINT('Origin',(-0.25,18.2,2.2));
#1612=CARTESIAN_POINT('',(-0.25,18.2,4.));
#1613=CARTESIAN_POINT('',(-0.25,20.,2.2));
#1614=CARTESIAN_POINT('Origin',(-8.5,10.,4.));
#1615=CARTESIAN_POINT('',(-5.49192149553614,1.8,4.));
#1616=CARTESIAN_POINT('',(-4.25,1.8,4.));
#1617=CARTESIAN_POINT('Origin',(-2.53302467373071,3.,4.));
#1618=CARTESIAN_POINT('Origin',(5.,17.,0.));
#1619=CARTESIAN_POINT('',(5.00000001347857,20.,34.2629970863431));
#1620=CARTESIAN_POINT('',(5.,20.,0.));
#1621=CARTESIAN_POINT('',(5.33762577450447,19.9809409313822,34.4340387850459));
#1622=CARTESIAN_POINT('Ctrl Pts',(5.00017168655235,20.,34.2631702583032));
#1623=CARTESIAN_POINT('Ctrl Pts',(5.06604977061904,19.9999999371278,34.2960953471708));
#1624=CARTESIAN_POINT('Ctrl Pts',(5.13183859122145,19.997822971407,34.3292226664511));
#1625=CARTESIAN_POINT('Ctrl Pts',(5.19743822151022,19.9934947547045,34.3625099101022));
#1626=CARTESIAN_POINT('Ctrl Pts',(5.24428050047105,19.9904041346311,34.38627910432));
#1627=CARTESIAN_POINT('Ctrl Pts',(5.29102166976758,19.9862167294778,34.4101272771614));
#1628=CARTESIAN_POINT('Ctrl Pts',(5.3376257023207,19.9809393904018,34.4340386845096));
#1629=CARTESIAN_POINT('',(8.,16.9999999999997,34.2629971065502));
#1630=CARTESIAN_POINT('Ctrl Pts',(5.33759228566913,19.9808628612683,34.4340298032485));
#1631=CARTESIAN_POINT('Ctrl Pts',(5.43662552414635,19.9694733419206,34.433367250725));
#1632=CARTESIAN_POINT('Ctrl Pts',(5.53479756213424,19.9529278784623,34.4323954474051));
#1633=CARTESIAN_POINT('Ctrl Pts',(5.63181466087254,19.9314942375652,34.4311394689767));
#1634=CARTESIAN_POINT('Ctrl Pts',(5.73036734884993,19.9097213444254,34.4298636108881));
#1635=CARTESIAN_POINT('Ctrl Pts',(5.82772899731611,19.8829040031561,34.4282944752179));
#1636=CARTESIAN_POINT('Ctrl Pts',(5.92358427376763,19.8512694744301,34.4264521524262));
#1637=CARTESIAN_POINT('Ctrl Pts',(6.02016985945976,19.8193939262266,34.4245957932099));
#1638=CARTESIAN_POINT('Ctrl Pts',(6.11522682960455,19.7826271229652,34.4224620237284));
#1639=CARTESIAN_POINT('Ctrl Pts',(6.20841338437164,19.7411530914228,34.4200657758707));
#1640=CARTESIAN_POINT('Ctrl Pts',(6.24444727892803,19.7251156825587,34.4191391814404));
#1641=CARTESIAN_POINT('Ctrl Pts',(6.28020123172354,19.7083739421358,34.4181732840779));
#1642=CARTESIAN_POINT('Ctrl Pts',(6.31565432166472,19.6909367780275,34.4171687461429));
#1643=CARTESIAN_POINT('Ctrl Pts',(6.40726288341644,19.6458802391578,34.4145730830965));
#1644=CARTESIAN_POINT('Ctrl Pts',(6.49642841594309,19.5963982994207,34.4117320278516));
#1645=CARTESIAN_POINT('Ctrl Pts',(6.58283976319452,19.5427402788979,34.4086604516181));
#1646=CARTESIAN_POINT('Ctrl Pts',(6.6694847195203,19.4889371964023,34.4055805715206));
#1647=CARTESIAN_POINT('Ctrl Pts',(6.75336136474161,19.4309349676249,34.4022688696175));
#1648=CARTESIAN_POINT('Ctrl Pts',(6.83413474660579,19.3689373189496,34.3987348374705));
#1649=CARTESIAN_POINT('Ctrl Pts',(6.91363582307491,19.3079162289013,34.3952564717826));
#1650=CARTESIAN_POINT('Ctrl Pts',(6.99013129117119,19.2430240588554,34.3915626626914));
#1651=CARTESIAN_POINT('Ctrl Pts',(7.06327058529782,19.1744165573428,34.3876580146035));
#1652=CARTESIAN_POINT('Ctrl Pts',(7.11282688171956,19.1279308245735,34.3850123793076));
#1653=CARTESIAN_POINT('Ctrl Pts',(7.16084175241149,19.079738642331,34.3822698597271));
#1654=CARTESIAN_POINT('Ctrl Pts',(7.20719546046505,19.0298799800771,34.379430909504));
#1655=CARTESIAN_POINT('Ctrl Pts',(7.27958745882392,18.9520141879404,34.3749972344321));
#1656=CARTESIAN_POINT('Ctrl Pts',(7.34757315197857,18.8704694306788,34.3703501982895));
#1657=CARTESIAN_POINT('Ctrl Pts',(7.4107835445519,18.7854765183346,34.365494121275));
#1658=CARTESIAN_POINT('Ctrl Pts',(7.47048796363502,18.7051977500638,34.3609073872685));
#1659=CARTESIAN_POINT('Ctrl Pts',(7.52593260208784,18.6218419839351,34.3561340718723));
#1660=CARTESIAN_POINT('Ctrl Pts',(7.57704169844361,18.535811837204,34.3512017900604));
#1661=CARTESIAN_POINT('Ctrl Pts',(7.62872964179098,18.4488073376634,34.3462136466368));
#1662=CARTESIAN_POINT('Ctrl Pts',(7.67598364561616,18.3590667222895,34.3410628215371));
#1663=CARTESIAN_POINT('Ctrl Pts',(7.71867964116649,18.2669797738611,34.3357748378624));
#1664=CARTESIAN_POINT('Ctrl Pts',(7.74561074587761,18.2088946251561,34.3324393671651));
#1665=CARTESIAN_POINT('Ctrl Pts',(7.77072745580062,18.1498754643054,34.3290492700541));
#1666=CARTESIAN_POINT('Ctrl Pts',(7.79398843186821,18.0900170062998,34.3256106013785));
#1667=CARTESIAN_POINT('Ctrl Pts',(7.83083159878411,17.9952069195168,34.3201640782569));
#1668=CARTESIAN_POINT('Ctrl Pts',(7.86285073619762,17.8987321226295,34.3146208273995));
#1669=CARTESIAN_POINT('Ctrl Pts',(7.88997396517138,17.8010048299202,34.3090060187699));
#1670=CARTESIAN_POINT('Ctrl Pts',(7.91715334449265,17.70307522275,34.303379586397));
#1671=CARTESIAN_POINT('Ctrl Pts',(7.93941680697032,17.6038870471488,34.2976811980179));
#1672=CARTESIAN_POINT('Ctrl Pts',(7.95664409153168,17.5038342271113,34.291933829277));
#1673=CARTESIAN_POINT('Ctrl Pts',(7.973572767744,17.4055156680539,34.2862860822894));
#1674=CARTESIAN_POINT('Ctrl Pts',(7.98563846894964,17.3063613266239,34.2805909400345));
#1675=CARTESIAN_POINT('Ctrl Pts',(7.99267804454048,17.2067377947881,34.2748694244728));
#1676=CARTESIAN_POINT('Ctrl Pts',(7.99732357805529,17.1409945621123,34.2710937007869));
#1677=CARTESIAN_POINT('Ctrl Pts',(7.99977928296056,17.075046877759,34.2673064785284));
#1678=CARTESIAN_POINT('Ctrl Pts',(7.99998579247293,17.0090010169507,34.2635139174586));
#1679=CARTESIAN_POINT('Ctrl Pts',(7.99999517424519,17.0060005390669,34.2633416205808));
#1680=CARTESIAN_POINT('Ctrl Pts',(7.99999991147723,17.0030000640358,34.2631693243159));
#1681=CARTESIAN_POINT('Ctrl Pts',(8.,16.9999996018958,34.2629970292547));
#1682=CARTESIAN_POINT('',(8.,17.,0.));
#1683=CARTESIAN_POINT('Ctrl Pts',(5.24699552554373,19.9897567610051,34.4350530271374));
#1684=CARTESIAN_POINT('Ctrl Pts',(5.69828800245065,19.0130958855976,42.5980284961813));
#1685=CARTESIAN_POINT('Ctrl Pts',(6.10816932825625,17.82698383418,50.7323888305717));
#1686=CARTESIAN_POINT('Ctrl Pts',(6.41692683580105,16.5486775482261,58.8451290546185));
#1687=CARTESIAN_POINT('Ctrl Pts',(6.09460588073907,19.9201925715397,34.427049817901));
#1688=CARTESIAN_POINT('Ctrl Pts',(6.4487197680514,18.8200564507846,42.5752950263283));
#1689=CARTESIAN_POINT('Ctrl Pts',(6.74493608212843,17.5707790812719,50.698953290726));
#1690=CARTESIAN_POINT('Ctrl Pts',(6.96033679491053,16.2601897201567,58.805610825043));
#1691=CARTESIAN_POINT('Ctrl Pts',(7.50957283857501,19.1334344470011,34.3365350007581));
#1692=CARTESIAN_POINT('Ctrl Pts',(7.61309182999107,17.9803814132287,42.4719614391559));
#1693=CARTESIAN_POINT('Ctrl Pts',(7.69067214174021,16.7351714027213,50.5891534399227));
#1694=CARTESIAN_POINT('Ctrl Pts',(7.74661015383687,15.4562900036707,58.6954893902347));
#1695=CARTESIAN_POINT('Ctrl Pts',(8.,17.6532275368435,34.1662404036924));
#1696=CARTESIAN_POINT('Ctrl Pts',(7.99908480937737,16.6522053596057,42.3066302908988));
#1697=CARTESIAN_POINT('Ctrl Pts',(8.00018063703352,15.549071464032,50.4328677254131));
#1698=CARTESIAN_POINT('Ctrl Pts',(8.,14.3869466131691,58.5490064072831));
#1699=CARTESIAN_POINT('Ctrl Pts',(8.,17.0195341695137,34.09333535514));
#1700=CARTESIAN_POINT('Ctrl Pts',(8.,16.0827650494381,42.2357670508625));
#1701=CARTESIAN_POINT('Ctrl Pts',(8.,15.0411966232627,50.3659471781821));
#1702=CARTESIAN_POINT('Ctrl Pts',(8.,13.9288441926661,58.4862536847726));
#1703=CARTESIAN_POINT('',(5.25639497818949,19.9693769216006,34.6051408082614));
#1704=CARTESIAN_POINT('Ctrl Pts',(5.25639307127248,19.9693758528821,34.6051404041569));
#1705=CARTESIAN_POINT('Ctrl Pts',(5.25867053521068,19.9697387448791,34.600283002595));
#1706=CARTESIAN_POINT('Ctrl Pts',(5.26095002311377,19.9700985100214,34.5954263481314));
#1707=CARTESIAN_POINT('Ctrl Pts',(5.26323152645923,19.9704551350254,34.5905704404929));
#1708=CARTESIAN_POINT('Ctrl Pts',(5.28779225338136,19.9742942568722,34.5382958638614));
#1709=CARTESIAN_POINT('Ctrl Pts',(5.31258273929889,19.9777687055107,34.4861173088284));
#1710=CARTESIAN_POINT('Ctrl Pts',(5.33759228566913,19.9808628612683,34.4340298032485));
#1711=CARTESIAN_POINT('',(6.35943205807615,16.781591743725,57.3601442944339));
#1712=CARTESIAN_POINT('Ctrl Pts',(5.25639308657624,19.9693758196262,34.6051406812719));
#1713=CARTESIAN_POINT('Ctrl Pts',(5.67648124413609,19.0563727853226,42.2130691899998));
#1714=CARTESIAN_POINT('Ctrl Pts',(6.06023455196885,17.9621235419774,49.7961814626506));
#1715=CARTESIAN_POINT('Ctrl Pts',(6.3593044374418,16.7815695152749,57.3601412797419));
#1716=CARTESIAN_POINT('',(7.45822059985362,15.6325706088075,58.719637020545));
#1717=CARTESIAN_POINT('Ctrl Pts',(7.45822059985,15.6325706088075,58.7196370205425));
#1718=CARTESIAN_POINT('Ctrl Pts',(7.40134947985544,15.7257633331211,58.6383409527041));
#1719=CARTESIAN_POINT('Ctrl Pts',(7.34118626632793,15.8152678690322,58.5552839669894));
#1720=CARTESIAN_POINT('Ctrl Pts',(7.01920697768822,16.2536154443,58.1239638885822));
#1721=CARTESIAN_POINT('Ctrl Pts',(6.70783327835355,16.5488903022146,57.7485500321002));
#1722=CARTESIAN_POINT('Ctrl Pts',(6.36423412381914,16.7783971482815,57.3654936126922));
#1723=CARTESIAN_POINT('Ctrl Pts',(6.36183391382838,16.7799960532643,57.3628191720263));
#1724=CARTESIAN_POINT('Ctrl Pts',(6.35943205807614,16.7815917437251,57.3601442944338));
#1725=CARTESIAN_POINT('',(8.,14.1316406963858,56.9999999907209));
#1726=CARTESIAN_POINT('Ctrl Pts',(8.,14.1316406938632,57.0000000000032));
#1727=CARTESIAN_POINT('Ctrl Pts',(8.,14.1338924050143,57.0025784321574));
#1728=CARTESIAN_POINT('Ctrl Pts',(7.99999667584381,14.1361441137243,57.005156867822));
#1729=CARTESIAN_POINT('Ctrl Pts',(7.99888392800831,14.5130164159557,57.4367150701998));
#1730=CARTESIAN_POINT('Ctrl Pts',(7.90575615690585,14.8905081022484,57.869165434969));
#1731=CARTESIAN_POINT('Ctrl Pts',(7.64475970960216,15.3765141995366,58.4261328381231));
#1732=CARTESIAN_POINT('Ctrl Pts',(7.55877995973364,15.5071699970988,58.5758874460722));
#1733=CARTESIAN_POINT('Ctrl Pts',(7.45822059985422,15.6325706088001,58.7196370205518));
#1734=CARTESIAN_POINT('Ctrl Pts',(8.,14.1316243429961,56.9999977682623));
#1735=CARTESIAN_POINT('Ctrl Pts',(8.,15.1602238327603,49.4303427177748));
#1736=CARTESIAN_POINT('Ctrl Pts',(8.,16.1255294822052,41.8519842782778));
#1737=CARTESIAN_POINT('Ctrl Pts',(8.,16.9999995983222,34.2629970602674));
#1738=CARTESIAN_POINT('Ctrl Pts',(0.724364760965192,19.6598299773048,57.7755874788381));
#1739=CARTESIAN_POINT('Ctrl Pts',(0.791425075903303,19.7321090983253,54.2314912985108));
#1740=CARTESIAN_POINT('Ctrl Pts',(0.948552031921282,19.8442103132581,48.3332399625853));
#1741=CARTESIAN_POINT('Ctrl Pts',(1.60673064126139,19.9358366264264,41.3257668547457));
#1742=CARTESIAN_POINT('Ctrl Pts',(2.97138018752922,19.9695385174345,36.8981140268564));
#1743=CARTESIAN_POINT('Ctrl Pts',(4.46473694682838,19.9719643399666,35.1495064914472));
#1744=CARTESIAN_POINT('Ctrl Pts',(5.39174345544272,19.9689631589215,34.5094129547453));
#1745=CARTESIAN_POINT('Ctrl Pts',(0.298770757125166,19.8822237623474,57.7508682508263));
#1746=CARTESIAN_POINT('Ctrl Pts',(0.40054424903716,19.908008659259,54.204607904937));
#1747=CARTESIAN_POINT('Ctrl Pts',(0.630038741592265,19.9474157575909,48.3019707331143));
#1748=CARTESIAN_POINT('Ctrl Pts',(1.4010203069767,19.9784259135422,41.2808289321117));
#1749=CARTESIAN_POINT('Ctrl Pts',(2.84406411143314,19.9898052172374,36.8270500341668));
#1750=CARTESIAN_POINT('Ctrl Pts',(4.36970353781264,19.9906252100892,35.0506565157248));
#1751=CARTESIAN_POINT('Ctrl Pts',(5.30864562285467,19.9896186350267,34.3936757312233));
#1752=CARTESIAN_POINT('Ctrl Pts',(-0.180830198307713,20.,57.7230122066503));
#1753=CARTESIAN_POINT('Ctrl Pts',(-0.026989856285184,19.999800248493,54.1750633556707));
#1754=CARTESIAN_POINT('Ctrl Pts',(0.296607799991504,20.0000144927312,48.2688292648017));
#1755=CARTESIAN_POINT('Ctrl Pts',(1.19136386389594,19.9999408483338,41.2347884695683));
#1756=CARTESIAN_POINT('Ctrl Pts',(2.7155388927909,19.9999902621342,36.7552001956902));
#1757=CARTESIAN_POINT('Ctrl Pts',(4.2737621317854,19.9999992582675,34.9508920668748));
#1758=CARTESIAN_POINT('Ctrl Pts',(5.22467970573018,20.,34.276729454578));
#1759=CARTESIAN_POINT('Ctrl Pts',(-0.660854118037288,20.,57.6951315959841));
#1760=CARTESIAN_POINT('Ctrl Pts',(-0.45468571158502,20.,54.1455046608115));
#1761=CARTESIAN_POINT('Ctrl Pts',(-0.0368567368671915,20.,48.2356822223499));
#1762=CARTESIAN_POINT('Ctrl Pts',(0.981710585319062,20.,41.1887470163326));
#1763=CARTESIAN_POINT('Ctrl Pts',(2.58701380131223,20.,36.6833499428214));
#1764=CARTESIAN_POINT('Ctrl Pts',(4.17782016012055,20.,34.851127106679));
#1765=CARTESIAN_POINT('Ctrl Pts',(5.14071318798643,20.,34.1597823414006));
#1766=CARTESIAN_POINT('',(3.00000000019885,20.,36.429558398738));
#1767=CARTESIAN_POINT('Ctrl Pts',(5.00014541792275,20.,34.26319005226));
#1768=CARTESIAN_POINT('Ctrl Pts',(4.21174400728778,20.,34.857269520167));
#1769=CARTESIAN_POINT('Ctrl Pts',(3.54058809995122,20.,35.6032628448483));
#1770=CARTESIAN_POINT('Ctrl Pts',(3.00376153079678,20.,36.431994990137));
#1771=CARTESIAN_POINT('',(2.60517309623344,19.9739051289613,38.0079934534597));
#1772=CARTESIAN_POINT('Ctrl Pts',(2.60502799278426,19.9738938253182,38.0078386505988));
#1773=CARTESIAN_POINT('Ctrl Pts',(2.632088131035,19.9775171790103,37.8794517963167));
#1774=CARTESIAN_POINT('Ctrl Pts',(2.66023510792575,19.9808905890186,37.7513981574066));
#1775=CARTESIAN_POINT('Ctrl Pts',(2.68956212348708,19.9839386121926,37.6237090374376));
#1776=CARTESIAN_POINT('Ctrl Pts',(2.71411738106572,19.9864906957481,37.5167960368879));
#1777=CARTESIAN_POINT('Ctrl Pts',(2.73949977840413,19.9888146180293,37.410137901616));
#1778=CARTESIAN_POINT('Ctrl Pts',(2.76575199592072,19.9908584233629,37.3037286304891));
#1779=CARTESIAN_POINT('Ctrl Pts',(2.79659551045428,19.9932596734468,37.1787092526618));
#1780=CARTESIAN_POINT('Ctrl Pts',(2.82862978557448,19.995274455911,37.0540479803677));
#1781=CARTESIAN_POINT('Ctrl Pts',(2.86198597550524,19.996799072141,36.92970707715));
#1782=CARTESIAN_POINT('Ctrl Pts',(2.86941807456955,19.9971387721751,36.9020026566998));
#1783=CARTESIAN_POINT('Ctrl Pts',(2.87691565699949,19.9974540886262,36.8743140026432));
#1784=CARTESIAN_POINT('Ctrl Pts',(2.88447992380539,19.9977437768254,36.8466404613003));
#1785=CARTESIAN_POINT('Ctrl Pts',(2.92152241192741,19.9991623904136,36.7111221284875));
#1786=CARTESIAN_POINT('Ctrl Pts',(2.96016676049027,19.9999691772697,36.5759692124006));
#1787=CARTESIAN_POINT('Ctrl Pts',(3.00029772848773,19.9999991458397,36.4411251097426));
#1788=CARTESIAN_POINT('Ctrl Pts',(3.00099227693136,19.999999664507,36.4387913568752));
#1789=CARTESIAN_POINT('Ctrl Pts',(3.00168726898031,19.9999999495372,36.4364577270188));
#1790=CARTESIAN_POINT('Ctrl Pts',(3.00238271117318,20.,36.4341241968753));
#1791=CARTESIAN_POINT('',(0.59912057446879,20.,44.1221801333165));
#1792=CARTESIAN_POINT('Ctrl Pts',(0.599120574472716,20.,44.1221801332918));
#1793=CARTESIAN_POINT('Ctrl Pts',(0.602030289712577,20.,44.1115815043699));
#1794=CARTESIAN_POINT('Ctrl Pts',(0.60494157354899,19.9999992656186,44.1009832818907));
#1795=CARTESIAN_POINT('Ctrl Pts',(0.90222704502696,19.9998499632061,43.0193751578519));
#1796=CARTESIAN_POINT('Ctrl Pts',(1.22220039362543,19.9916208760345,41.9169957102567));
#1797=CARTESIAN_POINT('Ctrl Pts',(1.8509425275797,19.9776914566494,39.9710293329523));
#1798=CARTESIAN_POINT('Ctrl Pts',(2.17695926503337,19.9718349270266,39.0430912084989));
#1799=CARTESIAN_POINT('Ctrl Pts',(2.56104193522464,19.9736260689567,38.1133141361308));
#1800=CARTESIAN_POINT('Ctrl Pts',(2.58301678280426,19.9737528099351,38.0606146098705));
#1801=CARTESIAN_POINT('Ctrl Pts',(2.60517309623344,19.9739051289613,38.0079934534597));
#1802=CARTESIAN_POINT('',(-0.619795641178489,20.,57.));
#1803=CARTESIAN_POINT('Ctrl Pts',(0.59480048800727,20.,44.121495578915));
#1804=CARTESIAN_POINT('Ctrl Pts',(0.440097744909269,20.,45.0995093912793));
#1805=CARTESIAN_POINT('Ctrl Pts',(-0.104811244614149,20.,49.3811452689642));
#1806=CARTESIAN_POINT('Ctrl Pts',(-0.421292116166529,20.,53.6825915444914));
#1807=CARTESIAN_POINT('Ctrl Pts',(-0.619876372793221,20.,56.9999951504985));
#1808=CARTESIAN_POINT('',(0.075823431761419,19.9078300188627,57.7379190883126));
#1809=CARTESIAN_POINT('Ctrl Pts',(0.075724117722434,19.9074270636335,57.7379133199832));
#1810=CARTESIAN_POINT('Ctrl Pts',(0.0686424623211281,19.9093310298736,57.730408180563));
#1811=CARTESIAN_POINT('Ctrl Pts',(0.0615577960792161,19.9112052094103,57.7228999008569));
#1812=CARTESIAN_POINT('Ctrl Pts',(0.0544703159551453,19.9130496536435,57.7153882192344));
#1813=CARTESIAN_POINT('Ctrl Pts',(-0.0375495670180336,19.9369968872887,
57.6178607409585));
#1814=CARTESIAN_POINT('Ctrl Pts',(-0.130287133972413,19.9559983166149,57.5195375961));
#1815=CARTESIAN_POINT('Ctrl Pts',(-0.223375556596406,19.9700613883591,57.4207946533033));
#1816=CARTESIAN_POINT('Ctrl Pts',(-0.317209090745543,19.9842370257323,57.321261338271));
#1817=CARTESIAN_POINT('Ctrl Pts',(-0.411399843474016,19.993395388984,57.2213014241847));
#1818=CARTESIAN_POINT('Ctrl Pts',(-0.505603638635078,19.9975021311228,57.1213000341156));
#1819=CARTESIAN_POINT('Ctrl Pts',(-0.541642911991283,19.9990732355808,57.0830427916495));
#1820=CARTESIAN_POINT('Ctrl Pts',(-0.57768436282549,19.999904526006,57.0447794847805));
#1821=CARTESIAN_POINT('Ctrl Pts',(-0.613709575169151,19.9999922482424,57.0065317095741));
#1822=CARTESIAN_POINT('Ctrl Pts',(-0.615764972253675,19.9999972531824,57.004349505486));
#1823=CARTESIAN_POINT('Ctrl Pts',(-0.617820371346054,19.9999998374991,57.0021672884515));
#1824=CARTESIAN_POINT('Ctrl Pts',(-0.61987576890408,20.,56.9999850623697));
#1825=CARTESIAN_POINT('',(0.737964395546825,19.6739175421962,57.0815638412969));
#1826=CARTESIAN_POINT('Ctrl Pts',(0.73796439554688,19.6739175421963,57.0815638412941));
#1827=CARTESIAN_POINT('Ctrl Pts',(0.735629449594403,19.675028701418,57.0840054644923));
#1828=CARTESIAN_POINT('Ctrl Pts',(0.733293161221389,19.6761371901006,57.0864470214213));
#1829=CARTESIAN_POINT('Ctrl Pts',(0.52336607039735,19.7754433584992,57.3057010752022));
#1830=CARTESIAN_POINT('Ctrl Pts',(0.303741046655584,19.853243893684,57.523496219595));
#1831=CARTESIAN_POINT('Ctrl Pts',(0.0758234317614088,19.9078300187811,57.7379190882919));
#1832=CARTESIAN_POINT('Ctrl Pts',(0.737877811513059,19.6739191787247,57.0815621370355));
#1833=CARTESIAN_POINT('Ctrl Pts',(0.804334548722855,19.7408360671761,53.7695227602631));
#1834=CARTESIAN_POINT('Ctrl Pts',(0.970035593868068,19.8472010813368,48.1045095230567));
#1835=CARTESIAN_POINT('Ctrl Pts',(1.60673064126139,19.9358366264264,41.3257668547457));
#1836=CARTESIAN_POINT('Ctrl Pts',(2.95463485677722,19.9691249685395,36.9524448338104));
#1837=CARTESIAN_POINT('Ctrl Pts',(4.39192674197885,19.9718365848137,35.2356138853345));
#1838=CARTESIAN_POINT('Ctrl Pts',(5.25654817554944,19.9693746959805,34.6053452163388));
#1839=CARTESIAN_POINT('Origin',(8.,20.,0.));
#1840=CARTESIAN_POINT('',(3.,20.,0.));
#1841=CARTESIAN_POINT('Origin',(3.,17.,0.));
#1842=CARTESIAN_POINT('',(1.11022302462516E-15,17.,37.5090909090909));
#1843=CARTESIAN_POINT('',(0.,17.,0.));
#1844=CARTESIAN_POINT('Origin',(3.,17.,38.0836046084955));
#1845=CARTESIAN_POINT('Origin',(0.,20.,0.));
#1846=CARTESIAN_POINT('',(1.11022302462516E-15,3.,37.5090909090909));
#1847=CARTESIAN_POINT('',(0.,3.,0.));
#1848=CARTESIAN_POINT('',(1.11022302462516E-15,15.,37.5090909090909));
#1849=CARTESIAN_POINT('Origin',(8.,20.,0.));
#1850=CARTESIAN_POINT('',(6.,20.,57.));
#1851=CARTESIAN_POINT('',(10.0725361021145,20.,20.2951047152985));
#1852=CARTESIAN_POINT('Origin',(10.0725361021145,17.,20.2951047152985));
#1853=CARTESIAN_POINT('',(7.28479568814239,17.,19.1867259964903));
#1854=CARTESIAN_POINT('Origin',(0.6,10.,36.));
#1855=CARTESIAN_POINT('',(6.73879418400602,3.,20.560002506894));
#1856=CARTESIAN_POINT('Origin',(0.,0.,0.));
#1857=CARTESIAN_POINT('',(3.,0.,36.4295583993603));
#1858=CARTESIAN_POINT('Ctrl Pts',(3.00477105631527,3.06495042320871E-16,
36.4326509722942));
#1859=CARTESIAN_POINT('Ctrl Pts',(3.54203210437065,3.88527581658563E-16,
35.6037940747653));
#1860=CARTESIAN_POINT('Ctrl Pts',(4.21160665425953,5.08198489746456E-16,
34.8575288605792));
#1861=CARTESIAN_POINT('Ctrl Pts',(5.00015153687982,5.48786836932214E-16,
34.2631981621596));
#1862=CARTESIAN_POINT('',(3.,0.,17.9163953915045));
#1863=CARTESIAN_POINT('',(3.,0.,0.));
#1864=CARTESIAN_POINT('',(-3.24868732433312,0.,2.2));
#1865=CARTESIAN_POINT('',(-3.38640097484719,0.,1.8536293032525));
#1866=CARTESIAN_POINT('',(-4.25,0.,2.2));
#1867=CARTESIAN_POINT('Ctrl Pts',(5.39174345544269,0.0310368410785178,34.5094129547453));
#1868=CARTESIAN_POINT('Ctrl Pts',(4.46468879454815,0.0280355041405671,35.1495397403652));
#1869=CARTESIAN_POINT('Ctrl Pts',(2.97658523554118,0.0304671350803301,36.8982460165372));
#1870=CARTESIAN_POINT('Ctrl Pts',(1.9378325797804,0.0557035946703974,40.2161409615825));
#1871=CARTESIAN_POINT('Ctrl Pts',(1.22589194004295,0.107775732992253,44.8144283433595));
#1872=CARTESIAN_POINT('Ctrl Pts',(0.893415795895631,0.200174992454423,50.696636306988));
#1873=CARTESIAN_POINT('Ctrl Pts',(0.769072909615256,0.291982570998056,55.4127894662393));
#1874=CARTESIAN_POINT('Ctrl Pts',(0.724364760965403,0.340170022694964,57.775587478827));
#1875=CARTESIAN_POINT('Ctrl Pts',(5.30864562285465,0.0103813649732846,34.3936757312233));
#1876=CARTESIAN_POINT('Ctrl Pts',(4.36965476555269,0.00937473762540305,
35.0506906418313));
#1877=CARTESIAN_POINT('Ctrl Pts',(2.84925738577233,0.0102108208213877,36.8270850764961));
#1878=CARTESIAN_POINT('Ctrl Pts',(1.75178322501827,0.0186860166678602,40.1648578341533));
#1879=CARTESIAN_POINT('Ctrl Pts',(0.963365489957483,0.0363624079102329,
44.7772709028916));
#1880=CARTESIAN_POINT('Ctrl Pts',(0.544770515349388,0.0680301031672172,
50.6669727229509));
#1881=CARTESIAN_POINT('Ctrl Pts',(0.36662168221008,0.100585817280819,55.3866274201354));
#1882=CARTESIAN_POINT('Ctrl Pts',(0.298770757125485,0.117776237652499,57.7508682508152));
#1883=CARTESIAN_POINT('Ctrl Pts',(5.22467970573016,5.58441458778275E-16,
34.276729454578));
#1884=CARTESIAN_POINT('Ctrl Pts',(4.27371273747254,7.41770981239741E-7,
34.9509270854715));
#1885=CARTESIAN_POINT('Ctrl Pts',(2.72073011856194,2.33012628874779E-5,
36.7551380833234));
#1886=CARTESIAN_POINT('Ctrl Pts',(1.56245689972062,1.62350993385453E-5,
40.1125523429448));
#1887=CARTESIAN_POINT('Ctrl Pts',(0.691831647174251,6.0218747593472E-5,
44.7386400312612));
#1888=CARTESIAN_POINT('Ctrl Pts',(0.173056047609292,6.20986090869341E-6,
50.6351197054874));
#1889=CARTESIAN_POINT('Ctrl Pts',(-0.0782670521926938,0.000133171460266629,
55.3576456738711));
#1890=CARTESIAN_POINT('Ctrl Pts',(-0.180830198307231,4.44859810848609E-17,
57.7230122066391));
#1891=CARTESIAN_POINT('Ctrl Pts',(5.1407131879864,5.55111512312578E-16,
34.1597823414006));
#1892=CARTESIAN_POINT('Ctrl Pts',(4.1777701437566,5.18072451005726E-16,
34.8511630177827));
#1893=CARTESIAN_POINT('Ctrl Pts',(2.59220460875105,1.96475200371105E-16,
36.6831907628296));
#1894=CARTESIAN_POINT('Ctrl Pts',(1.37312901588452,1.8141399295858E-16,
40.0602457995928));
#1895=CARTESIAN_POINT('Ctrl Pts',(0.420288182850884,9.34544896482159E-17,
44.7000062769682));
#1896=CARTESIAN_POINT('Ctrl Pts',(-0.198738666428346,1.04978642083028E-16,
50.6032576766712));
#1897=CARTESIAN_POINT('Ctrl Pts',(-0.523404603057885,1.78632568408911E-17,
55.328646308579));
#1898=CARTESIAN_POINT('Ctrl Pts',(-0.660854118036641,0.,57.695131595973));
#1899=CARTESIAN_POINT('',(5.25639497818949,0.0306230783993719,34.6051408082614));
#1900=CARTESIAN_POINT('Ctrl Pts',(5.33762570232067,0.0190606095982171,34.4340386845096));
#1901=CARTESIAN_POINT('Ctrl Pts',(5.31259325211911,0.0221981302784507,34.4861213576281));
#1902=CARTESIAN_POINT('Ctrl Pts',(5.28785500247961,0.0256984350664047,34.5383479538199));
#1903=CARTESIAN_POINT('Ctrl Pts',(5.26339619534019,0.0295452911527941,34.5907346974615));
#1904=CARTESIAN_POINT('Ctrl Pts',(5.26112591367503,0.0299023587232482,34.5955972675333));
#1905=CARTESIAN_POINT('Ctrl Pts',(5.25885816349532,0.0302623985966714,34.60046099873));
#1906=CARTESIAN_POINT('Ctrl Pts',(5.25659294666473,0.0306253967015774,34.6053258856908));
#1907=CARTESIAN_POINT('',(0.737964395546823,0.326082457803798,57.0815638412969));
#1908=CARTESIAN_POINT('Ctrl Pts',(5.25655462831532,0.0306252875749356,34.6053538253413));
#1909=CARTESIAN_POINT('Ctrl Pts',(4.39212443879057,0.0281635299679384,35.2356540164111));
#1910=CARTESIAN_POINT('Ctrl Pts',(2.95958950828862,0.0308800456819392,36.9525323158078));
#1911=CARTESIAN_POINT('Ctrl Pts',(1.9378325797804,0.0557035946703974,40.2161409615825));
#1912=CARTESIAN_POINT('Ctrl Pts',(1.22589194004295,0.107775732992253,44.8144283433595));
#1913=CARTESIAN_POINT('Ctrl Pts',(0.906439322337026,0.196555592326161,50.4662225094972));
#1914=CARTESIAN_POINT('Ctrl Pts',(0.781589169603831,0.283034899625851,54.9509696131548));
#1915=CARTESIAN_POINT('Ctrl Pts',(0.73801860693425,0.326081036046414,57.0815671000114));
#1916=CARTESIAN_POINT('',(0.0758234313983036,0.0921699811319178,57.7379190886335));
#1917=CARTESIAN_POINT('Ctrl Pts',(0.73801760597964,0.326082024956358,57.0816160467574));
#1918=CARTESIAN_POINT('Ctrl Pts',(0.735868304122679,0.325059583390545,57.0838627381769));
#1919=CARTESIAN_POINT('Ctrl Pts',(0.733717853980793,0.324039450595459,57.0861093743853));
#1920=CARTESIAN_POINT('Ctrl Pts',(0.731566260070636,0.323021627225189,57.0883559511607));
#1921=CARTESIAN_POINT('Ctrl Pts',(0.640314977338861,0.279854704464808,57.1836355536631));
#1922=CARTESIAN_POINT('Ctrl Pts',(0.54687715644067,0.24077641353243,57.2789530773165));
#1923=CARTESIAN_POINT('Ctrl Pts',(0.451566170377418,0.205892365030571,57.3739737951016));
#1924=CARTESIAN_POINT('Ctrl Pts',(0.356489403173526,0.171094041190552,57.4687610073377));
#1925=CARTESIAN_POINT('Ctrl Pts',(0.259547940743129,0.140469428528076,57.563252818894));
#1926=CARTESIAN_POINT('Ctrl Pts',(0.161056592831226,0.11417471541348,57.6571147801346));
#1927=CARTESIAN_POINT('Ctrl Pts',(0.132737946302868,0.106614348924001,57.6841023659397));
#1928=CARTESIAN_POINT('Ctrl Pts',(0.104291231726888,0.0994122584303725,
57.7110378707485));
#1929=CARTESIAN_POINT('Ctrl Pts',(0.0757241173788091,0.0925729362842357,
57.7379133203053));
#1930=CARTESIAN_POINT('',(-0.61979564117849,0.,57.));
#1931=CARTESIAN_POINT('Ctrl Pts',(0.0757241173788084,0.0925729362842356,
57.7379133203053));
#1932=CARTESIAN_POINT('Ctrl Pts',(0.0591887376525011,0.0881272573247099,
57.7203894902581));
#1933=CARTESIAN_POINT('Ctrl Pts',(0.0426336057708557,0.0838429808647698,
57.7028431520408));
#1934=CARTESIAN_POINT('Ctrl Pts',(0.0260609756014623,0.0797197090600446,
57.6852767059938));
#1935=CARTESIAN_POINT('Ctrl Pts',(-0.066260346096936,0.0567501563189839,
57.5874191239424));
#1936=CARTESIAN_POINT('Ctrl Pts',(-0.159260145381099,0.038739676111414,
57.4888019160431));
#1937=CARTESIAN_POINT('Ctrl Pts',(-0.252573916970074,0.0256866012741259,
57.3898013752133));
#1938=CARTESIAN_POINT('Ctrl Pts',(-0.346514710151798,0.0125458163417962,
57.2901356005629));
#1939=CARTESIAN_POINT('Ctrl Pts',(-0.440774445566721,0.00442883144419384,
57.1900812669217));
#1940=CARTESIAN_POINT('Ctrl Pts',(-0.53501148660436,0.00137661313366277,
57.0900224899575));
#1941=CARTESIAN_POINT('Ctrl Pts',(-0.561203775787603,0.00052827808664143,
57.0622121046493));
#1942=CARTESIAN_POINT('Ctrl Pts',(-0.587394453486589,7.14758066063334E-5,
57.0344013800811));
#1943=CARTESIAN_POINT('Ctrl Pts',(-0.613576474204097,7.74168402067898E-6,
57.0065985757156));
#1944=CARTESIAN_POINT('Ctrl Pts',(-0.61563229137928,2.73726876677258E-6,
57.0044154943045));
#1945=CARTESIAN_POINT('Ctrl Pts',(-0.617688108028331,1.56308268158926E-7,
57.0022324008669));
#1946=CARTESIAN_POINT('Ctrl Pts',(-0.619743920622501,5.55111512312578E-17,
57.0000492992932));
#1947=CARTESIAN_POINT('',(0.599120574468652,0.,44.1221801333174));
#1948=CARTESIAN_POINT('Ctrl Pts',(-0.619741148956364,5.9404022970555E-18,
57.0000032821331));
#1949=CARTESIAN_POINT('Ctrl Pts',(-0.491201863679107,2.61633203186804E-17,
54.8659058263772));
#1950=CARTESIAN_POINT('Ctrl Pts',(-0.18816561240857,1.01143636365686E-16,
50.5660572555157));
#1951=CARTESIAN_POINT('Ctrl Pts',(0.256099086182613,9.63540375998022E-17,
46.2685168829441));
#1952=CARTESIAN_POINT('Ctrl Pts',(0.601068932291402,1.17321462933631E-16,
44.1224933288024));
#1953=CARTESIAN_POINT('',(2.60517309623344,0.026094871038736,38.0079934534597));
#1954=CARTESIAN_POINT('Ctrl Pts',(2.60517309623344,0.026094871038736,38.0079934534597));
#1955=CARTESIAN_POINT('Ctrl Pts',(2.58109787140693,0.0262603820933108,38.0651720168191));
#1956=CARTESIAN_POINT('Ctrl Pts',(2.55723673790619,0.0263956893476786,38.122443511858));
#1957=CARTESIAN_POINT('Ctrl Pts',(2.17263812901698,0.0281151205105521,39.0549867298059));
#1958=CARTESIAN_POINT('Ctrl Pts',(1.84764592920217,0.0222421445940086,39.9807631521085));
#1959=CARTESIAN_POINT('Ctrl Pts',(1.22064179570777,0.00833671437922257,
41.9223767690353));
#1960=CARTESIAN_POINT('Ctrl Pts',(0.901520597881995,0.000149499611905541,
43.021943868712));
#1961=CARTESIAN_POINT('Ctrl Pts',(0.604934337543671,7.32557574682591E-7,
44.1010096238279));
#1962=CARTESIAN_POINT('Ctrl Pts',(0.602026671675299,-5.55073665324159E-16,
44.1115946830597));
#1963=CARTESIAN_POINT('Ctrl Pts',(0.5991205744727,-5.55111512312578E-16,
44.1221801332919));
#1964=CARTESIAN_POINT('Ctrl Pts',(3.00391067635929,2.98372437868011E-16,
36.4339785644896));
#1965=CARTESIAN_POINT('Ctrl Pts',(3.00321459766013,6.80961485033397E-8,
36.4363113794179));
#1966=CARTESIAN_POINT('Ctrl Pts',(3.00251895399276,3.70589775580694E-7,
36.4386443036993));
#1967=CARTESIAN_POINT('Ctrl Pts',(3.0018237464124,9.0654693686576E-7,36.4409773348728));
#1968=CARTESIAN_POINT('Ctrl Pts',(2.96166925698509,3.1862892601285E-5,36.5757308649523));
#1969=CARTESIAN_POINT('Ctrl Pts',(2.92296704834236,0.000838604199979595,
36.7107870401098));
#1970=CARTESIAN_POINT('Ctrl Pts',(2.88580976209888,0.00225638244898571,
36.8462003850988));
#1971=CARTESIAN_POINT('Ctrl Pts',(2.8533625725133,0.00349444163701092,36.9644485921526));
#1972=CARTESIAN_POINT('Ctrl Pts',(2.8220936648662,0.00519955452365725,37.082969073485));
#1973=CARTESIAN_POINT('Ctrl Pts',(2.79190070234562,0.00727874520333161,
37.2018035182067));
#1974=CARTESIAN_POINT('Ctrl Pts',(2.76017983023902,0.00946315296359119,
37.3266515592133));
#1975=CARTESIAN_POINT('Ctrl Pts',(2.72965062144108,0.01205952855243,37.4518258595353));
#1976=CARTESIAN_POINT('Ctrl Pts',(2.70025840884077,0.0149802613790644,37.5773412095606));
#1977=CARTESIAN_POINT('Ctrl Pts',(2.66987466294411,0.017999523836207,37.7070907644227));
#1978=CARTESIAN_POINT('Ctrl Pts',(2.64070558721829,0.0213657381399591,37.8372048535975));
#1979=CARTESIAN_POINT('Ctrl Pts',(2.6126662621815,0.0249974320810023,37.9676528345021));
#1980=CARTESIAN_POINT('Ctrl Pts',(2.60985390776629,0.0253616922932709,37.9807368140405));
#1981=CARTESIAN_POINT('Ctrl Pts',(2.60705290175036,0.0257286332942419,37.9938241144228));
#1982=CARTESIAN_POINT('Ctrl Pts',(2.60426314759544,0.0260981792489659,38.0069146794863));
#1983=CARTESIAN_POINT('Origin',(-4.25,1.8,2.2));
#1984=CARTESIAN_POINT('Ctrl Pts',(-5.49192149553614,1.8,4.));
#1985=CARTESIAN_POINT('Ctrl Pts',(-5.38334985581196,1.56883231438771,4.));
#1986=CARTESIAN_POINT('Ctrl Pts',(-5.25017092650575,1.33059625060528,3.95277579736206));
#1987=CARTESIAN_POINT('Ctrl Pts',(-4.95143308298257,0.906208802969138,3.77914550093421));
#1988=CARTESIAN_POINT('Ctrl Pts',(-4.78563123510478,0.719910774089587,3.65351680028567));
#1989=CARTESIAN_POINT('Ctrl Pts',(-4.42266284885017,0.392513117401619,3.34927185427498));
#1990=CARTESIAN_POINT('Ctrl Pts',(-4.19262683404017,0.241743608927426,3.13520464002328));
#1991=CARTESIAN_POINT('Ctrl Pts',(-3.71858024429283,0.0455808295193497,
2.67411456579533));
#1992=CARTESIAN_POINT('Ctrl Pts',(-3.47427454479022,2.77555756156289E-16,
2.42747506283945));
#1993=CARTESIAN_POINT('Ctrl Pts',(-3.24868732433312,2.77555756156289E-16,
2.2));
#1994=CARTESIAN_POINT('Origin',(-3.38640097484719,3.,1.8536293032525));
#1995=CARTESIAN_POINT('Origin',(3.,3.,17.9163953915045));
#1996=CARTESIAN_POINT('Origin',(3.,3.,0.));
#1997=CARTESIAN_POINT('Origin',(3.,3.,38.0836046084955));
#1998=CARTESIAN_POINT('Origin',(0.,0.,0.));
#1999=CARTESIAN_POINT('',(-3.72579575806805,0.,55.));
#2000=CARTESIAN_POINT('',(9.52653459797808,0.,21.6683812257021));
#2001=CARTESIAN_POINT('',(2.,0.,57.));
#2002=CARTESIAN_POINT('',(-1.35,0.,55.));
#2003=CARTESIAN_POINT('Origin',(9.52653459797808,3.,21.6683812257021));
#2004=CARTESIAN_POINT('Origin',(-3.72579575806805,3.,55.));
#2005=CARTESIAN_POINT('Origin',(-1.35,3.,55.));
#2006=CARTESIAN_POINT('Origin',(2.,3.,57.));
#2007=CARTESIAN_POINT('',(-0.61979564117849,3.,60.));
#2008=CARTESIAN_POINT('Ctrl Pts',(-0.6197958730283,3.00000043655964,60.));
#2009=CARTESIAN_POINT('Ctrl Pts',(-0.619157636795909,2.99733402971046,59.9999997639988));
#2010=CARTESIAN_POINT('Ctrl Pts',(-0.618519393304474,2.99466760724981,59.9999958503401));
#2011=CARTESIAN_POINT('Ctrl Pts',(-0.617881144258792,2.99200117624981,59.999988262036));
#2012=CARTESIAN_POINT('Ctrl Pts',(-0.59380889194786,2.89143385031952,59.9997020609483));
#2013=CARTESIAN_POINT('Ctrl Pts',(-0.569778575565725,2.79106170979045,59.9941938448737));
#2014=CARTESIAN_POINT('Ctrl Pts',(-0.545879743018749,2.69125898786005,59.9836612309732));
#2015=CARTESIAN_POINT('Ctrl Pts',(-0.52172698636436,2.59039586613674,59.9730167084856));
#2016=CARTESIAN_POINT('Ctrl Pts',(-0.497708120083476,2.49011353498372,59.9572402241763));
#2017=CARTESIAN_POINT('Ctrl Pts',(-0.473915936251625,2.3907993144098,59.9364815603492));
#2018=CARTESIAN_POINT('Ctrl Pts',(-0.450252269357566,2.29202155402792,59.9158350274608));
#2019=CARTESIAN_POINT('Ctrl Pts',(-0.426812449736142,2.19420070061566,59.8902596509425));
#2020=CARTESIAN_POINT('Ctrl Pts',(-0.403694085636332,2.09773057428084,59.8598539652809));
#2021=CARTESIAN_POINT('Ctrl Pts',(-0.381057718529967,2.00327176287513,59.8300822106799));
#2022=CARTESIAN_POINT('Ctrl Pts',(-0.358729210901456,1.91010729092122,59.7956790577926));
#2023=CARTESIAN_POINT('Ctrl Pts',(-0.336811552089805,1.8186295130699,59.7566957395848));
#2024=CARTESIAN_POINT('Ctrl Pts',(-0.314558375532429,1.72575138411027,59.717115660785));
#2025=CARTESIAN_POINT('Ctrl Pts',(-0.292824387674542,1.63501280728882,59.6729850546125));
#2026=CARTESIAN_POINT('Ctrl Pts',(-0.271710560262422,1.54679216067131,59.6244294550875));
#2027=CARTESIAN_POINT('Ctrl Pts',(-0.251004349812144,1.46027467432144,59.5768112548114));
#2028=CARTESIAN_POINT('Ctrl Pts',(-0.230894248837111,1.37617817430794,59.5249368460841));
#2029=CARTESIAN_POINT('Ctrl Pts',(-0.211486841470707,1.29488208963061,59.4688821471679));
#2030=CARTESIAN_POINT('Ctrl Pts',(-0.199663439048371,1.24535479799638,59.4347324407988));
#2031=CARTESIAN_POINT('Ctrl Pts',(-0.188101083773555,1.19686736215514,59.3990304188722));
#2032=CARTESIAN_POINT('Ctrl Pts',(-0.176826805260373,1.14951137777275,59.361786239422));
#2033=CARTESIAN_POINT('Ctrl Pts',(-0.157792311956281,1.06955972795488,59.2989064654718));
#2034=CARTESIAN_POINT('Ctrl Pts',(-0.139577896819657,0.992831084019605,
59.2316320215575));
#2035=CARTESIAN_POINT('Ctrl Pts',(-0.122202558650968,0.919547393427859,
59.1602753948003));
#2036=CARTESIAN_POINT('Ctrl Pts',(-0.117714658238445,0.900618846423774,
59.141844591811));
#2037=CARTESIAN_POINT('Ctrl Pts',(-0.113282842979003,0.881920337931123,
59.1231413160937));
#2038=CARTESIAN_POINT('Ctrl Pts',(-0.108907670427922,0.863456146638943,
59.1041707043971));
#2039=CARTESIAN_POINT('Ctrl Pts',(-0.0921935487611123,0.792918873849446,
59.0316987942521));
#2040=CARTESIAN_POINT('Ctrl Pts',(-0.0763851072923103,0.726144453037597,
58.9556829960079));
#2041=CARTESIAN_POINT('Ctrl Pts',(-0.0614922037102871,0.663283864542125,
58.8764897184804));
#2042=CARTESIAN_POINT('Ctrl Pts',(-0.0465335636424198,0.600145812745891,
58.7969468860297));
#2043=CARTESIAN_POINT('Ctrl Pts',(-0.0324983509522842,0.540955806815158,
58.7141976699744));
#2044=CARTESIAN_POINT('Ctrl Pts',(-0.0194153671353919,0.48590383313553,
58.6285807560668));
#2045=CARTESIAN_POINT('Ctrl Pts',(-0.00652027970378446,0.431642509891764,
58.5441934629298));
#2046=CARTESIAN_POINT('Ctrl Pts',(0.00544987964705508,0.38140092704829,
58.4570194312859));
#2047=CARTESIAN_POINT('Ctrl Pts',(0.0164467451220145,0.335401872979837,
58.3673634809949));
#2048=CARTESIAN_POINT('Ctrl Pts',(0.0249690547401919,0.299753698342502,
58.2978822484354));
#2049=CARTESIAN_POINT('Ctrl Pts',(0.0329064324673493,0.266654289803595,
58.2269099117911));
#2050=CARTESIAN_POINT('Ctrl Pts',(0.0402267019055838,0.236226339158446,
58.1545847556688));
#2051=CARTESIAN_POINT('Ctrl Pts',(0.0497300919483583,0.196723874717345,
58.0606901013348));
#2052=CARTESIAN_POINT('Ctrl Pts',(0.0581430434037441,0.161942297252914,
57.9650365527405));
#2053=CARTESIAN_POINT('Ctrl Pts',(0.0654134741956931,0.13203559080913,57.8679744089586));
#2054=CARTESIAN_POINT('Ctrl Pts',(0.0686698185360416,0.118640712698946,
57.8245013642917));
#2055=CARTESIAN_POINT('Ctrl Pts',(0.071696690787516,0.106224298485515,57.7807454153464));
#2056=CARTESIAN_POINT('Ctrl Pts',(0.0744879897944476,0.0948029686576555,
57.7367367090657));
#2057=CARTESIAN_POINT('',(2.,3.,60.));
#2058=CARTESIAN_POINT('Ctrl Pts',(0.117323604237751,0.0103472813697125,
57.0504708090776));
#2059=CARTESIAN_POINT('Ctrl Pts',(2.64956054679761,1.2970832931045,57.1774013832299));
#2060=CARTESIAN_POINT('Ctrl Pts',(5.17438455173456,2.59824540059075,57.3031382342852));
#2061=CARTESIAN_POINT('Ctrl Pts',(7.69214458592232,3.91251677377348,57.424928317246));
#2062=CARTESIAN_POINT('Ctrl Pts',(0.110566046937392,0.0236706374977027,
57.9383290955622));
#2063=CARTESIAN_POINT('Ctrl Pts',(2.62551664437238,1.34446132684564,58.0403255367927));
#2064=CARTESIAN_POINT('Ctrl Pts',(5.13566329613679,2.67398084923358,58.1394141092168));
#2065=CARTESIAN_POINT('Ctrl Pts',(7.63926461925461,4.01535259001776,58.2330834400524));
#2066=CARTESIAN_POINT('Ctrl Pts',(-0.234019978881831,0.703064408746149,
59.4640035558719));
#2067=CARTESIAN_POINT('Ctrl Pts',(2.27047742850451,2.04123553968142,59.4945124323109));
#2068=CARTESIAN_POINT('Ctrl Pts',(4.77096860321898,3.38643335236,59.5230354768948));
#2069=CARTESIAN_POINT('Ctrl Pts',(7.26836929600907,4.73663374261023,59.5498397860564));
#2070=CARTESIAN_POINT('Ctrl Pts',(-0.938252825693902,2.09154616303437,60.));
#2071=CARTESIAN_POINT('Ctrl Pts',(1.58291883077697,3.39032404827692,59.9996991217416));
#2072=CARTESIAN_POINT('Ctrl Pts',(4.1000865228422,4.69675190091373,60.000197980001));
#2073=CARTESIAN_POINT('Ctrl Pts',(6.61407638214258,6.00903896712763,60.));
#2074=CARTESIAN_POINT('Ctrl Pts',(-1.23950624729917,2.68550437047856,60.));
#2075=CARTESIAN_POINT('Ctrl Pts',(1.28863274889187,3.9677671851865,60.));
#2076=CARTESIAN_POINT('Ctrl Pts',(3.8131170366651,5.257234537976,60.));
#2077=CARTESIAN_POINT('Ctrl Pts',(6.33407639114764,6.55355571773927,60.));
#2078=CARTESIAN_POINT('',(6.35943205807615,3.21840825627496,57.3601442944339));
#2079=CARTESIAN_POINT('Ctrl Pts',(0.737963529470869,0.326084163433078,57.0815629416105));
#2080=CARTESIAN_POINT('Ctrl Pts',(2.6158026382985,1.28249176292088,57.1755778387362));
#2081=CARTESIAN_POINT('Ctrl Pts',(4.48957694522185,2.24678106569559,57.2688118052402));
#2082=CARTESIAN_POINT('Ctrl Pts',(6.35942896788381,3.21841427997904,57.3601405009249));
#2083=CARTESIAN_POINT('',(7.45822059985539,4.36742939120134,58.7196370205502));
#2084=CARTESIAN_POINT('Ctrl Pts',(7.45822059985539,4.36742939120135,58.7196370205502));
#2085=CARTESIAN_POINT('Ctrl Pts',(7.40136381724332,4.27426016105672,58.6383614476978));
#2086=CARTESIAN_POINT('Ctrl Pts',(7.34121661855775,4.1847772868211,58.5553258694087));
#2087=CARTESIAN_POINT('Ctrl Pts',(7.01924635113671,3.74642236544272,58.1240115126575));
#2088=CARTESIAN_POINT('Ctrl Pts',(6.70785714126117,3.45112651988043,57.7485769214232));
#2089=CARTESIAN_POINT('Ctrl Pts',(6.36423757684503,3.22160515196118,57.3654974602357));
#2090=CARTESIAN_POINT('Ctrl Pts',(6.3618356415115,3.22000509453653,57.3628210961113));
#2091=CARTESIAN_POINT('Ctrl Pts',(6.35943205806295,3.2184082562681,57.3601442944333));
#2092=CARTESIAN_POINT('',(5.00000000787778,5.86835931421901,60.));
#2093=CARTESIAN_POINT('Ctrl Pts',(4.99999999999949,5.86835930613611,60.));
#2094=CARTESIAN_POINT('Ctrl Pts',(5.00254851136486,5.86680240412097,60.));
#2095=CARTESIAN_POINT('Ctrl Pts',(5.00509702399004,5.8652455039702,59.9999967525449));
#2096=CARTESIAN_POINT('Ctrl Pts',(5.37146697836,5.64142849529074,59.9990630518162));
#2097=CARTESIAN_POINT('Ctrl Pts',(5.73533227171849,5.41919703713379,59.9319520699949));
#2098=CARTESIAN_POINT('Ctrl Pts',(6.41409189814903,5.00473608698527,59.669845850489));
#2099=CARTESIAN_POINT('Ctrl Pts',(6.7297080254994,4.81206226417174,59.4795067214906));
#2100=CARTESIAN_POINT('Ctrl Pts',(7.17402445231024,4.54086621932369,59.0793710208216));
#2101=CARTESIAN_POINT('Ctrl Pts',(7.32584747274163,4.44820965607493,58.9088643656525));
#2102=CARTESIAN_POINT('Ctrl Pts',(7.45822059985539,4.36742939120134,58.7196370205502));
#2103=CARTESIAN_POINT('Ctrl Pts',(4.99999919781794,5.86836089327234,60.));
#2104=CARTESIAN_POINT('Ctrl Pts',(3.12870476357938,4.90838622082262,60.));
#2105=CARTESIAN_POINT('Ctrl Pts',(1.25545740932545,3.95221832663193,60.));
#2106=CARTESIAN_POINT('Ctrl Pts',(-0.619795864939376,3.00000044066704,60.));
#2107=CARTESIAN_POINT('Ctrl Pts',(6.35943205807806,3.21840825627601,57.3601442944344));
#2108=CARTESIAN_POINT('Ctrl Pts',(6.35943205807806,2.18756095366892,49.7751431323768));
#2109=CARTESIAN_POINT('Ctrl Pts',(6.35943205807806,1.15671365106184,42.1901419703191));
#2110=CARTESIAN_POINT('Ctrl Pts',(6.35943205807806,0.125866348454753,34.6051408082614));
#2111=CARTESIAN_POINT('Ctrl Pts',(4.48560950386762,2.25713221630045,57.3601442944344));
#2112=CARTESIAN_POINT('Ctrl Pts',(4.48560950386762,1.49277765590292,49.7751431323767));
#2113=CARTESIAN_POINT('Ctrl Pts',(4.48560950386762,0.72842309550538,42.1901419703191));
#2114=CARTESIAN_POINT('Ctrl Pts',(4.48560950386762,-0.0359314648921551,
34.6051408082614));
#2115=CARTESIAN_POINT('Ctrl Pts',(2.61178694965719,1.29585617632489,57.3601442944344));
#2116=CARTESIAN_POINT('Ctrl Pts',(2.61178694965719,0.797994358136906,49.7751431323768));
#2117=CARTESIAN_POINT('Ctrl Pts',(2.61178694965719,0.300132539948922,42.1901419703191));
#2118=CARTESIAN_POINT('Ctrl Pts',(2.61178694965719,-0.197729278239063,34.6051408082614));
#2119=CARTESIAN_POINT('Ctrl Pts',(0.737964395446751,0.334580136349331,57.3601442944344));
#2120=CARTESIAN_POINT('Ctrl Pts',(0.73796439544675,0.103211060370897,49.7751431323768));
#2121=CARTESIAN_POINT('Ctrl Pts',(0.73796439544675,-0.128158015607537,42.1901419703191));
#2122=CARTESIAN_POINT('Ctrl Pts',(0.73796439544675,-0.359527091585972,34.6051408082614));
#2123=CARTESIAN_POINT('Ctrl Pts',(6.35930443787811,3.21843048391746,57.3601412798514));
#2124=CARTESIAN_POINT('Ctrl Pts',(6.06023454659443,2.0378764102895,49.7961812130995));
#2125=CARTESIAN_POINT('Ctrl Pts',(5.67648133650755,0.943627413192969,42.2130708565004));
#2126=CARTESIAN_POINT('Ctrl Pts',(5.25639308658026,0.0306241803575646,34.6051406812737));
#2127=CARTESIAN_POINT('Ctrl Pts',(6.41692683580099,3.45132245177369,58.8451290546171));
#2128=CARTESIAN_POINT('Ctrl Pts',(6.10816930694889,2.17301607760409,50.7323882707117));
#2129=CARTESIAN_POINT('Ctrl Pts',(5.69828810232693,0.986904330548816,42.5980303027429));
#2130=CARTESIAN_POINT('Ctrl Pts',(5.24699552554373,0.0102432389948931,34.4350530271374));
#2131=CARTESIAN_POINT('Ctrl Pts',(6.9603367949105,3.73981027984307,58.8056108250416));
#2132=CARTESIAN_POINT('Ctrl Pts',(6.74493606726362,2.42922082828436,50.6989527312858));
#2133=CARTESIAN_POINT('Ctrl Pts',(6.44871984642093,1.17994379268839,42.5752968296299));
#2134=CARTESIAN_POINT('Ctrl Pts',(6.09460588073907,0.079807428460319,34.4270498179009));
#2135=CARTESIAN_POINT('Ctrl Pts',(7.74662997544284,4.54369453917944,58.6954915076162));
#2136=CARTESIAN_POINT('Ctrl Pts',(7.69069195948591,3.26481305187346,50.5891549978875));
#2137=CARTESIAN_POINT('Ctrl Pts',(7.6131453310282,2.01954860431299,42.4719713203091));
#2138=CARTESIAN_POINT('Ctrl Pts',(7.50962631670218,0.866495315356443,34.3365430814466));
#2139=CARTESIAN_POINT('Ctrl Pts',(8.,5.61305338683071,58.5490064072817));
#2140=CARTESIAN_POINT('Ctrl Pts',(8.00018063704599,4.45092845576978,50.4328671653186));
#2141=CARTESIAN_POINT('Ctrl Pts',(7.99908480917483,3.3477948619322,42.3066320924619));
#2142=CARTESIAN_POINT('Ctrl Pts',(8.,2.3467724631565,34.1662404036924));
#2143=CARTESIAN_POINT('Ctrl Pts',(8.,6.07115580733372,58.4862536847711));
#2144=CARTESIAN_POINT('Ctrl Pts',(8.,4.95880329997394,50.3659466177999));
#2145=CARTESIAN_POINT('Ctrl Pts',(8.,3.91723515787986,42.2357688528775));
#2146=CARTESIAN_POINT('Ctrl Pts',(8.,2.98046583048632,34.09333535514));
#2147=CARTESIAN_POINT('',(8.,5.86835930350891,56.9999999903336));
#2148=CARTESIAN_POINT('Ctrl Pts',(8.,3.00000040166899,34.2629970602647));
#2149=CARTESIAN_POINT('Ctrl Pts',(8.,3.87447070855895,41.85198594039));
#2150=CARTESIAN_POINT('Ctrl Pts',(8.,4.83977612794216,49.430342466971));
#2151=CARTESIAN_POINT('Ctrl Pts',(8.,5.86837565646616,56.9999977679337));
#2152=CARTESIAN_POINT('Ctrl Pts',(8.,5.86835930613685,57.0000000000036));
#2153=CARTESIAN_POINT('Ctrl Pts',(8.,5.86610661199731,57.0025795577769));
#2154=CARTESIAN_POINT('Ctrl Pts',(7.99999667294085,5.86385392030069,57.0051591190627));
#2155=CARTESIAN_POINT('Ctrl Pts',(7.99900653793297,5.52865522027289,57.3889966892064));
#2156=CARTESIAN_POINT('Ctrl Pts',(7.9253371882105,5.19369536839956,57.7727038071716));
#2157=CARTESIAN_POINT('Ctrl Pts',(7.69410982568151,4.70083109263546,58.3374832776576));
#2158=CARTESIAN_POINT('Ctrl Pts',(7.58830388141944,4.52964724043811,58.5336830089674));
#2159=CARTESIAN_POINT('Ctrl Pts',(7.45822059985538,4.36742939120134,58.7196370205502));
#2160=CARTESIAN_POINT('Origin',(8.,0.,0.));
#2161=CARTESIAN_POINT('',(8.,5.,57.));
#2162=CARTESIAN_POINT('Origin',(5.,5.,57.));
#2163=CARTESIAN_POINT('',(5.0000000045618,14.1316406891832,60.));
#2164=CARTESIAN_POINT('Ctrl Pts',(7.4582205998586,15.6325706088006,58.7196370205456));
#2165=CARTESIAN_POINT('Ctrl Pts',(7.32497426051923,15.5512574690421,58.9101126222606));
#2166=CARTESIAN_POINT('Ctrl Pts',(7.1720238164218,15.4579128045499,59.0816153156476));
#2167=CARTESIAN_POINT('Ctrl Pts',(6.72728107882766,15.1864561632105,59.4809497010787));
#2168=CARTESIAN_POINT('Ctrl Pts',(6.41292839602402,14.9945534386845,59.6702611483576));
#2169=CARTESIAN_POINT('Ctrl Pts',(5.73552803627664,14.5809225228032,59.9319118166586));
#2170=CARTESIAN_POINT('Ctrl Pts',(5.37159781184003,14.3586514249767,59.9990548525941));
#2171=CARTESIAN_POINT('Ctrl Pts',(5.00514025179542,14.1347809041327,59.9999966972281));
#2172=CARTESIAN_POINT('Ctrl Pts',(5.00257012525698,14.1332107999443,60.));
#2173=CARTESIAN_POINT('Ctrl Pts',(5.00000000000013,14.1316406938636,60.));
#2174=CARTESIAN_POINT('',(5.,5.,60.));
#2175=CARTESIAN_POINT('Origin',(4.,10.,60.));
#2176=CARTESIAN_POINT('',(-0.619795671432328,17.0000000076811,60.));
#2177=CARTESIAN_POINT('Ctrl Pts',(-0.619795892092002,16.9999995731215,60.));
#2178=CARTESIAN_POINT('Ctrl Pts',(1.25545739013225,16.0477816831682,60.));
#2179=CARTESIAN_POINT('Ctrl Pts',(3.12870474881657,15.0916137867551,60.));
#2180=CARTESIAN_POINT('Ctrl Pts',(4.99999919381252,14.131639108786,60.));
#2181=CARTESIAN_POINT('',(6.,17.,60.));
#2182=CARTESIAN_POINT('Origin',(6.,17.,57.));
#2183=CARTESIAN_POINT('Ctrl Pts',(-0.619795873326037,16.9999995635925,60.));
#2184=CARTESIAN_POINT('Ctrl Pts',(-0.619110129204846,17.0028644476699,59.9999997464318));
#2185=CARTESIAN_POINT('Ctrl Pts',(-0.618424376959313,17.0057293492116,59.9999952469155));
#2186=CARTESIAN_POINT('Ctrl Pts',(-0.617738618713066,17.0085942594516,59.9999865051902));
#2187=CARTESIAN_POINT('Ctrl Pts',(-0.593663059535831,17.1091753554847,59.9996796012229));
#2188=CARTESIAN_POINT('Ctrl Pts',(-0.569629978996983,17.209559644797,59.9941491120541));
#2189=CARTESIAN_POINT('Ctrl Pts',(-0.545728874146019,17.3093729184322,59.9835928466427));
#2190=CARTESIAN_POINT('Ctrl Pts',(-0.521577451567973,17.4102315425626,59.9729260248206));
#2191=CARTESIAN_POINT('Ctrl Pts',(-0.497560381276709,17.5105079200824,59.9571273745973));
#2192=CARTESIAN_POINT('Ctrl Pts',(-0.4737703702344,17.6098149124082,59.9363467808396));
#2193=CARTESIAN_POINT('Ctrl Pts',(-0.450108800957719,17.7085857483863,59.9156783810673));
#2194=CARTESIAN_POINT('Ctrl Pts',(-0.426671453058045,17.8063984110562,59.8900813444846));
#2195=CARTESIAN_POINT('Ctrl Pts',(-0.403555858555862,17.9028592424659,59.8596543113763));
#2196=CARTESIAN_POINT('Ctrl Pts',(-0.380911955115067,17.9973517181863,59.8298481647238));
#2197=CARTESIAN_POINT('Ctrl Pts',(-0.358576474903971,18.0905476243725,59.7954067274928));
#2198=CARTESIAN_POINT('Ctrl Pts',(-0.336652483039691,18.1820542108889,59.7563813994565));
#2199=CARTESIAN_POINT('Ctrl Pts',(-0.314402983372701,18.2749194052763,59.7167766582887));
#2200=CARTESIAN_POINT('Ctrl Pts',(-0.292672925209099,18.3656439946145,59.6726219344189));
#2201=CARTESIAN_POINT('Ctrl Pts',(-0.27156321394725,18.4538497513136,59.6240428409423));
#2202=CARTESIAN_POINT('Ctrl Pts',(-0.250860361741891,18.5403554700301,59.5764000390091));
#2203=CARTESIAN_POINT('Ctrl Pts',(-0.23075383751191,18.6244391755671,59.5245013496251));
#2204=CARTESIAN_POINT('Ctrl Pts',(-0.211350180744249,18.7057215289642,59.4684227809153));
#2205=CARTESIAN_POINT('Ctrl Pts',(-0.199579551475977,18.755028958968,59.4344044486966));
#2206=CARTESIAN_POINT('Ctrl Pts',(-0.188067810200866,18.8033050480464,59.3988471802471));
#2207=CARTESIAN_POINT('Ctrl Pts',(-0.176841627614119,18.8504593973811,59.3617610358171));
#2208=CARTESIAN_POINT('Ctrl Pts',(-0.15780735495529,18.9304107731358,59.2988805526705));
#2209=CARTESIAN_POINT('Ctrl Pts',(-0.139592948235905,19.0071394542361,59.2316059496295));
#2210=CARTESIAN_POINT('Ctrl Pts',(-0.122217441718176,19.0804234351726,59.1602496748509));
#2211=CARTESIAN_POINT('Ctrl Pts',(-0.11770750932142,19.0994447971946,59.1417286622399));
#2212=CARTESIAN_POINT('Ctrl Pts',(-0.113254200989963,19.1182338783068,59.1229325348596));
#2213=CARTESIAN_POINT('Ctrl Pts',(-0.108858083351183,19.1367863351798,59.1038665043104));
#2214=CARTESIAN_POINT('Ctrl Pts',(-0.0921454791983566,19.2073167197731,
59.031383680256));
#2215=CARTESIAN_POINT('Ctrl Pts',(-0.0763384456430959,19.2740841368555,
58.9553576327115));
#2216=CARTESIAN_POINT('Ctrl Pts',(-0.0614469132297991,19.3369374641389,
58.8761546836368));
#2217=CARTESIAN_POINT('Ctrl Pts',(-0.0464899858173061,19.4000668068902,
58.7966039210097));
#2218=CARTESIAN_POINT('Ctrl Pts',(-0.0324564072397679,19.4592480212164,
58.7138475013959));
#2219=CARTESIAN_POINT('Ctrl Pts',(-0.0193750537134456,19.5142909841453,
58.6282240091209));
#2220=CARTESIAN_POINT('Ctrl Pts',(-0.00648192501066155,19.568541945546,
58.5438325351299));
#2221=CARTESIAN_POINT('Ctrl Pts',(0.00548632980479149,19.6187731730497,
58.4566550821668));
#2222=CARTESIAN_POINT('Ctrl Pts',(0.016481274747454,19.664761760656,58.3669963573999));
#2223=CARTESIAN_POINT('Ctrl Pts',(0.0249908671309188,19.7003548570163,58.2976045409456));
#2224=CARTESIAN_POINT('Ctrl Pts',(0.0329170567126757,19.7334058300102,58.2267259353321));
#2225=CARTESIAN_POINT('Ctrl Pts',(0.0402277667798738,19.7637924279317,58.1544982307663));
#2226=CARTESIAN_POINT('Ctrl Pts',(0.0497314760334888,19.8032941164404,58.0606043274465));
#2227=CARTESIAN_POINT('Ctrl Pts',(0.0581447157411267,19.8380748459189,57.964951614605));
#2228=CARTESIAN_POINT('Ctrl Pts',(0.0654153457466217,19.8679805216826,57.8678902939159));
#2229=CARTESIAN_POINT('Ctrl Pts',(0.0686698520651644,19.8813670109772,57.8244433462332));
#2230=CARTESIAN_POINT('Ctrl Pts',(0.0716951398976645,19.8937761574098,57.7807138264741));
#2231=CARTESIAN_POINT('Ctrl Pts',(0.0744851139389241,19.9051913605178,57.7367318196405));
#2232=CARTESIAN_POINT('Ctrl Pts',(7.69214458592406,16.0874832262256,57.424928317246));
#2233=CARTESIAN_POINT('Ctrl Pts',(5.17438454400129,17.401754603446,57.3031382339111));
#2234=CARTESIAN_POINT('Ctrl Pts',(2.64956054709252,18.7029167067457,57.1774013832447));
#2235=CARTESIAN_POINT('Ctrl Pts',(0.117323604220455,19.9896527186391,57.0504708090767));
#2236=CARTESIAN_POINT('Ctrl Pts',(7.63926461925634,15.9846474099813,58.2330834400525));
#2237=CARTESIAN_POINT('Ctrl Pts',(5.13566328844701,17.3260191548864,58.1394141089291));
#2238=CARTESIAN_POINT('Ctrl Pts',(2.62551664466527,18.6555386730006,58.0403255368046));
#2239=CARTESIAN_POINT('Ctrl Pts',(0.11056604692021,19.9763293625113,57.9383290955615));
#2240=CARTESIAN_POINT('Ctrl Pts',(7.26834848797558,15.2633257919457,59.5497990397936));
#2241=CARTESIAN_POINT('Ctrl Pts',(4.77094778751302,16.613526186344,59.5229947305497));
#2242=CARTESIAN_POINT('Ctrl Pts',(2.27044714069174,17.9587047434362,59.4944609470681));
#2243=CARTESIAN_POINT('Ctrl Pts',(-0.234050267003377,19.2968758745364,59.4639520706254));
#2244=CARTESIAN_POINT('Ctrl Pts',(6.61407638214432,13.9909610328715,60.));
#2245=CARTESIAN_POINT('Ctrl Pts',(4.10008651512051,15.303248103117,60.0001979800017));
#2246=CARTESIAN_POINT('Ctrl Pts',(1.58291883107057,16.6096759515719,59.9996991217416));
#2247=CARTESIAN_POINT('Ctrl Pts',(-0.938252825711122,17.9084538369745,60.));
#2248=CARTESIAN_POINT('Ctrl Pts',(6.33407639114938,13.4464442822598,60.));
#2249=CARTESIAN_POINT('Ctrl Pts',(3.813117028922,14.7427654660056,60.));
#2250=CARTESIAN_POINT('Ctrl Pts',(1.28863274918629,16.0322328146642,60.));
#2251=CARTESIAN_POINT('Ctrl Pts',(-1.23950624731644,17.3144956295302,60.));
#2252=CARTESIAN_POINT('Ctrl Pts',(6.35942896788658,16.7815857200264,57.3601405009263));
#2253=CARTESIAN_POINT('Ctrl Pts',(4.48957694217187,17.7532189359113,57.2688118050954));
#2254=CARTESIAN_POINT('Ctrl Pts',(2.61580263852921,18.7175082369738,57.1755778387494));
#2255=CARTESIAN_POINT('Ctrl Pts',(0.737963529471629,19.6739158365684,57.0815629416108));
#2256=CARTESIAN_POINT('Ctrl Pts',(6.35943205807882,16.7815917437236,57.3601442944346));
#2257=CARTESIAN_POINT('Ctrl Pts',(6.35943205807882,17.8124390463308,49.7751431323769));
#2258=CARTESIAN_POINT('Ctrl Pts',(6.35943205807882,18.843286348938,42.1901419703192));
#2259=CARTESIAN_POINT('Ctrl Pts',(6.35943205807882,19.8741336515452,34.6051408082614));
#2260=CARTESIAN_POINT('Ctrl Pts',(4.48560950388248,17.7428677836919,57.3601442944346));
#2261=CARTESIAN_POINT('Ctrl Pts',(4.48560950388248,18.5072223440916,49.7751431323769));
#2262=CARTESIAN_POINT('Ctrl Pts',(4.48560950388248,19.2715769044912,42.1901419703192));
#2263=CARTESIAN_POINT('Ctrl Pts',(4.48560950388248,20.0359314648909,34.6051408082614));
#2264=CARTESIAN_POINT('Ctrl Pts',(2.61178694968614,18.7041438236602,57.3601442944346));
#2265=CARTESIAN_POINT('Ctrl Pts',(2.61178694968614,19.2020056418524,49.7751431323769));
#2266=CARTESIAN_POINT('Ctrl Pts',(2.61178694968614,19.6998674600445,42.1901419703192));
#2267=CARTESIAN_POINT('Ctrl Pts',(2.61178694968614,20.1977292782366,34.6051408082614));
#2268=CARTESIAN_POINT('Ctrl Pts',(0.737964395489797,19.6654198636286,57.3601442944346));
#2269=CARTESIAN_POINT('Ctrl Pts',(0.737964395489796,19.8967889396131,49.7751431323769));
#2270=CARTESIAN_POINT('Ctrl Pts',(0.737964395489795,20.1281580155977,42.1901419703192));
#2271=CARTESIAN_POINT('Ctrl Pts',(0.737964395489794,20.3595270915823,34.6051408082614));
#2272=UNCERTAINTY_MEASURE_WITH_UNIT(LENGTH_MEASURE(0.01),#2276,
'DISTANCE_ACCURACY_VALUE',
'Maximum model space distance between geometric entities at asserted c
onnectivities');
#2273=UNCERTAINTY_MEASURE_WITH_UNIT(LENGTH_MEASURE(0.01),#2276,
'DISTANCE_ACCURACY_VALUE',
'Maximum model space distance between geometric entities at asserted c
onnectivities');
#2274=(
GEOMETRIC_REPRESENTATION_CONTEXT(3)
GLOBAL_UNCERTAINTY_ASSIGNED_CONTEXT((#2272))
GLOBAL_UNIT_ASSIGNED_CONTEXT((#2276,#2278,#2279))
REPRESENTATION_CONTEXT('','3D')
);
#2275=(
GEOMETRIC_REPRESENTATION_CONTEXT(3)
GLOBAL_UNCERTAINTY_ASSIGNED_CONTEXT((#2273))
GLOBAL_UNIT_ASSIGNED_CONTEXT((#2276,#2278,#2279))
REPRESENTATION_CONTEXT('','3D')
);
#2276=(
LENGTH_UNIT()
NAMED_UNIT(*)
SI_UNIT(.MILLI.,.METRE.)
);
#2277=(
LENGTH_UNIT()
NAMED_UNIT(*)
SI_UNIT($,.METRE.)
);
#2278=(
NAMED_UNIT(*)
PLANE_ANGLE_UNIT()
SI_UNIT($,.RADIAN.)
);
#2279=(
NAMED_UNIT(*)
SI_UNIT($,.STERADIAN.)
SOLID_ANGLE_UNIT()
);
#2280=SHAPE_DEFINITION_REPRESENTATION(#2281,#2282);
#2281=PRODUCT_DEFINITION_SHAPE('',$,#2284);
#2282=SHAPE_REPRESENTATION('',(#982),#2274);
#2283=PRODUCT_DEFINITION_CONTEXT('part definition',#2288,'design');
#2284=PRODUCT_DEFINITION('triangle brackets','triangle brackets v18',#2285,
#2283);
#2285=PRODUCT_DEFINITION_FORMATION('',$,#2290);
#2286=PRODUCT_RELATED_PRODUCT_CATEGORY('triangle brackets v18',
'triangle brackets v18',(#2290));
#2287=APPLICATION_PROTOCOL_DEFINITION('international standard',
'automotive_design',2009,#2288);
#2288=APPLICATION_CONTEXT(
'Core Data for Automotive Mechanical Design Process');
#2289=PRODUCT_CONTEXT('part definition',#2288,'mechanical');
#2290=PRODUCT('triangle brackets','triangle brackets v18',$,(#2289));
#2291=PRESENTATION_STYLE_ASSIGNMENT((#2292));
#2292=SURFACE_STYLE_USAGE(.BOTH.,#2293);
#2293=SURFACE_SIDE_STYLE('',(#2294));
#2294=SURFACE_STYLE_FILL_AREA(#2295);
#2295=FILL_AREA_STYLE('Steel - Satin',(#2296));
#2296=FILL_AREA_STYLE_COLOUR('Steel - Satin',#2297);
#2297=COLOUR_RGB('Steel - Satin',0.627450980392157,0.627450980392157,0.627450980392157);
ENDSEC;
END-ISO-10303-21;
