ISO-10303-21;
HEADER;
/* Generated by software containing ST-Developer
 * from STEP Tools, Inc. (www.steptools.com) 
 */

FILE_DESCRIPTION(
/* description */ ('KiCad electronic assembly'),
/* implementation_level */ '2;1');

FILE_NAME(
/* name */ 'controller_bracket.step',
/* time_stamp */ '2026-08-18T14:03:12+09:00',
/* author */ (''),
/* organization */ (''),
/* preprocessor_version */ 'ST-DEVELOPER v20.1',
/* originating_system */ 'Autodesk Translation Framework v15.8.0.0',
/* authorisation */ '');

FILE_SCHEMA (('AUTOMOTIVE_DESIGN { 1 0 10303 214 3 1 1 }'));
ENDSEC;

DATA;
#10=MECHANICAL_DESIGN_GEOMETRIC_PRESENTATION_REPRESENTATION('',(#13),#11127);
#11=SHAPE_REPRESENTATION_RELATIONSHIP('SRR','None',#11133,#12);
#12=ADVANCED_BREP_SHAPE_REPRESENTATION('',(#14),#11126);
#13=STYLED_ITEM('',(#11142),#14);
#14=MANIFOLD_SOLID_BREP('ControllerBracket',#3131);
#15=SPHERICAL_SURFACE('',#3291,0.600000000000023);
#16=SPHERICAL_SURFACE('',#3295,0.600000000000005);
#17=SPHERICAL_SURFACE('',#3310,0.599999999999999);
#18=SPHERICAL_SURFACE('',#3317,0.599999999999999);
#19=SPHERICAL_SURFACE('',#3326,0.599999999999996);
#20=SPHERICAL_SURFACE('',#3333,0.600000000000005);
#21=SPHERICAL_SURFACE('',#3340,0.599999999999999);
#22=SPHERICAL_SURFACE('',#3356,0.599999999999987);
#23=TOROIDAL_SURFACE('',#3235,2.3,0.5);
#24=TOROIDAL_SURFACE('',#3244,2.3,0.5);
#25=TOROIDAL_SURFACE('',#3253,2.3,0.5);
#26=TOROIDAL_SURFACE('',#3262,2.3,0.5);
#27=TOROIDAL_SURFACE('',#3302,5.6,0.6);
#28=TOROIDAL_SURFACE('',#3307,8.40000000000002,0.6);
#29=TOROIDAL_SURFACE('',#3321,5.6,0.6);
#30=TOROIDAL_SURFACE('',#3349,5.6,0.6);
#31=TOROIDAL_SURFACE('',#3352,5.6,0.6);
#32=TOROIDAL_SURFACE('',#3364,5.6,0.6);
#33=TOROIDAL_SURFACE('',#3369,8.40000000000007,0.6);
#34=TOROIDAL_SURFACE('',#3374,5.6,0.6);
#35=TOROIDAL_SURFACE('',#3380,5.6,0.6);
#36=TOROIDAL_SURFACE('',#3383,5.6,0.6);
#37=TOROIDAL_SURFACE('',#3388,5.6,0.6);
#38=TOROIDAL_SURFACE('',#3390,5.6,0.6);
#39=TOROIDAL_SURFACE('',#3396,5.6,0.6);
#40=TOROIDAL_SURFACE('',#3401,8.40000000000002,0.6);
#41=TOROIDAL_SURFACE('',#3406,5.6,0.6);
#42=TOROIDAL_SURFACE('',#3411,5.6,0.6);
#43=TOROIDAL_SURFACE('',#3416,8.40000000000007,0.6);
#44=TOROIDAL_SURFACE('',#3421,5.6,0.6);
#45=TOROIDAL_SURFACE('',#3425,5.6,0.6);
#46=TOROIDAL_SURFACE('',#3427,5.6,0.6);
#47=TOROIDAL_SURFACE('',#3450,4.6,0.6);
#48=TOROIDAL_SURFACE('',#3456,4.59999999999999,0.6);
#49=TOROIDAL_SURFACE('',#3465,3.10000000000002,0.6);
#50=TOROIDAL_SURFACE('',#3470,3.10000000000002,0.6);
#51=FACE_BOUND('',#428,.T.);
#52=FACE_BOUND('',#429,.T.);
#53=FACE_BOUND('',#435,.T.);
#54=FACE_BOUND('',#436,.T.);
#55=FACE_BOUND('',#437,.T.);
#56=FACE_BOUND('',#438,.T.);
#57=FACE_BOUND('',#439,.T.);
#58=FACE_BOUND('',#444,.T.);
#59=FACE_BOUND('',#448,.T.);
#60=FACE_BOUND('',#452,.T.);
#61=FACE_BOUND('',#456,.T.);
#62=FACE_BOUND('',#460,.T.);
#63=FACE_BOUND('',#464,.T.);
#64=FACE_BOUND('',#468,.T.);
#65=FACE_BOUND('',#472,.T.);
#66=FACE_BOUND('',#476,.T.);
#67=FACE_BOUND('',#480,.T.);
#68=PLANE('',#3192);
#69=PLANE('',#3201);
#70=PLANE('',#3202);
#71=PLANE('',#3208);
#72=PLANE('',#3225);
#73=PLANE('',#3226);
#74=PLANE('',#3229);
#75=PLANE('',#3234);
#76=PLANE('',#3242);
#77=PLANE('',#3251);
#78=PLANE('',#3260);
#79=PLANE('',#3269);
#80=PLANE('',#3274);
#81=PLANE('',#3275);
#82=PLANE('',#3279);
#83=PLANE('',#3280);
#84=PLANE('',#3284);
#85=PLANE('',#3285);
#86=PLANE('',#3289);
#87=PLANE('',#3290);
#88=PLANE('',#3434);
#89=PLANE('',#3436);
#90=PLANE('',#3437);
#91=PLANE('',#3439);
#92=PLANE('',#3441);
#93=PLANE('',#3442);
#94=PLANE('',#3444);
#95=PLANE('',#3446);
#96=PLANE('',#3448);
#97=PLANE('',#3449);
#98=PLANE('',#3474);
#99=PLANE('',#3475);
#100=PLANE('',#3478);
#101=PLANE('',#3479);
#102=PLANE('',#3480);
#103=PLANE('',#3482);
#104=PLANE('',#3484);
#105=PLANE('',#3486);
#106=PLANE('',#3487);
#107=CYLINDRICAL_SURFACE('',#3189,2.5);
#108=CYLINDRICAL_SURFACE('',#3203,2.5);
#109=CYLINDRICAL_SURFACE('',#3205,6.00000000000001);
#110=CYLINDRICAL_SURFACE('',#3227,6.00000000000001);
#111=CYLINDRICAL_SURFACE('',#3230,2.5);
#112=CYLINDRICAL_SURFACE('',#3232,6.);
#113=CYLINDRICAL_SURFACE('',#3240,1.8);
#114=CYLINDRICAL_SURFACE('',#3249,1.8);
#115=CYLINDRICAL_SURFACE('',#3258,1.8);
#116=CYLINDRICAL_SURFACE('',#3267,1.8);
#117=CYLINDRICAL_SURFACE('',#3271,1.70000000000002);
#118=CYLINDRICAL_SURFACE('',#3276,1.7);
#119=CYLINDRICAL_SURFACE('',#3281,1.70000000000002);
#120=CYLINDRICAL_SURFACE('',#3286,1.7);
#121=CYLINDRICAL_SURFACE('',#3299,0.6);
#122=CYLINDRICAL_SURFACE('',#3300,0.6);
#123=CYLINDRICAL_SURFACE('',#3305,0.6);
#124=CYLINDRICAL_SURFACE('',#3315,0.6);
#125=CYLINDRICAL_SURFACE('',#3325,0.6);
#126=CYLINDRICAL_SURFACE('',#3330,0.6);
#127=CYLINDRICAL_SURFACE('',#3332,0.6);
#128=CYLINDRICAL_SURFACE('',#3337,0.6);
#129=CYLINDRICAL_SURFACE('',#3339,0.6);
#130=CYLINDRICAL_SURFACE('',#3344,0.6);
#131=CYLINDRICAL_SURFACE('',#3345,0.6);
#132=CYLINDRICAL_SURFACE('',#3348,0.6);
#133=CYLINDRICAL_SURFACE('',#3360,0.6);
#134=CYLINDRICAL_SURFACE('',#3362,0.6);
#135=CYLINDRICAL_SURFACE('',#3367,0.6);
#136=CYLINDRICAL_SURFACE('',#3372,0.6);
#137=CYLINDRICAL_SURFACE('',#3377,0.6);
#138=CYLINDRICAL_SURFACE('',#3379,0.6);
#139=CYLINDRICAL_SURFACE('',#3386,0.6);
#140=CYLINDRICAL_SURFACE('',#3387,0.6);
#141=CYLINDRICAL_SURFACE('',#3393,0.6);
#142=CYLINDRICAL_SURFACE('',#3394,0.6);
#143=CYLINDRICAL_SURFACE('',#3399,0.6);
#144=CYLINDRICAL_SURFACE('',#3404,0.6);
#145=CYLINDRICAL_SURFACE('',#3409,0.6);
#146=CYLINDRICAL_SURFACE('',#3410,0.6);
#147=CYLINDRICAL_SURFACE('',#3414,0.6);
#148=CYLINDRICAL_SURFACE('',#3419,0.6);
#149=CYLINDRICAL_SURFACE('',#3424,0.6);
#150=CYLINDRICAL_SURFACE('',#3430,0.6);
#151=CYLINDRICAL_SURFACE('',#3431,0.6);
#152=CYLINDRICAL_SURFACE('',#3432,0.6);
#153=CYLINDRICAL_SURFACE('',#3433,5.);
#154=CYLINDRICAL_SURFACE('',#3435,9.00000000000002);
#155=CYLINDRICAL_SURFACE('',#3438,5.);
#156=CYLINDRICAL_SURFACE('',#3440,5.);
#157=CYLINDRICAL_SURFACE('',#3443,5.);
#158=CYLINDRICAL_SURFACE('',#3445,5.);
#159=CYLINDRICAL_SURFACE('',#3447,5.);
#160=CYLINDRICAL_SURFACE('',#3454,4.);
#161=CYLINDRICAL_SURFACE('',#3460,3.99999999999999);
#162=CYLINDRICAL_SURFACE('',#3462,0.6);
#163=CYLINDRICAL_SURFACE('',#3468,0.6);
#164=CYLINDRICAL_SURFACE('',#3472,2.50000000000002);
#165=CYLINDRICAL_SURFACE('',#3476,2.50000000000002);
#166=CYLINDRICAL_SURFACE('',#3481,5.);
#167=CYLINDRICAL_SURFACE('',#3483,5.);
#168=CYLINDRICAL_SURFACE('',#3485,9.00000000000007);
#169=FACE_OUTER_BOUND('',#370,.T.);
#170=FACE_OUTER_BOUND('',#371,.T.);
#171=FACE_OUTER_BOUND('',#372,.T.);
#172=FACE_OUTER_BOUND('',#373,.T.);
#173=FACE_OUTER_BOUND('',#374,.T.);
#174=FACE_OUTER_BOUND('',#375,.T.);
#175=FACE_OUTER_BOUND('',#376,.T.);
#176=FACE_OUTER_BOUND('',#377,.T.);
#177=FACE_OUTER_BOUND('',#378,.T.);
#178=FACE_OUTER_BOUND('',#379,.T.);
#179=FACE_OUTER_BOUND('',#380,.T.);
#180=FACE_OUTER_BOUND('',#381,.T.);
#181=FACE_OUTER_BOUND('',#382,.T.);
#182=FACE_OUTER_BOUND('',#383,.T.);
#183=FACE_OUTER_BOUND('',#384,.T.);
#184=FACE_OUTER_BOUND('',#385,.T.);
#185=FACE_OUTER_BOUND('',#386,.T.);
#186=FACE_OUTER_BOUND('',#387,.T.);
#187=FACE_OUTER_BOUND('',#388,.T.);
#188=FACE_OUTER_BOUND('',#389,.T.);
#189=FACE_OUTER_BOUND('',#390,.T.);
#190=FACE_OUTER_BOUND('',#391,.T.);
#191=FACE_OUTER_BOUND('',#392,.T.);
#192=FACE_OUTER_BOUND('',#393,.T.);
#193=FACE_OUTER_BOUND('',#394,.T.);
#194=FACE_OUTER_BOUND('',#395,.T.);
#195=FACE_OUTER_BOUND('',#396,.T.);
#196=FACE_OUTER_BOUND('',#397,.T.);
#197=FACE_OUTER_BOUND('',#398,.T.);
#198=FACE_OUTER_BOUND('',#399,.T.);
#199=FACE_OUTER_BOUND('',#400,.T.);
#200=FACE_OUTER_BOUND('',#401,.T.);
#201=FACE_OUTER_BOUND('',#402,.T.);
#202=FACE_OUTER_BOUND('',#403,.T.);
#203=FACE_OUTER_BOUND('',#404,.T.);
#204=FACE_OUTER_BOUND('',#405,.T.);
#205=FACE_OUTER_BOUND('',#406,.T.);
#206=FACE_OUTER_BOUND('',#407,.T.);
#207=FACE_OUTER_BOUND('',#408,.T.);
#208=FACE_OUTER_BOUND('',#409,.T.);
#209=FACE_OUTER_BOUND('',#410,.T.);
#210=FACE_OUTER_BOUND('',#411,.T.);
#211=FACE_OUTER_BOUND('',#412,.T.);
#212=FACE_OUTER_BOUND('',#413,.T.);
#213=FACE_OUTER_BOUND('',#414,.T.);
#214=FACE_OUTER_BOUND('',#415,.T.);
#215=FACE_OUTER_BOUND('',#416,.T.);
#216=FACE_OUTER_BOUND('',#417,.T.);
#217=FACE_OUTER_BOUND('',#418,.T.);
#218=FACE_OUTER_BOUND('',#419,.T.);
#219=FACE_OUTER_BOUND('',#420,.T.);
#220=FACE_OUTER_BOUND('',#421,.T.);
#221=FACE_OUTER_BOUND('',#422,.T.);
#222=FACE_OUTER_BOUND('',#423,.T.);
#223=FACE_OUTER_BOUND('',#424,.T.);
#224=FACE_OUTER_BOUND('',#425,.T.);
#225=FACE_OUTER_BOUND('',#426,.T.);
#226=FACE_OUTER_BOUND('',#427,.T.);
#227=FACE_OUTER_BOUND('',#430,.T.);
#228=FACE_OUTER_BOUND('',#431,.T.);
#229=FACE_OUTER_BOUND('',#432,.T.);
#230=FACE_OUTER_BOUND('',#433,.T.);
#231=FACE_OUTER_BOUND('',#434,.T.);
#232=FACE_OUTER_BOUND('',#440,.T.);
#233=FACE_OUTER_BOUND('',#441,.T.);
#234=FACE_OUTER_BOUND('',#442,.T.);
#235=FACE_OUTER_BOUND('',#443,.T.);
#236=FACE_OUTER_BOUND('',#445,.T.);
#237=FACE_OUTER_BOUND('',#446,.T.);
#238=FACE_OUTER_BOUND('',#447,.T.);
#239=FACE_OUTER_BOUND('',#449,.T.);
#240=FACE_OUTER_BOUND('',#450,.T.);
#241=FACE_OUTER_BOUND('',#451,.T.);
#242=FACE_OUTER_BOUND('',#453,.T.);
#243=FACE_OUTER_BOUND('',#454,.T.);
#244=FACE_OUTER_BOUND('',#455,.T.);
#245=FACE_OUTER_BOUND('',#457,.T.);
#246=FACE_OUTER_BOUND('',#458,.T.);
#247=FACE_OUTER_BOUND('',#459,.T.);
#248=FACE_OUTER_BOUND('',#461,.T.);
#249=FACE_OUTER_BOUND('',#462,.T.);
#250=FACE_OUTER_BOUND('',#463,.T.);
#251=FACE_OUTER_BOUND('',#465,.T.);
#252=FACE_OUTER_BOUND('',#466,.T.);
#253=FACE_OUTER_BOUND('',#467,.T.);
#254=FACE_OUTER_BOUND('',#469,.T.);
#255=FACE_OUTER_BOUND('',#470,.T.);
#256=FACE_OUTER_BOUND('',#471,.T.);
#257=FACE_OUTER_BOUND('',#473,.T.);
#258=FACE_OUTER_BOUND('',#474,.T.);
#259=FACE_OUTER_BOUND('',#475,.T.);
#260=FACE_OUTER_BOUND('',#477,.T.);
#261=FACE_OUTER_BOUND('',#478,.T.);
#262=FACE_OUTER_BOUND('',#479,.T.);
#263=FACE_OUTER_BOUND('',#481,.T.);
#264=FACE_OUTER_BOUND('',#482,.T.);
#265=FACE_OUTER_BOUND('',#483,.T.);
#266=FACE_OUTER_BOUND('',#484,.T.);
#267=FACE_OUTER_BOUND('',#485,.T.);
#268=FACE_OUTER_BOUND('',#486,.T.);
#269=FACE_OUTER_BOUND('',#487,.T.);
#270=FACE_OUTER_BOUND('',#488,.T.);
#271=FACE_OUTER_BOUND('',#489,.T.);
#272=FACE_OUTER_BOUND('',#490,.T.);
#273=FACE_OUTER_BOUND('',#491,.T.);
#274=FACE_OUTER_BOUND('',#492,.T.);
#275=FACE_OUTER_BOUND('',#493,.T.);
#276=FACE_OUTER_BOUND('',#494,.T.);
#277=FACE_OUTER_BOUND('',#495,.T.);
#278=FACE_OUTER_BOUND('',#496,.T.);
#279=FACE_OUTER_BOUND('',#497,.T.);
#280=FACE_OUTER_BOUND('',#498,.T.);
#281=FACE_OUTER_BOUND('',#499,.T.);
#282=FACE_OUTER_BOUND('',#500,.T.);
#283=FACE_OUTER_BOUND('',#501,.T.);
#284=FACE_OUTER_BOUND('',#502,.T.);
#285=FACE_OUTER_BOUND('',#503,.T.);
#286=FACE_OUTER_BOUND('',#504,.T.);
#287=FACE_OUTER_BOUND('',#505,.T.);
#288=FACE_OUTER_BOUND('',#506,.T.);
#289=FACE_OUTER_BOUND('',#507,.T.);
#290=FACE_OUTER_BOUND('',#508,.T.);
#291=FACE_OUTER_BOUND('',#509,.T.);
#292=FACE_OUTER_BOUND('',#510,.T.);
#293=FACE_OUTER_BOUND('',#511,.T.);
#294=FACE_OUTER_BOUND('',#512,.T.);
#295=FACE_OUTER_BOUND('',#513,.T.);
#296=FACE_OUTER_BOUND('',#514,.T.);
#297=FACE_OUTER_BOUND('',#515,.T.);
#298=FACE_OUTER_BOUND('',#516,.T.);
#299=FACE_OUTER_BOUND('',#517,.T.);
#300=FACE_OUTER_BOUND('',#518,.T.);
#301=FACE_OUTER_BOUND('',#519,.T.);
#302=FACE_OUTER_BOUND('',#520,.T.);
#303=FACE_OUTER_BOUND('',#521,.T.);
#304=FACE_OUTER_BOUND('',#522,.T.);
#305=FACE_OUTER_BOUND('',#523,.T.);
#306=FACE_OUTER_BOUND('',#524,.T.);
#307=FACE_OUTER_BOUND('',#525,.T.);
#308=FACE_OUTER_BOUND('',#526,.T.);
#309=FACE_OUTER_BOUND('',#527,.T.);
#310=FACE_OUTER_BOUND('',#528,.T.);
#311=FACE_OUTER_BOUND('',#529,.T.);
#312=FACE_OUTER_BOUND('',#530,.T.);
#313=FACE_OUTER_BOUND('',#531,.T.);
#314=FACE_OUTER_BOUND('',#532,.T.);
#315=FACE_OUTER_BOUND('',#533,.T.);
#316=FACE_OUTER_BOUND('',#534,.T.);
#317=FACE_OUTER_BOUND('',#535,.T.);
#318=FACE_OUTER_BOUND('',#536,.T.);
#319=FACE_OUTER_BOUND('',#537,.T.);
#320=FACE_OUTER_BOUND('',#538,.T.);
#321=FACE_OUTER_BOUND('',#539,.T.);
#322=FACE_OUTER_BOUND('',#540,.T.);
#323=FACE_OUTER_BOUND('',#541,.T.);
#324=FACE_OUTER_BOUND('',#542,.T.);
#325=FACE_OUTER_BOUND('',#543,.T.);
#326=FACE_OUTER_BOUND('',#544,.T.);
#327=FACE_OUTER_BOUND('',#545,.T.);
#328=FACE_OUTER_BOUND('',#546,.T.);
#329=FACE_OUTER_BOUND('',#547,.T.);
#330=FACE_OUTER_BOUND('',#548,.T.);
#331=FACE_OUTER_BOUND('',#549,.T.);
#332=FACE_OUTER_BOUND('',#550,.T.);
#333=FACE_OUTER_BOUND('',#551,.T.);
#334=FACE_OUTER_BOUND('',#552,.T.);
#335=FACE_OUTER_BOUND('',#553,.T.);
#336=FACE_OUTER_BOUND('',#554,.T.);
#337=FACE_OUTER_BOUND('',#555,.T.);
#338=FACE_OUTER_BOUND('',#556,.T.);
#339=FACE_OUTER_BOUND('',#557,.T.);
#340=FACE_OUTER_BOUND('',#558,.T.);
#341=FACE_OUTER_BOUND('',#559,.T.);
#342=FACE_OUTER_BOUND('',#560,.T.);
#343=FACE_OUTER_BOUND('',#561,.T.);
#344=FACE_OUTER_BOUND('',#562,.T.);
#345=FACE_OUTER_BOUND('',#563,.T.);
#346=FACE_OUTER_BOUND('',#564,.T.);
#347=FACE_OUTER_BOUND('',#565,.T.);
#348=FACE_OUTER_BOUND('',#566,.T.);
#349=FACE_OUTER_BOUND('',#567,.T.);
#350=FACE_OUTER_BOUND('',#568,.T.);
#351=FACE_OUTER_BOUND('',#569,.T.);
#352=FACE_OUTER_BOUND('',#570,.T.);
#353=FACE_OUTER_BOUND('',#571,.T.);
#354=FACE_OUTER_BOUND('',#572,.T.);
#355=FACE_OUTER_BOUND('',#573,.T.);
#356=FACE_OUTER_BOUND('',#574,.T.);
#357=FACE_OUTER_BOUND('',#575,.T.);
#358=FACE_OUTER_BOUND('',#576,.T.);
#359=FACE_OUTER_BOUND('',#577,.T.);
#360=FACE_OUTER_BOUND('',#578,.T.);
#361=FACE_OUTER_BOUND('',#579,.T.);
#362=FACE_OUTER_BOUND('',#580,.T.);
#363=FACE_OUTER_BOUND('',#581,.T.);
#364=FACE_OUTER_BOUND('',#582,.T.);
#365=FACE_OUTER_BOUND('',#583,.T.);
#366=FACE_OUTER_BOUND('',#584,.T.);
#367=FACE_OUTER_BOUND('',#585,.T.);
#368=FACE_OUTER_BOUND('',#586,.T.);
#369=FACE_OUTER_BOUND('',#587,.T.);
#370=EDGE_LOOP('',(#1934,#1935,#1936,#1937));
#371=EDGE_LOOP('',(#1938,#1939,#1940,#1941));
#372=EDGE_LOOP('',(#1942,#1943,#1944,#1945));
#373=EDGE_LOOP('',(#1946,#1947,#1948,#1949));
#374=EDGE_LOOP('',(#1950,#1951,#1952,#1953));
#375=EDGE_LOOP('',(#1954,#1955,#1956,#1957));
#376=EDGE_LOOP('',(#1958,#1959,#1960,#1961));
#377=EDGE_LOOP('',(#1962,#1963,#1964,#1965));
#378=EDGE_LOOP('',(#1966,#1967,#1968,#1969));
#379=EDGE_LOOP('',(#1970,#1971,#1972,#1973));
#380=EDGE_LOOP('',(#1974,#1975,#1976,#1977));
#381=EDGE_LOOP('',(#1978,#1979,#1980,#1981));
#382=EDGE_LOOP('',(#1982,#1983,#1984,#1985));
#383=EDGE_LOOP('',(#1986,#1987,#1988,#1989));
#384=EDGE_LOOP('',(#1990,#1991,#1992,#1993));
#385=EDGE_LOOP('',(#1994,#1995,#1996,#1997));
#386=EDGE_LOOP('',(#1998,#1999,#2000,#2001));
#387=EDGE_LOOP('',(#2002,#2003,#2004,#2005));
#388=EDGE_LOOP('',(#2006,#2007,#2008,#2009));
#389=EDGE_LOOP('',(#2010,#2011,#2012,#2013));
#390=EDGE_LOOP('',(#2014,#2015,#2016,#2017));
#391=EDGE_LOOP('',(#2018,#2019,#2020,#2021));
#392=EDGE_LOOP('',(#2022,#2023,#2024,#2025));
#393=EDGE_LOOP('',(#2026,#2027,#2028,#2029));
#394=EDGE_LOOP('',(#2030,#2031,#2032,#2033));
#395=EDGE_LOOP('',(#2034,#2035,#2036,#2037));
#396=EDGE_LOOP('',(#2038,#2039,#2040,#2041));
#397=EDGE_LOOP('',(#2042,#2043,#2044,#2045));
#398=EDGE_LOOP('',(#2046,#2047,#2048,#2049));
#399=EDGE_LOOP('',(#2050,#2051,#2052,#2053));
#400=EDGE_LOOP('',(#2054,#2055,#2056,#2057));
#401=EDGE_LOOP('',(#2058,#2059,#2060,#2061));
#402=EDGE_LOOP('',(#2062,#2063,#2064,#2065));
#403=EDGE_LOOP('',(#2066,#2067,#2068,#2069,#2070));
#404=EDGE_LOOP('',(#2071,#2072,#2073,#2074));
#405=EDGE_LOOP('',(#2075,#2076,#2077,#2078));
#406=EDGE_LOOP('',(#2079,#2080,#2081,#2082));
#407=EDGE_LOOP('',(#2083,#2084,#2085,#2086));
#408=EDGE_LOOP('',(#2087,#2088,#2089,#2090));
#409=EDGE_LOOP('',(#2091,#2092,#2093,#2094));
#410=EDGE_LOOP('',(#2095,#2096,#2097,#2098));
#411=EDGE_LOOP('',(#2099,#2100,#2101,#2102));
#412=EDGE_LOOP('',(#2103,#2104,#2105,#2106,#2107));
#413=EDGE_LOOP('',(#2108,#2109,#2110,#2111));
#414=EDGE_LOOP('',(#2112,#2113,#2114,#2115));
#415=EDGE_LOOP('',(#2116,#2117,#2118,#2119));
#416=EDGE_LOOP('',(#2120,#2121,#2122,#2123));
#417=EDGE_LOOP('',(#2124,#2125,#2126,#2127));
#418=EDGE_LOOP('',(#2128,#2129,#2130,#2131));
#419=EDGE_LOOP('',(#2132,#2133,#2134,#2135));
#420=EDGE_LOOP('',(#2136,#2137,#2138,#2139));
#421=EDGE_LOOP('',(#2140,#2141,#2142,#2143));
#422=EDGE_LOOP('',(#2144,#2145,#2146,#2147));
#423=EDGE_LOOP('',(#2148,#2149,#2150,#2151));
#424=EDGE_LOOP('',(#2152,#2153,#2154,#2155));
#425=EDGE_LOOP('',(#2156,#2157,#2158,#2159));
#426=EDGE_LOOP('',(#2160,#2161,#2162,#2163));
#427=EDGE_LOOP('',(#2164,#2165,#2166,#2167,#2168,#2169,#2170,#2171,#2172,
#2173,#2174,#2175,#2176,#2177,#2178,#2179));
#428=EDGE_LOOP('',(#2180,#2181,#2182,#2183));
#429=EDGE_LOOP('',(#2184));
#430=EDGE_LOOP('',(#2185,#2186,#2187,#2188));
#431=EDGE_LOOP('',(#2189,#2190,#2191,#2192));
#432=EDGE_LOOP('',(#2193,#2194,#2195,#2196));
#433=EDGE_LOOP('',(#2197,#2198,#2199,#2200));
#434=EDGE_LOOP('',(#2201,#2202,#2203,#2204,#2205,#2206,#2207,#2208,#2209,
#2210,#2211,#2212,#2213,#2214,#2215,#2216,#2217,#2218,#2219,#2220,#2221,
#2222,#2223,#2224,#2225,#2226,#2227,#2228,#2229,#2230,#2231,#2232,#2233,
#2234,#2235,#2236));
#435=EDGE_LOOP('',(#2237,#2238,#2239,#2240));
#436=EDGE_LOOP('',(#2241));
#437=EDGE_LOOP('',(#2242));
#438=EDGE_LOOP('',(#2243,#2244,#2245,#2246));
#439=EDGE_LOOP('',(#2247));
#440=EDGE_LOOP('',(#2248,#2249,#2250,#2251));
#441=EDGE_LOOP('',(#2252,#2253,#2254,#2255));
#442=EDGE_LOOP('',(#2256,#2257,#2258,#2259));
#443=EDGE_LOOP('',(#2260,#2261,#2262,#2263));
#444=EDGE_LOOP('',(#2264,#2265,#2266,#2267));
#445=EDGE_LOOP('',(#2268,#2269,#2270,#2271));
#446=EDGE_LOOP('',(#2272,#2273,#2274,#2275));
#447=EDGE_LOOP('',(#2276));
#448=EDGE_LOOP('',(#2277));
#449=EDGE_LOOP('',(#2278,#2279,#2280,#2281,#2282));
#450=EDGE_LOOP('',(#2283,#2284,#2285,#2286,#2287));
#451=EDGE_LOOP('',(#2288));
#452=EDGE_LOOP('',(#2289));
#453=EDGE_LOOP('',(#2290,#2291,#2292,#2293,#2294));
#454=EDGE_LOOP('',(#2295,#2296,#2297,#2298,#2299));
#455=EDGE_LOOP('',(#2300));
#456=EDGE_LOOP('',(#2301));
#457=EDGE_LOOP('',(#2302,#2303,#2304,#2305,#2306));
#458=EDGE_LOOP('',(#2307,#2308,#2309,#2310,#2311));
#459=EDGE_LOOP('',(#2312));
#460=EDGE_LOOP('',(#2313));
#461=EDGE_LOOP('',(#2314,#2315,#2316,#2317,#2318));
#462=EDGE_LOOP('',(#2319,#2320,#2321,#2322,#2323));
#463=EDGE_LOOP('',(#2324));
#464=EDGE_LOOP('',(#2325));
#465=EDGE_LOOP('',(#2326,#2327,#2328,#2329));
#466=EDGE_LOOP('',(#2330));
#467=EDGE_LOOP('',(#2331));
#468=EDGE_LOOP('',(#2332));
#469=EDGE_LOOP('',(#2333,#2334,#2335,#2336));
#470=EDGE_LOOP('',(#2337));
#471=EDGE_LOOP('',(#2338));
#472=EDGE_LOOP('',(#2339));
#473=EDGE_LOOP('',(#2340,#2341,#2342,#2343));
#474=EDGE_LOOP('',(#2344));
#475=EDGE_LOOP('',(#2345));
#476=EDGE_LOOP('',(#2346));
#477=EDGE_LOOP('',(#2347,#2348,#2349,#2350));
#478=EDGE_LOOP('',(#2351));
#479=EDGE_LOOP('',(#2352));
#480=EDGE_LOOP('',(#2353));
#481=EDGE_LOOP('',(#2354,#2355,#2356));
#482=EDGE_LOOP('',(#2357,#2358,#2359));
#483=EDGE_LOOP('',(#2360,#2361,#2362,#2363));
#484=EDGE_LOOP('',(#2364,#2365,#2366,#2367));
#485=EDGE_LOOP('',(#2368,#2369,#2370,#2371));
#486=EDGE_LOOP('',(#2372,#2373,#2374,#2375));
#487=EDGE_LOOP('',(#2376,#2377,#2378,#2379));
#488=EDGE_LOOP('',(#2380,#2381,#2382));
#489=EDGE_LOOP('',(#2383,#2384,#2385,#2386));
#490=EDGE_LOOP('',(#2387,#2388,#2389,#2390,#2391));
#491=EDGE_LOOP('',(#2392,#2393,#2394,#2395));
#492=EDGE_LOOP('',(#2396,#2397,#2398));
#493=EDGE_LOOP('',(#2399,#2400,#2401,#2402));
#494=EDGE_LOOP('',(#2403,#2404,#2405,#2406));
#495=EDGE_LOOP('',(#2407,#2408,#2409));
#496=EDGE_LOOP('',(#2410,#2411,#2412,#2413));
#497=EDGE_LOOP('',(#2414,#2415,#2416,#2417));
#498=EDGE_LOOP('',(#2418,#2419,#2420,#2421,#2422,#2423));
#499=EDGE_LOOP('',(#2424,#2425,#2426));
#500=EDGE_LOOP('',(#2427,#2428,#2429,#2430));
#501=EDGE_LOOP('',(#2431,#2432,#2433,#2434));
#502=EDGE_LOOP('',(#2435,#2436,#2437,#2438,#2439));
#503=EDGE_LOOP('',(#2440,#2441,#2442));
#504=EDGE_LOOP('',(#2443,#2444,#2445,#2446));
#505=EDGE_LOOP('',(#2447,#2448,#2449,#2450));
#506=EDGE_LOOP('',(#2451,#2452,#2453,#2454));
#507=EDGE_LOOP('',(#2455,#2456,#2457,#2458,#2459));
#508=EDGE_LOOP('',(#2460,#2461,#2462,#2463,#2464,#2465));
#509=EDGE_LOOP('',(#2466,#2467,#2468,#2469,#2470,#2471,#2472));
#510=EDGE_LOOP('',(#2473,#2474,#2475,#2476));
#511=EDGE_LOOP('',(#2477,#2478,#2479));
#512=EDGE_LOOP('',(#2480,#2481,#2482,#2483));
#513=EDGE_LOOP('',(#2484,#2485,#2486,#2487));
#514=EDGE_LOOP('',(#2488,#2489,#2490,#2491,#2492));
#515=EDGE_LOOP('',(#2493,#2494,#2495,#2496));
#516=EDGE_LOOP('',(#2497,#2498,#2499,#2500));
#517=EDGE_LOOP('',(#2501,#2502,#2503,#2504));
#518=EDGE_LOOP('',(#2505,#2506,#2507,#2508));
#519=EDGE_LOOP('',(#2509,#2510,#2511,#2512));
#520=EDGE_LOOP('',(#2513,#2514,#2515,#2516,#2517));
#521=EDGE_LOOP('',(#2518,#2519,#2520,#2521));
#522=EDGE_LOOP('',(#2522,#2523,#2524,#2525,#2526));
#523=EDGE_LOOP('',(#2527,#2528,#2529,#2530,#2531,#2532));
#524=EDGE_LOOP('',(#2533,#2534,#2535,#2536,#2537,#2538,#2539));
#525=EDGE_LOOP('',(#2540,#2541,#2542,#2543,#2544,#2545));
#526=EDGE_LOOP('',(#2546,#2547,#2548,#2549,#2550));
#527=EDGE_LOOP('',(#2551,#2552,#2553,#2554,#2555,#2556));
#528=EDGE_LOOP('',(#2557,#2558,#2559,#2560,#2561,#2562));
#529=EDGE_LOOP('',(#2563,#2564,#2565,#2566,#2567));
#530=EDGE_LOOP('',(#2568,#2569,#2570,#2571,#2572));
#531=EDGE_LOOP('',(#2573,#2574,#2575,#2576));
#532=EDGE_LOOP('',(#2577,#2578,#2579,#2580));
#533=EDGE_LOOP('',(#2581,#2582,#2583,#2584));
#534=EDGE_LOOP('',(#2585,#2586,#2587,#2588));
#535=EDGE_LOOP('',(#2589,#2590,#2591,#2592));
#536=EDGE_LOOP('',(#2593,#2594,#2595,#2596,#2597));
#537=EDGE_LOOP('',(#2598,#2599,#2600,#2601,#2602));
#538=EDGE_LOOP('',(#2603,#2604,#2605,#2606));
#539=EDGE_LOOP('',(#2607,#2608,#2609,#2610));
#540=EDGE_LOOP('',(#2611,#2612,#2613,#2614));
#541=EDGE_LOOP('',(#2615,#2616,#2617,#2618));
#542=EDGE_LOOP('',(#2619,#2620,#2621,#2622));
#543=EDGE_LOOP('',(#2623,#2624,#2625,#2626));
#544=EDGE_LOOP('',(#2627,#2628,#2629,#2630,#2631,#2632));
#545=EDGE_LOOP('',(#2633,#2634,#2635,#2636,#2637,#2638));
#546=EDGE_LOOP('',(#2639,#2640,#2641,#2642,#2643));
#547=EDGE_LOOP('',(#2644,#2645,#2646,#2647));
#548=EDGE_LOOP('',(#2648,#2649,#2650,#2651));
#549=EDGE_LOOP('',(#2652,#2653,#2654,#2655));
#550=EDGE_LOOP('',(#2656,#2657,#2658,#2659));
#551=EDGE_LOOP('',(#2660,#2661,#2662,#2663));
#552=EDGE_LOOP('',(#2664,#2665,#2666,#2667,#2668,#2669,#2670));
#553=EDGE_LOOP('',(#2671,#2672,#2673,#2674));
#554=EDGE_LOOP('',(#2675,#2676,#2677,#2678));
#555=EDGE_LOOP('',(#2679,#2680,#2681,#2682,#2683,#2684,#2685));
#556=EDGE_LOOP('',(#2686,#2687,#2688,#2689,#2690,#2691,#2692,#2693,#2694,
#2695));
#557=EDGE_LOOP('',(#2696,#2697,#2698,#2699,#2700,#2701,#2702));
#558=EDGE_LOOP('',(#2703,#2704,#2705,#2706,#2707,#2708,#2709,#2710,#2711,
#2712));
#559=EDGE_LOOP('',(#2713,#2714,#2715,#2716,#2717,#2718,#2719,#2720,#2721,
#2722));
#560=EDGE_LOOP('',(#2723,#2724,#2725,#2726,#2727,#2728,#2729));
#561=EDGE_LOOP('',(#2730,#2731,#2732,#2733,#2734,#2735,#2736,#2737,#2738,
#2739));
#562=EDGE_LOOP('',(#2740,#2741,#2742,#2743,#2744,#2745,#2746));
#563=EDGE_LOOP('',(#2747,#2748,#2749,#2750,#2751,#2752,#2753,#2754,#2755,
#2756));
#564=EDGE_LOOP('',(#2757,#2758,#2759,#2760,#2761,#2762,#2763));
#565=EDGE_LOOP('',(#2764,#2765,#2766,#2767,#2768,#2769,#2770,#2771,#2772,
#2773));
#566=EDGE_LOOP('',(#2774,#2775,#2776,#2777,#2778));
#567=EDGE_LOOP('',(#2779,#2780,#2781,#2782,#2783));
#568=EDGE_LOOP('',(#2784,#2785,#2786,#2787,#2788));
#569=EDGE_LOOP('',(#2789,#2790,#2791,#2792,#2793));
#570=EDGE_LOOP('',(#2794,#2795,#2796,#2797));
#571=EDGE_LOOP('',(#2798,#2799,#2800,#2801));
#572=EDGE_LOOP('',(#2802,#2803,#2804,#2805));
#573=EDGE_LOOP('',(#2806,#2807,#2808,#2809));
#574=EDGE_LOOP('',(#2810,#2811,#2812,#2813));
#575=EDGE_LOOP('',(#2814,#2815,#2816,#2817));
#576=EDGE_LOOP('',(#2818,#2819,#2820,#2821));
#577=EDGE_LOOP('',(#2822,#2823,#2824,#2825));
#578=EDGE_LOOP('',(#2826,#2827,#2828,#2829));
#579=EDGE_LOOP('',(#2830));
#580=EDGE_LOOP('',(#2831));
#581=EDGE_LOOP('',(#2832,#2833,#2834,#2835));
#582=EDGE_LOOP('',(#2836,#2837,#2838,#2839));
#583=EDGE_LOOP('',(#2840,#2841,#2842,#2843));
#584=EDGE_LOOP('',(#2844,#2845,#2846,#2847));
#585=EDGE_LOOP('',(#2848,#2849,#2850,#2851));
#586=EDGE_LOOP('',(#2852,#2853,#2854,#2855,#2856,#2857,#2858));
#587=EDGE_LOOP('',(#2859,#2860,#2861,#2862,#2863,#2864,#2865));
#588=CIRCLE('',#3133,0.599999999999999);
#589=CIRCLE('',#3134,0.600000000000005);
#590=CIRCLE('',#3135,0.600000000000005);
#591=CIRCLE('',#3136,0.599999999999999);
#592=CIRCLE('',#3137,0.599999999999999);
#593=CIRCLE('',#3138,0.600000000000022);
#594=CIRCLE('',#3139,0.600000000000022);
#595=CIRCLE('',#3140,0.599999999999999);
#596=CIRCLE('',#3141,0.600000000000038);
#597=CIRCLE('',#3142,0.600000000000038);
#598=CIRCLE('',#3143,0.599999999999999);
#599=CIRCLE('',#3144,0.599999999999999);
#600=CIRCLE('',#3145,0.599999999999987);
#601=CIRCLE('',#3146,0.599999999999987);
#602=CIRCLE('',#3147,0.599999999999999);
#603=CIRCLE('',#3148,0.600000000000012);
#604=CIRCLE('',#3149,0.600000000000012);
#605=CIRCLE('',#3150,0.599999999999999);
#606=CIRCLE('',#3151,0.599999999999999);
#607=CIRCLE('',#3152,0.600000000000005);
#608=CIRCLE('',#3153,0.600000000000005);
#609=CIRCLE('',#3154,0.599999999999999);
#610=CIRCLE('',#3155,0.599999999999987);
#611=CIRCLE('',#3156,0.599999999999987);
#612=CIRCLE('',#3157,0.599999999999999);
#613=CIRCLE('',#3158,0.599999999999999);
#614=CIRCLE('',#3159,0.599999999999984);
#615=CIRCLE('',#3160,0.599999999999984);
#616=CIRCLE('',#3161,0.599999999999999);
#617=CIRCLE('',#3162,0.600000000000005);
#618=CIRCLE('',#3163,0.600000000000005);
#619=CIRCLE('',#3164,0.599999999999999);
#620=CIRCLE('',#3165,0.599999999999999);
#621=CIRCLE('',#3166,0.60000000000001);
#622=CIRCLE('',#3167,0.60000000000001);
#623=CIRCLE('',#3168,0.599999999999999);
#624=CIRCLE('',#3169,0.599999999999999);
#625=CIRCLE('',#3170,0.599999999999999);
#626=CIRCLE('',#3171,0.599999999999999);
#627=CIRCLE('',#3172,0.599999999999999);
#628=CIRCLE('',#3173,0.599999999999996);
#629=CIRCLE('',#3174,0.599999999999996);
#630=CIRCLE('',#3175,0.599999999999999);
#631=CIRCLE('',#3176,0.599999999999999);
#632=CIRCLE('',#3177,0.599999999999999);
#633=CIRCLE('',#3178,0.599999999999999);
#634=CIRCLE('',#3179,0.599999999999999);
#635=CIRCLE('',#3180,0.600000000000005);
#636=CIRCLE('',#3181,0.600000000000005);
#637=CIRCLE('',#3182,0.599999999999999);
#638=CIRCLE('',#3183,0.599999999999996);
#639=CIRCLE('',#3184,0.599999999999996);
#640=CIRCLE('',#3185,0.599999999999999);
#641=CIRCLE('',#3186,0.599999999999999);
#642=CIRCLE('',#3187,0.600000000000004);
#643=CIRCLE('',#3188,0.600000000000004);
#644=CIRCLE('',#3190,2.5);
#645=CIRCLE('',#3191,2.5);
#646=CIRCLE('',#3193,5.6);
#647=CIRCLE('',#3194,8.40000000000002);
#648=CIRCLE('',#3195,5.6);
#649=CIRCLE('',#3196,5.6);
#650=CIRCLE('',#3197,8.40000000000007);
#651=CIRCLE('',#3198,5.6);
#652=CIRCLE('',#3199,2.5);
#653=CIRCLE('',#3200,2.5);
#654=CIRCLE('',#3204,2.5);
#655=CIRCLE('',#3206,6.00000000000001);
#656=CIRCLE('',#3207,6.00000000000001);
#657=CIRCLE('',#3209,5.6);
#658=CIRCLE('',#3210,5.6);
#659=CIRCLE('',#3211,8.40000000000007);
#660=CIRCLE('',#3212,5.6);
#661=CIRCLE('',#3213,5.6);
#662=CIRCLE('',#3214,5.6);
#663=CIRCLE('',#3215,5.6);
#664=CIRCLE('',#3216,8.40000000000002);
#665=CIRCLE('',#3217,5.6);
#666=CIRCLE('',#3218,5.6);
#667=CIRCLE('',#3219,6.00000000000001);
#668=CIRCLE('',#3220,6.);
#669=CIRCLE('',#3221,4.6);
#670=CIRCLE('',#3222,3.10000000000002);
#671=CIRCLE('',#3223,3.10000000000002);
#672=CIRCLE('',#3224,4.59999999999999);
#673=CIRCLE('',#3228,6.00000000000001);
#674=CIRCLE('',#3231,2.5);
#675=CIRCLE('',#3233,6.);
#676=CIRCLE('',#3236,2.3);
#677=CIRCLE('',#3237,0.5);
#678=CIRCLE('',#3238,1.8);
#679=CIRCLE('',#3239,1.8);
#680=CIRCLE('',#3241,1.8);
#681=CIRCLE('',#3243,5.);
#682=CIRCLE('',#3245,2.3);
#683=CIRCLE('',#3246,0.5);
#684=CIRCLE('',#3247,1.8);
#685=CIRCLE('',#3248,1.8);
#686=CIRCLE('',#3250,1.8);
#687=CIRCLE('',#3252,5.);
#688=CIRCLE('',#3254,2.3);
#689=CIRCLE('',#3255,0.5);
#690=CIRCLE('',#3256,1.8);
#691=CIRCLE('',#3257,1.8);
#692=CIRCLE('',#3259,1.8);
#693=CIRCLE('',#3261,5.);
#694=CIRCLE('',#3263,2.3);
#695=CIRCLE('',#3264,0.5);
#696=CIRCLE('',#3265,1.8);
#697=CIRCLE('',#3266,1.8);
#698=CIRCLE('',#3268,1.8);
#699=CIRCLE('',#3270,5.);
#700=CIRCLE('',#3272,1.70000000000002);
#701=CIRCLE('',#3273,1.70000000000002);
#702=CIRCLE('',#3277,1.7);
#703=CIRCLE('',#3278,1.7);
#704=CIRCLE('',#3282,1.70000000000002);
#705=CIRCLE('',#3283,1.70000000000002);
#706=CIRCLE('',#3287,1.7);
#707=CIRCLE('',#3288,1.7);
#708=CIRCLE('',#3292,0.599999999999999);
#709=CIRCLE('',#3293,0.600000000000023);
#710=CIRCLE('',#3294,0.599999999999987);
#711=CIRCLE('',#3296,0.599999999999996);
#712=CIRCLE('',#3297,0.600000000000005);
#713=CIRCLE('',#3298,0.599999999999999);
#714=CIRCLE('',#3301,0.599999999999999);
#715=CIRCLE('',#3303,0.599999999999999);
#716=CIRCLE('',#3304,5.);
#717=CIRCLE('',#3306,0.599999999999999);
#718=CIRCLE('',#3308,0.599999999999999);
#719=CIRCLE('',#3309,9.00000000000002);
#720=CIRCLE('',#3311,0.600000000000023);
#721=CIRCLE('',#3312,0.599999999999999);
#722=CIRCLE('',#3313,0.600000000000005);
#723=CIRCLE('',#3314,0.599999999999999);
#724=CIRCLE('',#3316,0.599999999999999);
#725=CIRCLE('',#3318,0.600000000000023);
#726=CIRCLE('',#3319,0.599999999999999);
#727=CIRCLE('',#3320,0.600000000000005);
#728=CIRCLE('',#3322,0.599999999999987);
#729=CIRCLE('',#3323,0.599999999999999);
#730=CIRCLE('',#3324,5.);
#731=CIRCLE('',#3327,0.599999999999987);
#732=CIRCLE('',#3328,0.599999999999996);
#733=CIRCLE('',#3329,0.599999999999999);
#734=CIRCLE('',#3331,0.599999999999999);
#735=CIRCLE('',#3334,0.600000000000005);
#736=CIRCLE('',#3335,0.600000000000005);
#737=CIRCLE('',#3336,0.599999999999999);
#738=CIRCLE('',#3338,0.599999999999999);
#739=CIRCLE('',#3341,0.600000000000023);
#740=CIRCLE('',#3342,0.599999999999999);
#741=CIRCLE('',#3343,0.600000000000023);
#742=CIRCLE('',#3346,0.599999999999999);
#743=CIRCLE('',#3347,0.599999999999999);
#744=CIRCLE('',#3350,5.6);
#745=CIRCLE('',#3351,5.);
#746=CIRCLE('',#3353,5.);
#747=CIRCLE('',#3354,5.);
#748=CIRCLE('',#3355,0.599999999999999);
#749=CIRCLE('',#3357,0.600000000000005);
#750=CIRCLE('',#3358,0.599999999999987);
#751=CIRCLE('',#3359,0.599999999999999);
#752=CIRCLE('',#3361,0.599999999999999);
#753=CIRCLE('',#3363,0.599999999999987);
#754=CIRCLE('',#3365,0.599999999999987);
#755=CIRCLE('',#3366,5.);
#756=CIRCLE('',#3368,0.600000000000005);
#757=CIRCLE('',#3370,0.599999999999863);
#758=CIRCLE('',#3371,9.00000000000007);
#759=CIRCLE('',#3373,0.600000000000005);
#760=CIRCLE('',#3375,0.600000000000023);
#761=CIRCLE('',#3376,5.);
#762=CIRCLE('',#3378,0.599999999999999);
#763=CIRCLE('',#3381,5.6);
#764=CIRCLE('',#3382,5.);
#765=CIRCLE('',#3384,5.);
#766=CIRCLE('',#3385,5.);
#767=CIRCLE('',#3389,5.);
#768=CIRCLE('',#3391,5.6);
#769=CIRCLE('',#3392,5.);
#770=CIRCLE('',#3395,0.600000000000005);
#771=CIRCLE('',#3397,0.599999999999987);
#772=CIRCLE('',#3398,5.);
#773=CIRCLE('',#3400,0.600000000000005);
#774=CIRCLE('',#3402,0.600000000000005);
#775=CIRCLE('',#3403,9.00000000000002);
#776=CIRCLE('',#3405,0.600000000000005);
#777=CIRCLE('',#3407,0.599999999999987);
#778=CIRCLE('',#3408,5.);
#779=CIRCLE('',#3412,0.599999999999999);
#780=CIRCLE('',#3413,5.);
#781=CIRCLE('',#3415,0.599999999999999);
#782=CIRCLE('',#3417,0.599999999999999);
#783=CIRCLE('',#3418,9.00000000000007);
#784=CIRCLE('',#3420,0.599999999999999);
#785=CIRCLE('',#3422,0.599999999999999);
#786=CIRCLE('',#3423,5.);
#787=CIRCLE('',#3426,5.);
#788=CIRCLE('',#3428,5.6);
#789=CIRCLE('',#3429,5.);
#790=CIRCLE('',#3451,4.);
#791=CIRCLE('',#3452,0.6);
#792=CIRCLE('',#3453,4.);
#793=CIRCLE('',#3455,4.);
#794=CIRCLE('',#3457,3.99999999999999);
#795=CIRCLE('',#3458,0.6);
#796=CIRCLE('',#3459,3.99999999999999);
#797=CIRCLE('',#3461,3.99999999999999);
#798=CIRCLE('',#3463,0.599999999999999);
#799=CIRCLE('',#3464,0.600000000000005);
#800=CIRCLE('',#3466,0.600000000000005);
#801=CIRCLE('',#3467,2.50000000000002);
#802=CIRCLE('',#3469,0.600000000000005);
#803=CIRCLE('',#3471,2.50000000000002);
#804=CIRCLE('',#3473,2.50000000000002);
#805=CIRCLE('',#3477,2.50000000000002);
#806=LINE('',#4418,#940);
#807=LINE('',#4495,#941);
#808=LINE('',#5552,#942);
#809=LINE('',#5606,#943);
#810=LINE('',#6190,#944);
#811=LINE('',#6244,#945);
#812=LINE('',#6421,#946);
#813=LINE('',#6498,#947);
#814=LINE('',#7148,#948);
#815=LINE('',#7225,#949);
#816=LINE('',#8287,#950);
#817=LINE('',#8341,#951);
#818=LINE('',#8930,#952);
#819=LINE('',#8984,#953);
#820=LINE('',#9161,#954);
#821=LINE('',#9238,#955);
#822=LINE('',#9808,#956);
#823=LINE('',#9812,#957);
#824=LINE('',#9819,#958);
#825=LINE('',#9823,#959);
#826=LINE('',#9827,#960);
#827=LINE('',#9829,#961);
#828=LINE('',#9831,#962);
#829=LINE('',#9835,#963);
#830=LINE('',#9839,#964);
#831=LINE('',#9843,#965);
#832=LINE('',#9845,#966);
#833=LINE('',#9846,#967);
#834=LINE('',#9848,#968);
#835=LINE('',#9851,#969);
#836=LINE('',#9856,#970);
#837=LINE('',#9857,#971);
#838=LINE('',#9860,#972);
#839=LINE('',#9861,#973);
#840=LINE('',#9867,#974);
#841=LINE('',#9871,#975);
#842=LINE('',#9876,#976);
#843=LINE('',#9880,#977);
#844=LINE('',#9884,#978);
#845=LINE('',#9887,#979);
#846=LINE('',#9889,#980);
#847=LINE('',#9892,#981);
#848=LINE('',#9896,#982);
#849=LINE('',#9900,#983);
#850=LINE('',#9903,#984);
#851=LINE('',#9905,#985);
#852=LINE('',#9907,#986);
#853=LINE('',#9910,#987);
#854=LINE('',#9917,#988);
#855=LINE('',#9921,#989);
#856=LINE('',#9927,#990);
#857=LINE('',#9928,#991);
#858=LINE('',#9931,#992);
#859=LINE('',#9932,#993);
#860=LINE('',#9939,#994);
#861=LINE('',#9942,#995);
#862=LINE('',#9955,#996);
#863=LINE('',#9970,#997);
#864=LINE('',#9985,#998);
#865=LINE('',#10000,#999);
#866=LINE('',#10009,#1000);
#867=LINE('',#10017,#1001);
#868=LINE('',#10025,#1002);
#869=LINE('',#10033,#1003);
#870=LINE('',#10051,#1004);
#871=LINE('',#10052,#1005);
#872=LINE('',#10056,#1006);
#873=LINE('',#10064,#1007);
#874=LINE('',#10169,#1008);
#875=LINE('',#10170,#1009);
#876=LINE('',#10283,#1010);
#877=LINE('',#10292,#1011);
#878=LINE('',#10293,#1012);
#879=LINE('',#10394,#1013);
#880=LINE('',#10403,#1014);
#881=LINE('',#10404,#1015);
#882=LINE('',#10499,#1016);
#883=LINE('',#10500,#1017);
#884=LINE('',#10508,#1018);
#885=LINE('',#10512,#1019);
#886=LINE('',#10607,#1020);
#887=LINE('',#10608,#1021);
#888=LINE('',#10723,#1022);
#889=LINE('',#10724,#1023);
#890=LINE('',#10827,#1024);
#891=LINE('',#10835,#1025);
#892=LINE('',#10843,#1026);
#893=LINE('',#10849,#1027);
#894=LINE('',#10944,#1028);
#895=LINE('',#10945,#1029);
#896=LINE('',#10954,#1030);
#897=LINE('',#10956,#1031);
#898=LINE('',#10957,#1032);
#899=LINE('',#10964,#1033);
#900=LINE('',#10965,#1034);
#901=LINE('',#10969,#1035);
#902=LINE('',#10977,#1036);
#903=LINE('',#10985,#1037);
#904=LINE('',#10991,#1038);
#905=LINE('',#10993,#1039);
#906=LINE('',#10994,#1040);
#907=LINE('',#11002,#1041);
#908=LINE('',#11010,#1042);
#909=LINE('',#11016,#1043);
#910=LINE('',#11023,#1044);
#911=LINE('',#11024,#1045);
#912=LINE('',#11026,#1046);
#913=LINE('',#11028,#1047);
#914=LINE('',#11030,#1048);
#915=LINE('',#11031,#1049);
#916=LINE('',#11033,#1050);
#917=LINE('',#11035,#1051);
#918=LINE('',#11037,#1052);
#919=LINE('',#11039,#1053);
#920=LINE('',#11042,#1054);
#921=LINE('',#11044,#1055);
#922=LINE('',#11048,#1056);
#923=LINE('',#11051,#1057);
#924=LINE('',#11054,#1058);
#925=LINE('',#11066,#1059);
#926=LINE('',#11076,#1060);
#927=LINE('',#11081,#1061);
#928=LINE('',#11090,#1062);
#929=LINE('',#11095,#1063);
#930=LINE('',#11098,#1064);
#931=LINE('',#11101,#1065);
#932=LINE('',#11102,#1066);
#933=LINE('',#11105,#1067);
#934=LINE('',#11106,#1068);
#935=LINE('',#11113,#1069);
#936=LINE('',#11114,#1070);
#937=LINE('',#11116,#1071);
#938=LINE('',#11118,#1072);
#939=LINE('',#11120,#1073);
#940=VECTOR('',#3490,10.);
#941=VECTOR('',#3495,10.);
#942=VECTOR('',#3514,10.);
#943=VECTOR('',#3519,10.);
#944=VECTOR('',#3530,10.);
#945=VECTOR('',#3535,10.);
#946=VECTOR('',#3538,10.);
#947=VECTOR('',#3543,10.);
#948=VECTOR('',#3554,10.);
#949=VECTOR('',#3559,10.);
#950=VECTOR('',#3578,10.);
#951=VECTOR('',#3583,10.);
#952=VECTOR('',#3594,10.);
#953=VECTOR('',#3599,10.);
#954=VECTOR('',#3602,10.);
#955=VECTOR('',#3607,10.);
#956=VECTOR('',#3620,10.);
#957=VECTOR('',#3623,10.);
#958=VECTOR('',#3630,10.);
#959=VECTOR('',#3633,10.);
#960=VECTOR('',#3636,10.);
#961=VECTOR('',#3637,10.);
#962=VECTOR('',#3638,10.);
#963=VECTOR('',#3641,10.);
#964=VECTOR('',#3644,10.);
#965=VECTOR('',#3647,10.);
#966=VECTOR('',#3648,10.);
#967=VECTOR('',#3649,10.);
#968=VECTOR('',#3650,10.);
#969=VECTOR('',#3653,10.);
#970=VECTOR('',#3658,10.);
#971=VECTOR('',#3659,10.);
#972=VECTOR('',#3662,10.);
#973=VECTOR('',#3663,10.);
#974=VECTOR('',#3670,10.);
#975=VECTOR('',#3673,10.);
#976=VECTOR('',#3680,10.);
#977=VECTOR('',#3683,10.);
#978=VECTOR('',#3686,10.);
#979=VECTOR('',#3689,10.);
#980=VECTOR('',#3692,10.);
#981=VECTOR('',#3695,10.);
#982=VECTOR('',#3698,10.);
#983=VECTOR('',#3701,10.);
#984=VECTOR('',#3704,10.);
#985=VECTOR('',#3707,10.);
#986=VECTOR('',#3708,10.);
#987=VECTOR('',#3711,10.);
#988=VECTOR('',#3716,10.);
#989=VECTOR('',#3719,10.);
#990=VECTOR('',#3726,10.);
#991=VECTOR('',#3727,10.);
#992=VECTOR('',#3730,10.);
#993=VECTOR('',#3731,10.);
#994=VECTOR('',#3742,2.5);
#995=VECTOR('',#3745,6.);
#996=VECTOR('',#3762,1.8);
#997=VECTOR('',#3781,1.8);
#998=VECTOR('',#3800,1.8);
#999=VECTOR('',#3819,1.8);
#1000=VECTOR('',#3830,1.70000000000002);
#1001=VECTOR('',#3841,1.7);
#1002=VECTOR('',#3852,1.70000000000002);
#1003=VECTOR('',#3863,1.7);
#1004=VECTOR('',#3888,10.);
#1005=VECTOR('',#3889,10.);
#1006=VECTOR('',#3894,10.);
#1007=VECTOR('',#3905,10.);
#1008=VECTOR('',#3924,10.);
#1009=VECTOR('',#3925,10.);
#1010=VECTOR('',#3946,10.);
#1011=VECTOR('',#3957,10.);
#1012=VECTOR('',#3958,10.);
#1013=VECTOR('',#3963,10.);
#1014=VECTOR('',#3974,10.);
#1015=VECTOR('',#3975,10.);
#1016=VECTOR('',#3980,10.);
#1017=VECTOR('',#3981,10.);
#1018=VECTOR('',#3992,10.);
#1019=VECTOR('',#3997,10.);
#1020=VECTOR('',#4002,10.);
#1021=VECTOR('',#4003,10.);
#1022=VECTOR('',#4028,10.);
#1023=VECTOR('',#4029,10.);
#1024=VECTOR('',#4036,10.);
#1025=VECTOR('',#4047,10.);
#1026=VECTOR('',#4058,10.);
#1027=VECTOR('',#4067,10.);
#1028=VECTOR('',#4072,10.);
#1029=VECTOR('',#4073,10.);
#1030=VECTOR('',#4088,10.);
#1031=VECTOR('',#4091,10.);
#1032=VECTOR('',#4092,10.);
#1033=VECTOR('',#4105,10.);
#1034=VECTOR('',#4106,10.);
#1035=VECTOR('',#4111,10.);
#1036=VECTOR('',#4122,10.);
#1037=VECTOR('',#4133,10.);
#1038=VECTOR('',#4142,10.);
#1039=VECTOR('',#4145,10.);
#1040=VECTOR('',#4146,10.);
#1041=VECTOR('',#4157,10.);
#1042=VECTOR('',#4168,10.);
#1043=VECTOR('',#4177,10.);
#1044=VECTOR('',#4190,10.);
#1045=VECTOR('',#4191,10.);
#1046=VECTOR('',#4194,10.);
#1047=VECTOR('',#4197,10.);
#1048=VECTOR('',#4200,10.);
#1049=VECTOR('',#4201,10.);
#1050=VECTOR('',#4204,10.);
#1051=VECTOR('',#4207,10.);
#1052=VECTOR('',#4210,10.);
#1053=VECTOR('',#4213,10.);
#1054=VECTOR('',#4218,10.);
#1055=VECTOR('',#4221,5.);
#1056=VECTOR('',#4228,5.);
#1057=VECTOR('',#4233,5.);
#1058=VECTOR('',#4238,5.);
#1059=VECTOR('',#4255,4.);
#1060=VECTOR('',#4268,3.99999999999999);
#1061=VECTOR('',#4273,10.);
#1062=VECTOR('',#4286,10.);
#1063=VECTOR('',#4293,10.);
#1064=VECTOR('',#4296,10.);
#1065=VECTOR('',#4299,10.);
#1066=VECTOR('',#4300,10.);
#1067=VECTOR('',#4303,10.);
#1068=VECTOR('',#4304,10.);
#1069=VECTOR('',#4317,10.);
#1070=VECTOR('',#4318,10.);
#1071=VECTOR('',#4321,10.);
#1072=VECTOR('',#4324,10.);
#1073=VECTOR('',#4327,10.);
#1074=B_SPLINE_CURVE_WITH_KNOTS('',3,(#4400,#4401,#4402,#4403,#4404,#4405,
#4406,#4407,#4408),.UNSPECIFIED.,.F.,.F.,(4,1,1,1,1,1,4),(0.,0.166666666666667,
0.333333333333333,0.5,0.666666666666667,0.833333333333333,1.),
 .UNSPECIFIED.);
#1075=B_SPLINE_CURVE_WITH_KNOTS('',3,(#4410,#4411,#4412,#4413,#4414,#4415,
#4416),.UNSPECIFIED.,.F.,.F.,(4,1,1,1,4),(0.,0.25,0.5,0.75,1.),
 .UNSPECIFIED.);
#1076=B_SPLINE_CURVE_WITH_KNOTS('',3,(#4484,#4485,#4486,#4487,#4488,#4489,
#4490,#4491,#4492),.UNSPECIFIED.,.F.,.F.,(4,1,1,1,1,1,4),(0.,0.166666666666667,
0.333333333333333,0.5,0.666666666666667,0.833333333333333,1.),
 .UNSPECIFIED.);
#1077=B_SPLINE_CURVE_WITH_KNOTS('',3,(#4560,#4561,#4562,#4563,#4564,#4565,
#4566),.UNSPECIFIED.,.F.,.F.,(4,1,1,1,4),(0.,0.25,0.5,0.75,1.),
 .UNSPECIFIED.);
#1078=B_SPLINE_CURVE_WITH_KNOTS('',3,(#4568,#4569,#4570,#4571,#4572,#4573,
#4574,#4575,#4576,#4577,#4578,#4579,#4580,#4581,#4582,#4583,#4584,#4585,
#4586,#4587,#4588,#4589,#4590,#4591,#4592,#4593,#4594,#4595,#4596,#4597,
#4598,#4599,#4600,#4601),.UNSPECIFIED.,.F.,.F.,(4,3,3,3,3,3,3,3,3,3,3,4),
(0.499999999999975,0.552067641987175,0.599402041338296,0.647143520665355,
0.700382002558795,0.747057549250617,0.804756873571101,0.844037615997508,
0.890487560590629,0.930691479399944,0.965345739699972,1.),.UNSPECIFIED.);
#1079=B_SPLINE_CURVE_WITH_KNOTS('',3,(#4667,#4668,#4669,#4670,#4671,#4672,
#4673,#4674,#4675),.UNSPECIFIED.,.F.,.F.,(4,1,1,1,1,1,4),(0.,0.166666666666667,
0.333333333333333,0.5,0.666666666666667,0.833333333333333,1.),
 .UNSPECIFIED.);
#1080=B_SPLINE_CURVE_WITH_KNOTS('',3,(#4678,#4679,#4680,#4681,#4682,#4683,
#4684,#4685,#4686,#4687,#4688,#4689,#4690,#4691,#4692,#4693,#4694,#4695,
#4696,#4697,#4698,#4699,#4700,#4701,#4702,#4703,#4704,#4705,#4706,#4707,
#4708),.UNSPECIFIED.,.F.,.F.,(4,3,3,3,3,3,3,3,3,3,4),(0.,0.0416907351706329,
0.0864612729273371,0.134804989055642,0.182488403772194,0.226550399275427,
0.268813800341772,0.326610350256323,0.384916793707887,0.445241001980601,
0.499999999999975),.UNSPECIFIED.);
#1081=B_SPLINE_CURVE_WITH_KNOTS('',3,(#4773,#4774,#4775,#4776,#4777,#4778,
#4779),.UNSPECIFIED.,.F.,.F.,(4,1,1,1,4),(0.,0.25,0.5,0.75,1.),
 .UNSPECIFIED.);
#1082=B_SPLINE_CURVE_WITH_KNOTS('',3,(#4781,#4782,#4783,#4784,#4785,#4786,
#4787,#4788,#4789,#4790,#4791,#4792,#4793,#4794,#4795,#4796,#4797,#4798,
#4799,#4800,#4801,#4802,#4803,#4804,#4805,#4806,#4807,#4808,#4809,#4810,
#4811,#4812,#4813,#4814,#4815,#4816,#4817,#4818,#4819,#4820,#4821,#4822,
#4823,#4824,#4825,#4826,#4827,#4828,#4829),.UNSPECIFIED.,.F.,.F.,(4,3,3,
3,3,3,3,3,3,3,3,3,3,3,3,3,4),(0.500000000000001,0.532516348265437,0.566265794045843,
0.601097105549406,0.636621246922932,0.672242214832825,0.707348207023313,
0.741507995450254,0.77393932979008,0.805277523520507,0.835604192332176,
0.865016404030515,0.893609784907586,0.921109424463049,0.948065526642944,
0.974206719514443,0.999999999999996),.UNSPECIFIED.);
#1083=B_SPLINE_CURVE_WITH_KNOTS('',3,(#4895,#4896,#4897,#4898,#4899,#4900,
#4901,#4902,#4903),.UNSPECIFIED.,.F.,.F.,(4,1,1,1,1,1,4),(0.,0.166666666666667,
0.333333333333333,0.5,0.666666666666667,0.833333333333333,1.),
 .UNSPECIFIED.);
#1084=B_SPLINE_CURVE_WITH_KNOTS('',3,(#4906,#4907,#4908,#4909,#4910,#4911,
#4912,#4913,#4914,#4915,#4916,#4917,#4918,#4919,#4920,#4921,#4922,#4923,
#4924,#4925,#4926,#4927,#4928,#4929,#4930,#4931,#4932,#4933,#4934,#4935,
#4936,#4937,#4938,#4939,#4940,#4941,#4942,#4943,#4944,#4945,#4946,#4947,
#4948,#4949,#4950,#4951,#4952,#4953,#4954),.UNSPECIFIED.,.F.,.F.,(4,3,3,
3,3,3,3,3,3,3,3,3,3,3,3,3,4),(0.,0.0258940808252205,0.05238885838358,0.0803645547346063,
0.108618676428727,0.137683788467677,0.167655626008633,0.198633624064882,
0.230704573916088,0.264571838483975,0.299375401687792,0.334830615959694,
0.370474985304679,0.40544021556963,0.439515226650635,0.471986466118624,
0.500000000000001),.UNSPECIFIED.);
#1085=B_SPLINE_CURVE_WITH_KNOTS('',3,(#5019,#5020,#5021,#5022,#5023,#5024,
#5025),.UNSPECIFIED.,.F.,.F.,(4,1,1,1,4),(0.,0.25,0.5,0.75,1.),
 .UNSPECIFIED.);
#1086=B_SPLINE_CURVE_WITH_KNOTS('',3,(#5027,#5028,#5029,#5030,#5031,#5032,
#5033,#5034,#5035,#5036,#5037,#5038,#5039,#5040,#5041,#5042,#5043,#5044,
#5045,#5046,#5047,#5048,#5049,#5050,#5051,#5052,#5053,#5054,#5055,#5056,
#5057,#5058,#5059,#5060),.UNSPECIFIED.,.F.,.F.,(4,3,3,3,3,3,3,3,3,3,3,4),
(0.499999999999958,0.570259005043156,0.625559696434288,0.672903667421956,
0.727506875319654,0.774498570401123,0.830873927800842,0.87017694160152,
0.915434434043141,0.951839529090999,0.983496684497127,1.),.UNSPECIFIED.);
#1087=B_SPLINE_CURVE_WITH_KNOTS('',3,(#5127,#5128,#5129,#5130,#5131,#5132,
#5133,#5134,#5135),.UNSPECIFIED.,.F.,.F.,(4,1,1,1,1,1,4),(0.,0.166666666666667,
0.333333333333333,0.5,0.666666666666667,0.833333333333333,1.),
 .UNSPECIFIED.);
#1088=B_SPLINE_CURVE_WITH_KNOTS('',3,(#5137,#5138,#5139,#5140,#5141,#5142,
#5143),.UNSPECIFIED.,.F.,.F.,(4,1,1,1,4),(0.,0.25,0.5,0.75,1.),
 .UNSPECIFIED.);
#1089=B_SPLINE_CURVE_WITH_KNOTS('',3,(#5145,#5146,#5147,#5148,#5149,#5150,
#5151,#5152,#5153,#5154,#5155,#5156,#5157,#5158,#5159,#5160,#5161,#5162,
#5163,#5164,#5165,#5166,#5167,#5168,#5169,#5170,#5171,#5172,#5173,#5174,
#5175,#5176,#5177,#5178,#5179,#5180,#5181,#5182,#5183,#5184,#5185,#5186,
#5187,#5188,#5189,#5190,#5191,#5192,#5193),.UNSPECIFIED.,.F.,.F.,(4,3,3,
3,3,3,3,3,3,3,3,3,3,3,3,3,4),(0.5,0.532516348265423,0.566265794045803,0.60109710554937,
0.636621246922931,0.672242214832807,0.707348207023156,0.741507995449876,
0.77393932978975,0.80527752352021,0.835604192331955,0.865016404030412,0.893609784907335,
0.921109424462801,0.948065526642732,0.974206719514173,1.),.UNSPECIFIED.);
#1090=B_SPLINE_CURVE_WITH_KNOTS('',3,(#5259,#5260,#5261,#5262,#5263,#5264,
#5265,#5266,#5267),.UNSPECIFIED.,.F.,.F.,(4,1,1,1,1,1,4),(0.,0.166666666666667,
0.333333333333333,0.5,0.666666666666667,0.833333333333333,1.),
 .UNSPECIFIED.);
#1091=B_SPLINE_CURVE_WITH_KNOTS('',3,(#5270,#5271,#5272,#5273,#5274,#5275,
#5276,#5277,#5278,#5279,#5280,#5281,#5282,#5283,#5284,#5285,#5286,#5287,
#5288,#5289,#5290,#5291,#5292,#5293,#5294,#5295,#5296,#5297,#5298,#5299,
#5300,#5301,#5302,#5303,#5304,#5305,#5306,#5307,#5308,#5309,#5310,#5311,
#5312,#5313,#5314,#5315,#5316,#5317,#5318),.UNSPECIFIED.,.F.,.F.,(4,3,3,
3,3,3,3,3,3,3,3,3,3,3,3,3,4),(0.,0.0258940808252106,0.0523888583835175,
0.0803645547345476,0.10861867642866,0.137683788467604,0.167655626008555,
0.19863362406487,0.23070457391596,0.264571838483831,0.299375401687602,0.334830615959495,
0.370474985304463,0.405440215569416,0.439515226650513,0.471986466118526,
0.5),.UNSPECIFIED.);
#1092=B_SPLINE_CURVE_WITH_KNOTS('',3,(#5374,#5375,#5376,#5377,#5378,#5379),
 .UNSPECIFIED.,.F.,.F.,(4,1,1,4),(0.,0.333333333333333,0.666666666666667,
1.),.UNSPECIFIED.);
#1093=B_SPLINE_CURVE_WITH_KNOTS('',3,(#5381,#5382,#5383,#5384,#5385,#5386,
#5387,#5388,#5389,#5390,#5391,#5392,#5393,#5394,#5395,#5396,#5397,#5398,
#5399,#5400,#5401,#5402,#5403,#5404,#5405,#5406,#5407,#5408,#5409,#5410,
#5411,#5412,#5413,#5414),.UNSPECIFIED.,.F.,.F.,(4,3,3,3,3,3,3,3,3,3,3,4),
(0.500000000000009,0.55689434682456,0.606749404406646,0.655325029488242,
0.710261186091902,0.759439662692084,0.805747338112365,0.845716721215575,
0.894233367735627,0.937560275469873,0.974273782489968,1.),.UNSPECIFIED.);
#1094=B_SPLINE_CURVE_WITH_KNOTS('',3,(#5459,#5460,#5461,#5462,#5463,#5464,
#5465),.UNSPECIFIED.,.F.,.F.,(4,1,1,1,4),(0.,0.25,0.5,0.75,1.),
 .UNSPECIFIED.);
#1095=B_SPLINE_CURVE_WITH_KNOTS('',3,(#5468,#5469,#5470,#5471,#5472,#5473,
#5474,#5475,#5476,#5477,#5478,#5479,#5480,#5481,#5482,#5483,#5484,#5485,
#5486,#5487,#5488,#5489,#5490,#5491,#5492,#5493,#5494,#5495,#5496,#5497,
#5498,#5499,#5500,#5501),.UNSPECIFIED.,.F.,.F.,(4,3,3,3,3,3,3,3,3,3,3,4),
(0.,0.0387195871579568,0.0799460380888752,0.124529069328569,0.172778637807739,
0.217964169307509,0.259633266692691,0.303906714763212,0.358298830230076,
0.416540046765133,0.477552677552473,0.500000000000009),.UNSPECIFIED.);
#1096=B_SPLINE_CURVE_WITH_KNOTS('',3,(#5545,#5546,#5547,#5548,#5549,#5550),
 .UNSPECIFIED.,.F.,.F.,(4,1,1,4),(0.,0.333333333333333,0.666666666666667,
1.),.UNSPECIFIED.);
#1097=B_SPLINE_CURVE_WITH_KNOTS('',3,(#5597,#5598,#5599,#5600,#5601,#5602,
#5603),.UNSPECIFIED.,.F.,.F.,(4,1,1,1,4),(0.,0.25,0.5,0.75,1.),
 .UNSPECIFIED.);
#1098=B_SPLINE_CURVE_WITH_KNOTS('',3,(#5657,#5658,#5659,#5660,#5661,#5662,
#5663),.UNSPECIFIED.,.F.,.F.,(4,1,1,1,4),(0.,0.25,0.5,0.75,1.),
 .UNSPECIFIED.);
#1099=B_SPLINE_CURVE_WITH_KNOTS('',3,(#5665,#5666,#5667,#5668,#5669,#5670,
#5671,#5672,#5673,#5674,#5675,#5676,#5677,#5678,#5679,#5680,#5681,#5682,
#5683,#5684,#5685,#5686,#5687,#5688,#5689,#5690,#5691,#5692,#5693,#5694,
#5695,#5696,#5697,#5698),.UNSPECIFIED.,.F.,.F.,(4,3,3,3,3,3,3,3,3,3,3,4),
(0.50000000000007,0.56258131701387,0.617258652387136,0.664872867957549,
0.720431339706945,0.774551408263806,0.82567727884416,0.870134111231178,
0.918353457084435,0.959176728542218,0.997320822171925,1.),.UNSPECIFIED.);
#1100=B_SPLINE_CURVE_WITH_KNOTS('',3,(#5765,#5766,#5767,#5768,#5769,#5770,
#5771,#5772,#5773),.UNSPECIFIED.,.F.,.F.,(4,1,1,1,1,1,4),(0.,0.166666666666667,
0.333333333333333,0.5,0.666666666666667,0.833333333333333,1.),
 .UNSPECIFIED.);
#1101=B_SPLINE_CURVE_WITH_KNOTS('',3,(#5775,#5776,#5777,#5778,#5779,#5780,
#5781),.UNSPECIFIED.,.F.,.F.,(4,1,1,1,4),(0.,0.25,0.5,0.75,1.),
 .UNSPECIFIED.);
#1102=B_SPLINE_CURVE_WITH_KNOTS('',3,(#5783,#5784,#5785,#5786,#5787,#5788,
#5789,#5790,#5791,#5792,#5793,#5794,#5795,#5796,#5797,#5798,#5799,#5800,
#5801,#5802,#5803,#5804,#5805,#5806,#5807,#5808,#5809,#5810,#5811,#5812,
#5813,#5814,#5815,#5816,#5817,#5818,#5819,#5820,#5821,#5822,#5823,#5824,
#5825,#5826,#5827,#5828,#5829,#5830,#5831),.UNSPECIFIED.,.F.,.F.,(4,3,3,
3,3,3,3,3,3,3,3,3,3,3,3,3,4),(0.499999999999998,0.53251634826542,0.566265794045735,
0.601097105549269,0.636621246922894,0.672242214832759,0.707348207023144,
0.741507995449694,0.773939329789585,0.805277523520117,0.835604192331819,
0.865016404030326,0.893609784907417,0.921109424462894,0.9480655266428,0.974206719514203,
1.),.UNSPECIFIED.);
#1103=B_SPLINE_CURVE_WITH_KNOTS('',3,(#5897,#5898,#5899,#5900,#5901,#5902,
#5903,#5904,#5905),.UNSPECIFIED.,.F.,.F.,(4,1,1,1,1,1,4),(0.,0.166666666666667,
0.333333333333333,0.5,0.666666666666667,0.833333333333333,1.),
 .UNSPECIFIED.);
#1104=B_SPLINE_CURVE_WITH_KNOTS('',3,(#5908,#5909,#5910,#5911,#5912,#5913,
#5914,#5915,#5916,#5917,#5918,#5919,#5920,#5921,#5922,#5923,#5924,#5925,
#5926,#5927,#5928,#5929,#5930,#5931,#5932,#5933,#5934,#5935,#5936,#5937,
#5938,#5939,#5940,#5941,#5942,#5943,#5944,#5945,#5946,#5947,#5948,#5949,
#5950,#5951,#5952,#5953,#5954,#5955,#5956),.UNSPECIFIED.,.F.,.F.,(4,3,3,
3,3,3,3,3,3,3,3,3,3,3,3,3,4),(0.,0.0258940808252376,0.0523888583835894,
0.0803645547346149,0.108618676428747,0.137683788467736,0.167655626008664,
0.198633624064897,0.230704573915808,0.264571838483679,0.299375401687456,
0.33483061595935,0.370474985304325,0.405440215569277,0.439515226650471,
0.471986466118506,0.499999999999998),.UNSPECIFIED.);
#1105=B_SPLINE_CURVE_WITH_KNOTS('',3,(#6012,#6013,#6014,#6015,#6016,#6017),
 .UNSPECIFIED.,.F.,.F.,(4,1,1,4),(0.,0.333333333333333,0.666666666666667,
1.),.UNSPECIFIED.);
#1106=B_SPLINE_CURVE_WITH_KNOTS('',3,(#6019,#6020,#6021,#6022,#6023,#6024,
#6025,#6026,#6027,#6028,#6029,#6030,#6031,#6032,#6033,#6034,#6035,#6036,
#6037,#6038,#6039,#6040,#6041,#6042,#6043,#6044,#6045,#6046,#6047,#6048,
#6049,#6050,#6051,#6052),.UNSPECIFIED.,.F.,.F.,(4,3,3,3,3,3,3,3,3,3,3,4),
(0.499999999999972,0.556894346832704,0.606749404411315,0.655325029505606,
0.710261186110863,0.75943966271389,0.805747338113807,0.845716721217955,
0.894233367737058,0.937560275469501,0.974273782488841,1.),.UNSPECIFIED.);
#1107=B_SPLINE_CURVE_WITH_KNOTS('',3,(#6097,#6098,#6099,#6100,#6101,#6102,
#6103),.UNSPECIFIED.,.F.,.F.,(4,1,1,1,4),(0.,0.25,0.5,0.75,1.),
 .UNSPECIFIED.);
#1108=B_SPLINE_CURVE_WITH_KNOTS('',3,(#6106,#6107,#6108,#6109,#6110,#6111,
#6112,#6113,#6114,#6115,#6116,#6117,#6118,#6119,#6120,#6121,#6122,#6123,
#6124,#6125,#6126,#6127,#6128,#6129,#6130,#6131,#6132,#6133,#6134,#6135,
#6136,#6137,#6138,#6139),.UNSPECIFIED.,.F.,.F.,(4,3,3,3,3,3,3,3,3,3,3,4),
(0.,0.0387195871583128,0.0799460380884155,0.124529069327638,0.172778637807073,
0.217964169306337,0.259633266689756,0.303906714071854,0.35829882949609,
0.416540045974323,0.477552676773004,0.499999999999972),.UNSPECIFIED.);
#1109=B_SPLINE_CURVE_WITH_KNOTS('',3,(#6183,#6184,#6185,#6186,#6187,#6188),
 .UNSPECIFIED.,.F.,.F.,(4,1,1,4),(0.,0.333333333333333,0.666666666666667,
1.),.UNSPECIFIED.);
#1110=B_SPLINE_CURVE_WITH_KNOTS('',3,(#6235,#6236,#6237,#6238,#6239,#6240,
#6241),.UNSPECIFIED.,.F.,.F.,(4,1,1,1,4),(0.,0.25,0.5,0.75,1.),
 .UNSPECIFIED.);
#1111=B_SPLINE_CURVE_WITH_KNOTS('',3,(#6295,#6296,#6297,#6298,#6299,#6300,
#6301),.UNSPECIFIED.,.F.,.F.,(4,1,1,1,4),(0.,0.25,0.5,0.75,1.),
 .UNSPECIFIED.);
#1112=B_SPLINE_CURVE_WITH_KNOTS('',3,(#6303,#6304,#6305,#6306,#6307,#6308,
#6309,#6310,#6311,#6312,#6313,#6314,#6315,#6316,#6317,#6318,#6319,#6320,
#6321,#6322,#6323,#6324,#6325,#6326,#6327,#6328,#6329,#6330,#6331,#6332,
#6333,#6334,#6335,#6336),.UNSPECIFIED.,.F.,.F.,(4,3,3,3,3,3,3,3,3,3,3,4),
(0.500000000000028,0.562581317011274,0.617258652384865,0.664872867947526,
0.720431339697357,0.774551408244682,0.825677278856577,0.870134111240538,
0.9183534570968,0.9591767285484,0.997320822176393,1.),.UNSPECIFIED.);
#1113=B_SPLINE_CURVE_WITH_KNOTS('',3,(#6403,#6404,#6405,#6406,#6407,#6408,
#6409,#6410,#6411),.UNSPECIFIED.,.F.,.F.,(4,1,1,1,1,1,4),(0.,0.166666666666667,
0.333333333333333,0.5,0.666666666666667,0.833333333333333,1.),
 .UNSPECIFIED.);
#1114=B_SPLINE_CURVE_WITH_KNOTS('',3,(#6413,#6414,#6415,#6416,#6417,#6418,
#6419),.UNSPECIFIED.,.F.,.F.,(4,1,1,1,4),(0.,0.25,0.5,0.75,1.),
 .UNSPECIFIED.);
#1115=B_SPLINE_CURVE_WITH_KNOTS('',3,(#6487,#6488,#6489,#6490,#6491,#6492,
#6493,#6494,#6495),.UNSPECIFIED.,.F.,.F.,(4,1,1,1,1,1,4),(0.,0.166666666666667,
0.333333333333333,0.5,0.666666666666667,0.833333333333333,1.),
 .UNSPECIFIED.);
#1116=B_SPLINE_CURVE_WITH_KNOTS('',3,(#6563,#6564,#6565,#6566,#6567,#6568,
#6569),.UNSPECIFIED.,.F.,.F.,(4,1,1,1,4),(0.,0.25,0.5,0.75,1.),
 .UNSPECIFIED.);
#1117=B_SPLINE_CURVE_WITH_KNOTS('',3,(#6571,#6572,#6573,#6574,#6575,#6576,
#6577,#6578,#6579,#6580,#6581,#6582,#6583,#6584,#6585,#6586,#6587,#6588,
#6589,#6590,#6591,#6592,#6593,#6594,#6595,#6596,#6597,#6598,#6599,#6600,
#6601,#6602,#6603,#6604),.UNSPECIFIED.,.F.,.F.,(4,3,3,3,3,3,3,3,3,3,3,4),
(0.499999999999975,0.552067641984674,0.599402041343187,0.647143520667453,
0.70038200256223,0.747057549257514,0.804756873567251,0.844037615994209,
0.890487560587981,0.930691479398051,0.965345739699026,1.),.UNSPECIFIED.);
#1118=B_SPLINE_CURVE_WITH_KNOTS('',3,(#6670,#6671,#6672,#6673,#6674,#6675,
#6676,#6677,#6678),.UNSPECIFIED.,.F.,.F.,(4,1,1,1,1,1,4),(0.,0.166666666666667,
0.333333333333333,0.5,0.666666666666667,0.833333333333333,1.),
 .UNSPECIFIED.);
#1119=B_SPLINE_CURVE_WITH_KNOTS('',3,(#6681,#6682,#6683,#6684,#6685,#6686,
#6687,#6688,#6689,#6690,#6691,#6692,#6693,#6694,#6695,#6696,#6697,#6698,
#6699,#6700,#6701,#6702,#6703,#6704,#6705,#6706,#6707,#6708,#6709,#6710,
#6711),.UNSPECIFIED.,.F.,.F.,(4,3,3,3,3,3,3,3,3,3,4),(0.,0.0416907351680831,
0.0864612729237702,0.134804989063527,0.182488403780069,0.226550399283813,
0.268813800351208,0.326610350263399,0.384916793713723,0.445241001987824,
0.499999999999975),.UNSPECIFIED.);
#1120=B_SPLINE_CURVE_WITH_KNOTS('',3,(#6776,#6777,#6778,#6779,#6780,#6781,
#6782),.UNSPECIFIED.,.F.,.F.,(4,1,1,1,4),(0.,0.25,0.5,0.75,1.),
 .UNSPECIFIED.);
#1121=B_SPLINE_CURVE_WITH_KNOTS('',3,(#6784,#6785,#6786,#6787,#6788,#6789,
#6790,#6791,#6792,#6793,#6794,#6795,#6796,#6797,#6798,#6799,#6800,#6801,
#6802,#6803,#6804,#6805,#6806,#6807,#6808,#6809,#6810,#6811,#6812,#6813,
#6814,#6815,#6816,#6817,#6818,#6819,#6820,#6821,#6822,#6823,#6824,#6825,
#6826,#6827,#6828,#6829,#6830,#6831,#6832),.UNSPECIFIED.,.F.,.F.,(4,3,3,
3,3,3,3,3,3,3,3,3,3,3,3,3,4),(0.500000000000001,0.532516348265424,0.566265794045786,
0.601097105549355,0.636621246922914,0.672242214832794,0.707348207023135,
0.741507995449869,0.773939329789735,0.805277523520207,0.835604192331945,
0.865016404030428,0.89360978490729,0.921109424462751,0.9480655266427,0.974206719514147,
1.),.UNSPECIFIED.);
#1122=B_SPLINE_CURVE_WITH_KNOTS('',3,(#6898,#6899,#6900,#6901,#6902,#6903,
#6904,#6905,#6906),.UNSPECIFIED.,.F.,.F.,(4,1,1,1,1,1,4),(0.,0.166666666666667,
0.333333333333333,0.5,0.666666666666667,0.833333333333333,1.),
 .UNSPECIFIED.);
#1123=B_SPLINE_CURVE_WITH_KNOTS('',3,(#6909,#6910,#6911,#6912,#6913,#6914,
#6915,#6916,#6917,#6918,#6919,#6920,#6921,#6922,#6923,#6924,#6925,#6926,
#6927,#6928,#6929,#6930,#6931,#6932,#6933,#6934,#6935,#6936,#6937,#6938,
#6939,#6940,#6941,#6942,#6943,#6944,#6945,#6946,#6947,#6948,#6949,#6950,
#6951,#6952,#6953,#6954,#6955,#6956,#6957),.UNSPECIFIED.,.F.,.F.,(4,3,3,
3,3,3,3,3,3,3,3,3,3,3,3,3,4),(0.,0.025894080825266,0.0523888583836437,0.080364554734666,
0.10861867642879,0.137683788467747,0.167655626008735,0.198633624065015,
0.230704573916027,0.264571838483903,0.29937540168768,0.334830615959578,
0.370474985304554,0.405440215569499,0.439515226650595,0.471986466118613,
0.500000000000001),.UNSPECIFIED.);
#1124=B_SPLINE_CURVE_WITH_KNOTS('',3,(#7022,#7023,#7024,#7025,#7026,#7027,
#7028),.UNSPECIFIED.,.F.,.F.,(4,1,1,1,4),(0.,0.25,0.5,0.75,1.),
 .UNSPECIFIED.);
#1125=B_SPLINE_CURVE_WITH_KNOTS('',3,(#7030,#7031,#7032,#7033,#7034,#7035,
#7036,#7037,#7038,#7039,#7040,#7041,#7042,#7043,#7044,#7045,#7046,#7047,
#7048,#7049,#7050,#7051,#7052,#7053,#7054,#7055,#7056,#7057,#7058,#7059,
#7060,#7061,#7062,#7063),.UNSPECIFIED.,.F.,.F.,(4,3,3,3,3,3,3,3,3,3,3,4),
(0.499999999999943,0.570259005038495,0.625559696434336,0.672903667419494,
0.727506875318888,0.774498570402596,0.830873927801947,0.870176941610333,
0.915434434048883,0.951839529098543,0.983496684504541,1.),.UNSPECIFIED.);
#1126=B_SPLINE_CURVE_WITH_KNOTS('',3,(#7130,#7131,#7132,#7133,#7134,#7135,
#7136,#7137,#7138),.UNSPECIFIED.,.F.,.F.,(4,1,1,1,1,1,4),(0.,0.166666666666667,
0.333333333333333,0.5,0.666666666666667,0.833333333333333,1.),
 .UNSPECIFIED.);
#1127=B_SPLINE_CURVE_WITH_KNOTS('',3,(#7140,#7141,#7142,#7143,#7144,#7145,
#7146),.UNSPECIFIED.,.F.,.F.,(4,1,1,1,4),(0.,0.25,0.5,0.75,1.),
 .UNSPECIFIED.);
#1128=B_SPLINE_CURVE_WITH_KNOTS('',3,(#7214,#7215,#7216,#7217,#7218,#7219,
#7220,#7221,#7222),.UNSPECIFIED.,.F.,.F.,(4,1,1,1,1,1,4),(0.,0.166666666666667,
0.333333333333333,0.5,0.666666666666667,0.833333333333333,1.),
 .UNSPECIFIED.);
#1129=B_SPLINE_CURVE_WITH_KNOTS('',3,(#7290,#7291,#7292,#7293,#7294,#7295,
#7296),.UNSPECIFIED.,.F.,.F.,(4,1,1,1,4),(0.,0.25,0.5,0.75,1.),
 .UNSPECIFIED.);
#1130=B_SPLINE_CURVE_WITH_KNOTS('',3,(#7298,#7299,#7300,#7301,#7302,#7303,
#7304,#7305,#7306,#7307,#7308,#7309,#7310,#7311,#7312,#7313,#7314,#7315,
#7316,#7317,#7318,#7319,#7320,#7321,#7322,#7323,#7324,#7325,#7326,#7327,
#7328,#7329,#7330,#7331),.UNSPECIFIED.,.F.,.F.,(4,3,3,3,3,3,3,3,3,3,3,4),
(0.499999999999971,0.552067641989969,0.599402041344177,0.647143520676049,
0.700382002568398,0.747057549260705,0.804756873554545,0.844037615978572,
0.890487560570764,0.930691479383302,0.965345739691651,1.),.UNSPECIFIED.);
#1131=B_SPLINE_CURVE_WITH_KNOTS('',3,(#7397,#7398,#7399,#7400,#7401,#7402,
#7403,#7404,#7405),.UNSPECIFIED.,.F.,.F.,(4,1,1,1,1,1,4),(0.,0.166666666666667,
0.333333333333333,0.5,0.666666666666667,0.833333333333333,1.),
 .UNSPECIFIED.);
#1132=B_SPLINE_CURVE_WITH_KNOTS('',3,(#7408,#7409,#7410,#7411,#7412,#7413,
#7414,#7415,#7416,#7417,#7418,#7419,#7420,#7421,#7422,#7423,#7424,#7425,
#7426,#7427,#7428,#7429,#7430,#7431,#7432,#7433,#7434,#7435,#7436,#7437,
#7438),.UNSPECIFIED.,.F.,.F.,(4,3,3,3,3,3,3,3,3,3,4),(0.,0.0416907351711801,
0.0864612729294748,0.134804989072173,0.182488403787495,0.226550399290461,
0.26881380035968,0.326610350269752,0.384916793717555,0.44524100198968,0.499999999999971),
 .UNSPECIFIED.);
#1133=B_SPLINE_CURVE_WITH_KNOTS('',3,(#7503,#7504,#7505,#7506,#7507,#7508,
#7509),.UNSPECIFIED.,.F.,.F.,(4,1,1,1,4),(0.,0.25,0.5,0.75,1.),
 .UNSPECIFIED.);
#1134=B_SPLINE_CURVE_WITH_KNOTS('',3,(#7511,#7512,#7513,#7514,#7515,#7516,
#7517,#7518,#7519,#7520,#7521,#7522,#7523,#7524,#7525,#7526,#7527,#7528,
#7529,#7530,#7531,#7532,#7533,#7534,#7535,#7536,#7537,#7538,#7539,#7540,
#7541,#7542,#7543,#7544,#7545,#7546,#7547,#7548,#7549,#7550,#7551,#7552,
#7553,#7554,#7555,#7556,#7557,#7558,#7559),.UNSPECIFIED.,.F.,.F.,(4,3,3,
3,3,3,3,3,3,3,3,3,3,3,3,3,4),(0.499999999999998,0.532516348265339,0.566265794045628,
0.601097105549131,0.636621246922679,0.672242214832605,0.70734820702267,
0.741507995449696,0.773939329789566,0.805277523520062,0.83560419233166,
0.865016404030287,0.893609784907077,0.921109424462531,0.948065526642427,
0.974206719513894,1.),.UNSPECIFIED.);
#1135=B_SPLINE_CURVE_WITH_KNOTS('',3,(#7625,#7626,#7627,#7628,#7629,#7630,
#7631,#7632,#7633),.UNSPECIFIED.,.F.,.F.,(4,1,1,1,1,1,4),(0.,0.166666666666667,
0.333333333333333,0.5,0.666666666666667,0.833333333333333,1.),
 .UNSPECIFIED.);
#1136=B_SPLINE_CURVE_WITH_KNOTS('',3,(#7637,#7638,#7639,#7640,#7641,#7642,
#7643,#7644,#7645,#7646,#7647,#7648,#7649,#7650,#7651,#7652,#7653,#7654,
#7655,#7656,#7657,#7658,#7659,#7660,#7661,#7662,#7663,#7664,#7665,#7666,
#7667,#7668,#7669,#7670,#7671,#7672,#7673,#7674,#7675,#7676,#7677,#7678,
#7679,#7680,#7681,#7682,#7683,#7684,#7685),.UNSPECIFIED.,.F.,.F.,(4,3,3,
3,3,3,3,3,3,3,3,3,3,3,3,3,4),(0.,0.0258899271887439,0.0523802931170696,
0.0800058550120026,0.108239610019017,0.137281923363941,0.167228285974262,
0.198178174638693,0.230218999469709,0.264043604864557,0.298811320217043,
0.334245023239591,0.36988892605448,0.404897785275502,0.439034188995776,
0.471625992540286,0.494389283435998),.UNSPECIFIED.);
#1137=B_SPLINE_CURVE_WITH_KNOTS('',3,(#7686,#7687,#7688,#7689),
 .UNSPECIFIED.,.F.,.F.,(4,4),(0.494389283435998,0.499999999999998),
 .UNSPECIFIED.);
#1138=B_SPLINE_CURVE_WITH_KNOTS('',3,(#7754,#7755,#7756,#7757,#7758,#7759,
#7760),.UNSPECIFIED.,.F.,.F.,(4,1,1,1,4),(0.,0.25,0.5,0.75,1.),
 .UNSPECIFIED.);
#1139=B_SPLINE_CURVE_WITH_KNOTS('',3,(#7762,#7763,#7764,#7765,#7766,#7767,
#7768,#7769,#7770,#7771,#7772,#7773,#7774,#7775,#7776,#7777,#7778,#7779,
#7780,#7781,#7782,#7783,#7784,#7785,#7786,#7787,#7788,#7789,#7790,#7791,
#7792,#7793,#7794,#7795),.UNSPECIFIED.,.F.,.F.,(4,3,3,3,3,3,3,3,3,3,3,4),
(0.500000000000085,0.570259005039722,0.625559696433963,0.672903667423803,
0.727506875317156,0.774498570391431,0.830873927793573,0.870176941594788,
0.915434434035977,0.951839529087302,0.983496684494137,1.),.UNSPECIFIED.);
#1140=B_SPLINE_CURVE_WITH_KNOTS('',3,(#7862,#7863,#7864,#7865,#7866,#7867,
#7868,#7869,#7870),.UNSPECIFIED.,.F.,.F.,(4,1,1,1,1,1,4),(0.,0.166666666666667,
0.333333333333333,0.5,0.666666666666667,0.833333333333333,1.),
 .UNSPECIFIED.);
#1141=B_SPLINE_CURVE_WITH_KNOTS('',3,(#7872,#7873,#7874,#7875,#7876,#7877,
#7878),.UNSPECIFIED.,.F.,.F.,(4,1,1,1,4),(0.,0.25,0.5,0.75,1.),
 .UNSPECIFIED.);
#1142=B_SPLINE_CURVE_WITH_KNOTS('',3,(#7880,#7881,#7882,#7883,#7884,#7885,
#7886,#7887,#7888,#7889,#7890,#7891,#7892,#7893,#7894,#7895,#7896,#7897,
#7898,#7899,#7900,#7901,#7902,#7903,#7904,#7905,#7906,#7907,#7908,#7909,
#7910,#7911,#7912,#7913,#7914,#7915,#7916,#7917,#7918,#7919,#7920,#7921,
#7922,#7923,#7924,#7925,#7926,#7927,#7928),.UNSPECIFIED.,.F.,.F.,(4,3,3,
3,3,3,3,3,3,3,3,3,3,3,3,3,4),(0.500000000000002,0.532516348265427,0.566265794045791,
0.601097105549351,0.636621246922919,0.672242214832804,0.707348207023088,
0.741507995449918,0.773939329789792,0.805277523520266,0.835604192331916,
0.865016404030339,0.893609784907237,0.921109424462698,0.948065526642639,
0.974206719514087,1.),.UNSPECIFIED.);
#1143=B_SPLINE_CURVE_WITH_KNOTS('',3,(#7994,#7995,#7996,#7997,#7998,#7999,
#8000,#8001,#8002),.UNSPECIFIED.,.F.,.F.,(4,1,1,1,1,1,4),(0.,0.166666666666667,
0.333333333333333,0.5,0.666666666666667,0.833333333333333,1.),
 .UNSPECIFIED.);
#1144=B_SPLINE_CURVE_WITH_KNOTS('',3,(#8005,#8006,#8007,#8008,#8009,#8010,
#8011,#8012,#8013,#8014,#8015,#8016,#8017,#8018,#8019,#8020,#8021,#8022,
#8023,#8024,#8025,#8026,#8027,#8028,#8029,#8030,#8031,#8032,#8033,#8034,
#8035,#8036,#8037,#8038,#8039,#8040,#8041,#8042,#8043,#8044,#8045,#8046,
#8047,#8048,#8049,#8050,#8051,#8052,#8053),.UNSPECIFIED.,.F.,.F.,(4,3,3,
3,3,3,3,3,3,3,3,3,3,3,3,3,4),(0.,0.0258940808252231,0.0523888583834979,
0.0803645547345294,0.108618676428673,0.137683788467606,0.167655626008655,
0.198633624064787,0.230704573916127,0.264571838484017,0.299375401687762,
0.334830615959678,0.370474985304623,0.405440215569603,0.439515226650723,
0.471986466118687,0.500000000000002),.UNSPECIFIED.);
#1145=B_SPLINE_CURVE_WITH_KNOTS('',3,(#8109,#8110,#8111,#8112,#8113,#8114),
 .UNSPECIFIED.,.F.,.F.,(4,1,1,4),(0.,0.333333333333333,0.666666666666667,
1.),.UNSPECIFIED.);
#1146=B_SPLINE_CURVE_WITH_KNOTS('',3,(#8116,#8117,#8118,#8119,#8120,#8121,
#8122,#8123,#8124,#8125,#8126,#8127,#8128,#8129,#8130,#8131,#8132,#8133,
#8134,#8135,#8136,#8137,#8138,#8139,#8140,#8141,#8142,#8143,#8144,#8145,
#8146,#8147,#8148,#8149),.UNSPECIFIED.,.F.,.F.,(4,3,3,3,3,3,3,3,3,3,3,4),
(0.500000000000011,0.556894346812839,0.606749404413326,0.655325029504324,
0.710261186106136,0.759439662704985,0.8057473381183,0.845716721225604,0.894233367744514,
0.937560275469627,0.974273782489255,1.),.UNSPECIFIED.);
#1147=B_SPLINE_CURVE_WITH_KNOTS('',3,(#8194,#8195,#8196,#8197,#8198,#8199,
#8200),.UNSPECIFIED.,.F.,.F.,(4,1,1,1,4),(0.,0.25,0.5,0.75,1.),
 .UNSPECIFIED.);
#1148=B_SPLINE_CURVE_WITH_KNOTS('',3,(#8203,#8204,#8205,#8206,#8207,#8208,
#8209,#8210,#8211,#8212,#8213,#8214,#8215,#8216,#8217,#8218,#8219,#8220,
#8221,#8222,#8223,#8224,#8225,#8226,#8227,#8228,#8229,#8230,#8231,#8232,
#8233,#8234,#8235,#8236),.UNSPECIFIED.,.F.,.F.,(4,3,3,3,3,3,3,3,3,3,3,4),
(0.,0.0387195871591214,0.0799460380876673,0.124529069323656,0.17277863780295,
0.217964169304046,0.259633266689476,0.303906714219759,0.358298829653207,
0.416540046146352,0.477552676946838,0.500000000000011),.UNSPECIFIED.);
#1149=B_SPLINE_CURVE_WITH_KNOTS('',3,(#8280,#8281,#8282,#8283,#8284,#8285),
 .UNSPECIFIED.,.F.,.F.,(4,1,1,4),(0.,0.333333333333333,0.666666666666667,
1.),.UNSPECIFIED.);
#1150=B_SPLINE_CURVE_WITH_KNOTS('',3,(#8332,#8333,#8334,#8335,#8336,#8337,
#8338),.UNSPECIFIED.,.F.,.F.,(4,1,1,1,4),(0.,0.25,0.5,0.75,1.),
 .UNSPECIFIED.);
#1151=B_SPLINE_CURVE_WITH_KNOTS('',3,(#8392,#8393,#8394,#8395,#8396,#8397,
#8398),.UNSPECIFIED.,.F.,.F.,(4,1,1,1,4),(0.,0.25,0.5,0.75,1.),
 .UNSPECIFIED.);
#1152=B_SPLINE_CURVE_WITH_KNOTS('',3,(#8400,#8401,#8402,#8403,#8404,#8405,
#8406,#8407,#8408,#8409,#8410,#8411,#8412,#8413,#8414,#8415,#8416,#8417,
#8418,#8419,#8420,#8421,#8422,#8423,#8424,#8425,#8426,#8427,#8428,#8429,
#8430,#8431,#8432,#8433),.UNSPECIFIED.,.F.,.F.,(4,3,3,3,3,3,3,3,3,3,3,4),
(0.500000000000015,0.562581317011489,0.617258652385053,0.664872867952771,
0.7204313397003,0.774551408248592,0.825677278850677,0.870134111249521,0.918353457103184,
0.959176728551592,0.997320822180399,1.),.UNSPECIFIED.);
#1153=B_SPLINE_CURVE_WITH_KNOTS('',3,(#8500,#8501,#8502,#8503,#8504,#8505,
#8506,#8507,#8508),.UNSPECIFIED.,.F.,.F.,(4,1,1,1,1,1,4),(0.,0.166666666666667,
0.333333333333333,0.5,0.666666666666667,0.833333333333333,1.),
 .UNSPECIFIED.);
#1154=B_SPLINE_CURVE_WITH_KNOTS('',3,(#8510,#8511,#8512,#8513,#8514,#8515,
#8516),.UNSPECIFIED.,.F.,.F.,(4,1,1,1,4),(0.,0.25,0.5,0.75,1.),
 .UNSPECIFIED.);
#1155=B_SPLINE_CURVE_WITH_KNOTS('',3,(#8518,#8519,#8520,#8521),
 .UNSPECIFIED.,.F.,.F.,(4,4),(0.5,0.505610716564002),.UNSPECIFIED.);
#1156=B_SPLINE_CURVE_WITH_KNOTS('',3,(#8523,#8524,#8525,#8526,#8527,#8528,
#8529,#8530,#8531,#8532,#8533,#8534,#8535,#8536,#8537,#8538,#8539,#8540,
#8541,#8542,#8543,#8544,#8545,#8546,#8547,#8548,#8549,#8550,#8551,#8552,
#8553,#8554,#8555,#8556,#8557,#8558,#8559,#8560,#8561,#8562,#8563,#8564,
#8565,#8566,#8567,#8568,#8569,#8570,#8571),.UNSPECIFIED.,.F.,.F.,(4,3,3,
3,3,3,3,3,3,3,3,3,3,3,3,3,4),(0.505610716564002,0.538346003916877,0.57230203799156,
0.607290200364425,0.642877982072101,0.678449651086423,0.713414158470067,
0.747381421096907,0.779613118974499,0.81076395864527,0.84092011082078,0.870179309725286,
0.898635877555802,0.926033653134544,0.952895730194302,0.978978801640519,
1.),.UNSPECIFIED.);
#1157=B_SPLINE_CURVE_WITH_KNOTS('',3,(#8637,#8638,#8639,#8640,#8641,#8642,
#8643,#8644,#8645),.UNSPECIFIED.,.F.,.F.,(4,1,1,1,1,1,4),(0.,0.166666666666667,
0.333333333333333,0.5,0.666666666666667,0.833333333333333,1.),
 .UNSPECIFIED.);
#1158=B_SPLINE_CURVE_WITH_KNOTS('',3,(#8648,#8649,#8650,#8651,#8652,#8653,
#8654,#8655,#8656,#8657,#8658,#8659,#8660,#8661,#8662,#8663,#8664,#8665,
#8666,#8667,#8668,#8669,#8670,#8671,#8672,#8673,#8674,#8675,#8676,#8677,
#8678,#8679,#8680,#8681,#8682,#8683,#8684,#8685,#8686,#8687,#8688,#8689,
#8690,#8691,#8692,#8693,#8694,#8695,#8696),.UNSPECIFIED.,.F.,.F.,(4,3,3,
3,3,3,3,3,3,3,3,3,3,3,3,3,4),(0.,0.0258940808254399,0.0523888583839299,
0.0803645547349343,0.108618676429093,0.137683788468142,0.167655626009219,
0.198633624065408,0.230704573916105,0.264571838483964,0.299375401687707,
0.334830615959491,0.370474985304482,0.405440215569483,0.43951522665065,
0.471986466118742,0.5),.UNSPECIFIED.);
#1159=B_SPLINE_CURVE_WITH_KNOTS('',3,(#8752,#8753,#8754,#8755,#8756,#8757),
 .UNSPECIFIED.,.F.,.F.,(4,1,1,4),(0.,0.333333333333333,0.666666666666667,
1.),.UNSPECIFIED.);
#1160=B_SPLINE_CURVE_WITH_KNOTS('',3,(#8759,#8760,#8761,#8762,#8763,#8764,
#8765,#8766,#8767,#8768,#8769,#8770,#8771,#8772,#8773,#8774,#8775,#8776,
#8777,#8778,#8779,#8780,#8781,#8782,#8783,#8784,#8785,#8786,#8787,#8788,
#8789,#8790,#8791,#8792),.UNSPECIFIED.,.F.,.F.,(4,3,3,3,3,3,3,3,3,3,3,4),
(0.499999999999993,0.556894346830429,0.606749404409512,0.655325029494033,
0.710261186096889,0.759439662697317,0.805747338117726,0.845716721222549,
0.894233367742796,0.937560275472896,0.974273782492611,1.),.UNSPECIFIED.);
#1161=B_SPLINE_CURVE_WITH_KNOTS('',3,(#8837,#8838,#8839,#8840,#8841,#8842,
#8843),.UNSPECIFIED.,.F.,.F.,(4,1,1,1,4),(0.,0.25,0.5,0.75,1.),
 .UNSPECIFIED.);
#1162=B_SPLINE_CURVE_WITH_KNOTS('',3,(#8846,#8847,#8848,#8849,#8850,#8851,
#8852,#8853,#8854,#8855,#8856,#8857,#8858,#8859,#8860,#8861,#8862,#8863,
#8864,#8865,#8866,#8867,#8868,#8869,#8870,#8871,#8872,#8873,#8874,#8875,
#8876,#8877,#8878,#8879),.UNSPECIFIED.,.F.,.F.,(4,3,3,3,3,3,3,3,3,3,3,4),
(0.,0.0387195871577762,0.0799460380856268,0.124529069323047,0.172778637802423,
0.217964169301923,0.259633266686702,0.303906714224235,0.358298829653282,
0.416540046151269,0.477552676951463,0.499999999999993),.UNSPECIFIED.);
#1163=B_SPLINE_CURVE_WITH_KNOTS('',3,(#8923,#8924,#8925,#8926,#8927,#8928),
 .UNSPECIFIED.,.F.,.F.,(4,1,1,4),(0.,0.333333333333333,0.666666666666667,
1.),.UNSPECIFIED.);
#1164=B_SPLINE_CURVE_WITH_KNOTS('',3,(#8975,#8976,#8977,#8978,#8979,#8980,
#8981),.UNSPECIFIED.,.F.,.F.,(4,1,1,1,4),(0.,0.25,0.5,0.75,1.),
 .UNSPECIFIED.);
#1165=B_SPLINE_CURVE_WITH_KNOTS('',3,(#9035,#9036,#9037,#9038,#9039,#9040,
#9041),.UNSPECIFIED.,.F.,.F.,(4,1,1,1,4),(0.,0.25,0.5,0.75,1.),
 .UNSPECIFIED.);
#1166=B_SPLINE_CURVE_WITH_KNOTS('',3,(#9043,#9044,#9045,#9046,#9047,#9048,
#9049,#9050,#9051,#9052,#9053,#9054,#9055,#9056,#9057,#9058,#9059,#9060,
#9061,#9062,#9063,#9064,#9065,#9066,#9067,#9068,#9069,#9070,#9071,#9072,
#9073,#9074,#9075,#9076),.UNSPECIFIED.,.F.,.F.,(4,3,3,3,3,3,3,3,3,3,3,4),
(0.499999999999952,0.562581317010736,0.617258652384394,0.664872867950041,
0.720431339698816,0.774551408250676,0.825677278835163,0.870134111227813,
0.91835345708316,0.95917672854158,0.997320822167488,1.),.UNSPECIFIED.);
#1167=B_SPLINE_CURVE_WITH_KNOTS('',3,(#9143,#9144,#9145,#9146,#9147,#9148,
#9149,#9150,#9151),.UNSPECIFIED.,.F.,.F.,(4,1,1,1,1,1,4),(0.,0.166666666666667,
0.333333333333333,0.5,0.666666666666667,0.833333333333333,1.),
 .UNSPECIFIED.);
#1168=B_SPLINE_CURVE_WITH_KNOTS('',3,(#9153,#9154,#9155,#9156,#9157,#9158,
#9159),.UNSPECIFIED.,.F.,.F.,(4,1,1,1,4),(0.,0.25,0.5,0.75,1.),
 .UNSPECIFIED.);
#1169=B_SPLINE_CURVE_WITH_KNOTS('',3,(#9227,#9228,#9229,#9230,#9231,#9232,
#9233,#9234,#9235),.UNSPECIFIED.,.F.,.F.,(4,1,1,1,1,1,4),(0.,0.166666666666667,
0.333333333333333,0.5,0.666666666666667,0.833333333333333,1.),
 .UNSPECIFIED.);
#1170=B_SPLINE_CURVE_WITH_KNOTS('',3,(#9303,#9304,#9305,#9306,#9307,#9308,
#9309),.UNSPECIFIED.,.F.,.F.,(4,1,1,1,4),(0.,0.25,0.5,0.75,1.),
 .UNSPECIFIED.);
#1171=B_SPLINE_CURVE_WITH_KNOTS('',3,(#9311,#9312,#9313,#9314,#9315,#9316,
#9317,#9318,#9319,#9320,#9321,#9322,#9323,#9324,#9325,#9326,#9327,#9328,
#9329,#9330,#9331,#9332,#9333,#9334,#9335,#9336,#9337,#9338,#9339,#9340,
#9341,#9342,#9343,#9344),.UNSPECIFIED.,.F.,.F.,(4,3,3,3,3,3,3,3,3,3,3,4),
(0.500000000000005,0.552067641987504,0.599402041340224,0.647143520668994,
0.700382002564828,0.747057549256415,0.804756873572551,0.844037615999533,
0.89048756058971,0.930691479399092,0.965345739699546,1.),.UNSPECIFIED.);
#1172=B_SPLINE_CURVE_WITH_KNOTS('',3,(#9410,#9411,#9412,#9413,#9414,#9415,
#9416,#9417,#9418),.UNSPECIFIED.,.F.,.F.,(4,1,1,1,1,1,4),(0.,0.166666666666667,
0.333333333333333,0.5,0.666666666666667,0.833333333333333,1.),
 .UNSPECIFIED.);
#1173=B_SPLINE_CURVE_WITH_KNOTS('',3,(#9421,#9422,#9423,#9424,#9425,#9426,
#9427,#9428,#9429,#9430,#9431,#9432,#9433,#9434,#9435,#9436,#9437,#9438,
#9439,#9440,#9441,#9442,#9443,#9444,#9445,#9446,#9447,#9448,#9449,#9450,
#9451),.UNSPECIFIED.,.F.,.F.,(4,3,3,3,3,3,3,3,3,3,4),(0.,0.041690735169123,
0.0864612729271443,0.134804989065153,0.182488403781827,0.226550399283884,
0.268813800351046,0.326610350263286,0.384916793711473,0.445241001985032,
0.500000000000005),.UNSPECIFIED.);
#1174=B_SPLINE_CURVE_WITH_KNOTS('',3,(#9516,#9517,#9518,#9519,#9520,#9521,
#9522),.UNSPECIFIED.,.F.,.F.,(4,1,1,1,4),(0.,0.25,0.5,0.75,1.),
 .UNSPECIFIED.);
#1175=B_SPLINE_CURVE_WITH_KNOTS('',3,(#9524,#9525,#9526,#9527,#9528,#9529,
#9530,#9531,#9532,#9533,#9534,#9535,#9536,#9537,#9538,#9539,#9540,#9541,
#9542,#9543,#9544,#9545,#9546,#9547,#9548,#9549,#9550,#9551,#9552,#9553,
#9554,#9555,#9556,#9557,#9558,#9559,#9560,#9561,#9562,#9563,#9564,#9565,
#9566,#9567,#9568,#9569,#9570,#9571,#9572),.UNSPECIFIED.,.F.,.F.,(4,3,3,
3,3,3,3,3,3,3,3,3,3,3,3,3,4),(0.500000000000003,0.532516348265437,0.56626579404588,
0.601097105549476,0.636621246923045,0.672242214832918,0.707348207023247,
0.741507995449881,0.77393932978978,0.805277523520213,0.835604192331896,
0.865016404030402,0.893609784907265,0.921109424462728,0.94806552664266,
0.974206719514122,1.),.UNSPECIFIED.);
#1176=B_SPLINE_CURVE_WITH_KNOTS('',3,(#9638,#9639,#9640,#9641,#9642,#9643,
#9644,#9645,#9646),.UNSPECIFIED.,.F.,.F.,(4,1,1,1,1,1,4),(0.,0.166666666666667,
0.333333333333333,0.5,0.666666666666667,0.833333333333333,1.),
 .UNSPECIFIED.);
#1177=B_SPLINE_CURVE_WITH_KNOTS('',3,(#9649,#9650,#9651,#9652,#9653,#9654,
#9655,#9656,#9657,#9658,#9659,#9660,#9661,#9662,#9663,#9664,#9665,#9666,
#9667,#9668,#9669,#9670,#9671,#9672,#9673,#9674,#9675,#9676,#9677,#9678,
#9679,#9680,#9681,#9682,#9683,#9684,#9685,#9686,#9687,#9688,#9689,#9690,
#9691,#9692,#9693,#9694,#9695,#9696,#9697),.UNSPECIFIED.,.F.,.F.,(4,3,3,
3,3,3,3,3,3,3,3,3,3,3,3,3,4),(0.,0.0258940808253668,0.0523888583838209,
0.0803645547348324,0.108618676428945,0.137683788467921,0.167655626008935,
0.198633624065596,0.230704573916485,0.264571838484369,0.299375401688171,
0.334830615960055,0.370474985305027,0.405440215569974,0.439515226651106,
0.471986466119154,0.500000000000003),.UNSPECIFIED.);
#1178=B_SPLINE_CURVE_WITH_KNOTS('',3,(#9762,#9763,#9764,#9765,#9766,#9767,
#9768),.UNSPECIFIED.,.F.,.F.,(4,1,1,1,4),(0.,0.25,0.5,0.75,1.),
 .UNSPECIFIED.);
#1179=B_SPLINE_CURVE_WITH_KNOTS('',3,(#9770,#9771,#9772,#9773,#9774,#9775,
#9776,#9777,#9778,#9779,#9780,#9781,#9782,#9783,#9784,#9785,#9786,#9787,
#9788,#9789,#9790,#9791,#9792,#9793,#9794,#9795,#9796,#9797,#9798,#9799,
#9800,#9801,#9802,#9803),.UNSPECIFIED.,.F.,.F.,(4,3,3,3,3,3,3,3,3,3,3,4),
(0.500000000000013,0.570259005042747,0.625559696439731,0.672903667430739,
0.72750687532958,0.774498570410671,0.830873927808003,0.870176941615756,
0.915434434053182,0.951839529100726,0.983496684506621,1.),.UNSPECIFIED.);
#1180=B_SPLINE_CURVE_WITH_KNOTS('',3,(#10140,#10141,#10142,#10143,#10144,
#10145,#10146,#10147,#10148,#10149,#10150,#10151,#10152,#10153,#10154,#10155,
#10156,#10157,#10158,#10159,#10160,#10161,#10162,#10163,#10164,#10165,#10166,
#10167),.UNSPECIFIED.,.F.,.F.,(4,3,3,3,3,3,3,3,3,4),(0.,0.046004611189237,
0.094072857720549,0.145153596144069,0.196781924260497,0.247346625586917,
0.295946510664252,0.362152548697042,0.431076274348528,0.500000000000013),
 .UNSPECIFIED.);
#1181=B_SPLINE_CURVE_WITH_KNOTS('',3,(#10236,#10237,#10238,#10239,#10240,
#10241,#10242,#10243,#10244,#10245,#10246,#10247,#10248,#10249,#10250,#10251,
#10252,#10253,#10254,#10255,#10256,#10257,#10258,#10259,#10260,#10261,#10262,
#10263,#10264,#10265,#10266,#10267,#10268,#10269),.UNSPECIFIED.,.F.,.F.,
(4,3,3,3,3,3,3,3,3,3,3,4),(0.,0.0393934744200065,0.0814274957617526,0.127160396219061,
0.177621329859854,0.224362727535273,0.267065703761367,0.309907723214331,
0.363904731504736,0.422048106265749,0.487029395319773,0.499999999999952),
 .UNSPECIFIED.);
#1182=B_SPLINE_CURVE_WITH_KNOTS('',3,(#10359,#10360,#10361,#10362,#10363,
#10364,#10365,#10366,#10367,#10368,#10369,#10370,#10371,#10372,#10373,#10374,
#10375,#10376,#10377,#10378,#10379,#10380,#10381,#10382,#10383,#10384,#10385,
#10386,#10387,#10388,#10389,#10390,#10391,#10392),.UNSPECIFIED.,.F.,.F.,
(4,3,3,3,3,3,3,3,3,3,3,4),(0.,0.0393934744196962,0.0814274957595282,0.127160396215065,
0.17762132985701,0.224362727532386,0.267065703756687,0.30990772320367,0.363904731493145,
0.422048106248026,0.487029395297154,0.500000000000015),.UNSPECIFIED.);
#1183=B_SPLINE_CURVE_WITH_KNOTS('',3,(#10470,#10471,#10472,#10473,#10474,
#10475,#10476,#10477,#10478,#10479,#10480,#10481,#10482,#10483,#10484,#10485,
#10486,#10487,#10488,#10489,#10490,#10491,#10492,#10493,#10494,#10495,#10496,
#10497),.UNSPECIFIED.,.F.,.F.,(4,3,3,3,3,3,3,3,3,4),(0.,0.0460046111887662,
0.094072857718249,0.145153596141566,0.196781924257347,0.247346625583465,
0.295946510662283,0.362152548689348,0.431076274344716,0.500000000000085),
 .UNSPECIFIED.);
#1184=B_SPLINE_CURVE_WITH_KNOTS('',3,(#10578,#10579,#10580,#10581,#10582,
#10583,#10584,#10585,#10586,#10587,#10588,#10589,#10590,#10591,#10592,#10593,
#10594,#10595,#10596,#10597,#10598,#10599,#10600,#10601,#10602,#10603,#10604,
#10605),.UNSPECIFIED.,.F.,.F.,(4,3,3,3,3,3,3,3,3,4),(0.,0.0460046111903873,
0.0940728577218623,0.145153596145917,0.196781924260789,0.247346625586792,
0.2959465106677,0.362152548696393,0.431076274348168,0.499999999999943),
 .UNSPECIFIED.);
#1185=B_SPLINE_CURVE_WITH_KNOTS('',3,(#10681,#10682,#10683,#10684,#10685,
#10686,#10687,#10688,#10689,#10690,#10691,#10692,#10693,#10694,#10695,#10696,
#10697,#10698,#10699,#10700,#10701,#10702,#10703,#10704,#10705,#10706,#10707,
#10708,#10709,#10710,#10711,#10712,#10713,#10714),.UNSPECIFIED.,.F.,.F.,
(4,3,3,3,3,3,3,3,3,3,3,4),(0.,0.0393934744195174,0.0814274957584034,0.127160396219693,
0.17762132986026,0.224362727534519,0.267065703758419,0.309907723211109,
0.363904731499366,0.422048106258729,0.487029395306632,0.500000000000028),
 .UNSPECIFIED.);
#1186=B_SPLINE_CURVE_WITH_KNOTS('',3,(#10790,#10791,#10792,#10793,#10794,
#10795,#10796,#10797,#10798,#10799,#10800,#10801,#10802,#10803,#10804,#10805,
#10806,#10807,#10808,#10809,#10810,#10811,#10812,#10813,#10814,#10815,#10816,
#10817,#10818,#10819,#10820,#10821,#10822,#10823),.UNSPECIFIED.,.F.,.F.,
(4,3,3,3,3,3,3,3,3,3,3,4),(0.,0.0393934744191303,0.0814274957574761,0.127160396218818,
0.17762132986083,0.224362727536113,0.267065703760616,0.309907723210516,
0.363904731498728,0.422048106255661,0.487029395311992,0.50000000000007),
 .UNSPECIFIED.);
#1187=B_SPLINE_CURVE_WITH_KNOTS('',3,(#10915,#10916,#10917,#10918,#10919,
#10920,#10921,#10922,#10923,#10924,#10925,#10926,#10927,#10928,#10929,#10930,
#10931,#10932,#10933,#10934,#10935,#10936,#10937,#10938,#10939,#10940,#10941,
#10942),.UNSPECIFIED.,.F.,.F.,(4,3,3,3,3,3,3,3,3,4),(0.,0.0460046111896466,
0.0940728577275075,0.145153596150916,0.196781924266447,0.247346625592351,
0.295946510670812,0.362152548695801,0.43107627434788,0.499999999999958),
 .UNSPECIFIED.);
#1188=VERTEX_POINT('',#4398);
#1189=VERTEX_POINT('',#4399);
#1190=VERTEX_POINT('',#4409);
#1191=VERTEX_POINT('',#4417);
#1192=VERTEX_POINT('',#4483);
#1193=VERTEX_POINT('',#4493);
#1194=VERTEX_POINT('',#4559);
#1195=VERTEX_POINT('',#4567);
#1196=VERTEX_POINT('',#4666);
#1197=VERTEX_POINT('',#4676);
#1198=VERTEX_POINT('',#4772);
#1199=VERTEX_POINT('',#4780);
#1200=VERTEX_POINT('',#4894);
#1201=VERTEX_POINT('',#4904);
#1202=VERTEX_POINT('',#5018);
#1203=VERTEX_POINT('',#5026);
#1204=VERTEX_POINT('',#5125);
#1205=VERTEX_POINT('',#5126);
#1206=VERTEX_POINT('',#5136);
#1207=VERTEX_POINT('',#5144);
#1208=VERTEX_POINT('',#5258);
#1209=VERTEX_POINT('',#5268);
#1210=VERTEX_POINT('',#5373);
#1211=VERTEX_POINT('',#5380);
#1212=VERTEX_POINT('',#5458);
#1213=VERTEX_POINT('',#5466);
#1214=VERTEX_POINT('',#5544);
#1215=VERTEX_POINT('',#5551);
#1216=VERTEX_POINT('',#5596);
#1217=VERTEX_POINT('',#5604);
#1218=VERTEX_POINT('',#5656);
#1219=VERTEX_POINT('',#5664);
#1220=VERTEX_POINT('',#5763);
#1221=VERTEX_POINT('',#5764);
#1222=VERTEX_POINT('',#5774);
#1223=VERTEX_POINT('',#5782);
#1224=VERTEX_POINT('',#5896);
#1225=VERTEX_POINT('',#5906);
#1226=VERTEX_POINT('',#6011);
#1227=VERTEX_POINT('',#6018);
#1228=VERTEX_POINT('',#6096);
#1229=VERTEX_POINT('',#6104);
#1230=VERTEX_POINT('',#6182);
#1231=VERTEX_POINT('',#6189);
#1232=VERTEX_POINT('',#6234);
#1233=VERTEX_POINT('',#6242);
#1234=VERTEX_POINT('',#6294);
#1235=VERTEX_POINT('',#6302);
#1236=VERTEX_POINT('',#6401);
#1237=VERTEX_POINT('',#6402);
#1238=VERTEX_POINT('',#6412);
#1239=VERTEX_POINT('',#6420);
#1240=VERTEX_POINT('',#6486);
#1241=VERTEX_POINT('',#6496);
#1242=VERTEX_POINT('',#6562);
#1243=VERTEX_POINT('',#6570);
#1244=VERTEX_POINT('',#6669);
#1245=VERTEX_POINT('',#6679);
#1246=VERTEX_POINT('',#6775);
#1247=VERTEX_POINT('',#6783);
#1248=VERTEX_POINT('',#6897);
#1249=VERTEX_POINT('',#6907);
#1250=VERTEX_POINT('',#7021);
#1251=VERTEX_POINT('',#7029);
#1252=VERTEX_POINT('',#7128);
#1253=VERTEX_POINT('',#7129);
#1254=VERTEX_POINT('',#7139);
#1255=VERTEX_POINT('',#7147);
#1256=VERTEX_POINT('',#7213);
#1257=VERTEX_POINT('',#7223);
#1258=VERTEX_POINT('',#7289);
#1259=VERTEX_POINT('',#7297);
#1260=VERTEX_POINT('',#7396);
#1261=VERTEX_POINT('',#7406);
#1262=VERTEX_POINT('',#7502);
#1263=VERTEX_POINT('',#7510);
#1264=VERTEX_POINT('',#7624);
#1265=VERTEX_POINT('',#7634);
#1266=VERTEX_POINT('',#7636);
#1267=VERTEX_POINT('',#7753);
#1268=VERTEX_POINT('',#7761);
#1269=VERTEX_POINT('',#7860);
#1270=VERTEX_POINT('',#7861);
#1271=VERTEX_POINT('',#7871);
#1272=VERTEX_POINT('',#7879);
#1273=VERTEX_POINT('',#7993);
#1274=VERTEX_POINT('',#8003);
#1275=VERTEX_POINT('',#8108);
#1276=VERTEX_POINT('',#8115);
#1277=VERTEX_POINT('',#8193);
#1278=VERTEX_POINT('',#8201);
#1279=VERTEX_POINT('',#8279);
#1280=VERTEX_POINT('',#8286);
#1281=VERTEX_POINT('',#8331);
#1282=VERTEX_POINT('',#8339);
#1283=VERTEX_POINT('',#8391);
#1284=VERTEX_POINT('',#8399);
#1285=VERTEX_POINT('',#8498);
#1286=VERTEX_POINT('',#8499);
#1287=VERTEX_POINT('',#8509);
#1288=VERTEX_POINT('',#8517);
#1289=VERTEX_POINT('',#8522);
#1290=VERTEX_POINT('',#8636);
#1291=VERTEX_POINT('',#8646);
#1292=VERTEX_POINT('',#8751);
#1293=VERTEX_POINT('',#8758);
#1294=VERTEX_POINT('',#8836);
#1295=VERTEX_POINT('',#8844);
#1296=VERTEX_POINT('',#8922);
#1297=VERTEX_POINT('',#8929);
#1298=VERTEX_POINT('',#8974);
#1299=VERTEX_POINT('',#8982);
#1300=VERTEX_POINT('',#9034);
#1301=VERTEX_POINT('',#9042);
#1302=VERTEX_POINT('',#9141);
#1303=VERTEX_POINT('',#9142);
#1304=VERTEX_POINT('',#9152);
#1305=VERTEX_POINT('',#9160);
#1306=VERTEX_POINT('',#9226);
#1307=VERTEX_POINT('',#9236);
#1308=VERTEX_POINT('',#9302);
#1309=VERTEX_POINT('',#9310);
#1310=VERTEX_POINT('',#9409);
#1311=VERTEX_POINT('',#9419);
#1312=VERTEX_POINT('',#9515);
#1313=VERTEX_POINT('',#9523);
#1314=VERTEX_POINT('',#9637);
#1315=VERTEX_POINT('',#9647);
#1316=VERTEX_POINT('',#9761);
#1317=VERTEX_POINT('',#9769);
#1318=VERTEX_POINT('',#9806);
#1319=VERTEX_POINT('',#9807);
#1320=VERTEX_POINT('',#9809);
#1321=VERTEX_POINT('',#9811);
#1322=VERTEX_POINT('',#9815);
#1323=VERTEX_POINT('',#9816);
#1324=VERTEX_POINT('',#9818);
#1325=VERTEX_POINT('',#9820);
#1326=VERTEX_POINT('',#9822);
#1327=VERTEX_POINT('',#9824);
#1328=VERTEX_POINT('',#9826);
#1329=VERTEX_POINT('',#9828);
#1330=VERTEX_POINT('',#9830);
#1331=VERTEX_POINT('',#9832);
#1332=VERTEX_POINT('',#9834);
#1333=VERTEX_POINT('',#9836);
#1334=VERTEX_POINT('',#9838);
#1335=VERTEX_POINT('',#9840);
#1336=VERTEX_POINT('',#9842);
#1337=VERTEX_POINT('',#9844);
#1338=VERTEX_POINT('',#9847);
#1339=VERTEX_POINT('',#9849);
#1340=VERTEX_POINT('',#9852);
#1341=VERTEX_POINT('',#9855);
#1342=VERTEX_POINT('',#9859);
#1343=VERTEX_POINT('',#9865);
#1344=VERTEX_POINT('',#9866);
#1345=VERTEX_POINT('',#9868);
#1346=VERTEX_POINT('',#9870);
#1347=VERTEX_POINT('',#9875);
#1348=VERTEX_POINT('',#9877);
#1349=VERTEX_POINT('',#9879);
#1350=VERTEX_POINT('',#9881);
#1351=VERTEX_POINT('',#9883);
#1352=VERTEX_POINT('',#9885);
#1353=VERTEX_POINT('',#9891);
#1354=VERTEX_POINT('',#9893);
#1355=VERTEX_POINT('',#9895);
#1356=VERTEX_POINT('',#9897);
#1357=VERTEX_POINT('',#9899);
#1358=VERTEX_POINT('',#9901);
#1359=VERTEX_POINT('',#9906);
#1360=VERTEX_POINT('',#9908);
#1361=VERTEX_POINT('',#9911);
#1362=VERTEX_POINT('',#9913);
#1363=VERTEX_POINT('',#9915);
#1364=VERTEX_POINT('',#9916);
#1365=VERTEX_POINT('',#9918);
#1366=VERTEX_POINT('',#9920);
#1367=VERTEX_POINT('',#9923);
#1368=VERTEX_POINT('',#9926);
#1369=VERTEX_POINT('',#9930);
#1370=VERTEX_POINT('',#9937);
#1371=VERTEX_POINT('',#9941);
#1372=VERTEX_POINT('',#9946);
#1373=VERTEX_POINT('',#9948);
#1374=VERTEX_POINT('',#9950);
#1375=VERTEX_POINT('',#9954);
#1376=VERTEX_POINT('',#9958);
#1377=VERTEX_POINT('',#9961);
#1378=VERTEX_POINT('',#9963);
#1379=VERTEX_POINT('',#9965);
#1380=VERTEX_POINT('',#9969);
#1381=VERTEX_POINT('',#9973);
#1382=VERTEX_POINT('',#9976);
#1383=VERTEX_POINT('',#9978);
#1384=VERTEX_POINT('',#9980);
#1385=VERTEX_POINT('',#9984);
#1386=VERTEX_POINT('',#9988);
#1387=VERTEX_POINT('',#9991);
#1388=VERTEX_POINT('',#9993);
#1389=VERTEX_POINT('',#9995);
#1390=VERTEX_POINT('',#9999);
#1391=VERTEX_POINT('',#10003);
#1392=VERTEX_POINT('',#10006);
#1393=VERTEX_POINT('',#10008);
#1394=VERTEX_POINT('',#10014);
#1395=VERTEX_POINT('',#10016);
#1396=VERTEX_POINT('',#10022);
#1397=VERTEX_POINT('',#10024);
#1398=VERTEX_POINT('',#10030);
#1399=VERTEX_POINT('',#10032);
#1400=VERTEX_POINT('',#10038);
#1401=VERTEX_POINT('',#10040);
#1402=VERTEX_POINT('',#10044);
#1403=VERTEX_POINT('',#10045);
#1404=VERTEX_POINT('',#10047);
#1405=VERTEX_POINT('',#10054);
#1406=VERTEX_POINT('',#10058);
#1407=VERTEX_POINT('',#10062);
#1408=VERTEX_POINT('',#10066);
#1409=VERTEX_POINT('',#10070);
#1410=VERTEX_POINT('',#10071);
#1411=VERTEX_POINT('',#10138);
#1412=VERTEX_POINT('',#10234);
#1413=VERTEX_POINT('',#10271);
#1414=VERTEX_POINT('',#10272);
#1415=VERTEX_POINT('',#10277);
#1416=VERTEX_POINT('',#10279);
#1417=VERTEX_POINT('',#10285);
#1418=VERTEX_POINT('',#10286);
#1419=VERTEX_POINT('',#10288);
#1420=VERTEX_POINT('',#10357);
#1421=VERTEX_POINT('',#10396);
#1422=VERTEX_POINT('',#10397);
#1423=VERTEX_POINT('',#10399);
#1424=VERTEX_POINT('',#10468);
#1425=VERTEX_POINT('',#10502);
#1426=VERTEX_POINT('',#10503);
#1427=VERTEX_POINT('',#10510);
#1428=VERTEX_POINT('',#10576);
#1429=VERTEX_POINT('',#10613);
#1430=VERTEX_POINT('',#10679);
#1431=VERTEX_POINT('',#10716);
#1432=VERTEX_POINT('',#10717);
#1433=VERTEX_POINT('',#10719);
#1434=VERTEX_POINT('',#10788);
#1435=VERTEX_POINT('',#10825);
#1436=VERTEX_POINT('',#10829);
#1437=VERTEX_POINT('',#10833);
#1438=VERTEX_POINT('',#10837);
#1439=VERTEX_POINT('',#10841);
#1440=VERTEX_POINT('',#10845);
#1441=VERTEX_POINT('',#10913);
#1442=VERTEX_POINT('',#10950);
#1443=VERTEX_POINT('',#10967);
#1444=VERTEX_POINT('',#10971);
#1445=VERTEX_POINT('',#10975);
#1446=VERTEX_POINT('',#10979);
#1447=VERTEX_POINT('',#10983);
#1448=VERTEX_POINT('',#10987);
#1449=VERTEX_POINT('',#10996);
#1450=VERTEX_POINT('',#11000);
#1451=VERTEX_POINT('',#11004);
#1452=VERTEX_POINT('',#11008);
#1453=VERTEX_POINT('',#11012);
#1454=VERTEX_POINT('',#11058);
#1455=VERTEX_POINT('',#11059);
#1456=VERTEX_POINT('',#11064);
#1457=VERTEX_POINT('',#11068);
#1458=VERTEX_POINT('',#11069);
#1459=VERTEX_POINT('',#11074);
#1460=VERTEX_POINT('',#11078);
#1461=VERTEX_POINT('',#11080);
#1462=VERTEX_POINT('',#11084);
#1463=VERTEX_POINT('',#11088);
#1464=VERTEX_POINT('',#11094);
#1465=VERTEX_POINT('',#11096);
#1466=VERTEX_POINT('',#11100);
#1467=VERTEX_POINT('',#11104);
#1468=EDGE_CURVE('',#1188,#1189,#1074,.T.);
#1469=EDGE_CURVE('',#1188,#1190,#1075,.T.);
#1470=EDGE_CURVE('',#1190,#1191,#806,.T.);
#1471=EDGE_CURVE('',#1189,#1191,#588,.T.);
#1472=EDGE_CURVE('',#1188,#1192,#1076,.T.);
#1473=EDGE_CURVE('',#1193,#1192,#589,.T.);
#1474=EDGE_CURVE('',#1193,#1190,#807,.T.);
#1475=EDGE_CURVE('',#1188,#1194,#1077,.T.);
#1476=EDGE_CURVE('',#1194,#1195,#1078,.T.);
#1477=EDGE_CURVE('',#1192,#1195,#590,.T.);
#1478=EDGE_CURVE('',#1188,#1196,#1079,.T.);
#1479=EDGE_CURVE('',#1197,#1196,#591,.T.);
#1480=EDGE_CURVE('',#1197,#1194,#1080,.T.);
#1481=EDGE_CURVE('',#1188,#1198,#1081,.T.);
#1482=EDGE_CURVE('',#1198,#1199,#1082,.T.);
#1483=EDGE_CURVE('',#1196,#1199,#592,.T.);
#1484=EDGE_CURVE('',#1188,#1200,#1083,.T.);
#1485=EDGE_CURVE('',#1201,#1200,#593,.T.);
#1486=EDGE_CURVE('',#1201,#1198,#1084,.T.);
#1487=EDGE_CURVE('',#1188,#1202,#1085,.T.);
#1488=EDGE_CURVE('',#1202,#1203,#1086,.T.);
#1489=EDGE_CURVE('',#1200,#1203,#594,.T.);
#1490=EDGE_CURVE('',#1204,#1205,#1087,.T.);
#1491=EDGE_CURVE('',#1204,#1206,#1088,.T.);
#1492=EDGE_CURVE('',#1206,#1207,#1089,.T.);
#1493=EDGE_CURVE('',#1205,#1207,#595,.T.);
#1494=EDGE_CURVE('',#1204,#1208,#1090,.T.);
#1495=EDGE_CURVE('',#1209,#1208,#596,.T.);
#1496=EDGE_CURVE('',#1209,#1206,#1091,.T.);
#1497=EDGE_CURVE('',#1204,#1210,#1092,.T.);
#1498=EDGE_CURVE('',#1210,#1211,#1093,.T.);
#1499=EDGE_CURVE('',#1208,#1211,#597,.T.);
#1500=EDGE_CURVE('',#1204,#1212,#1094,.T.);
#1501=EDGE_CURVE('',#1213,#1212,#598,.T.);
#1502=EDGE_CURVE('',#1213,#1210,#1095,.T.);
#1503=EDGE_CURVE('',#1204,#1214,#1096,.T.);
#1504=EDGE_CURVE('',#1214,#1215,#808,.T.);
#1505=EDGE_CURVE('',#1212,#1215,#599,.T.);
#1506=EDGE_CURVE('',#1204,#1216,#1097,.T.);
#1507=EDGE_CURVE('',#1217,#1216,#600,.T.);
#1508=EDGE_CURVE('',#1217,#1214,#809,.T.);
#1509=EDGE_CURVE('',#1204,#1218,#1098,.T.);
#1510=EDGE_CURVE('',#1218,#1219,#1099,.T.);
#1511=EDGE_CURVE('',#1216,#1219,#601,.T.);
#1512=EDGE_CURVE('',#1220,#1221,#1100,.T.);
#1513=EDGE_CURVE('',#1220,#1222,#1101,.T.);
#1514=EDGE_CURVE('',#1222,#1223,#1102,.T.);
#1515=EDGE_CURVE('',#1221,#1223,#602,.T.);
#1516=EDGE_CURVE('',#1220,#1224,#1103,.T.);
#1517=EDGE_CURVE('',#1225,#1224,#603,.T.);
#1518=EDGE_CURVE('',#1225,#1222,#1104,.T.);
#1519=EDGE_CURVE('',#1220,#1226,#1105,.T.);
#1520=EDGE_CURVE('',#1226,#1227,#1106,.T.);
#1521=EDGE_CURVE('',#1224,#1227,#604,.T.);
#1522=EDGE_CURVE('',#1220,#1228,#1107,.T.);
#1523=EDGE_CURVE('',#1229,#1228,#605,.T.);
#1524=EDGE_CURVE('',#1229,#1226,#1108,.T.);
#1525=EDGE_CURVE('',#1220,#1230,#1109,.T.);
#1526=EDGE_CURVE('',#1230,#1231,#810,.T.);
#1527=EDGE_CURVE('',#1228,#1231,#606,.T.);
#1528=EDGE_CURVE('',#1220,#1232,#1110,.T.);
#1529=EDGE_CURVE('',#1233,#1232,#607,.T.);
#1530=EDGE_CURVE('',#1233,#1230,#811,.T.);
#1531=EDGE_CURVE('',#1220,#1234,#1111,.T.);
#1532=EDGE_CURVE('',#1234,#1235,#1112,.T.);
#1533=EDGE_CURVE('',#1232,#1235,#608,.T.);
#1534=EDGE_CURVE('',#1236,#1237,#1113,.T.);
#1535=EDGE_CURVE('',#1236,#1238,#1114,.T.);
#1536=EDGE_CURVE('',#1238,#1239,#812,.T.);
#1537=EDGE_CURVE('',#1237,#1239,#609,.T.);
#1538=EDGE_CURVE('',#1236,#1240,#1115,.T.);
#1539=EDGE_CURVE('',#1241,#1240,#610,.T.);
#1540=EDGE_CURVE('',#1241,#1238,#813,.T.);
#1541=EDGE_CURVE('',#1236,#1242,#1116,.T.);
#1542=EDGE_CURVE('',#1242,#1243,#1117,.T.);
#1543=EDGE_CURVE('',#1240,#1243,#611,.T.);
#1544=EDGE_CURVE('',#1236,#1244,#1118,.T.);
#1545=EDGE_CURVE('',#1245,#1244,#612,.T.);
#1546=EDGE_CURVE('',#1245,#1242,#1119,.T.);
#1547=EDGE_CURVE('',#1236,#1246,#1120,.T.);
#1548=EDGE_CURVE('',#1246,#1247,#1121,.T.);
#1549=EDGE_CURVE('',#1244,#1247,#613,.T.);
#1550=EDGE_CURVE('',#1236,#1248,#1122,.T.);
#1551=EDGE_CURVE('',#1249,#1248,#614,.T.);
#1552=EDGE_CURVE('',#1249,#1246,#1123,.T.);
#1553=EDGE_CURVE('',#1236,#1250,#1124,.T.);
#1554=EDGE_CURVE('',#1250,#1251,#1125,.T.);
#1555=EDGE_CURVE('',#1248,#1251,#615,.T.);
#1556=EDGE_CURVE('',#1252,#1253,#1126,.T.);
#1557=EDGE_CURVE('',#1252,#1254,#1127,.T.);
#1558=EDGE_CURVE('',#1254,#1255,#814,.T.);
#1559=EDGE_CURVE('',#1253,#1255,#616,.T.);
#1560=EDGE_CURVE('',#1252,#1256,#1128,.T.);
#1561=EDGE_CURVE('',#1257,#1256,#617,.T.);
#1562=EDGE_CURVE('',#1257,#1254,#815,.T.);
#1563=EDGE_CURVE('',#1252,#1258,#1129,.T.);
#1564=EDGE_CURVE('',#1258,#1259,#1130,.T.);
#1565=EDGE_CURVE('',#1256,#1259,#618,.T.);
#1566=EDGE_CURVE('',#1252,#1260,#1131,.T.);
#1567=EDGE_CURVE('',#1261,#1260,#619,.T.);
#1568=EDGE_CURVE('',#1261,#1258,#1132,.T.);
#1569=EDGE_CURVE('',#1252,#1262,#1133,.T.);
#1570=EDGE_CURVE('',#1262,#1263,#1134,.T.);
#1571=EDGE_CURVE('',#1260,#1263,#620,.T.);
#1572=EDGE_CURVE('',#1252,#1264,#1135,.T.);
#1573=EDGE_CURVE('',#1265,#1264,#621,.T.);
#1574=EDGE_CURVE('',#1265,#1266,#1136,.T.);
#1575=EDGE_CURVE('',#1266,#1262,#1137,.T.);
#1576=EDGE_CURVE('',#1252,#1267,#1138,.T.);
#1577=EDGE_CURVE('',#1267,#1268,#1139,.T.);
#1578=EDGE_CURVE('',#1264,#1268,#622,.T.);
#1579=EDGE_CURVE('',#1269,#1270,#1140,.T.);
#1580=EDGE_CURVE('',#1269,#1271,#1141,.T.);
#1581=EDGE_CURVE('',#1271,#1272,#1142,.T.);
#1582=EDGE_CURVE('',#1270,#1272,#623,.T.);
#1583=EDGE_CURVE('',#1269,#1273,#1143,.T.);
#1584=EDGE_CURVE('',#1274,#1273,#624,.T.);
#1585=EDGE_CURVE('',#1274,#1271,#1144,.T.);
#1586=EDGE_CURVE('',#1269,#1275,#1145,.T.);
#1587=EDGE_CURVE('',#1275,#1276,#1146,.T.);
#1588=EDGE_CURVE('',#1273,#1276,#625,.T.);
#1589=EDGE_CURVE('',#1269,#1277,#1147,.T.);
#1590=EDGE_CURVE('',#1278,#1277,#626,.T.);
#1591=EDGE_CURVE('',#1278,#1275,#1148,.T.);
#1592=EDGE_CURVE('',#1269,#1279,#1149,.T.);
#1593=EDGE_CURVE('',#1279,#1280,#816,.T.);
#1594=EDGE_CURVE('',#1277,#1280,#627,.T.);
#1595=EDGE_CURVE('',#1269,#1281,#1150,.T.);
#1596=EDGE_CURVE('',#1282,#1281,#628,.T.);
#1597=EDGE_CURVE('',#1282,#1279,#817,.T.);
#1598=EDGE_CURVE('',#1269,#1283,#1151,.T.);
#1599=EDGE_CURVE('',#1283,#1284,#1152,.T.);
#1600=EDGE_CURVE('',#1281,#1284,#629,.T.);
#1601=EDGE_CURVE('',#1285,#1286,#1153,.T.);
#1602=EDGE_CURVE('',#1285,#1287,#1154,.T.);
#1603=EDGE_CURVE('',#1287,#1288,#1155,.T.);
#1604=EDGE_CURVE('',#1288,#1289,#1156,.T.);
#1605=EDGE_CURVE('',#1286,#1289,#630,.T.);
#1606=EDGE_CURVE('',#1285,#1290,#1157,.T.);
#1607=EDGE_CURVE('',#1291,#1290,#631,.T.);
#1608=EDGE_CURVE('',#1291,#1287,#1158,.T.);
#1609=EDGE_CURVE('',#1285,#1292,#1159,.T.);
#1610=EDGE_CURVE('',#1292,#1293,#1160,.T.);
#1611=EDGE_CURVE('',#1290,#1293,#632,.T.);
#1612=EDGE_CURVE('',#1285,#1294,#1161,.T.);
#1613=EDGE_CURVE('',#1295,#1294,#633,.T.);
#1614=EDGE_CURVE('',#1295,#1292,#1162,.T.);
#1615=EDGE_CURVE('',#1285,#1296,#1163,.T.);
#1616=EDGE_CURVE('',#1296,#1297,#818,.T.);
#1617=EDGE_CURVE('',#1294,#1297,#634,.T.);
#1618=EDGE_CURVE('',#1285,#1298,#1164,.T.);
#1619=EDGE_CURVE('',#1299,#1298,#635,.T.);
#1620=EDGE_CURVE('',#1299,#1296,#819,.T.);
#1621=EDGE_CURVE('',#1285,#1300,#1165,.T.);
#1622=EDGE_CURVE('',#1300,#1301,#1166,.T.);
#1623=EDGE_CURVE('',#1298,#1301,#636,.T.);
#1624=EDGE_CURVE('',#1302,#1303,#1167,.T.);
#1625=EDGE_CURVE('',#1302,#1304,#1168,.T.);
#1626=EDGE_CURVE('',#1304,#1305,#820,.T.);
#1627=EDGE_CURVE('',#1303,#1305,#637,.T.);
#1628=EDGE_CURVE('',#1302,#1306,#1169,.T.);
#1629=EDGE_CURVE('',#1307,#1306,#638,.T.);
#1630=EDGE_CURVE('',#1307,#1304,#821,.T.);
#1631=EDGE_CURVE('',#1302,#1308,#1170,.T.);
#1632=EDGE_CURVE('',#1308,#1309,#1171,.T.);
#1633=EDGE_CURVE('',#1306,#1309,#639,.T.);
#1634=EDGE_CURVE('',#1302,#1310,#1172,.T.);
#1635=EDGE_CURVE('',#1311,#1310,#640,.T.);
#1636=EDGE_CURVE('',#1311,#1308,#1173,.T.);
#1637=EDGE_CURVE('',#1302,#1312,#1174,.T.);
#1638=EDGE_CURVE('',#1312,#1313,#1175,.T.);
#1639=EDGE_CURVE('',#1310,#1313,#641,.T.);
#1640=EDGE_CURVE('',#1302,#1314,#1176,.T.);
#1641=EDGE_CURVE('',#1315,#1314,#642,.T.);
#1642=EDGE_CURVE('',#1315,#1312,#1177,.T.);
#1643=EDGE_CURVE('',#1302,#1316,#1178,.T.);
#1644=EDGE_CURVE('',#1316,#1317,#1179,.T.);
#1645=EDGE_CURVE('',#1314,#1317,#643,.T.);
#1646=EDGE_CURVE('',#1318,#1319,#822,.T.);
#1647=EDGE_CURVE('',#1320,#1319,#644,.T.);
#1648=EDGE_CURVE('',#1321,#1320,#823,.T.);
#1649=EDGE_CURVE('',#1318,#1321,#645,.T.);
#1650=EDGE_CURVE('',#1322,#1323,#646,.T.);
#1651=EDGE_CURVE('',#1324,#1322,#824,.T.);
#1652=EDGE_CURVE('',#1325,#1324,#647,.T.);
#1653=EDGE_CURVE('',#1326,#1325,#825,.T.);
#1654=EDGE_CURVE('',#1327,#1326,#648,.T.);
#1655=EDGE_CURVE('',#1328,#1327,#826,.T.);
#1656=EDGE_CURVE('',#1329,#1328,#827,.T.);
#1657=EDGE_CURVE('',#1330,#1329,#828,.T.);
#1658=EDGE_CURVE('',#1331,#1330,#649,.T.);
#1659=EDGE_CURVE('',#1332,#1331,#829,.T.);
#1660=EDGE_CURVE('',#1333,#1332,#650,.T.);
#1661=EDGE_CURVE('',#1334,#1333,#830,.T.);
#1662=EDGE_CURVE('',#1335,#1334,#651,.T.);
#1663=EDGE_CURVE('',#1336,#1335,#831,.T.);
#1664=EDGE_CURVE('',#1337,#1336,#832,.T.);
#1665=EDGE_CURVE('',#1323,#1337,#833,.T.);
#1666=EDGE_CURVE('',#1319,#1338,#834,.T.);
#1667=EDGE_CURVE('',#1338,#1339,#652,.T.);
#1668=EDGE_CURVE('',#1339,#1320,#835,.T.);
#1669=EDGE_CURVE('',#1340,#1340,#653,.T.);
#1670=EDGE_CURVE('',#1321,#1341,#836,.T.);
#1671=EDGE_CURVE('',#1339,#1341,#837,.T.);
#1672=EDGE_CURVE('',#1342,#1318,#838,.T.);
#1673=EDGE_CURVE('',#1338,#1342,#839,.T.);
#1674=EDGE_CURVE('',#1341,#1342,#654,.T.);
#1675=EDGE_CURVE('',#1343,#1344,#840,.T.);
#1676=EDGE_CURVE('',#1344,#1345,#655,.T.);
#1677=EDGE_CURVE('',#1346,#1345,#841,.T.);
#1678=EDGE_CURVE('',#1343,#1346,#656,.T.);
#1679=EDGE_CURVE('',#1211,#1197,#657,.T.);
#1680=EDGE_CURVE('',#1347,#1213,#842,.T.);
#1681=EDGE_CURVE('',#1348,#1347,#658,.T.);
#1682=EDGE_CURVE('',#1349,#1348,#843,.T.);
#1683=EDGE_CURVE('',#1350,#1349,#659,.T.);
#1684=EDGE_CURVE('',#1351,#1350,#844,.T.);
#1685=EDGE_CURVE('',#1352,#1351,#660,.T.);
#1686=EDGE_CURVE('',#1243,#1352,#845,.T.);
#1687=EDGE_CURVE('',#1276,#1245,#661,.T.);
#1688=EDGE_CURVE('',#1309,#1278,#846,.T.);
#1689=EDGE_CURVE('',#1293,#1311,#662,.T.);
#1690=EDGE_CURVE('',#1353,#1295,#847,.T.);
#1691=EDGE_CURVE('',#1354,#1353,#663,.T.);
#1692=EDGE_CURVE('',#1355,#1354,#848,.T.);
#1693=EDGE_CURVE('',#1356,#1355,#664,.T.);
#1694=EDGE_CURVE('',#1357,#1356,#849,.T.);
#1695=EDGE_CURVE('',#1358,#1357,#665,.T.);
#1696=EDGE_CURVE('',#1259,#1358,#850,.T.);
#1697=EDGE_CURVE('',#1227,#1261,#666,.T.);
#1698=EDGE_CURVE('',#1195,#1229,#851,.T.);
#1699=EDGE_CURVE('',#1346,#1359,#852,.T.);
#1700=EDGE_CURVE('',#1359,#1360,#667,.T.);
#1701=EDGE_CURVE('',#1360,#1343,#853,.T.);
#1702=EDGE_CURVE('',#1361,#1361,#668,.T.);
#1703=EDGE_CURVE('',#1362,#1362,#669,.T.);
#1704=EDGE_CURVE('',#1363,#1364,#854,.T.);
#1705=EDGE_CURVE('',#1365,#1363,#670,.T.);
#1706=EDGE_CURVE('',#1366,#1365,#855,.T.);
#1707=EDGE_CURVE('',#1364,#1366,#671,.T.);
#1708=EDGE_CURVE('',#1367,#1367,#672,.T.);
#1709=EDGE_CURVE('',#1345,#1368,#856,.T.);
#1710=EDGE_CURVE('',#1368,#1359,#857,.T.);
#1711=EDGE_CURVE('',#1369,#1360,#858,.T.);
#1712=EDGE_CURVE('',#1369,#1344,#859,.T.);
#1713=EDGE_CURVE('',#1368,#1369,#673,.T.);
#1714=EDGE_CURVE('',#1370,#1370,#674,.T.);
#1715=EDGE_CURVE('',#1370,#1340,#860,.T.);
#1716=EDGE_CURVE('',#1361,#1371,#861,.T.);
#1717=EDGE_CURVE('',#1371,#1371,#675,.T.);
#1718=EDGE_CURVE('',#1372,#1372,#676,.T.);
#1719=EDGE_CURVE('',#1372,#1373,#677,.T.);
#1720=EDGE_CURVE('',#1373,#1374,#678,.T.);
#1721=EDGE_CURVE('',#1374,#1373,#679,.T.);
#1722=EDGE_CURVE('',#1374,#1375,#862,.T.);
#1723=EDGE_CURVE('',#1375,#1375,#680,.T.);
#1724=EDGE_CURVE('',#1376,#1376,#681,.T.);
#1725=EDGE_CURVE('',#1377,#1377,#682,.T.);
#1726=EDGE_CURVE('',#1377,#1378,#683,.T.);
#1727=EDGE_CURVE('',#1378,#1379,#684,.T.);
#1728=EDGE_CURVE('',#1379,#1378,#685,.T.);
#1729=EDGE_CURVE('',#1379,#1380,#863,.T.);
#1730=EDGE_CURVE('',#1380,#1380,#686,.T.);
#1731=EDGE_CURVE('',#1381,#1381,#687,.T.);
#1732=EDGE_CURVE('',#1382,#1382,#688,.T.);
#1733=EDGE_CURVE('',#1382,#1383,#689,.T.);
#1734=EDGE_CURVE('',#1383,#1384,#690,.T.);
#1735=EDGE_CURVE('',#1384,#1383,#691,.T.);
#1736=EDGE_CURVE('',#1384,#1385,#864,.T.);
#1737=EDGE_CURVE('',#1385,#1385,#692,.T.);
#1738=EDGE_CURVE('',#1386,#1386,#693,.T.);
#1739=EDGE_CURVE('',#1387,#1387,#694,.T.);
#1740=EDGE_CURVE('',#1387,#1388,#695,.T.);
#1741=EDGE_CURVE('',#1388,#1389,#696,.T.);
#1742=EDGE_CURVE('',#1389,#1388,#697,.T.);
#1743=EDGE_CURVE('',#1389,#1390,#865,.T.);
#1744=EDGE_CURVE('',#1390,#1390,#698,.T.);
#1745=EDGE_CURVE('',#1391,#1391,#699,.T.);
#1746=EDGE_CURVE('',#1392,#1392,#700,.T.);
#1747=EDGE_CURVE('',#1392,#1393,#866,.T.);
#1748=EDGE_CURVE('',#1393,#1393,#701,.T.);
#1749=EDGE_CURVE('',#1394,#1394,#702,.T.);
#1750=EDGE_CURVE('',#1394,#1395,#867,.T.);
#1751=EDGE_CURVE('',#1395,#1395,#703,.T.);
#1752=EDGE_CURVE('',#1396,#1396,#704,.T.);
#1753=EDGE_CURVE('',#1396,#1397,#868,.T.);
#1754=EDGE_CURVE('',#1397,#1397,#705,.T.);
#1755=EDGE_CURVE('',#1398,#1398,#706,.T.);
#1756=EDGE_CURVE('',#1398,#1399,#869,.T.);
#1757=EDGE_CURVE('',#1399,#1399,#707,.T.);
#1758=EDGE_CURVE('',#1328,#1400,#708,.F.);
#1759=EDGE_CURVE('',#1401,#1328,#709,.F.);
#1760=EDGE_CURVE('',#1400,#1401,#710,.F.);
#1761=EDGE_CURVE('',#1402,#1403,#711,.F.);
#1762=EDGE_CURVE('',#1404,#1402,#712,.F.);
#1763=EDGE_CURVE('',#1403,#1404,#713,.F.);
#1764=EDGE_CURVE('',#1402,#1400,#870,.T.);
#1765=EDGE_CURVE('',#1401,#1404,#871,.T.);
#1766=EDGE_CURVE('',#1327,#1405,#714,.T.);
#1767=EDGE_CURVE('',#1405,#1401,#872,.T.);
#1768=EDGE_CURVE('',#1326,#1406,#715,.T.);
#1769=EDGE_CURVE('',#1406,#1405,#716,.T.);
#1770=EDGE_CURVE('',#1325,#1407,#717,.T.);
#1771=EDGE_CURVE('',#1407,#1406,#873,.T.);
#1772=EDGE_CURVE('',#1324,#1408,#718,.T.);
#1773=EDGE_CURVE('',#1408,#1407,#719,.T.);
#1774=EDGE_CURVE('',#1409,#1410,#720,.F.);
#1775=EDGE_CURVE('',#1329,#1409,#721,.F.);
#1776=EDGE_CURVE('',#1410,#1329,#722,.F.);
#1777=EDGE_CURVE('',#1411,#1303,#723,.T.);
#1778=EDGE_CURVE('',#1411,#1316,#1180,.T.);
#1779=EDGE_CURVE('',#1403,#1411,#874,.T.);
#1780=EDGE_CURVE('',#1305,#1402,#875,.T.);
#1781=EDGE_CURVE('',#1412,#1286,#724,.T.);
#1782=EDGE_CURVE('',#1412,#1300,#1181,.T.);
#1783=EDGE_CURVE('',#1413,#1414,#725,.F.);
#1784=EDGE_CURVE('',#1337,#1413,#726,.F.);
#1785=EDGE_CURVE('',#1414,#1337,#727,.F.);
#1786=EDGE_CURVE('',#1415,#1322,#728,.T.);
#1787=EDGE_CURVE('',#1323,#1416,#729,.T.);
#1788=EDGE_CURVE('',#1416,#1415,#730,.T.);
#1789=EDGE_CURVE('',#1413,#1416,#876,.T.);
#1790=EDGE_CURVE('',#1417,#1418,#731,.F.);
#1791=EDGE_CURVE('',#1419,#1417,#732,.F.);
#1792=EDGE_CURVE('',#1418,#1419,#733,.F.);
#1793=EDGE_CURVE('',#1417,#1409,#877,.T.);
#1794=EDGE_CURVE('',#1410,#1419,#878,.T.);
#1795=EDGE_CURVE('',#1420,#1270,#734,.T.);
#1796=EDGE_CURVE('',#1420,#1283,#1182,.T.);
#1797=EDGE_CURVE('',#1280,#1307,#879,.T.);
#1798=EDGE_CURVE('',#1421,#1422,#735,.F.);
#1799=EDGE_CURVE('',#1423,#1421,#736,.F.);
#1800=EDGE_CURVE('',#1422,#1423,#737,.F.);
#1801=EDGE_CURVE('',#1421,#1413,#880,.T.);
#1802=EDGE_CURVE('',#1414,#1423,#881,.T.);
#1803=EDGE_CURVE('',#1424,#1253,#738,.T.);
#1804=EDGE_CURVE('',#1424,#1267,#1183,.T.);
#1805=EDGE_CURVE('',#1422,#1424,#882,.T.);
#1806=EDGE_CURVE('',#1255,#1421,#883,.T.);
#1807=EDGE_CURVE('',#1425,#1426,#739,.F.);
#1808=EDGE_CURVE('',#1336,#1425,#740,.F.);
#1809=EDGE_CURVE('',#1426,#1336,#741,.F.);
#1810=EDGE_CURVE('',#1425,#1414,#884,.T.);
#1811=EDGE_CURVE('',#1335,#1427,#742,.T.);
#1812=EDGE_CURVE('',#1427,#1426,#885,.T.);
#1813=EDGE_CURVE('',#1428,#1237,#743,.T.);
#1814=EDGE_CURVE('',#1428,#1250,#1184,.T.);
#1815=EDGE_CURVE('',#1418,#1428,#886,.T.);
#1816=EDGE_CURVE('',#1239,#1417,#887,.T.);
#1817=EDGE_CURVE('',#1251,#1420,#744,.T.);
#1818=EDGE_CURVE('',#1272,#1249,#745,.T.);
#1819=EDGE_CURVE('',#1247,#1429,#746,.T.);
#1820=EDGE_CURVE('',#1429,#1274,#747,.T.);
#1821=EDGE_CURVE('',#1430,#1221,#748,.T.);
#1822=EDGE_CURVE('',#1430,#1234,#1185,.T.);
#1823=EDGE_CURVE('',#1431,#1432,#749,.F.);
#1824=EDGE_CURVE('',#1433,#1431,#750,.F.);
#1825=EDGE_CURVE('',#1432,#1433,#751,.F.);
#1826=EDGE_CURVE('',#1431,#1425,#888,.T.);
#1827=EDGE_CURVE('',#1426,#1433,#889,.T.);
#1828=EDGE_CURVE('',#1434,#1205,#752,.T.);
#1829=EDGE_CURVE('',#1434,#1218,#1186,.T.);
#1830=EDGE_CURVE('',#1435,#1347,#753,.T.);
#1831=EDGE_CURVE('',#1215,#1435,#890,.T.);
#1832=EDGE_CURVE('',#1436,#1348,#754,.T.);
#1833=EDGE_CURVE('',#1435,#1436,#755,.T.);
#1834=EDGE_CURVE('',#1437,#1349,#756,.T.);
#1835=EDGE_CURVE('',#1436,#1437,#891,.T.);
#1836=EDGE_CURVE('',#1438,#1350,#757,.T.);
#1837=EDGE_CURVE('',#1437,#1438,#758,.T.);
#1838=EDGE_CURVE('',#1439,#1351,#759,.T.);
#1839=EDGE_CURVE('',#1438,#1439,#892,.T.);
#1840=EDGE_CURVE('',#1440,#1352,#760,.T.);
#1841=EDGE_CURVE('',#1439,#1440,#761,.T.);
#1842=EDGE_CURVE('',#1440,#1241,#893,.T.);
#1843=EDGE_CURVE('',#1441,#1189,#762,.T.);
#1844=EDGE_CURVE('',#1441,#1202,#1187,.T.);
#1845=EDGE_CURVE('',#1432,#1441,#894,.T.);
#1846=EDGE_CURVE('',#1191,#1431,#895,.T.);
#1847=EDGE_CURVE('',#1203,#1434,#763,.T.);
#1848=EDGE_CURVE('',#1207,#1201,#764,.T.);
#1849=EDGE_CURVE('',#1199,#1442,#765,.T.);
#1850=EDGE_CURVE('',#1442,#1209,#766,.T.);
#1851=EDGE_CURVE('',#1231,#1193,#896,.T.);
#1852=EDGE_CURVE('',#1219,#1432,#897,.T.);
#1853=EDGE_CURVE('',#1433,#1217,#898,.T.);
#1854=EDGE_CURVE('',#1263,#1225,#767,.T.);
#1855=EDGE_CURVE('',#1268,#1430,#768,.T.);
#1856=EDGE_CURVE('',#1223,#1265,#769,.T.);
#1857=EDGE_CURVE('',#1235,#1422,#899,.T.);
#1858=EDGE_CURVE('',#1423,#1233,#900,.T.);
#1859=EDGE_CURVE('',#1443,#1353,#770,.T.);
#1860=EDGE_CURVE('',#1297,#1443,#901,.T.);
#1861=EDGE_CURVE('',#1444,#1354,#771,.T.);
#1862=EDGE_CURVE('',#1443,#1444,#772,.T.);
#1863=EDGE_CURVE('',#1445,#1355,#773,.T.);
#1864=EDGE_CURVE('',#1444,#1445,#902,.T.);
#1865=EDGE_CURVE('',#1446,#1356,#774,.T.);
#1866=EDGE_CURVE('',#1445,#1446,#775,.T.);
#1867=EDGE_CURVE('',#1447,#1357,#776,.T.);
#1868=EDGE_CURVE('',#1446,#1447,#903,.T.);
#1869=EDGE_CURVE('',#1448,#1358,#777,.T.);
#1870=EDGE_CURVE('',#1447,#1448,#778,.T.);
#1871=EDGE_CURVE('',#1448,#1257,#904,.T.);
#1872=EDGE_CURVE('',#1284,#1418,#905,.T.);
#1873=EDGE_CURVE('',#1419,#1282,#906,.T.);
#1874=EDGE_CURVE('',#1334,#1449,#779,.T.);
#1875=EDGE_CURVE('',#1449,#1427,#780,.T.);
#1876=EDGE_CURVE('',#1333,#1450,#781,.T.);
#1877=EDGE_CURVE('',#1450,#1449,#907,.T.);
#1878=EDGE_CURVE('',#1332,#1451,#782,.T.);
#1879=EDGE_CURVE('',#1451,#1450,#783,.T.);
#1880=EDGE_CURVE('',#1331,#1452,#784,.T.);
#1881=EDGE_CURVE('',#1452,#1451,#908,.T.);
#1882=EDGE_CURVE('',#1330,#1453,#785,.T.);
#1883=EDGE_CURVE('',#1453,#1452,#786,.T.);
#1884=EDGE_CURVE('',#1409,#1453,#909,.T.);
#1885=EDGE_CURVE('',#1313,#1291,#787,.T.);
#1886=EDGE_CURVE('',#1317,#1412,#788,.T.);
#1887=EDGE_CURVE('',#1289,#1315,#789,.T.);
#1888=EDGE_CURVE('',#1301,#1403,#910,.T.);
#1889=EDGE_CURVE('',#1404,#1299,#911,.T.);
#1890=EDGE_CURVE('',#1400,#1410,#912,.T.);
#1891=EDGE_CURVE('',#1415,#1408,#913,.T.);
#1892=EDGE_CURVE('',#1406,#1444,#914,.T.);
#1893=EDGE_CURVE('',#1443,#1405,#915,.T.);
#1894=EDGE_CURVE('',#1407,#1445,#916,.T.);
#1895=EDGE_CURVE('',#1408,#1446,#917,.T.);
#1896=EDGE_CURVE('',#1416,#1448,#918,.T.);
#1897=EDGE_CURVE('',#1447,#1415,#919,.T.);
#1898=EDGE_CURVE('',#1453,#1440,#920,.T.);
#1899=EDGE_CURVE('',#1391,#1288,#921,.T.);
#1900=EDGE_CURVE('',#1386,#1429,#922,.T.);
#1901=EDGE_CURVE('',#1381,#1266,#923,.T.);
#1902=EDGE_CURVE('',#1376,#1442,#924,.T.);
#1903=EDGE_CURVE('',#1454,#1455,#790,.T.);
#1904=EDGE_CURVE('',#1455,#1362,#791,.T.);
#1905=EDGE_CURVE('',#1455,#1454,#792,.T.);
#1906=EDGE_CURVE('',#1456,#1456,#793,.T.);
#1907=EDGE_CURVE('',#1456,#1454,#925,.T.);
#1908=EDGE_CURVE('',#1457,#1458,#794,.T.);
#1909=EDGE_CURVE('',#1458,#1367,#795,.T.);
#1910=EDGE_CURVE('',#1458,#1457,#796,.T.);
#1911=EDGE_CURVE('',#1459,#1459,#797,.T.);
#1912=EDGE_CURVE('',#1459,#1457,#926,.T.);
#1913=EDGE_CURVE('',#1364,#1460,#798,.T.);
#1914=EDGE_CURVE('',#1460,#1461,#927,.T.);
#1915=EDGE_CURVE('',#1461,#1363,#799,.T.);
#1916=EDGE_CURVE('',#1462,#1365,#800,.T.);
#1917=EDGE_CURVE('',#1461,#1462,#801,.T.);
#1918=EDGE_CURVE('',#1463,#1366,#802,.T.);
#1919=EDGE_CURVE('',#1462,#1463,#928,.T.);
#1920=EDGE_CURVE('',#1463,#1460,#803,.T.);
#1921=EDGE_CURVE('',#1461,#1464,#929,.T.);
#1922=EDGE_CURVE('',#1465,#1464,#804,.T.);
#1923=EDGE_CURVE('',#1462,#1465,#930,.T.);
#1924=EDGE_CURVE('',#1460,#1466,#931,.T.);
#1925=EDGE_CURVE('',#1464,#1466,#932,.T.);
#1926=EDGE_CURVE('',#1467,#1465,#933,.T.);
#1927=EDGE_CURVE('',#1463,#1467,#934,.T.);
#1928=EDGE_CURVE('',#1466,#1467,#805,.T.);
#1929=EDGE_CURVE('',#1449,#1436,#935,.T.);
#1930=EDGE_CURVE('',#1435,#1427,#936,.T.);
#1931=EDGE_CURVE('',#1450,#1437,#937,.T.);
#1932=EDGE_CURVE('',#1439,#1452,#938,.T.);
#1933=EDGE_CURVE('',#1451,#1438,#939,.T.);
#1934=ORIENTED_EDGE('',*,*,#1468,.F.);
#1935=ORIENTED_EDGE('',*,*,#1469,.T.);
#1936=ORIENTED_EDGE('',*,*,#1470,.T.);
#1937=ORIENTED_EDGE('',*,*,#1471,.F.);
#1938=ORIENTED_EDGE('',*,*,#1469,.F.);
#1939=ORIENTED_EDGE('',*,*,#1472,.T.);
#1940=ORIENTED_EDGE('',*,*,#1473,.F.);
#1941=ORIENTED_EDGE('',*,*,#1474,.T.);
#1942=ORIENTED_EDGE('',*,*,#1472,.F.);
#1943=ORIENTED_EDGE('',*,*,#1475,.T.);
#1944=ORIENTED_EDGE('',*,*,#1476,.T.);
#1945=ORIENTED_EDGE('',*,*,#1477,.F.);
#1946=ORIENTED_EDGE('',*,*,#1475,.F.);
#1947=ORIENTED_EDGE('',*,*,#1478,.T.);
#1948=ORIENTED_EDGE('',*,*,#1479,.F.);
#1949=ORIENTED_EDGE('',*,*,#1480,.T.);
#1950=ORIENTED_EDGE('',*,*,#1478,.F.);
#1951=ORIENTED_EDGE('',*,*,#1481,.T.);
#1952=ORIENTED_EDGE('',*,*,#1482,.T.);
#1953=ORIENTED_EDGE('',*,*,#1483,.F.);
#1954=ORIENTED_EDGE('',*,*,#1481,.F.);
#1955=ORIENTED_EDGE('',*,*,#1484,.T.);
#1956=ORIENTED_EDGE('',*,*,#1485,.F.);
#1957=ORIENTED_EDGE('',*,*,#1486,.T.);
#1958=ORIENTED_EDGE('',*,*,#1484,.F.);
#1959=ORIENTED_EDGE('',*,*,#1487,.T.);
#1960=ORIENTED_EDGE('',*,*,#1488,.T.);
#1961=ORIENTED_EDGE('',*,*,#1489,.F.);
#1962=ORIENTED_EDGE('',*,*,#1490,.F.);
#1963=ORIENTED_EDGE('',*,*,#1491,.T.);
#1964=ORIENTED_EDGE('',*,*,#1492,.T.);
#1965=ORIENTED_EDGE('',*,*,#1493,.F.);
#1966=ORIENTED_EDGE('',*,*,#1491,.F.);
#1967=ORIENTED_EDGE('',*,*,#1494,.T.);
#1968=ORIENTED_EDGE('',*,*,#1495,.F.);
#1969=ORIENTED_EDGE('',*,*,#1496,.T.);
#1970=ORIENTED_EDGE('',*,*,#1494,.F.);
#1971=ORIENTED_EDGE('',*,*,#1497,.T.);
#1972=ORIENTED_EDGE('',*,*,#1498,.T.);
#1973=ORIENTED_EDGE('',*,*,#1499,.F.);
#1974=ORIENTED_EDGE('',*,*,#1497,.F.);
#1975=ORIENTED_EDGE('',*,*,#1500,.T.);
#1976=ORIENTED_EDGE('',*,*,#1501,.F.);
#1977=ORIENTED_EDGE('',*,*,#1502,.T.);
#1978=ORIENTED_EDGE('',*,*,#1500,.F.);
#1979=ORIENTED_EDGE('',*,*,#1503,.T.);
#1980=ORIENTED_EDGE('',*,*,#1504,.T.);
#1981=ORIENTED_EDGE('',*,*,#1505,.F.);
#1982=ORIENTED_EDGE('',*,*,#1503,.F.);
#1983=ORIENTED_EDGE('',*,*,#1506,.T.);
#1984=ORIENTED_EDGE('',*,*,#1507,.F.);
#1985=ORIENTED_EDGE('',*,*,#1508,.T.);
#1986=ORIENTED_EDGE('',*,*,#1506,.F.);
#1987=ORIENTED_EDGE('',*,*,#1509,.T.);
#1988=ORIENTED_EDGE('',*,*,#1510,.T.);
#1989=ORIENTED_EDGE('',*,*,#1511,.F.);
#1990=ORIENTED_EDGE('',*,*,#1512,.F.);
#1991=ORIENTED_EDGE('',*,*,#1513,.T.);
#1992=ORIENTED_EDGE('',*,*,#1514,.T.);
#1993=ORIENTED_EDGE('',*,*,#1515,.F.);
#1994=ORIENTED_EDGE('',*,*,#1513,.F.);
#1995=ORIENTED_EDGE('',*,*,#1516,.T.);
#1996=ORIENTED_EDGE('',*,*,#1517,.F.);
#1997=ORIENTED_EDGE('',*,*,#1518,.T.);
#1998=ORIENTED_EDGE('',*,*,#1516,.F.);
#1999=ORIENTED_EDGE('',*,*,#1519,.T.);
#2000=ORIENTED_EDGE('',*,*,#1520,.T.);
#2001=ORIENTED_EDGE('',*,*,#1521,.F.);
#2002=ORIENTED_EDGE('',*,*,#1519,.F.);
#2003=ORIENTED_EDGE('',*,*,#1522,.T.);
#2004=ORIENTED_EDGE('',*,*,#1523,.F.);
#2005=ORIENTED_EDGE('',*,*,#1524,.T.);
#2006=ORIENTED_EDGE('',*,*,#1522,.F.);
#2007=ORIENTED_EDGE('',*,*,#1525,.T.);
#2008=ORIENTED_EDGE('',*,*,#1526,.T.);
#2009=ORIENTED_EDGE('',*,*,#1527,.F.);
#2010=ORIENTED_EDGE('',*,*,#1525,.F.);
#2011=ORIENTED_EDGE('',*,*,#1528,.T.);
#2012=ORIENTED_EDGE('',*,*,#1529,.F.);
#2013=ORIENTED_EDGE('',*,*,#1530,.T.);
#2014=ORIENTED_EDGE('',*,*,#1528,.F.);
#2015=ORIENTED_EDGE('',*,*,#1531,.T.);
#2016=ORIENTED_EDGE('',*,*,#1532,.T.);
#2017=ORIENTED_EDGE('',*,*,#1533,.F.);
#2018=ORIENTED_EDGE('',*,*,#1534,.F.);
#2019=ORIENTED_EDGE('',*,*,#1535,.T.);
#2020=ORIENTED_EDGE('',*,*,#1536,.T.);
#2021=ORIENTED_EDGE('',*,*,#1537,.F.);
#2022=ORIENTED_EDGE('',*,*,#1535,.F.);
#2023=ORIENTED_EDGE('',*,*,#1538,.T.);
#2024=ORIENTED_EDGE('',*,*,#1539,.F.);
#2025=ORIENTED_EDGE('',*,*,#1540,.T.);
#2026=ORIENTED_EDGE('',*,*,#1538,.F.);
#2027=ORIENTED_EDGE('',*,*,#1541,.T.);
#2028=ORIENTED_EDGE('',*,*,#1542,.T.);
#2029=ORIENTED_EDGE('',*,*,#1543,.F.);
#2030=ORIENTED_EDGE('',*,*,#1541,.F.);
#2031=ORIENTED_EDGE('',*,*,#1544,.T.);
#2032=ORIENTED_EDGE('',*,*,#1545,.F.);
#2033=ORIENTED_EDGE('',*,*,#1546,.T.);
#2034=ORIENTED_EDGE('',*,*,#1544,.F.);
#2035=ORIENTED_EDGE('',*,*,#1547,.T.);
#2036=ORIENTED_EDGE('',*,*,#1548,.T.);
#2037=ORIENTED_EDGE('',*,*,#1549,.F.);
#2038=ORIENTED_EDGE('',*,*,#1547,.F.);
#2039=ORIENTED_EDGE('',*,*,#1550,.T.);
#2040=ORIENTED_EDGE('',*,*,#1551,.F.);
#2041=ORIENTED_EDGE('',*,*,#1552,.T.);
#2042=ORIENTED_EDGE('',*,*,#1550,.F.);
#2043=ORIENTED_EDGE('',*,*,#1553,.T.);
#2044=ORIENTED_EDGE('',*,*,#1554,.T.);
#2045=ORIENTED_EDGE('',*,*,#1555,.F.);
#2046=ORIENTED_EDGE('',*,*,#1556,.F.);
#2047=ORIENTED_EDGE('',*,*,#1557,.T.);
#2048=ORIENTED_EDGE('',*,*,#1558,.T.);
#2049=ORIENTED_EDGE('',*,*,#1559,.F.);
#2050=ORIENTED_EDGE('',*,*,#1557,.F.);
#2051=ORIENTED_EDGE('',*,*,#1560,.T.);
#2052=ORIENTED_EDGE('',*,*,#1561,.F.);
#2053=ORIENTED_EDGE('',*,*,#1562,.T.);
#2054=ORIENTED_EDGE('',*,*,#1560,.F.);
#2055=ORIENTED_EDGE('',*,*,#1563,.T.);
#2056=ORIENTED_EDGE('',*,*,#1564,.T.);
#2057=ORIENTED_EDGE('',*,*,#1565,.F.);
#2058=ORIENTED_EDGE('',*,*,#1563,.F.);
#2059=ORIENTED_EDGE('',*,*,#1566,.T.);
#2060=ORIENTED_EDGE('',*,*,#1567,.F.);
#2061=ORIENTED_EDGE('',*,*,#1568,.T.);
#2062=ORIENTED_EDGE('',*,*,#1566,.F.);
#2063=ORIENTED_EDGE('',*,*,#1569,.T.);
#2064=ORIENTED_EDGE('',*,*,#1570,.T.);
#2065=ORIENTED_EDGE('',*,*,#1571,.F.);
#2066=ORIENTED_EDGE('',*,*,#1569,.F.);
#2067=ORIENTED_EDGE('',*,*,#1572,.T.);
#2068=ORIENTED_EDGE('',*,*,#1573,.F.);
#2069=ORIENTED_EDGE('',*,*,#1574,.T.);
#2070=ORIENTED_EDGE('',*,*,#1575,.T.);
#2071=ORIENTED_EDGE('',*,*,#1572,.F.);
#2072=ORIENTED_EDGE('',*,*,#1576,.T.);
#2073=ORIENTED_EDGE('',*,*,#1577,.T.);
#2074=ORIENTED_EDGE('',*,*,#1578,.F.);
#2075=ORIENTED_EDGE('',*,*,#1579,.F.);
#2076=ORIENTED_EDGE('',*,*,#1580,.T.);
#2077=ORIENTED_EDGE('',*,*,#1581,.T.);
#2078=ORIENTED_EDGE('',*,*,#1582,.F.);
#2079=ORIENTED_EDGE('',*,*,#1580,.F.);
#2080=ORIENTED_EDGE('',*,*,#1583,.T.);
#2081=ORIENTED_EDGE('',*,*,#1584,.F.);
#2082=ORIENTED_EDGE('',*,*,#1585,.T.);
#2083=ORIENTED_EDGE('',*,*,#1583,.F.);
#2084=ORIENTED_EDGE('',*,*,#1586,.T.);
#2085=ORIENTED_EDGE('',*,*,#1587,.T.);
#2086=ORIENTED_EDGE('',*,*,#1588,.F.);
#2087=ORIENTED_EDGE('',*,*,#1586,.F.);
#2088=ORIENTED_EDGE('',*,*,#1589,.T.);
#2089=ORIENTED_EDGE('',*,*,#1590,.F.);
#2090=ORIENTED_EDGE('',*,*,#1591,.T.);
#2091=ORIENTED_EDGE('',*,*,#1589,.F.);
#2092=ORIENTED_EDGE('',*,*,#1592,.T.);
#2093=ORIENTED_EDGE('',*,*,#1593,.T.);
#2094=ORIENTED_EDGE('',*,*,#1594,.F.);
#2095=ORIENTED_EDGE('',*,*,#1592,.F.);
#2096=ORIENTED_EDGE('',*,*,#1595,.T.);
#2097=ORIENTED_EDGE('',*,*,#1596,.F.);
#2098=ORIENTED_EDGE('',*,*,#1597,.T.);
#2099=ORIENTED_EDGE('',*,*,#1595,.F.);
#2100=ORIENTED_EDGE('',*,*,#1598,.T.);
#2101=ORIENTED_EDGE('',*,*,#1599,.T.);
#2102=ORIENTED_EDGE('',*,*,#1600,.F.);
#2103=ORIENTED_EDGE('',*,*,#1601,.F.);
#2104=ORIENTED_EDGE('',*,*,#1602,.T.);
#2105=ORIENTED_EDGE('',*,*,#1603,.T.);
#2106=ORIENTED_EDGE('',*,*,#1604,.T.);
#2107=ORIENTED_EDGE('',*,*,#1605,.F.);
#2108=ORIENTED_EDGE('',*,*,#1602,.F.);
#2109=ORIENTED_EDGE('',*,*,#1606,.T.);
#2110=ORIENTED_EDGE('',*,*,#1607,.F.);
#2111=ORIENTED_EDGE('',*,*,#1608,.T.);
#2112=ORIENTED_EDGE('',*,*,#1606,.F.);
#2113=ORIENTED_EDGE('',*,*,#1609,.T.);
#2114=ORIENTED_EDGE('',*,*,#1610,.T.);
#2115=ORIENTED_EDGE('',*,*,#1611,.F.);
#2116=ORIENTED_EDGE('',*,*,#1609,.F.);
#2117=ORIENTED_EDGE('',*,*,#1612,.T.);
#2118=ORIENTED_EDGE('',*,*,#1613,.F.);
#2119=ORIENTED_EDGE('',*,*,#1614,.T.);
#2120=ORIENTED_EDGE('',*,*,#1612,.F.);
#2121=ORIENTED_EDGE('',*,*,#1615,.T.);
#2122=ORIENTED_EDGE('',*,*,#1616,.T.);
#2123=ORIENTED_EDGE('',*,*,#1617,.F.);
#2124=ORIENTED_EDGE('',*,*,#1615,.F.);
#2125=ORIENTED_EDGE('',*,*,#1618,.T.);
#2126=ORIENTED_EDGE('',*,*,#1619,.F.);
#2127=ORIENTED_EDGE('',*,*,#1620,.T.);
#2128=ORIENTED_EDGE('',*,*,#1618,.F.);
#2129=ORIENTED_EDGE('',*,*,#1621,.T.);
#2130=ORIENTED_EDGE('',*,*,#1622,.T.);
#2131=ORIENTED_EDGE('',*,*,#1623,.F.);
#2132=ORIENTED_EDGE('',*,*,#1624,.F.);
#2133=ORIENTED_EDGE('',*,*,#1625,.T.);
#2134=ORIENTED_EDGE('',*,*,#1626,.T.);
#2135=ORIENTED_EDGE('',*,*,#1627,.F.);
#2136=ORIENTED_EDGE('',*,*,#1625,.F.);
#2137=ORIENTED_EDGE('',*,*,#1628,.T.);
#2138=ORIENTED_EDGE('',*,*,#1629,.F.);
#2139=ORIENTED_EDGE('',*,*,#1630,.T.);
#2140=ORIENTED_EDGE('',*,*,#1628,.F.);
#2141=ORIENTED_EDGE('',*,*,#1631,.T.);
#2142=ORIENTED_EDGE('',*,*,#1632,.T.);
#2143=ORIENTED_EDGE('',*,*,#1633,.F.);
#2144=ORIENTED_EDGE('',*,*,#1631,.F.);
#2145=ORIENTED_EDGE('',*,*,#1634,.T.);
#2146=ORIENTED_EDGE('',*,*,#1635,.F.);
#2147=ORIENTED_EDGE('',*,*,#1636,.T.);
#2148=ORIENTED_EDGE('',*,*,#1634,.F.);
#2149=ORIENTED_EDGE('',*,*,#1637,.T.);
#2150=ORIENTED_EDGE('',*,*,#1638,.T.);
#2151=ORIENTED_EDGE('',*,*,#1639,.F.);
#2152=ORIENTED_EDGE('',*,*,#1637,.F.);
#2153=ORIENTED_EDGE('',*,*,#1640,.T.);
#2154=ORIENTED_EDGE('',*,*,#1641,.F.);
#2155=ORIENTED_EDGE('',*,*,#1642,.T.);
#2156=ORIENTED_EDGE('',*,*,#1640,.F.);
#2157=ORIENTED_EDGE('',*,*,#1643,.T.);
#2158=ORIENTED_EDGE('',*,*,#1644,.T.);
#2159=ORIENTED_EDGE('',*,*,#1645,.F.);
#2160=ORIENTED_EDGE('',*,*,#1646,.T.);
#2161=ORIENTED_EDGE('',*,*,#1647,.F.);
#2162=ORIENTED_EDGE('',*,*,#1648,.F.);
#2163=ORIENTED_EDGE('',*,*,#1649,.F.);
#2164=ORIENTED_EDGE('',*,*,#1650,.F.);
#2165=ORIENTED_EDGE('',*,*,#1651,.F.);
#2166=ORIENTED_EDGE('',*,*,#1652,.F.);
#2167=ORIENTED_EDGE('',*,*,#1653,.F.);
#2168=ORIENTED_EDGE('',*,*,#1654,.F.);
#2169=ORIENTED_EDGE('',*,*,#1655,.F.);
#2170=ORIENTED_EDGE('',*,*,#1656,.F.);
#2171=ORIENTED_EDGE('',*,*,#1657,.F.);
#2172=ORIENTED_EDGE('',*,*,#1658,.F.);
#2173=ORIENTED_EDGE('',*,*,#1659,.F.);
#2174=ORIENTED_EDGE('',*,*,#1660,.F.);
#2175=ORIENTED_EDGE('',*,*,#1661,.F.);
#2176=ORIENTED_EDGE('',*,*,#1662,.F.);
#2177=ORIENTED_EDGE('',*,*,#1663,.F.);
#2178=ORIENTED_EDGE('',*,*,#1664,.F.);
#2179=ORIENTED_EDGE('',*,*,#1665,.F.);
#2180=ORIENTED_EDGE('',*,*,#1647,.T.);
#2181=ORIENTED_EDGE('',*,*,#1666,.T.);
#2182=ORIENTED_EDGE('',*,*,#1667,.T.);
#2183=ORIENTED_EDGE('',*,*,#1668,.T.);
#2184=ORIENTED_EDGE('',*,*,#1669,.T.);
#2185=ORIENTED_EDGE('',*,*,#1670,.F.);
#2186=ORIENTED_EDGE('',*,*,#1648,.T.);
#2187=ORIENTED_EDGE('',*,*,#1668,.F.);
#2188=ORIENTED_EDGE('',*,*,#1671,.T.);
#2189=ORIENTED_EDGE('',*,*,#1672,.F.);
#2190=ORIENTED_EDGE('',*,*,#1673,.F.);
#2191=ORIENTED_EDGE('',*,*,#1666,.F.);
#2192=ORIENTED_EDGE('',*,*,#1646,.F.);
#2193=ORIENTED_EDGE('',*,*,#1671,.F.);
#2194=ORIENTED_EDGE('',*,*,#1667,.F.);
#2195=ORIENTED_EDGE('',*,*,#1673,.T.);
#2196=ORIENTED_EDGE('',*,*,#1674,.F.);
#2197=ORIENTED_EDGE('',*,*,#1675,.T.);
#2198=ORIENTED_EDGE('',*,*,#1676,.T.);
#2199=ORIENTED_EDGE('',*,*,#1677,.F.);
#2200=ORIENTED_EDGE('',*,*,#1678,.F.);
#2201=ORIENTED_EDGE('',*,*,#1480,.F.);
#2202=ORIENTED_EDGE('',*,*,#1679,.F.);
#2203=ORIENTED_EDGE('',*,*,#1498,.F.);
#2204=ORIENTED_EDGE('',*,*,#1502,.F.);
#2205=ORIENTED_EDGE('',*,*,#1680,.F.);
#2206=ORIENTED_EDGE('',*,*,#1681,.F.);
#2207=ORIENTED_EDGE('',*,*,#1682,.F.);
#2208=ORIENTED_EDGE('',*,*,#1683,.F.);
#2209=ORIENTED_EDGE('',*,*,#1684,.F.);
#2210=ORIENTED_EDGE('',*,*,#1685,.F.);
#2211=ORIENTED_EDGE('',*,*,#1686,.F.);
#2212=ORIENTED_EDGE('',*,*,#1542,.F.);
#2213=ORIENTED_EDGE('',*,*,#1546,.F.);
#2214=ORIENTED_EDGE('',*,*,#1687,.F.);
#2215=ORIENTED_EDGE('',*,*,#1587,.F.);
#2216=ORIENTED_EDGE('',*,*,#1591,.F.);
#2217=ORIENTED_EDGE('',*,*,#1688,.F.);
#2218=ORIENTED_EDGE('',*,*,#1632,.F.);
#2219=ORIENTED_EDGE('',*,*,#1636,.F.);
#2220=ORIENTED_EDGE('',*,*,#1689,.F.);
#2221=ORIENTED_EDGE('',*,*,#1610,.F.);
#2222=ORIENTED_EDGE('',*,*,#1614,.F.);
#2223=ORIENTED_EDGE('',*,*,#1690,.F.);
#2224=ORIENTED_EDGE('',*,*,#1691,.F.);
#2225=ORIENTED_EDGE('',*,*,#1692,.F.);
#2226=ORIENTED_EDGE('',*,*,#1693,.F.);
#2227=ORIENTED_EDGE('',*,*,#1694,.F.);
#2228=ORIENTED_EDGE('',*,*,#1695,.F.);
#2229=ORIENTED_EDGE('',*,*,#1696,.F.);
#2230=ORIENTED_EDGE('',*,*,#1564,.F.);
#2231=ORIENTED_EDGE('',*,*,#1568,.F.);
#2232=ORIENTED_EDGE('',*,*,#1697,.F.);
#2233=ORIENTED_EDGE('',*,*,#1520,.F.);
#2234=ORIENTED_EDGE('',*,*,#1524,.F.);
#2235=ORIENTED_EDGE('',*,*,#1698,.F.);
#2236=ORIENTED_EDGE('',*,*,#1476,.F.);
#2237=ORIENTED_EDGE('',*,*,#1678,.T.);
#2238=ORIENTED_EDGE('',*,*,#1699,.T.);
#2239=ORIENTED_EDGE('',*,*,#1700,.T.);
#2240=ORIENTED_EDGE('',*,*,#1701,.T.);
#2241=ORIENTED_EDGE('',*,*,#1702,.T.);
#2242=ORIENTED_EDGE('',*,*,#1703,.F.);
#2243=ORIENTED_EDGE('',*,*,#1704,.F.);
#2244=ORIENTED_EDGE('',*,*,#1705,.F.);
#2245=ORIENTED_EDGE('',*,*,#1706,.F.);
#2246=ORIENTED_EDGE('',*,*,#1707,.F.);
#2247=ORIENTED_EDGE('',*,*,#1708,.F.);
#2248=ORIENTED_EDGE('',*,*,#1699,.F.);
#2249=ORIENTED_EDGE('',*,*,#1677,.T.);
#2250=ORIENTED_EDGE('',*,*,#1709,.T.);
#2251=ORIENTED_EDGE('',*,*,#1710,.T.);
#2252=ORIENTED_EDGE('',*,*,#1701,.F.);
#2253=ORIENTED_EDGE('',*,*,#1711,.F.);
#2254=ORIENTED_EDGE('',*,*,#1712,.T.);
#2255=ORIENTED_EDGE('',*,*,#1675,.F.);
#2256=ORIENTED_EDGE('',*,*,#1710,.F.);
#2257=ORIENTED_EDGE('',*,*,#1713,.T.);
#2258=ORIENTED_EDGE('',*,*,#1711,.T.);
#2259=ORIENTED_EDGE('',*,*,#1700,.F.);
#2260=ORIENTED_EDGE('',*,*,#1712,.F.);
#2261=ORIENTED_EDGE('',*,*,#1713,.F.);
#2262=ORIENTED_EDGE('',*,*,#1709,.F.);
#2263=ORIENTED_EDGE('',*,*,#1676,.F.);
#2264=ORIENTED_EDGE('',*,*,#1649,.T.);
#2265=ORIENTED_EDGE('',*,*,#1670,.T.);
#2266=ORIENTED_EDGE('',*,*,#1674,.T.);
#2267=ORIENTED_EDGE('',*,*,#1672,.T.);
#2268=ORIENTED_EDGE('',*,*,#1714,.F.);
#2269=ORIENTED_EDGE('',*,*,#1715,.T.);
#2270=ORIENTED_EDGE('',*,*,#1669,.F.);
#2271=ORIENTED_EDGE('',*,*,#1715,.F.);
#2272=ORIENTED_EDGE('',*,*,#1702,.F.);
#2273=ORIENTED_EDGE('',*,*,#1716,.T.);
#2274=ORIENTED_EDGE('',*,*,#1717,.T.);
#2275=ORIENTED_EDGE('',*,*,#1716,.F.);
#2276=ORIENTED_EDGE('',*,*,#1717,.F.);
#2277=ORIENTED_EDGE('',*,*,#1714,.T.);
#2278=ORIENTED_EDGE('',*,*,#1718,.T.);
#2279=ORIENTED_EDGE('',*,*,#1719,.T.);
#2280=ORIENTED_EDGE('',*,*,#1720,.T.);
#2281=ORIENTED_EDGE('',*,*,#1721,.T.);
#2282=ORIENTED_EDGE('',*,*,#1719,.F.);
#2283=ORIENTED_EDGE('',*,*,#1721,.F.);
#2284=ORIENTED_EDGE('',*,*,#1722,.T.);
#2285=ORIENTED_EDGE('',*,*,#1723,.T.);
#2286=ORIENTED_EDGE('',*,*,#1722,.F.);
#2287=ORIENTED_EDGE('',*,*,#1720,.F.);
#2288=ORIENTED_EDGE('',*,*,#1724,.T.);
#2289=ORIENTED_EDGE('',*,*,#1718,.F.);
#2290=ORIENTED_EDGE('',*,*,#1725,.T.);
#2291=ORIENTED_EDGE('',*,*,#1726,.T.);
#2292=ORIENTED_EDGE('',*,*,#1727,.T.);
#2293=ORIENTED_EDGE('',*,*,#1728,.T.);
#2294=ORIENTED_EDGE('',*,*,#1726,.F.);
#2295=ORIENTED_EDGE('',*,*,#1728,.F.);
#2296=ORIENTED_EDGE('',*,*,#1729,.T.);
#2297=ORIENTED_EDGE('',*,*,#1730,.T.);
#2298=ORIENTED_EDGE('',*,*,#1729,.F.);
#2299=ORIENTED_EDGE('',*,*,#1727,.F.);
#2300=ORIENTED_EDGE('',*,*,#1731,.T.);
#2301=ORIENTED_EDGE('',*,*,#1725,.F.);
#2302=ORIENTED_EDGE('',*,*,#1732,.T.);
#2303=ORIENTED_EDGE('',*,*,#1733,.T.);
#2304=ORIENTED_EDGE('',*,*,#1734,.T.);
#2305=ORIENTED_EDGE('',*,*,#1735,.T.);
#2306=ORIENTED_EDGE('',*,*,#1733,.F.);
#2307=ORIENTED_EDGE('',*,*,#1735,.F.);
#2308=ORIENTED_EDGE('',*,*,#1736,.T.);
#2309=ORIENTED_EDGE('',*,*,#1737,.T.);
#2310=ORIENTED_EDGE('',*,*,#1736,.F.);
#2311=ORIENTED_EDGE('',*,*,#1734,.F.);
#2312=ORIENTED_EDGE('',*,*,#1738,.T.);
#2313=ORIENTED_EDGE('',*,*,#1732,.F.);
#2314=ORIENTED_EDGE('',*,*,#1739,.T.);
#2315=ORIENTED_EDGE('',*,*,#1740,.T.);
#2316=ORIENTED_EDGE('',*,*,#1741,.T.);
#2317=ORIENTED_EDGE('',*,*,#1742,.T.);
#2318=ORIENTED_EDGE('',*,*,#1740,.F.);
#2319=ORIENTED_EDGE('',*,*,#1742,.F.);
#2320=ORIENTED_EDGE('',*,*,#1743,.T.);
#2321=ORIENTED_EDGE('',*,*,#1744,.T.);
#2322=ORIENTED_EDGE('',*,*,#1743,.F.);
#2323=ORIENTED_EDGE('',*,*,#1741,.F.);
#2324=ORIENTED_EDGE('',*,*,#1745,.T.);
#2325=ORIENTED_EDGE('',*,*,#1739,.F.);
#2326=ORIENTED_EDGE('',*,*,#1746,.F.);
#2327=ORIENTED_EDGE('',*,*,#1747,.T.);
#2328=ORIENTED_EDGE('',*,*,#1748,.T.);
#2329=ORIENTED_EDGE('',*,*,#1747,.F.);
#2330=ORIENTED_EDGE('',*,*,#1748,.F.);
#2331=ORIENTED_EDGE('',*,*,#1723,.F.);
#2332=ORIENTED_EDGE('',*,*,#1746,.T.);
#2333=ORIENTED_EDGE('',*,*,#1749,.F.);
#2334=ORIENTED_EDGE('',*,*,#1750,.T.);
#2335=ORIENTED_EDGE('',*,*,#1751,.T.);
#2336=ORIENTED_EDGE('',*,*,#1750,.F.);
#2337=ORIENTED_EDGE('',*,*,#1751,.F.);
#2338=ORIENTED_EDGE('',*,*,#1730,.F.);
#2339=ORIENTED_EDGE('',*,*,#1749,.T.);
#2340=ORIENTED_EDGE('',*,*,#1752,.F.);
#2341=ORIENTED_EDGE('',*,*,#1753,.T.);
#2342=ORIENTED_EDGE('',*,*,#1754,.T.);
#2343=ORIENTED_EDGE('',*,*,#1753,.F.);
#2344=ORIENTED_EDGE('',*,*,#1754,.F.);
#2345=ORIENTED_EDGE('',*,*,#1737,.F.);
#2346=ORIENTED_EDGE('',*,*,#1752,.T.);
#2347=ORIENTED_EDGE('',*,*,#1755,.F.);
#2348=ORIENTED_EDGE('',*,*,#1756,.T.);
#2349=ORIENTED_EDGE('',*,*,#1757,.T.);
#2350=ORIENTED_EDGE('',*,*,#1756,.F.);
#2351=ORIENTED_EDGE('',*,*,#1757,.F.);
#2352=ORIENTED_EDGE('',*,*,#1744,.F.);
#2353=ORIENTED_EDGE('',*,*,#1755,.T.);
#2354=ORIENTED_EDGE('',*,*,#1758,.F.);
#2355=ORIENTED_EDGE('',*,*,#1759,.F.);
#2356=ORIENTED_EDGE('',*,*,#1760,.F.);
#2357=ORIENTED_EDGE('',*,*,#1761,.F.);
#2358=ORIENTED_EDGE('',*,*,#1762,.F.);
#2359=ORIENTED_EDGE('',*,*,#1763,.F.);
#2360=ORIENTED_EDGE('',*,*,#1762,.T.);
#2361=ORIENTED_EDGE('',*,*,#1764,.T.);
#2362=ORIENTED_EDGE('',*,*,#1760,.T.);
#2363=ORIENTED_EDGE('',*,*,#1765,.T.);
#2364=ORIENTED_EDGE('',*,*,#1766,.T.);
#2365=ORIENTED_EDGE('',*,*,#1767,.T.);
#2366=ORIENTED_EDGE('',*,*,#1759,.T.);
#2367=ORIENTED_EDGE('',*,*,#1655,.T.);
#2368=ORIENTED_EDGE('',*,*,#1768,.T.);
#2369=ORIENTED_EDGE('',*,*,#1769,.T.);
#2370=ORIENTED_EDGE('',*,*,#1766,.F.);
#2371=ORIENTED_EDGE('',*,*,#1654,.T.);
#2372=ORIENTED_EDGE('',*,*,#1770,.T.);
#2373=ORIENTED_EDGE('',*,*,#1771,.T.);
#2374=ORIENTED_EDGE('',*,*,#1768,.F.);
#2375=ORIENTED_EDGE('',*,*,#1653,.T.);
#2376=ORIENTED_EDGE('',*,*,#1772,.T.);
#2377=ORIENTED_EDGE('',*,*,#1773,.T.);
#2378=ORIENTED_EDGE('',*,*,#1770,.F.);
#2379=ORIENTED_EDGE('',*,*,#1652,.T.);
#2380=ORIENTED_EDGE('',*,*,#1774,.F.);
#2381=ORIENTED_EDGE('',*,*,#1775,.F.);
#2382=ORIENTED_EDGE('',*,*,#1776,.F.);
#2383=ORIENTED_EDGE('',*,*,#1624,.T.);
#2384=ORIENTED_EDGE('',*,*,#1777,.F.);
#2385=ORIENTED_EDGE('',*,*,#1778,.T.);
#2386=ORIENTED_EDGE('',*,*,#1643,.F.);
#2387=ORIENTED_EDGE('',*,*,#1761,.T.);
#2388=ORIENTED_EDGE('',*,*,#1779,.T.);
#2389=ORIENTED_EDGE('',*,*,#1777,.T.);
#2390=ORIENTED_EDGE('',*,*,#1627,.T.);
#2391=ORIENTED_EDGE('',*,*,#1780,.T.);
#2392=ORIENTED_EDGE('',*,*,#1601,.T.);
#2393=ORIENTED_EDGE('',*,*,#1781,.F.);
#2394=ORIENTED_EDGE('',*,*,#1782,.T.);
#2395=ORIENTED_EDGE('',*,*,#1621,.F.);
#2396=ORIENTED_EDGE('',*,*,#1783,.F.);
#2397=ORIENTED_EDGE('',*,*,#1784,.F.);
#2398=ORIENTED_EDGE('',*,*,#1785,.F.);
#2399=ORIENTED_EDGE('',*,*,#1786,.T.);
#2400=ORIENTED_EDGE('',*,*,#1650,.T.);
#2401=ORIENTED_EDGE('',*,*,#1787,.T.);
#2402=ORIENTED_EDGE('',*,*,#1788,.T.);
#2403=ORIENTED_EDGE('',*,*,#1784,.T.);
#2404=ORIENTED_EDGE('',*,*,#1789,.T.);
#2405=ORIENTED_EDGE('',*,*,#1787,.F.);
#2406=ORIENTED_EDGE('',*,*,#1665,.T.);
#2407=ORIENTED_EDGE('',*,*,#1790,.F.);
#2408=ORIENTED_EDGE('',*,*,#1791,.F.);
#2409=ORIENTED_EDGE('',*,*,#1792,.F.);
#2410=ORIENTED_EDGE('',*,*,#1791,.T.);
#2411=ORIENTED_EDGE('',*,*,#1793,.T.);
#2412=ORIENTED_EDGE('',*,*,#1774,.T.);
#2413=ORIENTED_EDGE('',*,*,#1794,.T.);
#2414=ORIENTED_EDGE('',*,*,#1579,.T.);
#2415=ORIENTED_EDGE('',*,*,#1795,.F.);
#2416=ORIENTED_EDGE('',*,*,#1796,.T.);
#2417=ORIENTED_EDGE('',*,*,#1598,.F.);
#2418=ORIENTED_EDGE('',*,*,#1629,.T.);
#2419=ORIENTED_EDGE('',*,*,#1633,.T.);
#2420=ORIENTED_EDGE('',*,*,#1688,.T.);
#2421=ORIENTED_EDGE('',*,*,#1590,.T.);
#2422=ORIENTED_EDGE('',*,*,#1594,.T.);
#2423=ORIENTED_EDGE('',*,*,#1797,.T.);
#2424=ORIENTED_EDGE('',*,*,#1798,.F.);
#2425=ORIENTED_EDGE('',*,*,#1799,.F.);
#2426=ORIENTED_EDGE('',*,*,#1800,.F.);
#2427=ORIENTED_EDGE('',*,*,#1799,.T.);
#2428=ORIENTED_EDGE('',*,*,#1801,.T.);
#2429=ORIENTED_EDGE('',*,*,#1783,.T.);
#2430=ORIENTED_EDGE('',*,*,#1802,.T.);
#2431=ORIENTED_EDGE('',*,*,#1556,.T.);
#2432=ORIENTED_EDGE('',*,*,#1803,.F.);
#2433=ORIENTED_EDGE('',*,*,#1804,.T.);
#2434=ORIENTED_EDGE('',*,*,#1576,.F.);
#2435=ORIENTED_EDGE('',*,*,#1798,.T.);
#2436=ORIENTED_EDGE('',*,*,#1805,.T.);
#2437=ORIENTED_EDGE('',*,*,#1803,.T.);
#2438=ORIENTED_EDGE('',*,*,#1559,.T.);
#2439=ORIENTED_EDGE('',*,*,#1806,.T.);
#2440=ORIENTED_EDGE('',*,*,#1807,.F.);
#2441=ORIENTED_EDGE('',*,*,#1808,.F.);
#2442=ORIENTED_EDGE('',*,*,#1809,.F.);
#2443=ORIENTED_EDGE('',*,*,#1808,.T.);
#2444=ORIENTED_EDGE('',*,*,#1810,.T.);
#2445=ORIENTED_EDGE('',*,*,#1785,.T.);
#2446=ORIENTED_EDGE('',*,*,#1664,.T.);
#2447=ORIENTED_EDGE('',*,*,#1811,.T.);
#2448=ORIENTED_EDGE('',*,*,#1812,.T.);
#2449=ORIENTED_EDGE('',*,*,#1809,.T.);
#2450=ORIENTED_EDGE('',*,*,#1663,.T.);
#2451=ORIENTED_EDGE('',*,*,#1534,.T.);
#2452=ORIENTED_EDGE('',*,*,#1813,.F.);
#2453=ORIENTED_EDGE('',*,*,#1814,.T.);
#2454=ORIENTED_EDGE('',*,*,#1553,.F.);
#2455=ORIENTED_EDGE('',*,*,#1790,.T.);
#2456=ORIENTED_EDGE('',*,*,#1815,.T.);
#2457=ORIENTED_EDGE('',*,*,#1813,.T.);
#2458=ORIENTED_EDGE('',*,*,#1537,.T.);
#2459=ORIENTED_EDGE('',*,*,#1816,.T.);
#2460=ORIENTED_EDGE('',*,*,#1551,.T.);
#2461=ORIENTED_EDGE('',*,*,#1555,.T.);
#2462=ORIENTED_EDGE('',*,*,#1817,.T.);
#2463=ORIENTED_EDGE('',*,*,#1795,.T.);
#2464=ORIENTED_EDGE('',*,*,#1582,.T.);
#2465=ORIENTED_EDGE('',*,*,#1818,.T.);
#2466=ORIENTED_EDGE('',*,*,#1584,.T.);
#2467=ORIENTED_EDGE('',*,*,#1588,.T.);
#2468=ORIENTED_EDGE('',*,*,#1687,.T.);
#2469=ORIENTED_EDGE('',*,*,#1545,.T.);
#2470=ORIENTED_EDGE('',*,*,#1549,.T.);
#2471=ORIENTED_EDGE('',*,*,#1819,.T.);
#2472=ORIENTED_EDGE('',*,*,#1820,.T.);
#2473=ORIENTED_EDGE('',*,*,#1512,.T.);
#2474=ORIENTED_EDGE('',*,*,#1821,.F.);
#2475=ORIENTED_EDGE('',*,*,#1822,.T.);
#2476=ORIENTED_EDGE('',*,*,#1531,.F.);
#2477=ORIENTED_EDGE('',*,*,#1823,.F.);
#2478=ORIENTED_EDGE('',*,*,#1824,.F.);
#2479=ORIENTED_EDGE('',*,*,#1825,.F.);
#2480=ORIENTED_EDGE('',*,*,#1824,.T.);
#2481=ORIENTED_EDGE('',*,*,#1826,.T.);
#2482=ORIENTED_EDGE('',*,*,#1807,.T.);
#2483=ORIENTED_EDGE('',*,*,#1827,.T.);
#2484=ORIENTED_EDGE('',*,*,#1490,.T.);
#2485=ORIENTED_EDGE('',*,*,#1828,.F.);
#2486=ORIENTED_EDGE('',*,*,#1829,.T.);
#2487=ORIENTED_EDGE('',*,*,#1509,.F.);
#2488=ORIENTED_EDGE('',*,*,#1830,.T.);
#2489=ORIENTED_EDGE('',*,*,#1680,.T.);
#2490=ORIENTED_EDGE('',*,*,#1501,.T.);
#2491=ORIENTED_EDGE('',*,*,#1505,.T.);
#2492=ORIENTED_EDGE('',*,*,#1831,.T.);
#2493=ORIENTED_EDGE('',*,*,#1832,.T.);
#2494=ORIENTED_EDGE('',*,*,#1681,.T.);
#2495=ORIENTED_EDGE('',*,*,#1830,.F.);
#2496=ORIENTED_EDGE('',*,*,#1833,.T.);
#2497=ORIENTED_EDGE('',*,*,#1834,.T.);
#2498=ORIENTED_EDGE('',*,*,#1682,.T.);
#2499=ORIENTED_EDGE('',*,*,#1832,.F.);
#2500=ORIENTED_EDGE('',*,*,#1835,.T.);
#2501=ORIENTED_EDGE('',*,*,#1836,.T.);
#2502=ORIENTED_EDGE('',*,*,#1683,.T.);
#2503=ORIENTED_EDGE('',*,*,#1834,.F.);
#2504=ORIENTED_EDGE('',*,*,#1837,.T.);
#2505=ORIENTED_EDGE('',*,*,#1838,.T.);
#2506=ORIENTED_EDGE('',*,*,#1684,.T.);
#2507=ORIENTED_EDGE('',*,*,#1836,.F.);
#2508=ORIENTED_EDGE('',*,*,#1839,.T.);
#2509=ORIENTED_EDGE('',*,*,#1840,.T.);
#2510=ORIENTED_EDGE('',*,*,#1685,.T.);
#2511=ORIENTED_EDGE('',*,*,#1838,.F.);
#2512=ORIENTED_EDGE('',*,*,#1841,.T.);
#2513=ORIENTED_EDGE('',*,*,#1539,.T.);
#2514=ORIENTED_EDGE('',*,*,#1543,.T.);
#2515=ORIENTED_EDGE('',*,*,#1686,.T.);
#2516=ORIENTED_EDGE('',*,*,#1840,.F.);
#2517=ORIENTED_EDGE('',*,*,#1842,.T.);
#2518=ORIENTED_EDGE('',*,*,#1468,.T.);
#2519=ORIENTED_EDGE('',*,*,#1843,.F.);
#2520=ORIENTED_EDGE('',*,*,#1844,.T.);
#2521=ORIENTED_EDGE('',*,*,#1487,.F.);
#2522=ORIENTED_EDGE('',*,*,#1823,.T.);
#2523=ORIENTED_EDGE('',*,*,#1845,.T.);
#2524=ORIENTED_EDGE('',*,*,#1843,.T.);
#2525=ORIENTED_EDGE('',*,*,#1471,.T.);
#2526=ORIENTED_EDGE('',*,*,#1846,.T.);
#2527=ORIENTED_EDGE('',*,*,#1485,.T.);
#2528=ORIENTED_EDGE('',*,*,#1489,.T.);
#2529=ORIENTED_EDGE('',*,*,#1847,.T.);
#2530=ORIENTED_EDGE('',*,*,#1828,.T.);
#2531=ORIENTED_EDGE('',*,*,#1493,.T.);
#2532=ORIENTED_EDGE('',*,*,#1848,.T.);
#2533=ORIENTED_EDGE('',*,*,#1495,.T.);
#2534=ORIENTED_EDGE('',*,*,#1499,.T.);
#2535=ORIENTED_EDGE('',*,*,#1679,.T.);
#2536=ORIENTED_EDGE('',*,*,#1479,.T.);
#2537=ORIENTED_EDGE('',*,*,#1483,.T.);
#2538=ORIENTED_EDGE('',*,*,#1849,.T.);
#2539=ORIENTED_EDGE('',*,*,#1850,.T.);
#2540=ORIENTED_EDGE('',*,*,#1473,.T.);
#2541=ORIENTED_EDGE('',*,*,#1477,.T.);
#2542=ORIENTED_EDGE('',*,*,#1698,.T.);
#2543=ORIENTED_EDGE('',*,*,#1523,.T.);
#2544=ORIENTED_EDGE('',*,*,#1527,.T.);
#2545=ORIENTED_EDGE('',*,*,#1851,.T.);
#2546=ORIENTED_EDGE('',*,*,#1507,.T.);
#2547=ORIENTED_EDGE('',*,*,#1511,.T.);
#2548=ORIENTED_EDGE('',*,*,#1852,.T.);
#2549=ORIENTED_EDGE('',*,*,#1825,.T.);
#2550=ORIENTED_EDGE('',*,*,#1853,.T.);
#2551=ORIENTED_EDGE('',*,*,#1517,.T.);
#2552=ORIENTED_EDGE('',*,*,#1521,.T.);
#2553=ORIENTED_EDGE('',*,*,#1697,.T.);
#2554=ORIENTED_EDGE('',*,*,#1567,.T.);
#2555=ORIENTED_EDGE('',*,*,#1571,.T.);
#2556=ORIENTED_EDGE('',*,*,#1854,.T.);
#2557=ORIENTED_EDGE('',*,*,#1573,.T.);
#2558=ORIENTED_EDGE('',*,*,#1578,.T.);
#2559=ORIENTED_EDGE('',*,*,#1855,.T.);
#2560=ORIENTED_EDGE('',*,*,#1821,.T.);
#2561=ORIENTED_EDGE('',*,*,#1515,.T.);
#2562=ORIENTED_EDGE('',*,*,#1856,.T.);
#2563=ORIENTED_EDGE('',*,*,#1529,.T.);
#2564=ORIENTED_EDGE('',*,*,#1533,.T.);
#2565=ORIENTED_EDGE('',*,*,#1857,.T.);
#2566=ORIENTED_EDGE('',*,*,#1800,.T.);
#2567=ORIENTED_EDGE('',*,*,#1858,.T.);
#2568=ORIENTED_EDGE('',*,*,#1859,.T.);
#2569=ORIENTED_EDGE('',*,*,#1690,.T.);
#2570=ORIENTED_EDGE('',*,*,#1613,.T.);
#2571=ORIENTED_EDGE('',*,*,#1617,.T.);
#2572=ORIENTED_EDGE('',*,*,#1860,.T.);
#2573=ORIENTED_EDGE('',*,*,#1861,.T.);
#2574=ORIENTED_EDGE('',*,*,#1691,.T.);
#2575=ORIENTED_EDGE('',*,*,#1859,.F.);
#2576=ORIENTED_EDGE('',*,*,#1862,.T.);
#2577=ORIENTED_EDGE('',*,*,#1863,.T.);
#2578=ORIENTED_EDGE('',*,*,#1692,.T.);
#2579=ORIENTED_EDGE('',*,*,#1861,.F.);
#2580=ORIENTED_EDGE('',*,*,#1864,.T.);
#2581=ORIENTED_EDGE('',*,*,#1865,.T.);
#2582=ORIENTED_EDGE('',*,*,#1693,.T.);
#2583=ORIENTED_EDGE('',*,*,#1863,.F.);
#2584=ORIENTED_EDGE('',*,*,#1866,.T.);
#2585=ORIENTED_EDGE('',*,*,#1867,.T.);
#2586=ORIENTED_EDGE('',*,*,#1694,.T.);
#2587=ORIENTED_EDGE('',*,*,#1865,.F.);
#2588=ORIENTED_EDGE('',*,*,#1868,.T.);
#2589=ORIENTED_EDGE('',*,*,#1869,.T.);
#2590=ORIENTED_EDGE('',*,*,#1695,.T.);
#2591=ORIENTED_EDGE('',*,*,#1867,.F.);
#2592=ORIENTED_EDGE('',*,*,#1870,.T.);
#2593=ORIENTED_EDGE('',*,*,#1561,.T.);
#2594=ORIENTED_EDGE('',*,*,#1565,.T.);
#2595=ORIENTED_EDGE('',*,*,#1696,.T.);
#2596=ORIENTED_EDGE('',*,*,#1869,.F.);
#2597=ORIENTED_EDGE('',*,*,#1871,.T.);
#2598=ORIENTED_EDGE('',*,*,#1596,.T.);
#2599=ORIENTED_EDGE('',*,*,#1600,.T.);
#2600=ORIENTED_EDGE('',*,*,#1872,.T.);
#2601=ORIENTED_EDGE('',*,*,#1792,.T.);
#2602=ORIENTED_EDGE('',*,*,#1873,.T.);
#2603=ORIENTED_EDGE('',*,*,#1874,.T.);
#2604=ORIENTED_EDGE('',*,*,#1875,.T.);
#2605=ORIENTED_EDGE('',*,*,#1811,.F.);
#2606=ORIENTED_EDGE('',*,*,#1662,.T.);
#2607=ORIENTED_EDGE('',*,*,#1876,.T.);
#2608=ORIENTED_EDGE('',*,*,#1877,.T.);
#2609=ORIENTED_EDGE('',*,*,#1874,.F.);
#2610=ORIENTED_EDGE('',*,*,#1661,.T.);
#2611=ORIENTED_EDGE('',*,*,#1878,.T.);
#2612=ORIENTED_EDGE('',*,*,#1879,.T.);
#2613=ORIENTED_EDGE('',*,*,#1876,.F.);
#2614=ORIENTED_EDGE('',*,*,#1660,.T.);
#2615=ORIENTED_EDGE('',*,*,#1880,.T.);
#2616=ORIENTED_EDGE('',*,*,#1881,.T.);
#2617=ORIENTED_EDGE('',*,*,#1878,.F.);
#2618=ORIENTED_EDGE('',*,*,#1659,.T.);
#2619=ORIENTED_EDGE('',*,*,#1882,.T.);
#2620=ORIENTED_EDGE('',*,*,#1883,.T.);
#2621=ORIENTED_EDGE('',*,*,#1880,.F.);
#2622=ORIENTED_EDGE('',*,*,#1658,.T.);
#2623=ORIENTED_EDGE('',*,*,#1775,.T.);
#2624=ORIENTED_EDGE('',*,*,#1884,.T.);
#2625=ORIENTED_EDGE('',*,*,#1882,.F.);
#2626=ORIENTED_EDGE('',*,*,#1657,.T.);
#2627=ORIENTED_EDGE('',*,*,#1607,.T.);
#2628=ORIENTED_EDGE('',*,*,#1611,.T.);
#2629=ORIENTED_EDGE('',*,*,#1689,.T.);
#2630=ORIENTED_EDGE('',*,*,#1635,.T.);
#2631=ORIENTED_EDGE('',*,*,#1639,.T.);
#2632=ORIENTED_EDGE('',*,*,#1885,.T.);
#2633=ORIENTED_EDGE('',*,*,#1641,.T.);
#2634=ORIENTED_EDGE('',*,*,#1645,.T.);
#2635=ORIENTED_EDGE('',*,*,#1886,.T.);
#2636=ORIENTED_EDGE('',*,*,#1781,.T.);
#2637=ORIENTED_EDGE('',*,*,#1605,.T.);
#2638=ORIENTED_EDGE('',*,*,#1887,.T.);
#2639=ORIENTED_EDGE('',*,*,#1619,.T.);
#2640=ORIENTED_EDGE('',*,*,#1623,.T.);
#2641=ORIENTED_EDGE('',*,*,#1888,.T.);
#2642=ORIENTED_EDGE('',*,*,#1763,.T.);
#2643=ORIENTED_EDGE('',*,*,#1889,.T.);
#2644=ORIENTED_EDGE('',*,*,#1758,.T.);
#2645=ORIENTED_EDGE('',*,*,#1890,.T.);
#2646=ORIENTED_EDGE('',*,*,#1776,.T.);
#2647=ORIENTED_EDGE('',*,*,#1656,.T.);
#2648=ORIENTED_EDGE('',*,*,#1786,.F.);
#2649=ORIENTED_EDGE('',*,*,#1891,.T.);
#2650=ORIENTED_EDGE('',*,*,#1772,.F.);
#2651=ORIENTED_EDGE('',*,*,#1651,.T.);
#2652=ORIENTED_EDGE('',*,*,#1769,.F.);
#2653=ORIENTED_EDGE('',*,*,#1892,.T.);
#2654=ORIENTED_EDGE('',*,*,#1862,.F.);
#2655=ORIENTED_EDGE('',*,*,#1893,.T.);
#2656=ORIENTED_EDGE('',*,*,#1771,.F.);
#2657=ORIENTED_EDGE('',*,*,#1894,.T.);
#2658=ORIENTED_EDGE('',*,*,#1864,.F.);
#2659=ORIENTED_EDGE('',*,*,#1892,.F.);
#2660=ORIENTED_EDGE('',*,*,#1773,.F.);
#2661=ORIENTED_EDGE('',*,*,#1895,.T.);
#2662=ORIENTED_EDGE('',*,*,#1866,.F.);
#2663=ORIENTED_EDGE('',*,*,#1894,.F.);
#2664=ORIENTED_EDGE('',*,*,#1789,.F.);
#2665=ORIENTED_EDGE('',*,*,#1801,.F.);
#2666=ORIENTED_EDGE('',*,*,#1806,.F.);
#2667=ORIENTED_EDGE('',*,*,#1558,.F.);
#2668=ORIENTED_EDGE('',*,*,#1562,.F.);
#2669=ORIENTED_EDGE('',*,*,#1871,.F.);
#2670=ORIENTED_EDGE('',*,*,#1896,.F.);
#2671=ORIENTED_EDGE('',*,*,#1891,.F.);
#2672=ORIENTED_EDGE('',*,*,#1897,.F.);
#2673=ORIENTED_EDGE('',*,*,#1868,.F.);
#2674=ORIENTED_EDGE('',*,*,#1895,.F.);
#2675=ORIENTED_EDGE('',*,*,#1788,.F.);
#2676=ORIENTED_EDGE('',*,*,#1896,.T.);
#2677=ORIENTED_EDGE('',*,*,#1870,.F.);
#2678=ORIENTED_EDGE('',*,*,#1897,.T.);
#2679=ORIENTED_EDGE('',*,*,#1884,.F.);
#2680=ORIENTED_EDGE('',*,*,#1793,.F.);
#2681=ORIENTED_EDGE('',*,*,#1816,.F.);
#2682=ORIENTED_EDGE('',*,*,#1536,.F.);
#2683=ORIENTED_EDGE('',*,*,#1540,.F.);
#2684=ORIENTED_EDGE('',*,*,#1842,.F.);
#2685=ORIENTED_EDGE('',*,*,#1898,.F.);
#2686=ORIENTED_EDGE('',*,*,#1745,.F.);
#2687=ORIENTED_EDGE('',*,*,#1899,.T.);
#2688=ORIENTED_EDGE('',*,*,#1603,.F.);
#2689=ORIENTED_EDGE('',*,*,#1608,.F.);
#2690=ORIENTED_EDGE('',*,*,#1885,.F.);
#2691=ORIENTED_EDGE('',*,*,#1638,.F.);
#2692=ORIENTED_EDGE('',*,*,#1642,.F.);
#2693=ORIENTED_EDGE('',*,*,#1887,.F.);
#2694=ORIENTED_EDGE('',*,*,#1604,.F.);
#2695=ORIENTED_EDGE('',*,*,#1899,.F.);
#2696=ORIENTED_EDGE('',*,*,#1782,.F.);
#2697=ORIENTED_EDGE('',*,*,#1886,.F.);
#2698=ORIENTED_EDGE('',*,*,#1644,.F.);
#2699=ORIENTED_EDGE('',*,*,#1778,.F.);
#2700=ORIENTED_EDGE('',*,*,#1779,.F.);
#2701=ORIENTED_EDGE('',*,*,#1888,.F.);
#2702=ORIENTED_EDGE('',*,*,#1622,.F.);
#2703=ORIENTED_EDGE('',*,*,#1597,.F.);
#2704=ORIENTED_EDGE('',*,*,#1873,.F.);
#2705=ORIENTED_EDGE('',*,*,#1794,.F.);
#2706=ORIENTED_EDGE('',*,*,#1890,.F.);
#2707=ORIENTED_EDGE('',*,*,#1764,.F.);
#2708=ORIENTED_EDGE('',*,*,#1780,.F.);
#2709=ORIENTED_EDGE('',*,*,#1626,.F.);
#2710=ORIENTED_EDGE('',*,*,#1630,.F.);
#2711=ORIENTED_EDGE('',*,*,#1797,.F.);
#2712=ORIENTED_EDGE('',*,*,#1593,.F.);
#2713=ORIENTED_EDGE('',*,*,#1738,.F.);
#2714=ORIENTED_EDGE('',*,*,#1900,.T.);
#2715=ORIENTED_EDGE('',*,*,#1819,.F.);
#2716=ORIENTED_EDGE('',*,*,#1548,.F.);
#2717=ORIENTED_EDGE('',*,*,#1552,.F.);
#2718=ORIENTED_EDGE('',*,*,#1818,.F.);
#2719=ORIENTED_EDGE('',*,*,#1581,.F.);
#2720=ORIENTED_EDGE('',*,*,#1585,.F.);
#2721=ORIENTED_EDGE('',*,*,#1820,.F.);
#2722=ORIENTED_EDGE('',*,*,#1900,.F.);
#2723=ORIENTED_EDGE('',*,*,#1814,.F.);
#2724=ORIENTED_EDGE('',*,*,#1815,.F.);
#2725=ORIENTED_EDGE('',*,*,#1872,.F.);
#2726=ORIENTED_EDGE('',*,*,#1599,.F.);
#2727=ORIENTED_EDGE('',*,*,#1796,.F.);
#2728=ORIENTED_EDGE('',*,*,#1817,.F.);
#2729=ORIENTED_EDGE('',*,*,#1554,.F.);
#2730=ORIENTED_EDGE('',*,*,#1731,.F.);
#2731=ORIENTED_EDGE('',*,*,#1901,.T.);
#2732=ORIENTED_EDGE('',*,*,#1574,.F.);
#2733=ORIENTED_EDGE('',*,*,#1856,.F.);
#2734=ORIENTED_EDGE('',*,*,#1514,.F.);
#2735=ORIENTED_EDGE('',*,*,#1518,.F.);
#2736=ORIENTED_EDGE('',*,*,#1854,.F.);
#2737=ORIENTED_EDGE('',*,*,#1570,.F.);
#2738=ORIENTED_EDGE('',*,*,#1575,.F.);
#2739=ORIENTED_EDGE('',*,*,#1901,.F.);
#2740=ORIENTED_EDGE('',*,*,#1822,.F.);
#2741=ORIENTED_EDGE('',*,*,#1855,.F.);
#2742=ORIENTED_EDGE('',*,*,#1577,.F.);
#2743=ORIENTED_EDGE('',*,*,#1804,.F.);
#2744=ORIENTED_EDGE('',*,*,#1805,.F.);
#2745=ORIENTED_EDGE('',*,*,#1857,.F.);
#2746=ORIENTED_EDGE('',*,*,#1532,.F.);
#2747=ORIENTED_EDGE('',*,*,#1724,.F.);
#2748=ORIENTED_EDGE('',*,*,#1902,.T.);
#2749=ORIENTED_EDGE('',*,*,#1849,.F.);
#2750=ORIENTED_EDGE('',*,*,#1482,.F.);
#2751=ORIENTED_EDGE('',*,*,#1486,.F.);
#2752=ORIENTED_EDGE('',*,*,#1848,.F.);
#2753=ORIENTED_EDGE('',*,*,#1492,.F.);
#2754=ORIENTED_EDGE('',*,*,#1496,.F.);
#2755=ORIENTED_EDGE('',*,*,#1850,.F.);
#2756=ORIENTED_EDGE('',*,*,#1902,.F.);
#2757=ORIENTED_EDGE('',*,*,#1844,.F.);
#2758=ORIENTED_EDGE('',*,*,#1845,.F.);
#2759=ORIENTED_EDGE('',*,*,#1852,.F.);
#2760=ORIENTED_EDGE('',*,*,#1510,.F.);
#2761=ORIENTED_EDGE('',*,*,#1829,.F.);
#2762=ORIENTED_EDGE('',*,*,#1847,.F.);
#2763=ORIENTED_EDGE('',*,*,#1488,.F.);
#2764=ORIENTED_EDGE('',*,*,#1474,.F.);
#2765=ORIENTED_EDGE('',*,*,#1851,.F.);
#2766=ORIENTED_EDGE('',*,*,#1526,.F.);
#2767=ORIENTED_EDGE('',*,*,#1530,.F.);
#2768=ORIENTED_EDGE('',*,*,#1858,.F.);
#2769=ORIENTED_EDGE('',*,*,#1802,.F.);
#2770=ORIENTED_EDGE('',*,*,#1810,.F.);
#2771=ORIENTED_EDGE('',*,*,#1826,.F.);
#2772=ORIENTED_EDGE('',*,*,#1846,.F.);
#2773=ORIENTED_EDGE('',*,*,#1470,.F.);
#2774=ORIENTED_EDGE('',*,*,#1903,.T.);
#2775=ORIENTED_EDGE('',*,*,#1904,.T.);
#2776=ORIENTED_EDGE('',*,*,#1703,.T.);
#2777=ORIENTED_EDGE('',*,*,#1904,.F.);
#2778=ORIENTED_EDGE('',*,*,#1905,.T.);
#2779=ORIENTED_EDGE('',*,*,#1906,.F.);
#2780=ORIENTED_EDGE('',*,*,#1907,.T.);
#2781=ORIENTED_EDGE('',*,*,#1905,.F.);
#2782=ORIENTED_EDGE('',*,*,#1903,.F.);
#2783=ORIENTED_EDGE('',*,*,#1907,.F.);
#2784=ORIENTED_EDGE('',*,*,#1908,.T.);
#2785=ORIENTED_EDGE('',*,*,#1909,.T.);
#2786=ORIENTED_EDGE('',*,*,#1708,.T.);
#2787=ORIENTED_EDGE('',*,*,#1909,.F.);
#2788=ORIENTED_EDGE('',*,*,#1910,.T.);
#2789=ORIENTED_EDGE('',*,*,#1911,.F.);
#2790=ORIENTED_EDGE('',*,*,#1912,.T.);
#2791=ORIENTED_EDGE('',*,*,#1910,.F.);
#2792=ORIENTED_EDGE('',*,*,#1908,.F.);
#2793=ORIENTED_EDGE('',*,*,#1912,.F.);
#2794=ORIENTED_EDGE('',*,*,#1913,.T.);
#2795=ORIENTED_EDGE('',*,*,#1914,.T.);
#2796=ORIENTED_EDGE('',*,*,#1915,.T.);
#2797=ORIENTED_EDGE('',*,*,#1704,.T.);
#2798=ORIENTED_EDGE('',*,*,#1916,.T.);
#2799=ORIENTED_EDGE('',*,*,#1705,.T.);
#2800=ORIENTED_EDGE('',*,*,#1915,.F.);
#2801=ORIENTED_EDGE('',*,*,#1917,.T.);
#2802=ORIENTED_EDGE('',*,*,#1918,.T.);
#2803=ORIENTED_EDGE('',*,*,#1706,.T.);
#2804=ORIENTED_EDGE('',*,*,#1916,.F.);
#2805=ORIENTED_EDGE('',*,*,#1919,.T.);
#2806=ORIENTED_EDGE('',*,*,#1913,.F.);
#2807=ORIENTED_EDGE('',*,*,#1707,.T.);
#2808=ORIENTED_EDGE('',*,*,#1918,.F.);
#2809=ORIENTED_EDGE('',*,*,#1920,.T.);
#2810=ORIENTED_EDGE('',*,*,#1917,.F.);
#2811=ORIENTED_EDGE('',*,*,#1921,.T.);
#2812=ORIENTED_EDGE('',*,*,#1922,.F.);
#2813=ORIENTED_EDGE('',*,*,#1923,.F.);
#2814=ORIENTED_EDGE('',*,*,#1914,.F.);
#2815=ORIENTED_EDGE('',*,*,#1924,.T.);
#2816=ORIENTED_EDGE('',*,*,#1925,.F.);
#2817=ORIENTED_EDGE('',*,*,#1921,.F.);
#2818=ORIENTED_EDGE('',*,*,#1919,.F.);
#2819=ORIENTED_EDGE('',*,*,#1923,.T.);
#2820=ORIENTED_EDGE('',*,*,#1926,.F.);
#2821=ORIENTED_EDGE('',*,*,#1927,.F.);
#2822=ORIENTED_EDGE('',*,*,#1920,.F.);
#2823=ORIENTED_EDGE('',*,*,#1927,.T.);
#2824=ORIENTED_EDGE('',*,*,#1928,.F.);
#2825=ORIENTED_EDGE('',*,*,#1924,.F.);
#2826=ORIENTED_EDGE('',*,*,#1928,.T.);
#2827=ORIENTED_EDGE('',*,*,#1926,.T.);
#2828=ORIENTED_EDGE('',*,*,#1922,.T.);
#2829=ORIENTED_EDGE('',*,*,#1925,.T.);
#2830=ORIENTED_EDGE('',*,*,#1911,.T.);
#2831=ORIENTED_EDGE('',*,*,#1906,.T.);
#2832=ORIENTED_EDGE('',*,*,#1875,.F.);
#2833=ORIENTED_EDGE('',*,*,#1929,.T.);
#2834=ORIENTED_EDGE('',*,*,#1833,.F.);
#2835=ORIENTED_EDGE('',*,*,#1930,.T.);
#2836=ORIENTED_EDGE('',*,*,#1877,.F.);
#2837=ORIENTED_EDGE('',*,*,#1931,.T.);
#2838=ORIENTED_EDGE('',*,*,#1835,.F.);
#2839=ORIENTED_EDGE('',*,*,#1929,.F.);
#2840=ORIENTED_EDGE('',*,*,#1883,.F.);
#2841=ORIENTED_EDGE('',*,*,#1898,.T.);
#2842=ORIENTED_EDGE('',*,*,#1841,.F.);
#2843=ORIENTED_EDGE('',*,*,#1932,.T.);
#2844=ORIENTED_EDGE('',*,*,#1881,.F.);
#2845=ORIENTED_EDGE('',*,*,#1932,.F.);
#2846=ORIENTED_EDGE('',*,*,#1839,.F.);
#2847=ORIENTED_EDGE('',*,*,#1933,.F.);
#2848=ORIENTED_EDGE('',*,*,#1879,.F.);
#2849=ORIENTED_EDGE('',*,*,#1933,.T.);
#2850=ORIENTED_EDGE('',*,*,#1837,.F.);
#2851=ORIENTED_EDGE('',*,*,#1931,.F.);
#2852=ORIENTED_EDGE('',*,*,#1812,.F.);
#2853=ORIENTED_EDGE('',*,*,#1930,.F.);
#2854=ORIENTED_EDGE('',*,*,#1831,.F.);
#2855=ORIENTED_EDGE('',*,*,#1504,.F.);
#2856=ORIENTED_EDGE('',*,*,#1508,.F.);
#2857=ORIENTED_EDGE('',*,*,#1853,.F.);
#2858=ORIENTED_EDGE('',*,*,#1827,.F.);
#2859=ORIENTED_EDGE('',*,*,#1767,.F.);
#2860=ORIENTED_EDGE('',*,*,#1893,.F.);
#2861=ORIENTED_EDGE('',*,*,#1860,.F.);
#2862=ORIENTED_EDGE('',*,*,#1616,.F.);
#2863=ORIENTED_EDGE('',*,*,#1620,.F.);
#2864=ORIENTED_EDGE('',*,*,#1889,.F.);
#2865=ORIENTED_EDGE('',*,*,#1765,.F.);
#2866=B_SPLINE_SURFACE_WITH_KNOTS('',3,3,((#4335,#4336,#4337,#4338,#4339,
#4340,#4341,#4342,#4343),(#4344,#4345,#4346,#4347,#4348,#4349,#4350,#4351,
#4352),(#4353,#4354,#4355,#4356,#4357,#4358,#4359,#4360,#4361),(#4362,#4363,
#4364,#4365,#4366,#4367,#4368,#4369,#4370),(#4371,#4372,#4373,#4374,#4375,
#4376,#4377,#4378,#4379),(#4380,#4381,#4382,#4383,#4384,#4385,#4386,#4387,
#4388),(#4389,#4390,#4391,#4392,#4393,#4394,#4395,#4396,#4397)),
 .UNSPECIFIED.,.F.,.F.,.F.,(4,1,1,1,4),(4,1,1,1,1,1,4),(0.,0.25,0.5,0.75,
1.),(0.,0.166666666666667,0.333333333333333,0.5,0.666666666666667,0.833333333333333,
1.),.UNSPECIFIED.);
#2867=B_SPLINE_SURFACE_WITH_KNOTS('',3,3,((#4420,#4421,#4422,#4423,#4424,
#4425,#4426),(#4427,#4428,#4429,#4430,#4431,#4432,#4433),(#4434,#4435,#4436,
#4437,#4438,#4439,#4440),(#4441,#4442,#4443,#4444,#4445,#4446,#4447),(#4448,
#4449,#4450,#4451,#4452,#4453,#4454),(#4455,#4456,#4457,#4458,#4459,#4460,
#4461),(#4462,#4463,#4464,#4465,#4466,#4467,#4468),(#4469,#4470,#4471,#4472,
#4473,#4474,#4475),(#4476,#4477,#4478,#4479,#4480,#4481,#4482)),
 .UNSPECIFIED.,.F.,.F.,.F.,(4,1,1,1,1,1,4),(4,1,1,1,4),(0.,0.166666666666667,
0.333333333333333,0.5,0.666666666666667,0.833333333333333,1.),(0.,0.25,
0.5,0.75,1.),.UNSPECIFIED.);
#2868=B_SPLINE_SURFACE_WITH_KNOTS('',3,3,((#4496,#4497,#4498,#4499,#4500,
#4501,#4502,#4503,#4504),(#4505,#4506,#4507,#4508,#4509,#4510,#4511,#4512,
#4513),(#4514,#4515,#4516,#4517,#4518,#4519,#4520,#4521,#4522),(#4523,#4524,
#4525,#4526,#4527,#4528,#4529,#4530,#4531),(#4532,#4533,#4534,#4535,#4536,
#4537,#4538,#4539,#4540),(#4541,#4542,#4543,#4544,#4545,#4546,#4547,#4548,
#4549),(#4550,#4551,#4552,#4553,#4554,#4555,#4556,#4557,#4558)),
 .UNSPECIFIED.,.F.,.F.,.F.,(4,1,1,1,4),(4,1,1,1,1,1,4),(0.,0.25,0.5,0.75,
1.),(0.,0.166666666666667,0.333333333333333,0.5,0.666666666666667,0.833333333333333,
1.),.UNSPECIFIED.);
#2869=B_SPLINE_SURFACE_WITH_KNOTS('',3,3,((#4603,#4604,#4605,#4606,#4607,
#4608,#4609),(#4610,#4611,#4612,#4613,#4614,#4615,#4616),(#4617,#4618,#4619,
#4620,#4621,#4622,#4623),(#4624,#4625,#4626,#4627,#4628,#4629,#4630),(#4631,
#4632,#4633,#4634,#4635,#4636,#4637),(#4638,#4639,#4640,#4641,#4642,#4643,
#4644),(#4645,#4646,#4647,#4648,#4649,#4650,#4651),(#4652,#4653,#4654,#4655,
#4656,#4657,#4658),(#4659,#4660,#4661,#4662,#4663,#4664,#4665)),
 .UNSPECIFIED.,.F.,.F.,.F.,(4,1,1,1,1,1,4),(4,1,1,1,4),(0.,0.166666666666667,
0.333333333333333,0.5,0.666666666666667,0.833333333333333,1.),(0.,0.25,
0.5,0.75,1.),.UNSPECIFIED.);
#2870=B_SPLINE_SURFACE_WITH_KNOTS('',3,3,((#4709,#4710,#4711,#4712,#4713,
#4714,#4715,#4716,#4717),(#4718,#4719,#4720,#4721,#4722,#4723,#4724,#4725,
#4726),(#4727,#4728,#4729,#4730,#4731,#4732,#4733,#4734,#4735),(#4736,#4737,
#4738,#4739,#4740,#4741,#4742,#4743,#4744),(#4745,#4746,#4747,#4748,#4749,
#4750,#4751,#4752,#4753),(#4754,#4755,#4756,#4757,#4758,#4759,#4760,#4761,
#4762),(#4763,#4764,#4765,#4766,#4767,#4768,#4769,#4770,#4771)),
 .UNSPECIFIED.,.F.,.F.,.F.,(4,1,1,1,4),(4,1,1,1,1,1,4),(0.,0.25,0.5,0.75,
1.),(0.,0.166666666666667,0.333333333333333,0.5,0.666666666666667,0.833333333333333,
1.),.UNSPECIFIED.);
#2871=B_SPLINE_SURFACE_WITH_KNOTS('',3,3,((#4831,#4832,#4833,#4834,#4835,
#4836,#4837),(#4838,#4839,#4840,#4841,#4842,#4843,#4844),(#4845,#4846,#4847,
#4848,#4849,#4850,#4851),(#4852,#4853,#4854,#4855,#4856,#4857,#4858),(#4859,
#4860,#4861,#4862,#4863,#4864,#4865),(#4866,#4867,#4868,#4869,#4870,#4871,
#4872),(#4873,#4874,#4875,#4876,#4877,#4878,#4879),(#4880,#4881,#4882,#4883,
#4884,#4885,#4886),(#4887,#4888,#4889,#4890,#4891,#4892,#4893)),
 .UNSPECIFIED.,.F.,.F.,.F.,(4,1,1,1,1,1,4),(4,1,1,1,4),(0.,0.166666666666667,
0.333333333333333,0.5,0.666666666666667,0.833333333333333,1.),(0.,0.25,
0.5,0.75,1.),.UNSPECIFIED.);
#2872=B_SPLINE_SURFACE_WITH_KNOTS('',3,3,((#4955,#4956,#4957,#4958,#4959,
#4960,#4961,#4962,#4963),(#4964,#4965,#4966,#4967,#4968,#4969,#4970,#4971,
#4972),(#4973,#4974,#4975,#4976,#4977,#4978,#4979,#4980,#4981),(#4982,#4983,
#4984,#4985,#4986,#4987,#4988,#4989,#4990),(#4991,#4992,#4993,#4994,#4995,
#4996,#4997,#4998,#4999),(#5000,#5001,#5002,#5003,#5004,#5005,#5006,#5007,
#5008),(#5009,#5010,#5011,#5012,#5013,#5014,#5015,#5016,#5017)),
 .UNSPECIFIED.,.F.,.F.,.F.,(4,1,1,1,4),(4,1,1,1,1,1,4),(0.,0.25,0.5,0.75,
1.),(0.,0.166666666666667,0.333333333333333,0.5,0.666666666666667,0.833333333333333,
1.),.UNSPECIFIED.);
#2873=B_SPLINE_SURFACE_WITH_KNOTS('',3,3,((#5062,#5063,#5064,#5065,#5066,
#5067,#5068,#5069,#5070),(#5071,#5072,#5073,#5074,#5075,#5076,#5077,#5078,
#5079),(#5080,#5081,#5082,#5083,#5084,#5085,#5086,#5087,#5088),(#5089,#5090,
#5091,#5092,#5093,#5094,#5095,#5096,#5097),(#5098,#5099,#5100,#5101,#5102,
#5103,#5104,#5105,#5106),(#5107,#5108,#5109,#5110,#5111,#5112,#5113,#5114,
#5115),(#5116,#5117,#5118,#5119,#5120,#5121,#5122,#5123,#5124)),
 .UNSPECIFIED.,.F.,.F.,.F.,(4,1,1,1,4),(4,1,1,1,1,1,4),(0.,0.25,0.5,0.75,
1.),(0.,0.166666666666667,0.333333333333333,0.5,0.666666666666667,0.833333333333333,
1.),.UNSPECIFIED.);
#2874=B_SPLINE_SURFACE_WITH_KNOTS('',3,3,((#5195,#5196,#5197,#5198,#5199,
#5200,#5201),(#5202,#5203,#5204,#5205,#5206,#5207,#5208),(#5209,#5210,#5211,
#5212,#5213,#5214,#5215),(#5216,#5217,#5218,#5219,#5220,#5221,#5222),(#5223,
#5224,#5225,#5226,#5227,#5228,#5229),(#5230,#5231,#5232,#5233,#5234,#5235,
#5236),(#5237,#5238,#5239,#5240,#5241,#5242,#5243),(#5244,#5245,#5246,#5247,
#5248,#5249,#5250),(#5251,#5252,#5253,#5254,#5255,#5256,#5257)),
 .UNSPECIFIED.,.F.,.F.,.F.,(4,1,1,1,1,1,4),(4,1,1,1,4),(0.,0.166666666666667,
0.333333333333333,0.5,0.666666666666667,0.833333333333333,1.),(0.,0.25,
0.5,0.75,1.),.UNSPECIFIED.);
#2875=B_SPLINE_SURFACE_WITH_KNOTS('',3,3,((#5319,#5320,#5321,#5322,#5323,
#5324,#5325,#5326,#5327),(#5328,#5329,#5330,#5331,#5332,#5333,#5334,#5335,
#5336),(#5337,#5338,#5339,#5340,#5341,#5342,#5343,#5344,#5345),(#5346,#5347,
#5348,#5349,#5350,#5351,#5352,#5353,#5354),(#5355,#5356,#5357,#5358,#5359,
#5360,#5361,#5362,#5363),(#5364,#5365,#5366,#5367,#5368,#5369,#5370,#5371,
#5372)),.UNSPECIFIED.,.F.,.F.,.F.,(4,1,1,4),(4,1,1,1,1,1,4),(0.,0.333333333333333,
0.666666666666667,1.),(0.,0.166666666666667,0.333333333333333,0.5,0.666666666666667,
0.833333333333333,1.),.UNSPECIFIED.);
#2876=B_SPLINE_SURFACE_WITH_KNOTS('',3,3,((#5416,#5417,#5418,#5419,#5420,
#5421),(#5422,#5423,#5424,#5425,#5426,#5427),(#5428,#5429,#5430,#5431,#5432,
#5433),(#5434,#5435,#5436,#5437,#5438,#5439),(#5440,#5441,#5442,#5443,#5444,
#5445),(#5446,#5447,#5448,#5449,#5450,#5451),(#5452,#5453,#5454,#5455,#5456,
#5457)),.UNSPECIFIED.,.F.,.F.,.F.,(4,1,1,1,4),(4,1,1,4),(0.,0.25,0.5,0.75,
1.),(0.,0.333333333333333,0.666666666666667,1.),.UNSPECIFIED.);
#2877=B_SPLINE_SURFACE_WITH_KNOTS('',3,3,((#5502,#5503,#5504,#5505,#5506,
#5507,#5508),(#5509,#5510,#5511,#5512,#5513,#5514,#5515),(#5516,#5517,#5518,
#5519,#5520,#5521,#5522),(#5523,#5524,#5525,#5526,#5527,#5528,#5529),(#5530,
#5531,#5532,#5533,#5534,#5535,#5536),(#5537,#5538,#5539,#5540,#5541,#5542,
#5543)),.UNSPECIFIED.,.F.,.F.,.F.,(4,1,1,4),(4,1,1,1,4),(0.,0.333333333333333,
0.666666666666667,1.),(0.,0.25,0.5,0.75,1.),.UNSPECIFIED.);
#2878=B_SPLINE_SURFACE_WITH_KNOTS('',3,3,((#5554,#5555,#5556,#5557,#5558,
#5559),(#5560,#5561,#5562,#5563,#5564,#5565),(#5566,#5567,#5568,#5569,#5570,
#5571),(#5572,#5573,#5574,#5575,#5576,#5577),(#5578,#5579,#5580,#5581,#5582,
#5583),(#5584,#5585,#5586,#5587,#5588,#5589),(#5590,#5591,#5592,#5593,#5594,
#5595)),.UNSPECIFIED.,.F.,.F.,.F.,(4,1,1,1,4),(4,1,1,4),(0.,0.25,0.5,0.75,
1.),(0.,0.333333333333333,0.666666666666667,1.),.UNSPECIFIED.);
#2879=B_SPLINE_SURFACE_WITH_KNOTS('',3,3,((#5607,#5608,#5609,#5610,#5611,
#5612,#5613),(#5614,#5615,#5616,#5617,#5618,#5619,#5620),(#5621,#5622,#5623,
#5624,#5625,#5626,#5627),(#5628,#5629,#5630,#5631,#5632,#5633,#5634),(#5635,
#5636,#5637,#5638,#5639,#5640,#5641),(#5642,#5643,#5644,#5645,#5646,#5647,
#5648),(#5649,#5650,#5651,#5652,#5653,#5654,#5655)),.UNSPECIFIED.,.F.,.F.,
 .F.,(4,1,1,1,4),(4,1,1,1,4),(0.,0.25,0.5,0.75,1.),(0.,0.25,0.5,0.75,1.),
 .UNSPECIFIED.);
#2880=B_SPLINE_SURFACE_WITH_KNOTS('',3,3,((#5700,#5701,#5702,#5703,#5704,
#5705,#5706,#5707,#5708),(#5709,#5710,#5711,#5712,#5713,#5714,#5715,#5716,
#5717),(#5718,#5719,#5720,#5721,#5722,#5723,#5724,#5725,#5726),(#5727,#5728,
#5729,#5730,#5731,#5732,#5733,#5734,#5735),(#5736,#5737,#5738,#5739,#5740,
#5741,#5742,#5743,#5744),(#5745,#5746,#5747,#5748,#5749,#5750,#5751,#5752,
#5753),(#5754,#5755,#5756,#5757,#5758,#5759,#5760,#5761,#5762)),
 .UNSPECIFIED.,.F.,.F.,.F.,(4,1,1,1,4),(4,1,1,1,1,1,4),(0.,0.25,0.5,0.75,
1.),(0.,0.166666666666667,0.333333333333333,0.5,0.666666666666667,0.833333333333333,
1.),.UNSPECIFIED.);
#2881=B_SPLINE_SURFACE_WITH_KNOTS('',3,3,((#5833,#5834,#5835,#5836,#5837,
#5838,#5839),(#5840,#5841,#5842,#5843,#5844,#5845,#5846),(#5847,#5848,#5849,
#5850,#5851,#5852,#5853),(#5854,#5855,#5856,#5857,#5858,#5859,#5860),(#5861,
#5862,#5863,#5864,#5865,#5866,#5867),(#5868,#5869,#5870,#5871,#5872,#5873,
#5874),(#5875,#5876,#5877,#5878,#5879,#5880,#5881),(#5882,#5883,#5884,#5885,
#5886,#5887,#5888),(#5889,#5890,#5891,#5892,#5893,#5894,#5895)),
 .UNSPECIFIED.,.F.,.F.,.F.,(4,1,1,1,1,1,4),(4,1,1,1,4),(0.,0.166666666666667,
0.333333333333333,0.5,0.666666666666667,0.833333333333333,1.),(0.,0.25,
0.5,0.75,1.),.UNSPECIFIED.);
#2882=B_SPLINE_SURFACE_WITH_KNOTS('',3,3,((#5957,#5958,#5959,#5960,#5961,
#5962,#5963,#5964,#5965),(#5966,#5967,#5968,#5969,#5970,#5971,#5972,#5973,
#5974),(#5975,#5976,#5977,#5978,#5979,#5980,#5981,#5982,#5983),(#5984,#5985,
#5986,#5987,#5988,#5989,#5990,#5991,#5992),(#5993,#5994,#5995,#5996,#5997,
#5998,#5999,#6000,#6001),(#6002,#6003,#6004,#6005,#6006,#6007,#6008,#6009,
#6010)),.UNSPECIFIED.,.F.,.F.,.F.,(4,1,1,4),(4,1,1,1,1,1,4),(0.,0.333333333333333,
0.666666666666667,1.),(0.,0.166666666666667,0.333333333333333,0.5,0.666666666666667,
0.833333333333333,1.),.UNSPECIFIED.);
#2883=B_SPLINE_SURFACE_WITH_KNOTS('',3,3,((#6054,#6055,#6056,#6057,#6058,
#6059),(#6060,#6061,#6062,#6063,#6064,#6065),(#6066,#6067,#6068,#6069,#6070,
#6071),(#6072,#6073,#6074,#6075,#6076,#6077),(#6078,#6079,#6080,#6081,#6082,
#6083),(#6084,#6085,#6086,#6087,#6088,#6089),(#6090,#6091,#6092,#6093,#6094,
#6095)),.UNSPECIFIED.,.F.,.F.,.F.,(4,1,1,1,4),(4,1,1,4),(0.,0.25,0.5,0.75,
1.),(0.,0.333333333333333,0.666666666666667,1.),.UNSPECIFIED.);
#2884=B_SPLINE_SURFACE_WITH_KNOTS('',3,3,((#6140,#6141,#6142,#6143,#6144,
#6145,#6146),(#6147,#6148,#6149,#6150,#6151,#6152,#6153),(#6154,#6155,#6156,
#6157,#6158,#6159,#6160),(#6161,#6162,#6163,#6164,#6165,#6166,#6167),(#6168,
#6169,#6170,#6171,#6172,#6173,#6174),(#6175,#6176,#6177,#6178,#6179,#6180,
#6181)),.UNSPECIFIED.,.F.,.F.,.F.,(4,1,1,4),(4,1,1,1,4),(0.,0.333333333333333,
0.666666666666667,1.),(0.,0.25,0.5,0.75,1.),.UNSPECIFIED.);
#2885=B_SPLINE_SURFACE_WITH_KNOTS('',3,3,((#6192,#6193,#6194,#6195,#6196,
#6197),(#6198,#6199,#6200,#6201,#6202,#6203),(#6204,#6205,#6206,#6207,#6208,
#6209),(#6210,#6211,#6212,#6213,#6214,#6215),(#6216,#6217,#6218,#6219,#6220,
#6221),(#6222,#6223,#6224,#6225,#6226,#6227),(#6228,#6229,#6230,#6231,#6232,
#6233)),.UNSPECIFIED.,.F.,.F.,.F.,(4,1,1,1,4),(4,1,1,4),(0.,0.25,0.5,0.75,
1.),(0.,0.333333333333333,0.666666666666667,1.),.UNSPECIFIED.);
#2886=B_SPLINE_SURFACE_WITH_KNOTS('',3,3,((#6245,#6246,#6247,#6248,#6249,
#6250,#6251),(#6252,#6253,#6254,#6255,#6256,#6257,#6258),(#6259,#6260,#6261,
#6262,#6263,#6264,#6265),(#6266,#6267,#6268,#6269,#6270,#6271,#6272),(#6273,
#6274,#6275,#6276,#6277,#6278,#6279),(#6280,#6281,#6282,#6283,#6284,#6285,
#6286),(#6287,#6288,#6289,#6290,#6291,#6292,#6293)),.UNSPECIFIED.,.F.,.F.,
 .F.,(4,1,1,1,4),(4,1,1,1,4),(0.,0.25,0.5,0.75,1.),(0.,0.25,0.5,0.75,1.),
 .UNSPECIFIED.);
#2887=B_SPLINE_SURFACE_WITH_KNOTS('',3,3,((#6338,#6339,#6340,#6341,#6342,
#6343,#6344,#6345,#6346),(#6347,#6348,#6349,#6350,#6351,#6352,#6353,#6354,
#6355),(#6356,#6357,#6358,#6359,#6360,#6361,#6362,#6363,#6364),(#6365,#6366,
#6367,#6368,#6369,#6370,#6371,#6372,#6373),(#6374,#6375,#6376,#6377,#6378,
#6379,#6380,#6381,#6382),(#6383,#6384,#6385,#6386,#6387,#6388,#6389,#6390,
#6391),(#6392,#6393,#6394,#6395,#6396,#6397,#6398,#6399,#6400)),
 .UNSPECIFIED.,.F.,.F.,.F.,(4,1,1,1,4),(4,1,1,1,1,1,4),(0.,0.25,0.5,0.75,
1.),(0.,0.166666666666667,0.333333333333333,0.5,0.666666666666667,0.833333333333333,
1.),.UNSPECIFIED.);
#2888=B_SPLINE_SURFACE_WITH_KNOTS('',3,3,((#6423,#6424,#6425,#6426,#6427,
#6428,#6429),(#6430,#6431,#6432,#6433,#6434,#6435,#6436),(#6437,#6438,#6439,
#6440,#6441,#6442,#6443),(#6444,#6445,#6446,#6447,#6448,#6449,#6450),(#6451,
#6452,#6453,#6454,#6455,#6456,#6457),(#6458,#6459,#6460,#6461,#6462,#6463,
#6464),(#6465,#6466,#6467,#6468,#6469,#6470,#6471),(#6472,#6473,#6474,#6475,
#6476,#6477,#6478),(#6479,#6480,#6481,#6482,#6483,#6484,#6485)),
 .UNSPECIFIED.,.F.,.F.,.F.,(4,1,1,1,1,1,4),(4,1,1,1,4),(0.,0.166666666666667,
0.333333333333333,0.5,0.666666666666667,0.833333333333333,1.),(0.,0.25,
0.5,0.75,1.),.UNSPECIFIED.);
#2889=B_SPLINE_SURFACE_WITH_KNOTS('',3,3,((#6499,#6500,#6501,#6502,#6503,
#6504,#6505,#6506,#6507),(#6508,#6509,#6510,#6511,#6512,#6513,#6514,#6515,
#6516),(#6517,#6518,#6519,#6520,#6521,#6522,#6523,#6524,#6525),(#6526,#6527,
#6528,#6529,#6530,#6531,#6532,#6533,#6534),(#6535,#6536,#6537,#6538,#6539,
#6540,#6541,#6542,#6543),(#6544,#6545,#6546,#6547,#6548,#6549,#6550,#6551,
#6552),(#6553,#6554,#6555,#6556,#6557,#6558,#6559,#6560,#6561)),
 .UNSPECIFIED.,.F.,.F.,.F.,(4,1,1,1,4),(4,1,1,1,1,1,4),(0.,0.25,0.5,0.75,
1.),(0.,0.166666666666667,0.333333333333333,0.5,0.666666666666667,0.833333333333333,
1.),.UNSPECIFIED.);
#2890=B_SPLINE_SURFACE_WITH_KNOTS('',3,3,((#6606,#6607,#6608,#6609,#6610,
#6611,#6612),(#6613,#6614,#6615,#6616,#6617,#6618,#6619),(#6620,#6621,#6622,
#6623,#6624,#6625,#6626),(#6627,#6628,#6629,#6630,#6631,#6632,#6633),(#6634,
#6635,#6636,#6637,#6638,#6639,#6640),(#6641,#6642,#6643,#6644,#6645,#6646,
#6647),(#6648,#6649,#6650,#6651,#6652,#6653,#6654),(#6655,#6656,#6657,#6658,
#6659,#6660,#6661),(#6662,#6663,#6664,#6665,#6666,#6667,#6668)),
 .UNSPECIFIED.,.F.,.F.,.F.,(4,1,1,1,1,1,4),(4,1,1,1,4),(0.,0.166666666666667,
0.333333333333333,0.5,0.666666666666667,0.833333333333333,1.),(0.,0.25,
0.5,0.75,1.),.UNSPECIFIED.);
#2891=B_SPLINE_SURFACE_WITH_KNOTS('',3,3,((#6712,#6713,#6714,#6715,#6716,
#6717,#6718,#6719,#6720),(#6721,#6722,#6723,#6724,#6725,#6726,#6727,#6728,
#6729),(#6730,#6731,#6732,#6733,#6734,#6735,#6736,#6737,#6738),(#6739,#6740,
#6741,#6742,#6743,#6744,#6745,#6746,#6747),(#6748,#6749,#6750,#6751,#6752,
#6753,#6754,#6755,#6756),(#6757,#6758,#6759,#6760,#6761,#6762,#6763,#6764,
#6765),(#6766,#6767,#6768,#6769,#6770,#6771,#6772,#6773,#6774)),
 .UNSPECIFIED.,.F.,.F.,.F.,(4,1,1,1,4),(4,1,1,1,1,1,4),(0.,0.25,0.5,0.75,
1.),(0.,0.166666666666667,0.333333333333333,0.5,0.666666666666667,0.833333333333333,
1.),.UNSPECIFIED.);
#2892=B_SPLINE_SURFACE_WITH_KNOTS('',3,3,((#6834,#6835,#6836,#6837,#6838,
#6839,#6840),(#6841,#6842,#6843,#6844,#6845,#6846,#6847),(#6848,#6849,#6850,
#6851,#6852,#6853,#6854),(#6855,#6856,#6857,#6858,#6859,#6860,#6861),(#6862,
#6863,#6864,#6865,#6866,#6867,#6868),(#6869,#6870,#6871,#6872,#6873,#6874,
#6875),(#6876,#6877,#6878,#6879,#6880,#6881,#6882),(#6883,#6884,#6885,#6886,
#6887,#6888,#6889),(#6890,#6891,#6892,#6893,#6894,#6895,#6896)),
 .UNSPECIFIED.,.F.,.F.,.F.,(4,1,1,1,1,1,4),(4,1,1,1,4),(0.,0.166666666666667,
0.333333333333333,0.5,0.666666666666667,0.833333333333333,1.),(0.,0.25,
0.5,0.75,1.),.UNSPECIFIED.);
#2893=B_SPLINE_SURFACE_WITH_KNOTS('',3,3,((#6958,#6959,#6960,#6961,#6962,
#6963,#6964,#6965,#6966),(#6967,#6968,#6969,#6970,#6971,#6972,#6973,#6974,
#6975),(#6976,#6977,#6978,#6979,#6980,#6981,#6982,#6983,#6984),(#6985,#6986,
#6987,#6988,#6989,#6990,#6991,#6992,#6993),(#6994,#6995,#6996,#6997,#6998,
#6999,#7000,#7001,#7002),(#7003,#7004,#7005,#7006,#7007,#7008,#7009,#7010,
#7011),(#7012,#7013,#7014,#7015,#7016,#7017,#7018,#7019,#7020)),
 .UNSPECIFIED.,.F.,.F.,.F.,(4,1,1,1,4),(4,1,1,1,1,1,4),(0.,0.25,0.5,0.75,
1.),(0.,0.166666666666667,0.333333333333333,0.5,0.666666666666667,0.833333333333333,
1.),.UNSPECIFIED.);
#2894=B_SPLINE_SURFACE_WITH_KNOTS('',3,3,((#7065,#7066,#7067,#7068,#7069,
#7070,#7071,#7072,#7073),(#7074,#7075,#7076,#7077,#7078,#7079,#7080,#7081,
#7082),(#7083,#7084,#7085,#7086,#7087,#7088,#7089,#7090,#7091),(#7092,#7093,
#7094,#7095,#7096,#7097,#7098,#7099,#7100),(#7101,#7102,#7103,#7104,#7105,
#7106,#7107,#7108,#7109),(#7110,#7111,#7112,#7113,#7114,#7115,#7116,#7117,
#7118),(#7119,#7120,#7121,#7122,#7123,#7124,#7125,#7126,#7127)),
 .UNSPECIFIED.,.F.,.F.,.F.,(4,1,1,1,4),(4,1,1,1,1,1,4),(0.,0.25,0.5,0.75,
1.),(0.,0.166666666666667,0.333333333333333,0.5,0.666666666666667,0.833333333333333,
1.),.UNSPECIFIED.);
#2895=B_SPLINE_SURFACE_WITH_KNOTS('',3,3,((#7150,#7151,#7152,#7153,#7154,
#7155,#7156),(#7157,#7158,#7159,#7160,#7161,#7162,#7163),(#7164,#7165,#7166,
#7167,#7168,#7169,#7170),(#7171,#7172,#7173,#7174,#7175,#7176,#7177),(#7178,
#7179,#7180,#7181,#7182,#7183,#7184),(#7185,#7186,#7187,#7188,#7189,#7190,
#7191),(#7192,#7193,#7194,#7195,#7196,#7197,#7198),(#7199,#7200,#7201,#7202,
#7203,#7204,#7205),(#7206,#7207,#7208,#7209,#7210,#7211,#7212)),
 .UNSPECIFIED.,.F.,.F.,.F.,(4,1,1,1,1,1,4),(4,1,1,1,4),(0.,0.166666666666667,
0.333333333333333,0.5,0.666666666666667,0.833333333333333,1.),(0.,0.25,
0.5,0.75,1.),.UNSPECIFIED.);
#2896=B_SPLINE_SURFACE_WITH_KNOTS('',3,3,((#7226,#7227,#7228,#7229,#7230,
#7231,#7232,#7233,#7234),(#7235,#7236,#7237,#7238,#7239,#7240,#7241,#7242,
#7243),(#7244,#7245,#7246,#7247,#7248,#7249,#7250,#7251,#7252),(#7253,#7254,
#7255,#7256,#7257,#7258,#7259,#7260,#7261),(#7262,#7263,#7264,#7265,#7266,
#7267,#7268,#7269,#7270),(#7271,#7272,#7273,#7274,#7275,#7276,#7277,#7278,
#7279),(#7280,#7281,#7282,#7283,#7284,#7285,#7286,#7287,#7288)),
 .UNSPECIFIED.,.F.,.F.,.F.,(4,1,1,1,4),(4,1,1,1,1,1,4),(0.,0.25,0.5,0.75,
1.),(0.,0.166666666666667,0.333333333333333,0.5,0.666666666666667,0.833333333333333,
1.),.UNSPECIFIED.);
#2897=B_SPLINE_SURFACE_WITH_KNOTS('',3,3,((#7333,#7334,#7335,#7336,#7337,
#7338,#7339),(#7340,#7341,#7342,#7343,#7344,#7345,#7346),(#7347,#7348,#7349,
#7350,#7351,#7352,#7353),(#7354,#7355,#7356,#7357,#7358,#7359,#7360),(#7361,
#7362,#7363,#7364,#7365,#7366,#7367),(#7368,#7369,#7370,#7371,#7372,#7373,
#7374),(#7375,#7376,#7377,#7378,#7379,#7380,#7381),(#7382,#7383,#7384,#7385,
#7386,#7387,#7388),(#7389,#7390,#7391,#7392,#7393,#7394,#7395)),
 .UNSPECIFIED.,.F.,.F.,.F.,(4,1,1,1,1,1,4),(4,1,1,1,4),(0.,0.166666666666667,
0.333333333333333,0.5,0.666666666666667,0.833333333333333,1.),(0.,0.25,
0.5,0.75,1.),.UNSPECIFIED.);
#2898=B_SPLINE_SURFACE_WITH_KNOTS('',3,3,((#7439,#7440,#7441,#7442,#7443,
#7444,#7445,#7446,#7447),(#7448,#7449,#7450,#7451,#7452,#7453,#7454,#7455,
#7456),(#7457,#7458,#7459,#7460,#7461,#7462,#7463,#7464,#7465),(#7466,#7467,
#7468,#7469,#7470,#7471,#7472,#7473,#7474),(#7475,#7476,#7477,#7478,#7479,
#7480,#7481,#7482,#7483),(#7484,#7485,#7486,#7487,#7488,#7489,#7490,#7491,
#7492),(#7493,#7494,#7495,#7496,#7497,#7498,#7499,#7500,#7501)),
 .UNSPECIFIED.,.F.,.F.,.F.,(4,1,1,1,4),(4,1,1,1,1,1,4),(0.,0.25,0.5,0.75,
1.),(0.,0.166666666666667,0.333333333333333,0.5,0.666666666666667,0.833333333333333,
1.),.UNSPECIFIED.);
#2899=B_SPLINE_SURFACE_WITH_KNOTS('',3,3,((#7561,#7562,#7563,#7564,#7565,
#7566,#7567),(#7568,#7569,#7570,#7571,#7572,#7573,#7574),(#7575,#7576,#7577,
#7578,#7579,#7580,#7581),(#7582,#7583,#7584,#7585,#7586,#7587,#7588),(#7589,
#7590,#7591,#7592,#7593,#7594,#7595),(#7596,#7597,#7598,#7599,#7600,#7601,
#7602),(#7603,#7604,#7605,#7606,#7607,#7608,#7609),(#7610,#7611,#7612,#7613,
#7614,#7615,#7616),(#7617,#7618,#7619,#7620,#7621,#7622,#7623)),
 .UNSPECIFIED.,.F.,.F.,.F.,(4,1,1,1,1,1,4),(4,1,1,1,4),(0.,0.166666666666667,
0.333333333333333,0.5,0.666666666666667,0.833333333333333,1.),(0.,0.25,
0.5,0.75,1.),.UNSPECIFIED.);
#2900=B_SPLINE_SURFACE_WITH_KNOTS('',3,3,((#7690,#7691,#7692,#7693,#7694,
#7695,#7696,#7697,#7698),(#7699,#7700,#7701,#7702,#7703,#7704,#7705,#7706,
#7707),(#7708,#7709,#7710,#7711,#7712,#7713,#7714,#7715,#7716),(#7717,#7718,
#7719,#7720,#7721,#7722,#7723,#7724,#7725),(#7726,#7727,#7728,#7729,#7730,
#7731,#7732,#7733,#7734),(#7735,#7736,#7737,#7738,#7739,#7740,#7741,#7742,
#7743),(#7744,#7745,#7746,#7747,#7748,#7749,#7750,#7751,#7752)),
 .UNSPECIFIED.,.F.,.F.,.F.,(4,1,1,1,4),(4,1,1,1,1,1,4),(0.,0.25,0.5,0.75,
1.),(0.,0.166666666666667,0.333333333333333,0.5,0.666666666666667,0.833333333333333,
1.),.UNSPECIFIED.);
#2901=B_SPLINE_SURFACE_WITH_KNOTS('',3,3,((#7797,#7798,#7799,#7800,#7801,
#7802,#7803,#7804,#7805),(#7806,#7807,#7808,#7809,#7810,#7811,#7812,#7813,
#7814),(#7815,#7816,#7817,#7818,#7819,#7820,#7821,#7822,#7823),(#7824,#7825,
#7826,#7827,#7828,#7829,#7830,#7831,#7832),(#7833,#7834,#7835,#7836,#7837,
#7838,#7839,#7840,#7841),(#7842,#7843,#7844,#7845,#7846,#7847,#7848,#7849,
#7850),(#7851,#7852,#7853,#7854,#7855,#7856,#7857,#7858,#7859)),
 .UNSPECIFIED.,.F.,.F.,.F.,(4,1,1,1,4),(4,1,1,1,1,1,4),(0.,0.25,0.5,0.75,
1.),(0.,0.166666666666667,0.333333333333333,0.5,0.666666666666667,0.833333333333333,
1.),.UNSPECIFIED.);
#2902=B_SPLINE_SURFACE_WITH_KNOTS('',3,3,((#7930,#7931,#7932,#7933,#7934,
#7935,#7936),(#7937,#7938,#7939,#7940,#7941,#7942,#7943),(#7944,#7945,#7946,
#7947,#7948,#7949,#7950),(#7951,#7952,#7953,#7954,#7955,#7956,#7957),(#7958,
#7959,#7960,#7961,#7962,#7963,#7964),(#7965,#7966,#7967,#7968,#7969,#7970,
#7971),(#7972,#7973,#7974,#7975,#7976,#7977,#7978),(#7979,#7980,#7981,#7982,
#7983,#7984,#7985),(#7986,#7987,#7988,#7989,#7990,#7991,#7992)),
 .UNSPECIFIED.,.F.,.F.,.F.,(4,1,1,1,1,1,4),(4,1,1,1,4),(0.,0.166666666666667,
0.333333333333333,0.5,0.666666666666667,0.833333333333333,1.),(0.,0.25,
0.5,0.75,1.),.UNSPECIFIED.);
#2903=B_SPLINE_SURFACE_WITH_KNOTS('',3,3,((#8054,#8055,#8056,#8057,#8058,
#8059,#8060,#8061,#8062),(#8063,#8064,#8065,#8066,#8067,#8068,#8069,#8070,
#8071),(#8072,#8073,#8074,#8075,#8076,#8077,#8078,#8079,#8080),(#8081,#8082,
#8083,#8084,#8085,#8086,#8087,#8088,#8089),(#8090,#8091,#8092,#8093,#8094,
#8095,#8096,#8097,#8098),(#8099,#8100,#8101,#8102,#8103,#8104,#8105,#8106,
#8107)),.UNSPECIFIED.,.F.,.F.,.F.,(4,1,1,4),(4,1,1,1,1,1,4),(0.,0.333333333333333,
0.666666666666667,1.),(0.,0.166666666666667,0.333333333333333,0.5,0.666666666666667,
0.833333333333333,1.),.UNSPECIFIED.);
#2904=B_SPLINE_SURFACE_WITH_KNOTS('',3,3,((#8151,#8152,#8153,#8154,#8155,
#8156),(#8157,#8158,#8159,#8160,#8161,#8162),(#8163,#8164,#8165,#8166,#8167,
#8168),(#8169,#8170,#8171,#8172,#8173,#8174),(#8175,#8176,#8177,#8178,#8179,
#8180),(#8181,#8182,#8183,#8184,#8185,#8186),(#8187,#8188,#8189,#8190,#8191,
#8192)),.UNSPECIFIED.,.F.,.F.,.F.,(4,1,1,1,4),(4,1,1,4),(0.,0.25,0.5,0.75,
1.),(0.,0.333333333333333,0.666666666666667,1.),.UNSPECIFIED.);
#2905=B_SPLINE_SURFACE_WITH_KNOTS('',3,3,((#8237,#8238,#8239,#8240,#8241,
#8242,#8243),(#8244,#8245,#8246,#8247,#8248,#8249,#8250),(#8251,#8252,#8253,
#8254,#8255,#8256,#8257),(#8258,#8259,#8260,#8261,#8262,#8263,#8264),(#8265,
#8266,#8267,#8268,#8269,#8270,#8271),(#8272,#8273,#8274,#8275,#8276,#8277,
#8278)),.UNSPECIFIED.,.F.,.F.,.F.,(4,1,1,4),(4,1,1,1,4),(0.,0.333333333333333,
0.666666666666667,1.),(0.,0.25,0.5,0.75,1.),.UNSPECIFIED.);
#2906=B_SPLINE_SURFACE_WITH_KNOTS('',3,3,((#8289,#8290,#8291,#8292,#8293,
#8294),(#8295,#8296,#8297,#8298,#8299,#8300),(#8301,#8302,#8303,#8304,#8305,
#8306),(#8307,#8308,#8309,#8310,#8311,#8312),(#8313,#8314,#8315,#8316,#8317,
#8318),(#8319,#8320,#8321,#8322,#8323,#8324),(#8325,#8326,#8327,#8328,#8329,
#8330)),.UNSPECIFIED.,.F.,.F.,.F.,(4,1,1,1,4),(4,1,1,4),(0.,0.25,0.5,0.75,
1.),(0.,0.333333333333333,0.666666666666667,1.),.UNSPECIFIED.);
#2907=B_SPLINE_SURFACE_WITH_KNOTS('',3,3,((#8342,#8343,#8344,#8345,#8346,
#8347,#8348),(#8349,#8350,#8351,#8352,#8353,#8354,#8355),(#8356,#8357,#8358,
#8359,#8360,#8361,#8362),(#8363,#8364,#8365,#8366,#8367,#8368,#8369),(#8370,
#8371,#8372,#8373,#8374,#8375,#8376),(#8377,#8378,#8379,#8380,#8381,#8382,
#8383),(#8384,#8385,#8386,#8387,#8388,#8389,#8390)),.UNSPECIFIED.,.F.,.F.,
 .F.,(4,1,1,1,4),(4,1,1,1,4),(0.,0.25,0.5,0.75,1.),(0.,0.25,0.5,0.75,1.),
 .UNSPECIFIED.);
#2908=B_SPLINE_SURFACE_WITH_KNOTS('',3,3,((#8435,#8436,#8437,#8438,#8439,
#8440,#8441,#8442,#8443),(#8444,#8445,#8446,#8447,#8448,#8449,#8450,#8451,
#8452),(#8453,#8454,#8455,#8456,#8457,#8458,#8459,#8460,#8461),(#8462,#8463,
#8464,#8465,#8466,#8467,#8468,#8469,#8470),(#8471,#8472,#8473,#8474,#8475,
#8476,#8477,#8478,#8479),(#8480,#8481,#8482,#8483,#8484,#8485,#8486,#8487,
#8488),(#8489,#8490,#8491,#8492,#8493,#8494,#8495,#8496,#8497)),
 .UNSPECIFIED.,.F.,.F.,.F.,(4,1,1,1,4),(4,1,1,1,1,1,4),(0.,0.25,0.5,0.75,
1.),(0.,0.166666666666667,0.333333333333333,0.5,0.666666666666667,0.833333333333333,
1.),.UNSPECIFIED.);
#2909=B_SPLINE_SURFACE_WITH_KNOTS('',3,3,((#8573,#8574,#8575,#8576,#8577,
#8578,#8579),(#8580,#8581,#8582,#8583,#8584,#8585,#8586),(#8587,#8588,#8589,
#8590,#8591,#8592,#8593),(#8594,#8595,#8596,#8597,#8598,#8599,#8600),(#8601,
#8602,#8603,#8604,#8605,#8606,#8607),(#8608,#8609,#8610,#8611,#8612,#8613,
#8614),(#8615,#8616,#8617,#8618,#8619,#8620,#8621),(#8622,#8623,#8624,#8625,
#8626,#8627,#8628),(#8629,#8630,#8631,#8632,#8633,#8634,#8635)),
 .UNSPECIFIED.,.F.,.F.,.F.,(4,1,1,1,1,1,4),(4,1,1,1,4),(0.,0.166666666666667,
0.333333333333333,0.5,0.666666666666667,0.833333333333333,1.),(0.,0.25,
0.5,0.75,1.),.UNSPECIFIED.);
#2910=B_SPLINE_SURFACE_WITH_KNOTS('',3,3,((#8697,#8698,#8699,#8700,#8701,
#8702,#8703,#8704,#8705),(#8706,#8707,#8708,#8709,#8710,#8711,#8712,#8713,
#8714),(#8715,#8716,#8717,#8718,#8719,#8720,#8721,#8722,#8723),(#8724,#8725,
#8726,#8727,#8728,#8729,#8730,#8731,#8732),(#8733,#8734,#8735,#8736,#8737,
#8738,#8739,#8740,#8741),(#8742,#8743,#8744,#8745,#8746,#8747,#8748,#8749,
#8750)),.UNSPECIFIED.,.F.,.F.,.F.,(4,1,1,4),(4,1,1,1,1,1,4),(0.,0.333333333333333,
0.666666666666667,1.),(0.,0.166666666666667,0.333333333333333,0.5,0.666666666666667,
0.833333333333333,1.),.UNSPECIFIED.);
#2911=B_SPLINE_SURFACE_WITH_KNOTS('',3,3,((#8794,#8795,#8796,#8797,#8798,
#8799),(#8800,#8801,#8802,#8803,#8804,#8805),(#8806,#8807,#8808,#8809,#8810,
#8811),(#8812,#8813,#8814,#8815,#8816,#8817),(#8818,#8819,#8820,#8821,#8822,
#8823),(#8824,#8825,#8826,#8827,#8828,#8829),(#8830,#8831,#8832,#8833,#8834,
#8835)),.UNSPECIFIED.,.F.,.F.,.F.,(4,1,1,1,4),(4,1,1,4),(0.,0.25,0.5,0.75,
1.),(0.,0.333333333333333,0.666666666666667,1.),.UNSPECIFIED.);
#2912=B_SPLINE_SURFACE_WITH_KNOTS('',3,3,((#8880,#8881,#8882,#8883,#8884,
#8885,#8886),(#8887,#8888,#8889,#8890,#8891,#8892,#8893),(#8894,#8895,#8896,
#8897,#8898,#8899,#8900),(#8901,#8902,#8903,#8904,#8905,#8906,#8907),(#8908,
#8909,#8910,#8911,#8912,#8913,#8914),(#8915,#8916,#8917,#8918,#8919,#8920,
#8921)),.UNSPECIFIED.,.F.,.F.,.F.,(4,1,1,4),(4,1,1,1,4),(0.,0.333333333333333,
0.666666666666667,1.),(0.,0.25,0.5,0.75,1.),.UNSPECIFIED.);
#2913=B_SPLINE_SURFACE_WITH_KNOTS('',3,3,((#8932,#8933,#8934,#8935,#8936,
#8937),(#8938,#8939,#8940,#8941,#8942,#8943),(#8944,#8945,#8946,#8947,#8948,
#8949),(#8950,#8951,#8952,#8953,#8954,#8955),(#8956,#8957,#8958,#8959,#8960,
#8961),(#8962,#8963,#8964,#8965,#8966,#8967),(#8968,#8969,#8970,#8971,#8972,
#8973)),.UNSPECIFIED.,.F.,.F.,.F.,(4,1,1,1,4),(4,1,1,4),(0.,0.25,0.5,0.75,
1.),(0.,0.333333333333333,0.666666666666667,1.),.UNSPECIFIED.);
#2914=B_SPLINE_SURFACE_WITH_KNOTS('',3,3,((#8985,#8986,#8987,#8988,#8989,
#8990,#8991),(#8992,#8993,#8994,#8995,#8996,#8997,#8998),(#8999,#9000,#9001,
#9002,#9003,#9004,#9005),(#9006,#9007,#9008,#9009,#9010,#9011,#9012),(#9013,
#9014,#9015,#9016,#9017,#9018,#9019),(#9020,#9021,#9022,#9023,#9024,#9025,
#9026),(#9027,#9028,#9029,#9030,#9031,#9032,#9033)),.UNSPECIFIED.,.F.,.F.,
 .F.,(4,1,1,1,4),(4,1,1,1,4),(0.,0.25,0.5,0.75,1.),(0.,0.25,0.5,0.75,1.),
 .UNSPECIFIED.);
#2915=B_SPLINE_SURFACE_WITH_KNOTS('',3,3,((#9078,#9079,#9080,#9081,#9082,
#9083,#9084,#9085,#9086),(#9087,#9088,#9089,#9090,#9091,#9092,#9093,#9094,
#9095),(#9096,#9097,#9098,#9099,#9100,#9101,#9102,#9103,#9104),(#9105,#9106,
#9107,#9108,#9109,#9110,#9111,#9112,#9113),(#9114,#9115,#9116,#9117,#9118,
#9119,#9120,#9121,#9122),(#9123,#9124,#9125,#9126,#9127,#9128,#9129,#9130,
#9131),(#9132,#9133,#9134,#9135,#9136,#9137,#9138,#9139,#9140)),
 .UNSPECIFIED.,.F.,.F.,.F.,(4,1,1,1,4),(4,1,1,1,1,1,4),(0.,0.25,0.5,0.75,
1.),(0.,0.166666666666667,0.333333333333333,0.5,0.666666666666667,0.833333333333333,
1.),.UNSPECIFIED.);
#2916=B_SPLINE_SURFACE_WITH_KNOTS('',3,3,((#9163,#9164,#9165,#9166,#9167,
#9168,#9169),(#9170,#9171,#9172,#9173,#9174,#9175,#9176),(#9177,#9178,#9179,
#9180,#9181,#9182,#9183),(#9184,#9185,#9186,#9187,#9188,#9189,#9190),(#9191,
#9192,#9193,#9194,#9195,#9196,#9197),(#9198,#9199,#9200,#9201,#9202,#9203,
#9204),(#9205,#9206,#9207,#9208,#9209,#9210,#9211),(#9212,#9213,#9214,#9215,
#9216,#9217,#9218),(#9219,#9220,#9221,#9222,#9223,#9224,#9225)),
 .UNSPECIFIED.,.F.,.F.,.F.,(4,1,1,1,1,1,4),(4,1,1,1,4),(0.,0.166666666666667,
0.333333333333333,0.5,0.666666666666667,0.833333333333333,1.),(0.,0.25,
0.5,0.75,1.),.UNSPECIFIED.);
#2917=B_SPLINE_SURFACE_WITH_KNOTS('',3,3,((#9239,#9240,#9241,#9242,#9243,
#9244,#9245,#9246,#9247),(#9248,#9249,#9250,#9251,#9252,#9253,#9254,#9255,
#9256),(#9257,#9258,#9259,#9260,#9261,#9262,#9263,#9264,#9265),(#9266,#9267,
#9268,#9269,#9270,#9271,#9272,#9273,#9274),(#9275,#9276,#9277,#9278,#9279,
#9280,#9281,#9282,#9283),(#9284,#9285,#9286,#9287,#9288,#9289,#9290,#9291,
#9292),(#9293,#9294,#9295,#9296,#9297,#9298,#9299,#9300,#9301)),
 .UNSPECIFIED.,.F.,.F.,.F.,(4,1,1,1,4),(4,1,1,1,1,1,4),(0.,0.25,0.5,0.75,
1.),(0.,0.166666666666667,0.333333333333333,0.5,0.666666666666667,0.833333333333333,
1.),.UNSPECIFIED.);
#2918=B_SPLINE_SURFACE_WITH_KNOTS('',3,3,((#9346,#9347,#9348,#9349,#9350,
#9351,#9352),(#9353,#9354,#9355,#9356,#9357,#9358,#9359),(#9360,#9361,#9362,
#9363,#9364,#9365,#9366),(#9367,#9368,#9369,#9370,#9371,#9372,#9373),(#9374,
#9375,#9376,#9377,#9378,#9379,#9380),(#9381,#9382,#9383,#9384,#9385,#9386,
#9387),(#9388,#9389,#9390,#9391,#9392,#9393,#9394),(#9395,#9396,#9397,#9398,
#9399,#9400,#9401),(#9402,#9403,#9404,#9405,#9406,#9407,#9408)),
 .UNSPECIFIED.,.F.,.F.,.F.,(4,1,1,1,1,1,4),(4,1,1,1,4),(0.,0.166666666666667,
0.333333333333333,0.5,0.666666666666667,0.833333333333333,1.),(0.,0.25,
0.5,0.75,1.),.UNSPECIFIED.);
#2919=B_SPLINE_SURFACE_WITH_KNOTS('',3,3,((#9452,#9453,#9454,#9455,#9456,
#9457,#9458,#9459,#9460),(#9461,#9462,#9463,#9464,#9465,#9466,#9467,#9468,
#9469),(#9470,#9471,#9472,#9473,#9474,#9475,#9476,#9477,#9478),(#9479,#9480,
#9481,#9482,#9483,#9484,#9485,#9486,#9487),(#9488,#9489,#9490,#9491,#9492,
#9493,#9494,#9495,#9496),(#9497,#9498,#9499,#9500,#9501,#9502,#9503,#9504,
#9505),(#9506,#9507,#9508,#9509,#9510,#9511,#9512,#9513,#9514)),
 .UNSPECIFIED.,.F.,.F.,.F.,(4,1,1,1,4),(4,1,1,1,1,1,4),(0.,0.25,0.5,0.75,
1.),(0.,0.166666666666667,0.333333333333333,0.5,0.666666666666667,0.833333333333333,
1.),.UNSPECIFIED.);
#2920=B_SPLINE_SURFACE_WITH_KNOTS('',3,3,((#9574,#9575,#9576,#9577,#9578,
#9579,#9580),(#9581,#9582,#9583,#9584,#9585,#9586,#9587),(#9588,#9589,#9590,
#9591,#9592,#9593,#9594),(#9595,#9596,#9597,#9598,#9599,#9600,#9601),(#9602,
#9603,#9604,#9605,#9606,#9607,#9608),(#9609,#9610,#9611,#9612,#9613,#9614,
#9615),(#9616,#9617,#9618,#9619,#9620,#9621,#9622),(#9623,#9624,#9625,#9626,
#9627,#9628,#9629),(#9630,#9631,#9632,#9633,#9634,#9635,#9636)),
 .UNSPECIFIED.,.F.,.F.,.F.,(4,1,1,1,1,1,4),(4,1,1,1,4),(0.,0.166666666666667,
0.333333333333333,0.5,0.666666666666667,0.833333333333333,1.),(0.,0.25,
0.5,0.75,1.),.UNSPECIFIED.);
#2921=B_SPLINE_SURFACE_WITH_KNOTS('',3,3,((#9698,#9699,#9700,#9701,#9702,
#9703,#9704,#9705,#9706),(#9707,#9708,#9709,#9710,#9711,#9712,#9713,#9714,
#9715),(#9716,#9717,#9718,#9719,#9720,#9721,#9722,#9723,#9724),(#9725,#9726,
#9727,#9728,#9729,#9730,#9731,#9732,#9733),(#9734,#9735,#9736,#9737,#9738,
#9739,#9740,#9741,#9742),(#9743,#9744,#9745,#9746,#9747,#9748,#9749,#9750,
#9751),(#9752,#9753,#9754,#9755,#9756,#9757,#9758,#9759,#9760)),
 .UNSPECIFIED.,.F.,.F.,.F.,(4,1,1,1,4),(4,1,1,1,1,1,4),(0.,0.25,0.5,0.75,
1.),(0.,0.166666666666667,0.333333333333333,0.5,0.666666666666667,0.833333333333333,
1.),.UNSPECIFIED.);
#2922=B_SPLINE_SURFACE_WITH_KNOTS('',3,3,((#10075,#10076,#10077,#10078,
#10079,#10080,#10081),(#10082,#10083,#10084,#10085,#10086,#10087,#10088),
(#10089,#10090,#10091,#10092,#10093,#10094,#10095),(#10096,#10097,#10098,
#10099,#10100,#10101,#10102),(#10103,#10104,#10105,#10106,#10107,#10108,
#10109),(#10110,#10111,#10112,#10113,#10114,#10115,#10116),(#10117,#10118,
#10119,#10120,#10121,#10122,#10123),(#10124,#10125,#10126,#10127,#10128,
#10129,#10130),(#10131,#10132,#10133,#10134,#10135,#10136,#10137)),
 .UNSPECIFIED.,.F.,.F.,.F.,(4,1,1,1,1,1,4),(4,1,1,1,4),(0.,0.166666666666667,
0.333333333333333,0.5,0.666666666666667,0.833333333333333,1.),(0.,0.25,
0.5,0.75,1.),.UNSPECIFIED.);
#2923=B_SPLINE_SURFACE_WITH_KNOTS('',3,3,((#10171,#10172,#10173,#10174,
#10175,#10176,#10177),(#10178,#10179,#10180,#10181,#10182,#10183,#10184),
(#10185,#10186,#10187,#10188,#10189,#10190,#10191),(#10192,#10193,#10194,
#10195,#10196,#10197,#10198),(#10199,#10200,#10201,#10202,#10203,#10204,
#10205),(#10206,#10207,#10208,#10209,#10210,#10211,#10212),(#10213,#10214,
#10215,#10216,#10217,#10218,#10219),(#10220,#10221,#10222,#10223,#10224,
#10225,#10226),(#10227,#10228,#10229,#10230,#10231,#10232,#10233)),
 .UNSPECIFIED.,.F.,.F.,.F.,(4,1,1,1,1,1,4),(4,1,1,1,4),(0.,0.166666666666667,
0.333333333333333,0.5,0.666666666666667,0.833333333333333,1.),(0.,0.25,
0.5,0.75,1.),.UNSPECIFIED.);
#2924=B_SPLINE_SURFACE_WITH_KNOTS('',3,3,((#10294,#10295,#10296,#10297,
#10298,#10299,#10300),(#10301,#10302,#10303,#10304,#10305,#10306,#10307),
(#10308,#10309,#10310,#10311,#10312,#10313,#10314),(#10315,#10316,#10317,
#10318,#10319,#10320,#10321),(#10322,#10323,#10324,#10325,#10326,#10327,
#10328),(#10329,#10330,#10331,#10332,#10333,#10334,#10335),(#10336,#10337,
#10338,#10339,#10340,#10341,#10342),(#10343,#10344,#10345,#10346,#10347,
#10348,#10349),(#10350,#10351,#10352,#10353,#10354,#10355,#10356)),
 .UNSPECIFIED.,.F.,.F.,.F.,(4,1,1,1,1,1,4),(4,1,1,1,4),(0.,0.166666666666667,
0.333333333333333,0.5,0.666666666666667,0.833333333333333,1.),(0.,0.25,
0.5,0.75,1.),.UNSPECIFIED.);
#2925=B_SPLINE_SURFACE_WITH_KNOTS('',3,3,((#10405,#10406,#10407,#10408,
#10409,#10410,#10411),(#10412,#10413,#10414,#10415,#10416,#10417,#10418),
(#10419,#10420,#10421,#10422,#10423,#10424,#10425),(#10426,#10427,#10428,
#10429,#10430,#10431,#10432),(#10433,#10434,#10435,#10436,#10437,#10438,
#10439),(#10440,#10441,#10442,#10443,#10444,#10445,#10446),(#10447,#10448,
#10449,#10450,#10451,#10452,#10453),(#10454,#10455,#10456,#10457,#10458,
#10459,#10460),(#10461,#10462,#10463,#10464,#10465,#10466,#10467)),
 .UNSPECIFIED.,.F.,.F.,.F.,(4,1,1,1,1,1,4),(4,1,1,1,4),(0.,0.166666666666667,
0.333333333333333,0.5,0.666666666666667,0.833333333333333,1.),(0.,0.25,
0.5,0.75,1.),.UNSPECIFIED.);
#2926=B_SPLINE_SURFACE_WITH_KNOTS('',3,3,((#10513,#10514,#10515,#10516,
#10517,#10518,#10519),(#10520,#10521,#10522,#10523,#10524,#10525,#10526),
(#10527,#10528,#10529,#10530,#10531,#10532,#10533),(#10534,#10535,#10536,
#10537,#10538,#10539,#10540),(#10541,#10542,#10543,#10544,#10545,#10546,
#10547),(#10548,#10549,#10550,#10551,#10552,#10553,#10554),(#10555,#10556,
#10557,#10558,#10559,#10560,#10561),(#10562,#10563,#10564,#10565,#10566,
#10567,#10568),(#10569,#10570,#10571,#10572,#10573,#10574,#10575)),
 .UNSPECIFIED.,.F.,.F.,.F.,(4,1,1,1,1,1,4),(4,1,1,1,4),(0.,0.166666666666667,
0.333333333333333,0.5,0.666666666666667,0.833333333333333,1.),(0.,0.25,
0.5,0.75,1.),.UNSPECIFIED.);
#2927=B_SPLINE_SURFACE_WITH_KNOTS('',3,3,((#10616,#10617,#10618,#10619,
#10620,#10621,#10622),(#10623,#10624,#10625,#10626,#10627,#10628,#10629),
(#10630,#10631,#10632,#10633,#10634,#10635,#10636),(#10637,#10638,#10639,
#10640,#10641,#10642,#10643),(#10644,#10645,#10646,#10647,#10648,#10649,
#10650),(#10651,#10652,#10653,#10654,#10655,#10656,#10657),(#10658,#10659,
#10660,#10661,#10662,#10663,#10664),(#10665,#10666,#10667,#10668,#10669,
#10670,#10671),(#10672,#10673,#10674,#10675,#10676,#10677,#10678)),
 .UNSPECIFIED.,.F.,.F.,.F.,(4,1,1,1,1,1,4),(4,1,1,1,4),(0.,0.166666666666667,
0.333333333333333,0.5,0.666666666666667,0.833333333333333,1.),(0.,0.25,
0.5,0.75,1.),.UNSPECIFIED.);
#2928=B_SPLINE_SURFACE_WITH_KNOTS('',3,3,((#10725,#10726,#10727,#10728,
#10729,#10730,#10731),(#10732,#10733,#10734,#10735,#10736,#10737,#10738),
(#10739,#10740,#10741,#10742,#10743,#10744,#10745),(#10746,#10747,#10748,
#10749,#10750,#10751,#10752),(#10753,#10754,#10755,#10756,#10757,#10758,
#10759),(#10760,#10761,#10762,#10763,#10764,#10765,#10766),(#10767,#10768,
#10769,#10770,#10771,#10772,#10773),(#10774,#10775,#10776,#10777,#10778,
#10779,#10780),(#10781,#10782,#10783,#10784,#10785,#10786,#10787)),
 .UNSPECIFIED.,.F.,.F.,.F.,(4,1,1,1,1,1,4),(4,1,1,1,4),(0.,0.166666666666667,
0.333333333333333,0.5,0.666666666666667,0.833333333333333,1.),(0.,0.25,
0.5,0.75,1.),.UNSPECIFIED.);
#2929=B_SPLINE_SURFACE_WITH_KNOTS('',3,3,((#10850,#10851,#10852,#10853,
#10854,#10855,#10856),(#10857,#10858,#10859,#10860,#10861,#10862,#10863),
(#10864,#10865,#10866,#10867,#10868,#10869,#10870),(#10871,#10872,#10873,
#10874,#10875,#10876,#10877),(#10878,#10879,#10880,#10881,#10882,#10883,
#10884),(#10885,#10886,#10887,#10888,#10889,#10890,#10891),(#10892,#10893,
#10894,#10895,#10896,#10897,#10898),(#10899,#10900,#10901,#10902,#10903,
#10904,#10905),(#10906,#10907,#10908,#10909,#10910,#10911,#10912)),
 .UNSPECIFIED.,.F.,.F.,.F.,(4,1,1,1,1,1,4),(4,1,1,1,4),(0.,0.166666666666667,
0.333333333333333,0.5,0.666666666666667,0.833333333333333,1.),(0.,0.25,
0.5,0.75,1.),.UNSPECIFIED.);
#2930=ADVANCED_FACE('',(#169),#2866,.T.);
#2931=ADVANCED_FACE('',(#170),#2867,.T.);
#2932=ADVANCED_FACE('',(#171),#2868,.T.);
#2933=ADVANCED_FACE('',(#172),#2869,.T.);
#2934=ADVANCED_FACE('',(#173),#2870,.T.);
#2935=ADVANCED_FACE('',(#174),#2871,.T.);
#2936=ADVANCED_FACE('',(#175),#2872,.T.);
#2937=ADVANCED_FACE('',(#176),#2873,.T.);
#2938=ADVANCED_FACE('',(#177),#2874,.T.);
#2939=ADVANCED_FACE('',(#178),#2875,.T.);
#2940=ADVANCED_FACE('',(#179),#2876,.T.);
#2941=ADVANCED_FACE('',(#180),#2877,.T.);
#2942=ADVANCED_FACE('',(#181),#2878,.T.);
#2943=ADVANCED_FACE('',(#182),#2879,.T.);
#2944=ADVANCED_FACE('',(#183),#2880,.T.);
#2945=ADVANCED_FACE('',(#184),#2881,.T.);
#2946=ADVANCED_FACE('',(#185),#2882,.T.);
#2947=ADVANCED_FACE('',(#186),#2883,.T.);
#2948=ADVANCED_FACE('',(#187),#2884,.T.);
#2949=ADVANCED_FACE('',(#188),#2885,.T.);
#2950=ADVANCED_FACE('',(#189),#2886,.T.);
#2951=ADVANCED_FACE('',(#190),#2887,.T.);
#2952=ADVANCED_FACE('',(#191),#2888,.T.);
#2953=ADVANCED_FACE('',(#192),#2889,.T.);
#2954=ADVANCED_FACE('',(#193),#2890,.T.);
#2955=ADVANCED_FACE('',(#194),#2891,.T.);
#2956=ADVANCED_FACE('',(#195),#2892,.T.);
#2957=ADVANCED_FACE('',(#196),#2893,.T.);
#2958=ADVANCED_FACE('',(#197),#2894,.T.);
#2959=ADVANCED_FACE('',(#198),#2895,.T.);
#2960=ADVANCED_FACE('',(#199),#2896,.T.);
#2961=ADVANCED_FACE('',(#200),#2897,.T.);
#2962=ADVANCED_FACE('',(#201),#2898,.T.);
#2963=ADVANCED_FACE('',(#202),#2899,.T.);
#2964=ADVANCED_FACE('',(#203),#2900,.T.);
#2965=ADVANCED_FACE('',(#204),#2901,.T.);
#2966=ADVANCED_FACE('',(#205),#2902,.T.);
#2967=ADVANCED_FACE('',(#206),#2903,.T.);
#2968=ADVANCED_FACE('',(#207),#2904,.T.);
#2969=ADVANCED_FACE('',(#208),#2905,.T.);
#2970=ADVANCED_FACE('',(#209),#2906,.T.);
#2971=ADVANCED_FACE('',(#210),#2907,.T.);
#2972=ADVANCED_FACE('',(#211),#2908,.T.);
#2973=ADVANCED_FACE('',(#212),#2909,.T.);
#2974=ADVANCED_FACE('',(#213),#2910,.T.);
#2975=ADVANCED_FACE('',(#214),#2911,.T.);
#2976=ADVANCED_FACE('',(#215),#2912,.T.);
#2977=ADVANCED_FACE('',(#216),#2913,.T.);
#2978=ADVANCED_FACE('',(#217),#2914,.T.);
#2979=ADVANCED_FACE('',(#218),#2915,.T.);
#2980=ADVANCED_FACE('',(#219),#2916,.T.);
#2981=ADVANCED_FACE('',(#220),#2917,.T.);
#2982=ADVANCED_FACE('',(#221),#2918,.T.);
#2983=ADVANCED_FACE('',(#222),#2919,.T.);
#2984=ADVANCED_FACE('',(#223),#2920,.T.);
#2985=ADVANCED_FACE('',(#224),#2921,.T.);
#2986=ADVANCED_FACE('',(#225),#107,.F.);
#2987=ADVANCED_FACE('',(#226,#51,#52),#68,.F.);
#2988=ADVANCED_FACE('',(#227),#69,.F.);
#2989=ADVANCED_FACE('',(#228),#70,.F.);
#2990=ADVANCED_FACE('',(#229),#108,.F.);
#2991=ADVANCED_FACE('',(#230),#109,.F.);
#2992=ADVANCED_FACE('',(#231,#53,#54,#55,#56,#57),#71,.T.);
#2993=ADVANCED_FACE('',(#232),#72,.F.);
#2994=ADVANCED_FACE('',(#233),#73,.F.);
#2995=ADVANCED_FACE('',(#234),#110,.F.);
#2996=ADVANCED_FACE('',(#235,#58),#74,.T.);
#2997=ADVANCED_FACE('',(#236),#111,.F.);
#2998=ADVANCED_FACE('',(#237),#112,.F.);
#2999=ADVANCED_FACE('',(#238,#59),#75,.T.);
#3000=ADVANCED_FACE('',(#239),#23,.T.);
#3001=ADVANCED_FACE('',(#240),#113,.F.);
#3002=ADVANCED_FACE('',(#241,#60),#76,.T.);
#3003=ADVANCED_FACE('',(#242),#24,.T.);
#3004=ADVANCED_FACE('',(#243),#114,.F.);
#3005=ADVANCED_FACE('',(#244,#61),#77,.T.);
#3006=ADVANCED_FACE('',(#245),#25,.T.);
#3007=ADVANCED_FACE('',(#246),#115,.F.);
#3008=ADVANCED_FACE('',(#247,#62),#78,.T.);
#3009=ADVANCED_FACE('',(#248),#26,.T.);
#3010=ADVANCED_FACE('',(#249),#116,.F.);
#3011=ADVANCED_FACE('',(#250,#63),#79,.T.);
#3012=ADVANCED_FACE('',(#251),#117,.F.);
#3013=ADVANCED_FACE('',(#252),#80,.T.);
#3014=ADVANCED_FACE('',(#253,#64),#81,.T.);
#3015=ADVANCED_FACE('',(#254),#118,.F.);
#3016=ADVANCED_FACE('',(#255),#82,.T.);
#3017=ADVANCED_FACE('',(#256,#65),#83,.T.);
#3018=ADVANCED_FACE('',(#257),#119,.F.);
#3019=ADVANCED_FACE('',(#258),#84,.T.);
#3020=ADVANCED_FACE('',(#259,#66),#85,.T.);
#3021=ADVANCED_FACE('',(#260),#120,.F.);
#3022=ADVANCED_FACE('',(#261),#86,.T.);
#3023=ADVANCED_FACE('',(#262,#67),#87,.T.);
#3024=ADVANCED_FACE('',(#263),#15,.T.);
#3025=ADVANCED_FACE('',(#264),#16,.T.);
#3026=ADVANCED_FACE('',(#265),#121,.T.);
#3027=ADVANCED_FACE('',(#266),#122,.T.);
#3028=ADVANCED_FACE('',(#267),#27,.T.);
#3029=ADVANCED_FACE('',(#268),#123,.T.);
#3030=ADVANCED_FACE('',(#269),#28,.T.);
#3031=ADVANCED_FACE('',(#270),#17,.T.);
#3032=ADVANCED_FACE('',(#271),#2922,.T.);
#3033=ADVANCED_FACE('',(#272),#124,.T.);
#3034=ADVANCED_FACE('',(#273),#2923,.T.);
#3035=ADVANCED_FACE('',(#274),#18,.T.);
#3036=ADVANCED_FACE('',(#275),#29,.T.);
#3037=ADVANCED_FACE('',(#276),#125,.T.);
#3038=ADVANCED_FACE('',(#277),#19,.T.);
#3039=ADVANCED_FACE('',(#278),#126,.T.);
#3040=ADVANCED_FACE('',(#279),#2924,.T.);
#3041=ADVANCED_FACE('',(#280),#127,.T.);
#3042=ADVANCED_FACE('',(#281),#20,.T.);
#3043=ADVANCED_FACE('',(#282),#128,.T.);
#3044=ADVANCED_FACE('',(#283),#2925,.T.);
#3045=ADVANCED_FACE('',(#284),#129,.T.);
#3046=ADVANCED_FACE('',(#285),#21,.T.);
#3047=ADVANCED_FACE('',(#286),#130,.T.);
#3048=ADVANCED_FACE('',(#287),#131,.T.);
#3049=ADVANCED_FACE('',(#288),#2926,.T.);
#3050=ADVANCED_FACE('',(#289),#132,.T.);
#3051=ADVANCED_FACE('',(#290),#30,.F.);
#3052=ADVANCED_FACE('',(#291),#31,.F.);
#3053=ADVANCED_FACE('',(#292),#2927,.T.);
#3054=ADVANCED_FACE('',(#293),#22,.T.);
#3055=ADVANCED_FACE('',(#294),#133,.T.);
#3056=ADVANCED_FACE('',(#295),#2928,.T.);
#3057=ADVANCED_FACE('',(#296),#134,.T.);
#3058=ADVANCED_FACE('',(#297),#32,.T.);
#3059=ADVANCED_FACE('',(#298),#135,.T.);
#3060=ADVANCED_FACE('',(#299),#33,.T.);
#3061=ADVANCED_FACE('',(#300),#136,.T.);
#3062=ADVANCED_FACE('',(#301),#34,.T.);
#3063=ADVANCED_FACE('',(#302),#137,.T.);
#3064=ADVANCED_FACE('',(#303),#2929,.T.);
#3065=ADVANCED_FACE('',(#304),#138,.T.);
#3066=ADVANCED_FACE('',(#305),#35,.F.);
#3067=ADVANCED_FACE('',(#306),#36,.F.);
#3068=ADVANCED_FACE('',(#307),#139,.T.);
#3069=ADVANCED_FACE('',(#308),#140,.T.);
#3070=ADVANCED_FACE('',(#309),#37,.F.);
#3071=ADVANCED_FACE('',(#310),#38,.F.);
#3072=ADVANCED_FACE('',(#311),#141,.T.);
#3073=ADVANCED_FACE('',(#312),#142,.T.);
#3074=ADVANCED_FACE('',(#313),#39,.T.);
#3075=ADVANCED_FACE('',(#314),#143,.T.);
#3076=ADVANCED_FACE('',(#315),#40,.T.);
#3077=ADVANCED_FACE('',(#316),#144,.T.);
#3078=ADVANCED_FACE('',(#317),#41,.T.);
#3079=ADVANCED_FACE('',(#318),#145,.T.);
#3080=ADVANCED_FACE('',(#319),#146,.T.);
#3081=ADVANCED_FACE('',(#320),#42,.T.);
#3082=ADVANCED_FACE('',(#321),#147,.T.);
#3083=ADVANCED_FACE('',(#322),#43,.T.);
#3084=ADVANCED_FACE('',(#323),#148,.T.);
#3085=ADVANCED_FACE('',(#324),#44,.T.);
#3086=ADVANCED_FACE('',(#325),#149,.T.);
#3087=ADVANCED_FACE('',(#326),#45,.F.);
#3088=ADVANCED_FACE('',(#327),#46,.F.);
#3089=ADVANCED_FACE('',(#328),#150,.T.);
#3090=ADVANCED_FACE('',(#329),#151,.T.);
#3091=ADVANCED_FACE('',(#330),#152,.T.);
#3092=ADVANCED_FACE('',(#331),#153,.F.);
#3093=ADVANCED_FACE('',(#332),#88,.T.);
#3094=ADVANCED_FACE('',(#333),#154,.T.);
#3095=ADVANCED_FACE('',(#334),#89,.T.);
#3096=ADVANCED_FACE('',(#335),#90,.T.);
#3097=ADVANCED_FACE('',(#336),#155,.F.);
#3098=ADVANCED_FACE('',(#337),#91,.T.);
#3099=ADVANCED_FACE('',(#338),#156,.T.);
#3100=ADVANCED_FACE('',(#339),#92,.T.);
#3101=ADVANCED_FACE('',(#340),#93,.T.);
#3102=ADVANCED_FACE('',(#341),#157,.T.);
#3103=ADVANCED_FACE('',(#342),#94,.T.);
#3104=ADVANCED_FACE('',(#343),#158,.T.);
#3105=ADVANCED_FACE('',(#344),#95,.T.);
#3106=ADVANCED_FACE('',(#345),#159,.T.);
#3107=ADVANCED_FACE('',(#346),#96,.T.);
#3108=ADVANCED_FACE('',(#347),#97,.T.);
#3109=ADVANCED_FACE('',(#348),#47,.F.);
#3110=ADVANCED_FACE('',(#349),#160,.T.);
#3111=ADVANCED_FACE('',(#350),#48,.F.);
#3112=ADVANCED_FACE('',(#351),#161,.T.);
#3113=ADVANCED_FACE('',(#352),#162,.F.);
#3114=ADVANCED_FACE('',(#353),#49,.F.);
#3115=ADVANCED_FACE('',(#354),#163,.F.);
#3116=ADVANCED_FACE('',(#355),#50,.F.);
#3117=ADVANCED_FACE('',(#356),#164,.T.);
#3118=ADVANCED_FACE('',(#357),#98,.T.);
#3119=ADVANCED_FACE('',(#358),#99,.T.);
#3120=ADVANCED_FACE('',(#359),#165,.T.);
#3121=ADVANCED_FACE('',(#360),#100,.T.);
#3122=ADVANCED_FACE('',(#361),#101,.T.);
#3123=ADVANCED_FACE('',(#362),#102,.T.);
#3124=ADVANCED_FACE('',(#363),#166,.F.);
#3125=ADVANCED_FACE('',(#364),#103,.T.);
#3126=ADVANCED_FACE('',(#365),#167,.F.);
#3127=ADVANCED_FACE('',(#366),#104,.T.);
#3128=ADVANCED_FACE('',(#367),#168,.T.);
#3129=ADVANCED_FACE('',(#368),#105,.T.);
#3130=ADVANCED_FACE('',(#369),#106,.T.);
#3131=CLOSED_SHELL('',(#2930,#2931,#2932,#2933,#2934,#2935,#2936,#2937,
#2938,#2939,#2940,#2941,#2942,#2943,#2944,#2945,#2946,#2947,#2948,#2949,
#2950,#2951,#2952,#2953,#2954,#2955,#2956,#2957,#2958,#2959,#2960,#2961,
#2962,#2963,#2964,#2965,#2966,#2967,#2968,#2969,#2970,#2971,#2972,#2973,
#2974,#2975,#2976,#2977,#2978,#2979,#2980,#2981,#2982,#2983,#2984,#2985,
#2986,#2987,#2988,#2989,#2990,#2991,#2992,#2993,#2994,#2995,#2996,#2997,
#2998,#2999,#3000,#3001,#3002,#3003,#3004,#3005,#3006,#3007,#3008,#3009,
#3010,#3011,#3012,#3013,#3014,#3015,#3016,#3017,#3018,#3019,#3020,#3021,
#3022,#3023,#3024,#3025,#3026,#3027,#3028,#3029,#3030,#3031,#3032,#3033,
#3034,#3035,#3036,#3037,#3038,#3039,#3040,#3041,#3042,#3043,#3044,#3045,
#3046,#3047,#3048,#3049,#3050,#3051,#3052,#3053,#3054,#3055,#3056,#3057,
#3058,#3059,#3060,#3061,#3062,#3063,#3064,#3065,#3066,#3067,#3068,#3069,
#3070,#3071,#3072,#3073,#3074,#3075,#3076,#3077,#3078,#3079,#3080,#3081,
#3082,#3083,#3084,#3085,#3086,#3087,#3088,#3089,#3090,#3091,#3092,#3093,
#3094,#3095,#3096,#3097,#3098,#3099,#3100,#3101,#3102,#3103,#3104,#3105,
#3106,#3107,#3108,#3109,#3110,#3111,#3112,#3113,#3114,#3115,#3116,#3117,
#3118,#3119,#3120,#3121,#3122,#3123,#3124,#3125,#3126,#3127,#3128,#3129,
#3130));
#3132=AXIS2_PLACEMENT_3D('',#4334,#3488,#3489);
#3133=AXIS2_PLACEMENT_3D('',#4419,#3491,#3492);
#3134=AXIS2_PLACEMENT_3D('',#4494,#3493,#3494);
#3135=AXIS2_PLACEMENT_3D('',#4602,#3496,#3497);
#3136=AXIS2_PLACEMENT_3D('',#4677,#3498,#3499);
#3137=AXIS2_PLACEMENT_3D('',#4830,#3500,#3501);
#3138=AXIS2_PLACEMENT_3D('',#4905,#3502,#3503);
#3139=AXIS2_PLACEMENT_3D('',#5061,#3504,#3505);
#3140=AXIS2_PLACEMENT_3D('',#5194,#3506,#3507);
#3141=AXIS2_PLACEMENT_3D('',#5269,#3508,#3509);
#3142=AXIS2_PLACEMENT_3D('',#5415,#3510,#3511);
#3143=AXIS2_PLACEMENT_3D('',#5467,#3512,#3513);
#3144=AXIS2_PLACEMENT_3D('',#5553,#3515,#3516);
#3145=AXIS2_PLACEMENT_3D('',#5605,#3517,#3518);
#3146=AXIS2_PLACEMENT_3D('',#5699,#3520,#3521);
#3147=AXIS2_PLACEMENT_3D('',#5832,#3522,#3523);
#3148=AXIS2_PLACEMENT_3D('',#5907,#3524,#3525);
#3149=AXIS2_PLACEMENT_3D('',#6053,#3526,#3527);
#3150=AXIS2_PLACEMENT_3D('',#6105,#3528,#3529);
#3151=AXIS2_PLACEMENT_3D('',#6191,#3531,#3532);
#3152=AXIS2_PLACEMENT_3D('',#6243,#3533,#3534);
#3153=AXIS2_PLACEMENT_3D('',#6337,#3536,#3537);
#3154=AXIS2_PLACEMENT_3D('',#6422,#3539,#3540);
#3155=AXIS2_PLACEMENT_3D('',#6497,#3541,#3542);
#3156=AXIS2_PLACEMENT_3D('',#6605,#3544,#3545);
#3157=AXIS2_PLACEMENT_3D('',#6680,#3546,#3547);
#3158=AXIS2_PLACEMENT_3D('',#6833,#3548,#3549);
#3159=AXIS2_PLACEMENT_3D('',#6908,#3550,#3551);
#3160=AXIS2_PLACEMENT_3D('',#7064,#3552,#3553);
#3161=AXIS2_PLACEMENT_3D('',#7149,#3555,#3556);
#3162=AXIS2_PLACEMENT_3D('',#7224,#3557,#3558);
#3163=AXIS2_PLACEMENT_3D('',#7332,#3560,#3561);
#3164=AXIS2_PLACEMENT_3D('',#7407,#3562,#3563);
#3165=AXIS2_PLACEMENT_3D('',#7560,#3564,#3565);
#3166=AXIS2_PLACEMENT_3D('',#7635,#3566,#3567);
#3167=AXIS2_PLACEMENT_3D('',#7796,#3568,#3569);
#3168=AXIS2_PLACEMENT_3D('',#7929,#3570,#3571);
#3169=AXIS2_PLACEMENT_3D('',#8004,#3572,#3573);
#3170=AXIS2_PLACEMENT_3D('',#8150,#3574,#3575);
#3171=AXIS2_PLACEMENT_3D('',#8202,#3576,#3577);
#3172=AXIS2_PLACEMENT_3D('',#8288,#3579,#3580);
#3173=AXIS2_PLACEMENT_3D('',#8340,#3581,#3582);
#3174=AXIS2_PLACEMENT_3D('',#8434,#3584,#3585);
#3175=AXIS2_PLACEMENT_3D('',#8572,#3586,#3587);
#3176=AXIS2_PLACEMENT_3D('',#8647,#3588,#3589);
#3177=AXIS2_PLACEMENT_3D('',#8793,#3590,#3591);
#3178=AXIS2_PLACEMENT_3D('',#8845,#3592,#3593);
#3179=AXIS2_PLACEMENT_3D('',#8931,#3595,#3596);
#3180=AXIS2_PLACEMENT_3D('',#8983,#3597,#3598);
#3181=AXIS2_PLACEMENT_3D('',#9077,#3600,#3601);
#3182=AXIS2_PLACEMENT_3D('',#9162,#3603,#3604);
#3183=AXIS2_PLACEMENT_3D('',#9237,#3605,#3606);
#3184=AXIS2_PLACEMENT_3D('',#9345,#3608,#3609);
#3185=AXIS2_PLACEMENT_3D('',#9420,#3610,#3611);
#3186=AXIS2_PLACEMENT_3D('',#9573,#3612,#3613);
#3187=AXIS2_PLACEMENT_3D('',#9648,#3614,#3615);
#3188=AXIS2_PLACEMENT_3D('',#9804,#3616,#3617);
#3189=AXIS2_PLACEMENT_3D('',#9805,#3618,#3619);
#3190=AXIS2_PLACEMENT_3D('',#9810,#3621,#3622);
#3191=AXIS2_PLACEMENT_3D('',#9813,#3624,#3625);
#3192=AXIS2_PLACEMENT_3D('',#9814,#3626,#3627);
#3193=AXIS2_PLACEMENT_3D('',#9817,#3628,#3629);
#3194=AXIS2_PLACEMENT_3D('',#9821,#3631,#3632);
#3195=AXIS2_PLACEMENT_3D('',#9825,#3634,#3635);
#3196=AXIS2_PLACEMENT_3D('',#9833,#3639,#3640);
#3197=AXIS2_PLACEMENT_3D('',#9837,#3642,#3643);
#3198=AXIS2_PLACEMENT_3D('',#9841,#3645,#3646);
#3199=AXIS2_PLACEMENT_3D('',#9850,#3651,#3652);
#3200=AXIS2_PLACEMENT_3D('',#9853,#3654,#3655);
#3201=AXIS2_PLACEMENT_3D('',#9854,#3656,#3657);
#3202=AXIS2_PLACEMENT_3D('',#9858,#3660,#3661);
#3203=AXIS2_PLACEMENT_3D('',#9862,#3664,#3665);
#3204=AXIS2_PLACEMENT_3D('',#9863,#3666,#3667);
#3205=AXIS2_PLACEMENT_3D('',#9864,#3668,#3669);
#3206=AXIS2_PLACEMENT_3D('',#9869,#3671,#3672);
#3207=AXIS2_PLACEMENT_3D('',#9872,#3674,#3675);
#3208=AXIS2_PLACEMENT_3D('',#9873,#3676,#3677);
#3209=AXIS2_PLACEMENT_3D('',#9874,#3678,#3679);
#3210=AXIS2_PLACEMENT_3D('',#9878,#3681,#3682);
#3211=AXIS2_PLACEMENT_3D('',#9882,#3684,#3685);
#3212=AXIS2_PLACEMENT_3D('',#9886,#3687,#3688);
#3213=AXIS2_PLACEMENT_3D('',#9888,#3690,#3691);
#3214=AXIS2_PLACEMENT_3D('',#9890,#3693,#3694);
#3215=AXIS2_PLACEMENT_3D('',#9894,#3696,#3697);
#3216=AXIS2_PLACEMENT_3D('',#9898,#3699,#3700);
#3217=AXIS2_PLACEMENT_3D('',#9902,#3702,#3703);
#3218=AXIS2_PLACEMENT_3D('',#9904,#3705,#3706);
#3219=AXIS2_PLACEMENT_3D('',#9909,#3709,#3710);
#3220=AXIS2_PLACEMENT_3D('',#9912,#3712,#3713);
#3221=AXIS2_PLACEMENT_3D('',#9914,#3714,#3715);
#3222=AXIS2_PLACEMENT_3D('',#9919,#3717,#3718);
#3223=AXIS2_PLACEMENT_3D('',#9922,#3720,#3721);
#3224=AXIS2_PLACEMENT_3D('',#9924,#3722,#3723);
#3225=AXIS2_PLACEMENT_3D('',#9925,#3724,#3725);
#3226=AXIS2_PLACEMENT_3D('',#9929,#3728,#3729);
#3227=AXIS2_PLACEMENT_3D('',#9933,#3732,#3733);
#3228=AXIS2_PLACEMENT_3D('',#9934,#3734,#3735);
#3229=AXIS2_PLACEMENT_3D('',#9935,#3736,#3737);
#3230=AXIS2_PLACEMENT_3D('',#9936,#3738,#3739);
#3231=AXIS2_PLACEMENT_3D('',#9938,#3740,#3741);
#3232=AXIS2_PLACEMENT_3D('',#9940,#3743,#3744);
#3233=AXIS2_PLACEMENT_3D('',#9943,#3746,#3747);
#3234=AXIS2_PLACEMENT_3D('',#9944,#3748,#3749);
#3235=AXIS2_PLACEMENT_3D('',#9945,#3750,#3751);
#3236=AXIS2_PLACEMENT_3D('',#9947,#3752,#3753);
#3237=AXIS2_PLACEMENT_3D('',#9949,#3754,#3755);
#3238=AXIS2_PLACEMENT_3D('',#9951,#3756,#3757);
#3239=AXIS2_PLACEMENT_3D('',#9952,#3758,#3759);
#3240=AXIS2_PLACEMENT_3D('',#9953,#3760,#3761);
#3241=AXIS2_PLACEMENT_3D('',#9956,#3763,#3764);
#3242=AXIS2_PLACEMENT_3D('',#9957,#3765,#3766);
#3243=AXIS2_PLACEMENT_3D('',#9959,#3767,#3768);
#3244=AXIS2_PLACEMENT_3D('',#9960,#3769,#3770);
#3245=AXIS2_PLACEMENT_3D('',#9962,#3771,#3772);
#3246=AXIS2_PLACEMENT_3D('',#9964,#3773,#3774);
#3247=AXIS2_PLACEMENT_3D('',#9966,#3775,#3776);
#3248=AXIS2_PLACEMENT_3D('',#9967,#3777,#3778);
#3249=AXIS2_PLACEMENT_3D('',#9968,#3779,#3780);
#3250=AXIS2_PLACEMENT_3D('',#9971,#3782,#3783);
#3251=AXIS2_PLACEMENT_3D('',#9972,#3784,#3785);
#3252=AXIS2_PLACEMENT_3D('',#9974,#3786,#3787);
#3253=AXIS2_PLACEMENT_3D('',#9975,#3788,#3789);
#3254=AXIS2_PLACEMENT_3D('',#9977,#3790,#3791);
#3255=AXIS2_PLACEMENT_3D('',#9979,#3792,#3793);
#3256=AXIS2_PLACEMENT_3D('',#9981,#3794,#3795);
#3257=AXIS2_PLACEMENT_3D('',#9982,#3796,#3797);
#3258=AXIS2_PLACEMENT_3D('',#9983,#3798,#3799);
#3259=AXIS2_PLACEMENT_3D('',#9986,#3801,#3802);
#3260=AXIS2_PLACEMENT_3D('',#9987,#3803,#3804);
#3261=AXIS2_PLACEMENT_3D('',#9989,#3805,#3806);
#3262=AXIS2_PLACEMENT_3D('',#9990,#3807,#3808);
#3263=AXIS2_PLACEMENT_3D('',#9992,#3809,#3810);
#3264=AXIS2_PLACEMENT_3D('',#9994,#3811,#3812);
#3265=AXIS2_PLACEMENT_3D('',#9996,#3813,#3814);
#3266=AXIS2_PLACEMENT_3D('',#9997,#3815,#3816);
#3267=AXIS2_PLACEMENT_3D('',#9998,#3817,#3818);
#3268=AXIS2_PLACEMENT_3D('',#10001,#3820,#3821);
#3269=AXIS2_PLACEMENT_3D('',#10002,#3822,#3823);
#3270=AXIS2_PLACEMENT_3D('',#10004,#3824,#3825);
#3271=AXIS2_PLACEMENT_3D('',#10005,#3826,#3827);
#3272=AXIS2_PLACEMENT_3D('',#10007,#3828,#3829);
#3273=AXIS2_PLACEMENT_3D('',#10010,#3831,#3832);
#3274=AXIS2_PLACEMENT_3D('',#10011,#3833,#3834);
#3275=AXIS2_PLACEMENT_3D('',#10012,#3835,#3836);
#3276=AXIS2_PLACEMENT_3D('',#10013,#3837,#3838);
#3277=AXIS2_PLACEMENT_3D('',#10015,#3839,#3840);
#3278=AXIS2_PLACEMENT_3D('',#10018,#3842,#3843);
#3279=AXIS2_PLACEMENT_3D('',#10019,#3844,#3845);
#3280=AXIS2_PLACEMENT_3D('',#10020,#3846,#3847);
#3281=AXIS2_PLACEMENT_3D('',#10021,#3848,#3849);
#3282=AXIS2_PLACEMENT_3D('',#10023,#3850,#3851);
#3283=AXIS2_PLACEMENT_3D('',#10026,#3853,#3854);
#3284=AXIS2_PLACEMENT_3D('',#10027,#3855,#3856);
#3285=AXIS2_PLACEMENT_3D('',#10028,#3857,#3858);
#3286=AXIS2_PLACEMENT_3D('',#10029,#3859,#3860);
#3287=AXIS2_PLACEMENT_3D('',#10031,#3861,#3862);
#3288=AXIS2_PLACEMENT_3D('',#10034,#3864,#3865);
#3289=AXIS2_PLACEMENT_3D('',#10035,#3866,#3867);
#3290=AXIS2_PLACEMENT_3D('',#10036,#3868,#3869);
#3291=AXIS2_PLACEMENT_3D('',#10037,#3870,#3871);
#3292=AXIS2_PLACEMENT_3D('',#10039,#3872,#3873);
#3293=AXIS2_PLACEMENT_3D('',#10041,#3874,#3875);
#3294=AXIS2_PLACEMENT_3D('',#10042,#3876,#3877);
#3295=AXIS2_PLACEMENT_3D('',#10043,#3878,#3879);
#3296=AXIS2_PLACEMENT_3D('',#10046,#3880,#3881);
#3297=AXIS2_PLACEMENT_3D('',#10048,#3882,#3883);
#3298=AXIS2_PLACEMENT_3D('',#10049,#3884,#3885);
#3299=AXIS2_PLACEMENT_3D('',#10050,#3886,#3887);
#3300=AXIS2_PLACEMENT_3D('',#10053,#3890,#3891);
#3301=AXIS2_PLACEMENT_3D('',#10055,#3892,#3893);
#3302=AXIS2_PLACEMENT_3D('',#10057,#3895,#3896);
#3303=AXIS2_PLACEMENT_3D('',#10059,#3897,#3898);
#3304=AXIS2_PLACEMENT_3D('',#10060,#3899,#3900);
#3305=AXIS2_PLACEMENT_3D('',#10061,#3901,#3902);
#3306=AXIS2_PLACEMENT_3D('',#10063,#3903,#3904);
#3307=AXIS2_PLACEMENT_3D('',#10065,#3906,#3907);
#3308=AXIS2_PLACEMENT_3D('',#10067,#3908,#3909);
#3309=AXIS2_PLACEMENT_3D('',#10068,#3910,#3911);
#3310=AXIS2_PLACEMENT_3D('',#10069,#3912,#3913);
#3311=AXIS2_PLACEMENT_3D('',#10072,#3914,#3915);
#3312=AXIS2_PLACEMENT_3D('',#10073,#3916,#3917);
#3313=AXIS2_PLACEMENT_3D('',#10074,#3918,#3919);
#3314=AXIS2_PLACEMENT_3D('',#10139,#3920,#3921);
#3315=AXIS2_PLACEMENT_3D('',#10168,#3922,#3923);
#3316=AXIS2_PLACEMENT_3D('',#10235,#3926,#3927);
#3317=AXIS2_PLACEMENT_3D('',#10270,#3928,#3929);
#3318=AXIS2_PLACEMENT_3D('',#10273,#3930,#3931);
#3319=AXIS2_PLACEMENT_3D('',#10274,#3932,#3933);
#3320=AXIS2_PLACEMENT_3D('',#10275,#3934,#3935);
#3321=AXIS2_PLACEMENT_3D('',#10276,#3936,#3937);
#3322=AXIS2_PLACEMENT_3D('',#10278,#3938,#3939);
#3323=AXIS2_PLACEMENT_3D('',#10280,#3940,#3941);
#3324=AXIS2_PLACEMENT_3D('',#10281,#3942,#3943);
#3325=AXIS2_PLACEMENT_3D('',#10282,#3944,#3945);
#3326=AXIS2_PLACEMENT_3D('',#10284,#3947,#3948);
#3327=AXIS2_PLACEMENT_3D('',#10287,#3949,#3950);
#3328=AXIS2_PLACEMENT_3D('',#10289,#3951,#3952);
#3329=AXIS2_PLACEMENT_3D('',#10290,#3953,#3954);
#3330=AXIS2_PLACEMENT_3D('',#10291,#3955,#3956);
#3331=AXIS2_PLACEMENT_3D('',#10358,#3959,#3960);
#3332=AXIS2_PLACEMENT_3D('',#10393,#3961,#3962);
#3333=AXIS2_PLACEMENT_3D('',#10395,#3964,#3965);
#3334=AXIS2_PLACEMENT_3D('',#10398,#3966,#3967);
#3335=AXIS2_PLACEMENT_3D('',#10400,#3968,#3969);
#3336=AXIS2_PLACEMENT_3D('',#10401,#3970,#3971);
#3337=AXIS2_PLACEMENT_3D('',#10402,#3972,#3973);
#3338=AXIS2_PLACEMENT_3D('',#10469,#3976,#3977);
#3339=AXIS2_PLACEMENT_3D('',#10498,#3978,#3979);
#3340=AXIS2_PLACEMENT_3D('',#10501,#3982,#3983);
#3341=AXIS2_PLACEMENT_3D('',#10504,#3984,#3985);
#3342=AXIS2_PLACEMENT_3D('',#10505,#3986,#3987);
#3343=AXIS2_PLACEMENT_3D('',#10506,#3988,#3989);
#3344=AXIS2_PLACEMENT_3D('',#10507,#3990,#3991);
#3345=AXIS2_PLACEMENT_3D('',#10509,#3993,#3994);
#3346=AXIS2_PLACEMENT_3D('',#10511,#3995,#3996);
#3347=AXIS2_PLACEMENT_3D('',#10577,#3998,#3999);
#3348=AXIS2_PLACEMENT_3D('',#10606,#4000,#4001);
#3349=AXIS2_PLACEMENT_3D('',#10609,#4004,#4005);
#3350=AXIS2_PLACEMENT_3D('',#10610,#4006,#4007);
#3351=AXIS2_PLACEMENT_3D('',#10611,#4008,#4009);
#3352=AXIS2_PLACEMENT_3D('',#10612,#4010,#4011);
#3353=AXIS2_PLACEMENT_3D('',#10614,#4012,#4013);
#3354=AXIS2_PLACEMENT_3D('',#10615,#4014,#4015);
#3355=AXIS2_PLACEMENT_3D('',#10680,#4016,#4017);
#3356=AXIS2_PLACEMENT_3D('',#10715,#4018,#4019);
#3357=AXIS2_PLACEMENT_3D('',#10718,#4020,#4021);
#3358=AXIS2_PLACEMENT_3D('',#10720,#4022,#4023);
#3359=AXIS2_PLACEMENT_3D('',#10721,#4024,#4025);
#3360=AXIS2_PLACEMENT_3D('',#10722,#4026,#4027);
#3361=AXIS2_PLACEMENT_3D('',#10789,#4030,#4031);
#3362=AXIS2_PLACEMENT_3D('',#10824,#4032,#4033);
#3363=AXIS2_PLACEMENT_3D('',#10826,#4034,#4035);
#3364=AXIS2_PLACEMENT_3D('',#10828,#4037,#4038);
#3365=AXIS2_PLACEMENT_3D('',#10830,#4039,#4040);
#3366=AXIS2_PLACEMENT_3D('',#10831,#4041,#4042);
#3367=AXIS2_PLACEMENT_3D('',#10832,#4043,#4044);
#3368=AXIS2_PLACEMENT_3D('',#10834,#4045,#4046);
#3369=AXIS2_PLACEMENT_3D('',#10836,#4048,#4049);
#3370=AXIS2_PLACEMENT_3D('',#10838,#4050,#4051);
#3371=AXIS2_PLACEMENT_3D('',#10839,#4052,#4053);
#3372=AXIS2_PLACEMENT_3D('',#10840,#4054,#4055);
#3373=AXIS2_PLACEMENT_3D('',#10842,#4056,#4057);
#3374=AXIS2_PLACEMENT_3D('',#10844,#4059,#4060);
#3375=AXIS2_PLACEMENT_3D('',#10846,#4061,#4062);
#3376=AXIS2_PLACEMENT_3D('',#10847,#4063,#4064);
#3377=AXIS2_PLACEMENT_3D('',#10848,#4065,#4066);
#3378=AXIS2_PLACEMENT_3D('',#10914,#4068,#4069);
#3379=AXIS2_PLACEMENT_3D('',#10943,#4070,#4071);
#3380=AXIS2_PLACEMENT_3D('',#10946,#4074,#4075);
#3381=AXIS2_PLACEMENT_3D('',#10947,#4076,#4077);
#3382=AXIS2_PLACEMENT_3D('',#10948,#4078,#4079);
#3383=AXIS2_PLACEMENT_3D('',#10949,#4080,#4081);
#3384=AXIS2_PLACEMENT_3D('',#10951,#4082,#4083);
#3385=AXIS2_PLACEMENT_3D('',#10952,#4084,#4085);
#3386=AXIS2_PLACEMENT_3D('',#10953,#4086,#4087);
#3387=AXIS2_PLACEMENT_3D('',#10955,#4089,#4090);
#3388=AXIS2_PLACEMENT_3D('',#10958,#4093,#4094);
#3389=AXIS2_PLACEMENT_3D('',#10959,#4095,#4096);
#3390=AXIS2_PLACEMENT_3D('',#10960,#4097,#4098);
#3391=AXIS2_PLACEMENT_3D('',#10961,#4099,#4100);
#3392=AXIS2_PLACEMENT_3D('',#10962,#4101,#4102);
#3393=AXIS2_PLACEMENT_3D('',#10963,#4103,#4104);
#3394=AXIS2_PLACEMENT_3D('',#10966,#4107,#4108);
#3395=AXIS2_PLACEMENT_3D('',#10968,#4109,#4110);
#3396=AXIS2_PLACEMENT_3D('',#10970,#4112,#4113);
#3397=AXIS2_PLACEMENT_3D('',#10972,#4114,#4115);
#3398=AXIS2_PLACEMENT_3D('',#10973,#4116,#4117);
#3399=AXIS2_PLACEMENT_3D('',#10974,#4118,#4119);
#3400=AXIS2_PLACEMENT_3D('',#10976,#4120,#4121);
#3401=AXIS2_PLACEMENT_3D('',#10978,#4123,#4124);
#3402=AXIS2_PLACEMENT_3D('',#10980,#4125,#4126);
#3403=AXIS2_PLACEMENT_3D('',#10981,#4127,#4128);
#3404=AXIS2_PLACEMENT_3D('',#10982,#4129,#4130);
#3405=AXIS2_PLACEMENT_3D('',#10984,#4131,#4132);
#3406=AXIS2_PLACEMENT_3D('',#10986,#4134,#4135);
#3407=AXIS2_PLACEMENT_3D('',#10988,#4136,#4137);
#3408=AXIS2_PLACEMENT_3D('',#10989,#4138,#4139);
#3409=AXIS2_PLACEMENT_3D('',#10990,#4140,#4141);
#3410=AXIS2_PLACEMENT_3D('',#10992,#4143,#4144);
#3411=AXIS2_PLACEMENT_3D('',#10995,#4147,#4148);
#3412=AXIS2_PLACEMENT_3D('',#10997,#4149,#4150);
#3413=AXIS2_PLACEMENT_3D('',#10998,#4151,#4152);
#3414=AXIS2_PLACEMENT_3D('',#10999,#4153,#4154);
#3415=AXIS2_PLACEMENT_3D('',#11001,#4155,#4156);
#3416=AXIS2_PLACEMENT_3D('',#11003,#4158,#4159);
#3417=AXIS2_PLACEMENT_3D('',#11005,#4160,#4161);
#3418=AXIS2_PLACEMENT_3D('',#11006,#4162,#4163);
#3419=AXIS2_PLACEMENT_3D('',#11007,#4164,#4165);
#3420=AXIS2_PLACEMENT_3D('',#11009,#4166,#4167);
#3421=AXIS2_PLACEMENT_3D('',#11011,#4169,#4170);
#3422=AXIS2_PLACEMENT_3D('',#11013,#4171,#4172);
#3423=AXIS2_PLACEMENT_3D('',#11014,#4173,#4174);
#3424=AXIS2_PLACEMENT_3D('',#11015,#4175,#4176);
#3425=AXIS2_PLACEMENT_3D('',#11017,#4178,#4179);
#3426=AXIS2_PLACEMENT_3D('',#11018,#4180,#4181);
#3427=AXIS2_PLACEMENT_3D('',#11019,#4182,#4183);
#3428=AXIS2_PLACEMENT_3D('',#11020,#4184,#4185);
#3429=AXIS2_PLACEMENT_3D('',#11021,#4186,#4187);
#3430=AXIS2_PLACEMENT_3D('',#11022,#4188,#4189);
#3431=AXIS2_PLACEMENT_3D('',#11025,#4192,#4193);
#3432=AXIS2_PLACEMENT_3D('',#11027,#4195,#4196);
#3433=AXIS2_PLACEMENT_3D('',#11029,#4198,#4199);
#3434=AXIS2_PLACEMENT_3D('',#11032,#4202,#4203);
#3435=AXIS2_PLACEMENT_3D('',#11034,#4205,#4206);
#3436=AXIS2_PLACEMENT_3D('',#11036,#4208,#4209);
#3437=AXIS2_PLACEMENT_3D('',#11038,#4211,#4212);
#3438=AXIS2_PLACEMENT_3D('',#11040,#4214,#4215);
#3439=AXIS2_PLACEMENT_3D('',#11041,#4216,#4217);
#3440=AXIS2_PLACEMENT_3D('',#11043,#4219,#4220);
#3441=AXIS2_PLACEMENT_3D('',#11045,#4222,#4223);
#3442=AXIS2_PLACEMENT_3D('',#11046,#4224,#4225);
#3443=AXIS2_PLACEMENT_3D('',#11047,#4226,#4227);
#3444=AXIS2_PLACEMENT_3D('',#11049,#4229,#4230);
#3445=AXIS2_PLACEMENT_3D('',#11050,#4231,#4232);
#3446=AXIS2_PLACEMENT_3D('',#11052,#4234,#4235);
#3447=AXIS2_PLACEMENT_3D('',#11053,#4236,#4237);
#3448=AXIS2_PLACEMENT_3D('',#11055,#4239,#4240);
#3449=AXIS2_PLACEMENT_3D('',#11056,#4241,#4242);
#3450=AXIS2_PLACEMENT_3D('',#11057,#4243,#4244);
#3451=AXIS2_PLACEMENT_3D('',#11060,#4245,#4246);
#3452=AXIS2_PLACEMENT_3D('',#11061,#4247,#4248);
#3453=AXIS2_PLACEMENT_3D('',#11062,#4249,#4250);
#3454=AXIS2_PLACEMENT_3D('',#11063,#4251,#4252);
#3455=AXIS2_PLACEMENT_3D('',#11065,#4253,#4254);
#3456=AXIS2_PLACEMENT_3D('',#11067,#4256,#4257);
#3457=AXIS2_PLACEMENT_3D('',#11070,#4258,#4259);
#3458=AXIS2_PLACEMENT_3D('',#11071,#4260,#4261);
#3459=AXIS2_PLACEMENT_3D('',#11072,#4262,#4263);
#3460=AXIS2_PLACEMENT_3D('',#11073,#4264,#4265);
#3461=AXIS2_PLACEMENT_3D('',#11075,#4266,#4267);
#3462=AXIS2_PLACEMENT_3D('',#11077,#4269,#4270);
#3463=AXIS2_PLACEMENT_3D('',#11079,#4271,#4272);
#3464=AXIS2_PLACEMENT_3D('',#11082,#4274,#4275);
#3465=AXIS2_PLACEMENT_3D('',#11083,#4276,#4277);
#3466=AXIS2_PLACEMENT_3D('',#11085,#4278,#4279);
#3467=AXIS2_PLACEMENT_3D('',#11086,#4280,#4281);
#3468=AXIS2_PLACEMENT_3D('',#11087,#4282,#4283);
#3469=AXIS2_PLACEMENT_3D('',#11089,#4284,#4285);
#3470=AXIS2_PLACEMENT_3D('',#11091,#4287,#4288);
#3471=AXIS2_PLACEMENT_3D('',#11092,#4289,#4290);
#3472=AXIS2_PLACEMENT_3D('',#11093,#4291,#4292);
#3473=AXIS2_PLACEMENT_3D('',#11097,#4294,#4295);
#3474=AXIS2_PLACEMENT_3D('',#11099,#4297,#4298);
#3475=AXIS2_PLACEMENT_3D('',#11103,#4301,#4302);
#3476=AXIS2_PLACEMENT_3D('',#11107,#4305,#4306);
#3477=AXIS2_PLACEMENT_3D('',#11108,#4307,#4308);
#3478=AXIS2_PLACEMENT_3D('',#11109,#4309,#4310);
#3479=AXIS2_PLACEMENT_3D('',#11110,#4311,#4312);
#3480=AXIS2_PLACEMENT_3D('',#11111,#4313,#4314);
#3481=AXIS2_PLACEMENT_3D('',#11112,#4315,#4316);
#3482=AXIS2_PLACEMENT_3D('',#11115,#4319,#4320);
#3483=AXIS2_PLACEMENT_3D('',#11117,#4322,#4323);
#3484=AXIS2_PLACEMENT_3D('',#11119,#4325,#4326);
#3485=AXIS2_PLACEMENT_3D('',#11121,#4328,#4329);
#3486=AXIS2_PLACEMENT_3D('',#11122,#4330,#4331);
#3487=AXIS2_PLACEMENT_3D('',#11123,#4332,#4333);
#3488=DIRECTION('axis',(0.,0.,1.));
#3489=DIRECTION('refdir',(1.,0.,0.));
#3490=DIRECTION('',(1.,0.,0.));
#3491=DIRECTION('center_axis',(1.,0.,0.));
#3492=DIRECTION('ref_axis',(0.,0.,1.));
#3493=DIRECTION('center_axis',(-1.,0.,0.));
#3494=DIRECTION('ref_axis',(0.,-1.,0.));
#3495=DIRECTION('',(1.,0.,0.));
#3496=DIRECTION('center_axis',(-1.,0.,0.));
#3497=DIRECTION('ref_axis',(0.,-1.,0.));
#3498=DIRECTION('center_axis',(0.715069348526809,-0.699053522126485,0.));
#3499=DIRECTION('ref_axis',(0.,0.,-1.));
#3500=DIRECTION('center_axis',(0.715069348526809,-0.699053522126485,0.));
#3501=DIRECTION('ref_axis',(0.,0.,-1.));
#3502=DIRECTION('center_axis',(-0.72787799642728,-0.685706659087549,4.3099035240085E-14));
#3503=DIRECTION('ref_axis',(-0.685706659087549,0.72787799642728,0.));
#3504=DIRECTION('center_axis',(-0.72787799642728,-0.685706659087549,4.3099035240085E-14));
#3505=DIRECTION('ref_axis',(-0.685706659087549,0.72787799642728,0.));
#3506=DIRECTION('center_axis',(0.685706659087503,0.727877996427324,0.));
#3507=DIRECTION('ref_axis',(0.,0.,-1.));
#3508=DIRECTION('center_axis',(0.699053522126426,-0.715069348526868,0.));
#3509=DIRECTION('ref_axis',(-0.715069348526868,-0.699053522126426,0.));
#3510=DIRECTION('center_axis',(0.699053522126426,-0.715069348526868,0.));
#3511=DIRECTION('ref_axis',(-0.715069348526868,-0.699053522126426,0.));
#3512=DIRECTION('center_axis',(0.,1.,0.));
#3513=DIRECTION('ref_axis',(0.,0.,1.));
#3514=DIRECTION('',(0.,1.,0.));
#3515=DIRECTION('center_axis',(0.,1.,0.));
#3516=DIRECTION('ref_axis',(0.,0.,1.));
#3517=DIRECTION('center_axis',(0.,-1.,0.));
#3518=DIRECTION('ref_axis',(1.,0.,0.));
#3519=DIRECTION('',(0.,1.,0.));
#3520=DIRECTION('center_axis',(0.,-1.,0.));
#3521=DIRECTION('ref_axis',(1.,0.,0.));
#3522=DIRECTION('center_axis',(0.727877996427324,-0.685706659087503,0.));
#3523=DIRECTION('ref_axis',(0.,0.,-1.));
#3524=DIRECTION('center_axis',(-0.715069348526839,-0.699053522126455,0.));
#3525=DIRECTION('ref_axis',(-0.699053522126455,0.715069348526839,0.));
#3526=DIRECTION('center_axis',(-0.715069348526839,-0.699053522126455,0.));
#3527=DIRECTION('ref_axis',(-0.699053522126455,0.715069348526839,0.));
#3528=DIRECTION('center_axis',(1.,0.,0.));
#3529=DIRECTION('ref_axis',(0.,0.,1.));
#3530=DIRECTION('',(1.,0.,0.));
#3531=DIRECTION('center_axis',(1.,0.,0.));
#3532=DIRECTION('ref_axis',(0.,0.,1.));
#3533=DIRECTION('center_axis',(-1.,0.,0.));
#3534=DIRECTION('ref_axis',(0.,-1.,0.));
#3535=DIRECTION('',(1.,0.,0.));
#3536=DIRECTION('center_axis',(-1.,0.,0.));
#3537=DIRECTION('ref_axis',(0.,-1.,0.));
#3538=DIRECTION('',(0.,1.,0.));
#3539=DIRECTION('center_axis',(0.,1.,0.));
#3540=DIRECTION('ref_axis',(0.,0.,1.));
#3541=DIRECTION('center_axis',(0.,-1.,0.));
#3542=DIRECTION('ref_axis',(1.,0.,0.));
#3543=DIRECTION('',(0.,1.,0.));
#3544=DIRECTION('center_axis',(0.,-1.,0.));
#3545=DIRECTION('ref_axis',(1.,0.,0.));
#3546=DIRECTION('center_axis',(0.69905352212644,0.715069348526854,0.));
#3547=DIRECTION('ref_axis',(0.,0.,-1.));
#3548=DIRECTION('center_axis',(0.69905352212644,0.715069348526854,0.));
#3549=DIRECTION('ref_axis',(0.,0.,-1.));
#3550=DIRECTION('center_axis',(0.685706659087533,-0.727877996427296,6.21515080764575E-14));
#3551=DIRECTION('ref_axis',(-0.727877996427296,-0.685706659087533,0.));
#3552=DIRECTION('center_axis',(0.685706659087533,-0.727877996427296,6.21515080764575E-14));
#3553=DIRECTION('ref_axis',(-0.727877996427296,-0.685706659087533,0.));
#3554=DIRECTION('',(0.,-1.,0.));
#3555=DIRECTION('center_axis',(0.,-1.,0.));
#3556=DIRECTION('ref_axis',(0.,0.,1.));
#3557=DIRECTION('center_axis',(0.,1.,0.));
#3558=DIRECTION('ref_axis',(-1.,0.,0.));
#3559=DIRECTION('',(0.,-1.,0.));
#3560=DIRECTION('center_axis',(0.,1.,0.));
#3561=DIRECTION('ref_axis',(-1.,0.,0.));
#3562=DIRECTION('center_axis',(-0.699053522126455,-0.715069348526839,0.));
#3563=DIRECTION('ref_axis',(0.,0.,-1.));
#3564=DIRECTION('center_axis',(-0.699053522126455,-0.715069348526839,0.));
#3565=DIRECTION('ref_axis',(0.,0.,-1.));
#3566=DIRECTION('center_axis',(-0.685706659087503,0.727877996427324,4.18505128482502E-14));
#3567=DIRECTION('ref_axis',(0.727877996427323,0.685706659087503,0.));
#3568=DIRECTION('center_axis',(-0.685706659087503,0.727877996427324,4.18505128482502E-14));
#3569=DIRECTION('ref_axis',(0.727877996427323,0.685706659087503,0.));
#3570=DIRECTION('center_axis',(-0.72787799642731,0.685706659087518,0.));
#3571=DIRECTION('ref_axis',(0.,0.,-1.));
#3572=DIRECTION('center_axis',(0.715069348526824,0.69905352212647,0.));
#3573=DIRECTION('ref_axis',(0.69905352212647,-0.715069348526824,0.));
#3574=DIRECTION('center_axis',(0.715069348526824,0.69905352212647,0.));
#3575=DIRECTION('ref_axis',(0.69905352212647,-0.715069348526824,0.));
#3576=DIRECTION('center_axis',(-1.,0.,0.));
#3577=DIRECTION('ref_axis',(0.,0.,1.));
#3578=DIRECTION('',(-1.,0.,0.));
#3579=DIRECTION('center_axis',(-1.,0.,0.));
#3580=DIRECTION('ref_axis',(0.,0.,1.));
#3581=DIRECTION('center_axis',(1.,0.,0.));
#3582=DIRECTION('ref_axis',(0.,1.,0.));
#3583=DIRECTION('',(-1.,0.,0.));
#3584=DIRECTION('center_axis',(1.,0.,0.));
#3585=DIRECTION('ref_axis',(0.,1.,0.));
#3586=DIRECTION('center_axis',(-0.685706659087526,-0.727877996427302,0.));
#3587=DIRECTION('ref_axis',(0.,0.,-1.));
#3588=DIRECTION('center_axis',(-0.69905352212647,0.715069348526824,0.));
#3589=DIRECTION('ref_axis',(0.715069348526824,0.69905352212647,0.));
#3590=DIRECTION('center_axis',(-0.69905352212647,0.715069348526824,0.));
#3591=DIRECTION('ref_axis',(0.715069348526824,0.69905352212647,0.));
#3592=DIRECTION('center_axis',(0.,-1.,0.));
#3593=DIRECTION('ref_axis',(0.,0.,1.));
#3594=DIRECTION('',(0.,-1.,0.));
#3595=DIRECTION('center_axis',(0.,-1.,0.));
#3596=DIRECTION('ref_axis',(0.,0.,1.));
#3597=DIRECTION('center_axis',(0.,1.,0.));
#3598=DIRECTION('ref_axis',(-1.,0.,0.));
#3599=DIRECTION('',(0.,-1.,0.));
#3600=DIRECTION('center_axis',(0.,1.,0.));
#3601=DIRECTION('ref_axis',(-1.,0.,0.));
#3602=DIRECTION('',(-1.,0.,0.));
#3603=DIRECTION('center_axis',(-1.,0.,0.));
#3604=DIRECTION('ref_axis',(0.,0.,1.));
#3605=DIRECTION('center_axis',(1.,0.,0.));
#3606=DIRECTION('ref_axis',(0.,1.,0.));
#3607=DIRECTION('',(-1.,0.,0.));
#3608=DIRECTION('center_axis',(1.,0.,0.));
#3609=DIRECTION('ref_axis',(0.,1.,0.));
#3610=DIRECTION('center_axis',(-0.715069348526824,0.69905352212647,0.));
#3611=DIRECTION('ref_axis',(0.,0.,-1.));
#3612=DIRECTION('center_axis',(-0.715069348526824,0.69905352212647,0.));
#3613=DIRECTION('ref_axis',(0.,0.,-1.));
#3614=DIRECTION('center_axis',(0.727877996427317,0.685706659087511,0.));
#3615=DIRECTION('ref_axis',(0.68570665908751,-0.727877996427316,0.));
#3616=DIRECTION('center_axis',(0.727877996427317,0.685706659087511,0.));
#3617=DIRECTION('ref_axis',(0.68570665908751,-0.727877996427316,0.));
#3618=DIRECTION('center_axis',(0.,0.,-1.));
#3619=DIRECTION('ref_axis',(1.,0.,0.));
#3620=DIRECTION('',(0.,0.,-1.));
#3621=DIRECTION('center_axis',(0.,0.,1.));
#3622=DIRECTION('ref_axis',(1.,0.,0.));
#3623=DIRECTION('',(0.,0.,-1.));
#3624=DIRECTION('center_axis',(0.,0.,-1.));
#3625=DIRECTION('ref_axis',(1.,0.,0.));
#3626=DIRECTION('center_axis',(0.,0.,1.));
#3627=DIRECTION('ref_axis',(1.,0.,0.));
#3628=DIRECTION('center_axis',(0.,0.,-1.));
#3629=DIRECTION('ref_axis',(0.707106781186548,0.707106781186548,0.));
#3630=DIRECTION('',(1.,0.,0.));
#3631=DIRECTION('center_axis',(0.,0.,1.));
#3632=DIRECTION('ref_axis',(-1.,-7.89491928622332E-15,0.));
#3633=DIRECTION('',(-1.,0.,0.));
#3634=DIRECTION('center_axis',(0.,0.,-1.));
#3635=DIRECTION('ref_axis',(0.707106781186548,-0.707106781186548,0.));
#3636=DIRECTION('',(0.,-1.,0.));
#3637=DIRECTION('',(-1.,0.,0.));
#3638=DIRECTION('',(0.,1.,0.));
#3639=DIRECTION('center_axis',(0.,0.,-1.));
#3640=DIRECTION('ref_axis',(-0.707106781186548,-0.707106781186548,0.));
#3641=DIRECTION('',(-1.,0.,0.));
#3642=DIRECTION('center_axis',(0.,0.,1.));
#3643=DIRECTION('ref_axis',(1.,-9.86864910777907E-15,0.));
#3644=DIRECTION('',(1.,0.,0.));
#3645=DIRECTION('center_axis',(0.,0.,-1.));
#3646=DIRECTION('ref_axis',(-0.707106781186548,0.707106781186548,0.));
#3647=DIRECTION('',(0.,1.,0.));
#3648=DIRECTION('',(1.,0.,0.));
#3649=DIRECTION('',(0.,-1.,0.));
#3650=DIRECTION('',(-1.,0.,0.));
#3651=DIRECTION('center_axis',(0.,0.,1.));
#3652=DIRECTION('ref_axis',(1.,0.,0.));
#3653=DIRECTION('',(1.,0.,0.));
#3654=DIRECTION('center_axis',(0.,0.,1.));
#3655=DIRECTION('ref_axis',(1.,0.,0.));
#3656=DIRECTION('center_axis',(0.,-1.,0.));
#3657=DIRECTION('ref_axis',(-1.,0.,0.));
#3658=DIRECTION('',(-1.,0.,0.));
#3659=DIRECTION('',(0.,0.,1.));
#3660=DIRECTION('center_axis',(0.,1.,0.));
#3661=DIRECTION('ref_axis',(1.,0.,0.));
#3662=DIRECTION('',(1.,0.,0.));
#3663=DIRECTION('',(0.,0.,1.));
#3664=DIRECTION('center_axis',(0.,0.,-1.));
#3665=DIRECTION('ref_axis',(-1.,-1.22464679914735E-16,0.));
#3666=DIRECTION('center_axis',(0.,0.,-1.));
#3667=DIRECTION('ref_axis',(1.,0.,0.));
#3668=DIRECTION('center_axis',(0.,0.,-1.));
#3669=DIRECTION('ref_axis',(1.,0.,0.));
#3670=DIRECTION('',(0.,0.,-1.));
#3671=DIRECTION('center_axis',(0.,0.,-1.));
#3672=DIRECTION('ref_axis',(1.,0.,0.));
#3673=DIRECTION('',(0.,0.,-1.));
#3674=DIRECTION('center_axis',(0.,0.,-1.));
#3675=DIRECTION('ref_axis',(1.,0.,0.));
#3676=DIRECTION('center_axis',(0.,0.,1.));
#3677=DIRECTION('ref_axis',(1.,0.,0.));
#3678=DIRECTION('center_axis',(0.,0.,1.));
#3679=DIRECTION('ref_axis',(-0.707106781186547,0.707106781186547,0.));
#3680=DIRECTION('',(0.,-1.,0.));
#3681=DIRECTION('center_axis',(0.,0.,1.));
#3682=DIRECTION('ref_axis',(-0.707106781186548,0.707106781186548,0.));
#3683=DIRECTION('',(-1.,0.,0.));
#3684=DIRECTION('center_axis',(0.,0.,-1.));
#3685=DIRECTION('ref_axis',(1.,-9.86864910777907E-15,0.));
#3686=DIRECTION('',(1.,0.,0.));
#3687=DIRECTION('center_axis',(0.,0.,1.));
#3688=DIRECTION('ref_axis',(-0.707106781186548,-0.707106781186548,0.));
#3689=DIRECTION('',(0.,-1.,0.));
#3690=DIRECTION('center_axis',(0.,0.,1.));
#3691=DIRECTION('ref_axis',(-0.707106781186547,-0.707106781186548,0.));
#3692=DIRECTION('',(1.,0.,0.));
#3693=DIRECTION('center_axis',(0.,0.,1.));
#3694=DIRECTION('ref_axis',(0.707106781186547,-0.707106781186548,0.));
#3695=DIRECTION('',(0.,1.,0.));
#3696=DIRECTION('center_axis',(0.,0.,1.));
#3697=DIRECTION('ref_axis',(0.707106781186548,-0.707106781186548,0.));
#3698=DIRECTION('',(1.,0.,0.));
#3699=DIRECTION('center_axis',(0.,0.,-1.));
#3700=DIRECTION('ref_axis',(-1.,-7.89491928622332E-15,0.));
#3701=DIRECTION('',(-1.,0.,0.));
#3702=DIRECTION('center_axis',(0.,0.,1.));
#3703=DIRECTION('ref_axis',(0.707106781186548,0.707106781186548,0.));
#3704=DIRECTION('',(0.,1.,0.));
#3705=DIRECTION('center_axis',(0.,0.,1.));
#3706=DIRECTION('ref_axis',(0.707106781186547,0.707106781186547,0.));
#3707=DIRECTION('',(-1.,0.,0.));
#3708=DIRECTION('',(-1.,0.,0.));
#3709=DIRECTION('center_axis',(0.,0.,-1.));
#3710=DIRECTION('ref_axis',(1.,0.,0.));
#3711=DIRECTION('',(1.,0.,0.));
#3712=DIRECTION('center_axis',(0.,0.,-1.));
#3713=DIRECTION('ref_axis',(1.,0.,0.));
#3714=DIRECTION('center_axis',(0.,0.,1.));
#3715=DIRECTION('ref_axis',(1.,0.,0.));
#3716=DIRECTION('',(-1.,0.,0.));
#3717=DIRECTION('center_axis',(0.,0.,1.));
#3718=DIRECTION('ref_axis',(1.,0.,0.));
#3719=DIRECTION('',(1.,0.,0.));
#3720=DIRECTION('center_axis',(0.,0.,1.));
#3721=DIRECTION('ref_axis',(-1.,0.,0.));
#3722=DIRECTION('center_axis',(0.,0.,1.));
#3723=DIRECTION('ref_axis',(1.,0.,0.));
#3724=DIRECTION('center_axis',(0.,-1.,0.));
#3725=DIRECTION('ref_axis',(-1.,0.,0.));
#3726=DIRECTION('',(-1.,0.,0.));
#3727=DIRECTION('',(0.,0.,1.));
#3728=DIRECTION('center_axis',(0.,1.,0.));
#3729=DIRECTION('ref_axis',(1.,0.,0.));
#3730=DIRECTION('',(0.,0.,1.));
#3731=DIRECTION('',(1.,0.,0.));
#3732=DIRECTION('center_axis',(0.,0.,-1.));
#3733=DIRECTION('ref_axis',(-1.,-1.22464679914735E-16,0.));
#3734=DIRECTION('center_axis',(0.,0.,-1.));
#3735=DIRECTION('ref_axis',(1.,0.,0.));
#3736=DIRECTION('center_axis',(0.,0.,1.));
#3737=DIRECTION('ref_axis',(1.,0.,0.));
#3738=DIRECTION('center_axis',(0.,0.,-1.));
#3739=DIRECTION('ref_axis',(1.,0.,0.));
#3740=DIRECTION('center_axis',(0.,0.,-1.));
#3741=DIRECTION('ref_axis',(1.,0.,0.));
#3742=DIRECTION('',(0.,0.,-1.));
#3743=DIRECTION('center_axis',(0.,0.,-1.));
#3744=DIRECTION('ref_axis',(1.,0.,0.));
#3745=DIRECTION('',(0.,0.,-1.));
#3746=DIRECTION('center_axis',(0.,0.,-1.));
#3747=DIRECTION('ref_axis',(1.,0.,0.));
#3748=DIRECTION('center_axis',(0.,0.,1.));
#3749=DIRECTION('ref_axis',(1.,0.,0.));
#3750=DIRECTION('center_axis',(0.,0.,-1.));
#3751=DIRECTION('ref_axis',(-1.,0.,0.));
#3752=DIRECTION('center_axis',(0.,0.,1.));
#3753=DIRECTION('ref_axis',(1.,0.,0.));
#3754=DIRECTION('center_axis',(0.,-1.,0.));
#3755=DIRECTION('ref_axis',(1.,0.,0.));
#3756=DIRECTION('center_axis',(0.,0.,-1.));
#3757=DIRECTION('ref_axis',(1.,0.,0.));
#3758=DIRECTION('center_axis',(0.,0.,-1.));
#3759=DIRECTION('ref_axis',(1.,0.,0.));
#3760=DIRECTION('center_axis',(0.,0.,-1.));
#3761=DIRECTION('ref_axis',(1.,0.,0.));
#3762=DIRECTION('',(0.,0.,-1.));
#3763=DIRECTION('center_axis',(0.,0.,-1.));
#3764=DIRECTION('ref_axis',(1.,0.,0.));
#3765=DIRECTION('center_axis',(0.,0.,1.));
#3766=DIRECTION('ref_axis',(1.,0.,0.));
#3767=DIRECTION('center_axis',(0.,0.,1.));
#3768=DIRECTION('ref_axis',(1.,0.,0.));
#3769=DIRECTION('center_axis',(0.,0.,-1.));
#3770=DIRECTION('ref_axis',(-1.,0.,0.));
#3771=DIRECTION('center_axis',(0.,0.,1.));
#3772=DIRECTION('ref_axis',(1.,0.,0.));
#3773=DIRECTION('center_axis',(0.,-1.,0.));
#3774=DIRECTION('ref_axis',(1.,0.,0.));
#3775=DIRECTION('center_axis',(0.,0.,-1.));
#3776=DIRECTION('ref_axis',(1.,0.,0.));
#3777=DIRECTION('center_axis',(0.,0.,-1.));
#3778=DIRECTION('ref_axis',(1.,0.,0.));
#3779=DIRECTION('center_axis',(0.,0.,-1.));
#3780=DIRECTION('ref_axis',(1.,0.,0.));
#3781=DIRECTION('',(0.,0.,-1.));
#3782=DIRECTION('center_axis',(0.,0.,-1.));
#3783=DIRECTION('ref_axis',(1.,0.,0.));
#3784=DIRECTION('center_axis',(0.,0.,1.));
#3785=DIRECTION('ref_axis',(1.,0.,0.));
#3786=DIRECTION('center_axis',(0.,0.,1.));
#3787=DIRECTION('ref_axis',(1.,0.,0.));
#3788=DIRECTION('center_axis',(0.,0.,-1.));
#3789=DIRECTION('ref_axis',(-1.,0.,0.));
#3790=DIRECTION('center_axis',(0.,0.,1.));
#3791=DIRECTION('ref_axis',(1.,0.,0.));
#3792=DIRECTION('center_axis',(0.,-1.,0.));
#3793=DIRECTION('ref_axis',(1.,0.,0.));
#3794=DIRECTION('center_axis',(0.,0.,-1.));
#3795=DIRECTION('ref_axis',(1.,0.,0.));
#3796=DIRECTION('center_axis',(0.,0.,-1.));
#3797=DIRECTION('ref_axis',(1.,0.,0.));
#3798=DIRECTION('center_axis',(0.,0.,-1.));
#3799=DIRECTION('ref_axis',(1.,0.,0.));
#3800=DIRECTION('',(0.,0.,-1.));
#3801=DIRECTION('center_axis',(0.,0.,-1.));
#3802=DIRECTION('ref_axis',(1.,0.,0.));
#3803=DIRECTION('center_axis',(0.,0.,1.));
#3804=DIRECTION('ref_axis',(1.,0.,0.));
#3805=DIRECTION('center_axis',(0.,0.,1.));
#3806=DIRECTION('ref_axis',(1.,0.,0.));
#3807=DIRECTION('center_axis',(0.,0.,-1.));
#3808=DIRECTION('ref_axis',(-1.,0.,0.));
#3809=DIRECTION('center_axis',(0.,0.,1.));
#3810=DIRECTION('ref_axis',(1.,0.,0.));
#3811=DIRECTION('center_axis',(0.,-1.,0.));
#3812=DIRECTION('ref_axis',(1.,0.,0.));
#3813=DIRECTION('center_axis',(0.,0.,-1.));
#3814=DIRECTION('ref_axis',(1.,0.,0.));
#3815=DIRECTION('center_axis',(0.,0.,-1.));
#3816=DIRECTION('ref_axis',(1.,0.,0.));
#3817=DIRECTION('center_axis',(0.,0.,-1.));
#3818=DIRECTION('ref_axis',(1.,0.,0.));
#3819=DIRECTION('',(0.,0.,-1.));
#3820=DIRECTION('center_axis',(0.,0.,-1.));
#3821=DIRECTION('ref_axis',(1.,0.,0.));
#3822=DIRECTION('center_axis',(0.,0.,1.));
#3823=DIRECTION('ref_axis',(1.,0.,0.));
#3824=DIRECTION('center_axis',(0.,0.,1.));
#3825=DIRECTION('ref_axis',(1.,0.,0.));
#3826=DIRECTION('center_axis',(0.,0.,-1.));
#3827=DIRECTION('ref_axis',(1.,0.,0.));
#3828=DIRECTION('center_axis',(0.,0.,-1.));
#3829=DIRECTION('ref_axis',(1.,0.,0.));
#3830=DIRECTION('',(0.,0.,-1.));
#3831=DIRECTION('center_axis',(0.,0.,-1.));
#3832=DIRECTION('ref_axis',(1.,0.,0.));
#3833=DIRECTION('center_axis',(0.,0.,1.));
#3834=DIRECTION('ref_axis',(1.,0.,0.));
#3835=DIRECTION('center_axis',(0.,0.,1.));
#3836=DIRECTION('ref_axis',(1.,0.,0.));
#3837=DIRECTION('center_axis',(0.,0.,-1.));
#3838=DIRECTION('ref_axis',(1.,0.,0.));
#3839=DIRECTION('center_axis',(0.,0.,-1.));
#3840=DIRECTION('ref_axis',(1.,0.,0.));
#3841=DIRECTION('',(0.,0.,-1.));
#3842=DIRECTION('center_axis',(0.,0.,-1.));
#3843=DIRECTION('ref_axis',(1.,0.,0.));
#3844=DIRECTION('center_axis',(0.,0.,1.));
#3845=DIRECTION('ref_axis',(1.,0.,0.));
#3846=DIRECTION('center_axis',(0.,0.,1.));
#3847=DIRECTION('ref_axis',(1.,0.,0.));
#3848=DIRECTION('center_axis',(0.,0.,-1.));
#3849=DIRECTION('ref_axis',(1.,0.,0.));
#3850=DIRECTION('center_axis',(0.,0.,-1.));
#3851=DIRECTION('ref_axis',(1.,0.,0.));
#3852=DIRECTION('',(0.,0.,-1.));
#3853=DIRECTION('center_axis',(0.,0.,-1.));
#3854=DIRECTION('ref_axis',(1.,0.,0.));
#3855=DIRECTION('center_axis',(0.,0.,1.));
#3856=DIRECTION('ref_axis',(1.,0.,0.));
#3857=DIRECTION('center_axis',(0.,0.,1.));
#3858=DIRECTION('ref_axis',(1.,0.,0.));
#3859=DIRECTION('center_axis',(0.,0.,-1.));
#3860=DIRECTION('ref_axis',(1.,0.,0.));
#3861=DIRECTION('center_axis',(0.,0.,-1.));
#3862=DIRECTION('ref_axis',(1.,0.,0.));
#3863=DIRECTION('',(0.,0.,-1.));
#3864=DIRECTION('center_axis',(0.,0.,-1.));
#3865=DIRECTION('ref_axis',(1.,0.,0.));
#3866=DIRECTION('center_axis',(0.,0.,1.));
#3867=DIRECTION('ref_axis',(1.,0.,0.));
#3868=DIRECTION('center_axis',(0.,0.,1.));
#3869=DIRECTION('ref_axis',(1.,0.,0.));
#3870=DIRECTION('center_axis',(0.408248290463891,-0.408248290463831,-0.816496580927728));
#3871=DIRECTION('ref_axis',(-0.57735026918967,0.577350269189587,-0.57735026918962));
#3872=DIRECTION('center_axis',(-1.,-2.96059473233373E-14,0.));
#3873=DIRECTION('ref_axis',(0.,0.,-1.));
#3874=DIRECTION('center_axis',(0.,1.,-2.96059473233375E-14));
#3875=DIRECTION('ref_axis',(-1.,0.,0.));
#3876=DIRECTION('center_axis',(0.,0.,-1.));
#3877=DIRECTION('ref_axis',(0.,1.,0.));
#3878=DIRECTION('center_axis',(-0.408248290463879,0.408248290463856,-0.816496580927722));
#3879=DIRECTION('ref_axis',(-0.577350269189641,0.577350269189606,0.577350269189631));
#3880=DIRECTION('center_axis',(-1.,0.,0.));
#3881=DIRECTION('ref_axis',(0.,1.,0.));
#3882=DIRECTION('center_axis',(0.,0.,1.));
#3883=DIRECTION('ref_axis',(-1.,0.,0.));
#3884=DIRECTION('center_axis',(1.48029736616686E-14,1.,0.));
#3885=DIRECTION('ref_axis',(0.,0.,1.));
#3886=DIRECTION('center_axis',(0.,0.,1.));
#3887=DIRECTION('ref_axis',(-0.707106781186547,0.707106781186547,0.));
#3888=DIRECTION('',(0.,0.,-1.));
#3889=DIRECTION('',(0.,0.,1.));
#3890=DIRECTION('center_axis',(0.,-1.,0.));
#3891=DIRECTION('ref_axis',(-0.707106781186561,0.,-0.707106781186534));
#3892=DIRECTION('center_axis',(0.,1.,0.));
#3893=DIRECTION('ref_axis',(0.,0.,-1.));
#3894=DIRECTION('',(0.,1.,0.));
#3895=DIRECTION('center_axis',(0.,0.,-1.));
#3896=DIRECTION('ref_axis',(-1.,0.,0.));
#3897=DIRECTION('center_axis',(1.,0.,0.));
#3898=DIRECTION('ref_axis',(0.,0.,-1.));
#3899=DIRECTION('center_axis',(0.,0.,1.));
#3900=DIRECTION('ref_axis',(0.707106781186547,-0.707106781186547,0.));
#3901=DIRECTION('center_axis',(-1.,0.,0.));
#3902=DIRECTION('ref_axis',(0.,0.70710678118654,-0.707106781186555));
#3903=DIRECTION('center_axis',(1.,0.,0.));
#3904=DIRECTION('ref_axis',(0.,0.,-1.));
#3905=DIRECTION('',(1.,0.,0.));
#3906=DIRECTION('center_axis',(0.,0.,1.));
#3907=DIRECTION('ref_axis',(-1.,0.,0.));
#3908=DIRECTION('center_axis',(-1.,0.,0.));
#3909=DIRECTION('ref_axis',(0.,0.,-1.));
#3910=DIRECTION('center_axis',(0.,0.,-1.));
#3911=DIRECTION('ref_axis',(-1.,-7.89491928622332E-15,0.));
#3912=DIRECTION('center_axis',(-0.40824829046386,-0.408248290463848,-0.816496580927735));
#3913=DIRECTION('ref_axis',(0.577350269189629,0.577350269189629,-0.57735026918962));
#3914=DIRECTION('center_axis',(0.,0.,-1.));
#3915=DIRECTION('ref_axis',(1.,0.,0.));
#3916=DIRECTION('center_axis',(-1.48029736616682E-14,1.,0.));
#3917=DIRECTION('ref_axis',(0.,0.,-1.));
#3918=DIRECTION('center_axis',(1.,0.,0.));
#3919=DIRECTION('ref_axis',(0.,1.,0.));
#3920=DIRECTION('center_axis',(-1.,0.,0.));
#3921=DIRECTION('ref_axis',(0.,0.,1.));
#3922=DIRECTION('center_axis',(-1.,0.,0.));
#3923=DIRECTION('ref_axis',(0.,0.70710678118655,0.707106781186545));
#3924=DIRECTION('',(1.,0.,0.));
#3925=DIRECTION('',(-1.,0.,0.));
#3926=DIRECTION('center_axis',(-0.685706659087526,-0.727877996427302,0.));
#3927=DIRECTION('ref_axis',(0.,0.,-1.));
#3928=DIRECTION('center_axis',(0.408248290463859,0.408248290463859,-0.81649658092773));
#3929=DIRECTION('ref_axis',(-0.577350269189644,-0.57735026918962,-0.577350269189614));
#3930=DIRECTION('center_axis',(0.,0.,-1.));
#3931=DIRECTION('ref_axis',(-1.,0.,0.));
#3932=DIRECTION('center_axis',(0.,-1.,0.));
#3933=DIRECTION('ref_axis',(0.,0.,-1.));
#3934=DIRECTION('center_axis',(-1.,0.,0.));
#3935=DIRECTION('ref_axis',(0.,-1.,0.));
#3936=DIRECTION('center_axis',(0.,0.,-1.));
#3937=DIRECTION('ref_axis',(-1.,0.,0.));
#3938=DIRECTION('center_axis',(1.,0.,0.));
#3939=DIRECTION('ref_axis',(0.,-1.,0.));
#3940=DIRECTION('center_axis',(0.,1.,0.));
#3941=DIRECTION('ref_axis',(0.,0.,-1.));
#3942=DIRECTION('center_axis',(0.,0.,1.));
#3943=DIRECTION('ref_axis',(0.707106781186547,0.707106781186547,0.));
#3944=DIRECTION('center_axis',(0.,-1.,0.));
#3945=DIRECTION('ref_axis',(-0.707106781186561,0.,-0.707106781186534));
#3946=DIRECTION('',(0.,1.,0.));
#3947=DIRECTION('center_axis',(0.408248290463864,0.408248290463828,-0.816496580927743));
#3948=DIRECTION('ref_axis',(0.577350269189671,0.5773502691896,0.577350269189606));
#3949=DIRECTION('center_axis',(0.,1.,0.));
#3950=DIRECTION('ref_axis',(1.,0.,0.));
#3951=DIRECTION('center_axis',(0.,0.,1.));
#3952=DIRECTION('ref_axis',(0.,1.,0.));
#3953=DIRECTION('center_axis',(1.,5.92118946466754E-14,0.));
#3954=DIRECTION('ref_axis',(0.,0.,1.));
#3955=DIRECTION('center_axis',(0.,0.,1.));
#3956=DIRECTION('ref_axis',(0.707106781186558,0.707106781186537,0.));
#3957=DIRECTION('',(0.,0.,-1.));
#3958=DIRECTION('',(0.,0.,1.));
#3959=DIRECTION('center_axis',(-0.72787799642731,0.685706659087518,0.));
#3960=DIRECTION('ref_axis',(0.,0.,-1.));
#3961=DIRECTION('center_axis',(-1.,0.,0.));
#3962=DIRECTION('ref_axis',(0.,0.70710678118655,0.707106781186545));
#3963=DIRECTION('',(-1.,0.,0.));
#3964=DIRECTION('center_axis',(-0.408248290463855,-0.408248290463855,-0.816496580927734));
#3965=DIRECTION('ref_axis',(-0.577350269189644,-0.57735026918962,0.577350269189613));
#3966=DIRECTION('center_axis',(0.,-1.,0.));
#3967=DIRECTION('ref_axis',(-1.,0.,0.));
#3968=DIRECTION('center_axis',(0.,0.,1.));
#3969=DIRECTION('ref_axis',(0.,-1.,0.));
#3970=DIRECTION('center_axis',(-1.,-2.96059473233373E-14,0.));
#3971=DIRECTION('ref_axis',(0.,0.,1.));
#3972=DIRECTION('center_axis',(0.,0.,1.));
#3973=DIRECTION('ref_axis',(-0.707106781186568,-0.707106781186527,0.));
#3974=DIRECTION('',(0.,0.,-1.));
#3975=DIRECTION('',(0.,0.,1.));
#3976=DIRECTION('center_axis',(0.,-1.,0.));
#3977=DIRECTION('ref_axis',(0.,0.,1.));
#3978=DIRECTION('center_axis',(0.,-1.,0.));
#3979=DIRECTION('ref_axis',(-0.70710678118654,0.,0.707106781186555));
#3980=DIRECTION('',(0.,1.,0.));
#3981=DIRECTION('',(0.,-1.,0.));
#3982=DIRECTION('center_axis',(-0.408248290463865,0.408248290463818,-0.816496580927748));
#3983=DIRECTION('ref_axis',(0.577350269189677,-0.577350269189582,-0.577350269189618));
#3984=DIRECTION('center_axis',(0.,0.,-1.));
#3985=DIRECTION('ref_axis',(0.,-1.,0.));
#3986=DIRECTION('center_axis',(1.,5.92118946466745E-14,0.));
#3987=DIRECTION('ref_axis',(0.,0.,-1.));
#3988=DIRECTION('center_axis',(0.,-1.,2.96059473233375E-14));
#3989=DIRECTION('ref_axis',(1.,0.,0.));
#3990=DIRECTION('center_axis',(1.,0.,0.));
#3991=DIRECTION('ref_axis',(0.,-0.70710678118654,-0.707106781186555));
#3992=DIRECTION('',(-1.,0.,0.));
#3993=DIRECTION('center_axis',(0.,1.,0.));
#3994=DIRECTION('ref_axis',(0.707106781186561,0.,-0.707106781186534));
#3995=DIRECTION('center_axis',(0.,-1.,0.));
#3996=DIRECTION('ref_axis',(0.,0.,-1.));
#3997=DIRECTION('',(0.,-1.,0.));
#3998=DIRECTION('center_axis',(0.,1.,0.));
#3999=DIRECTION('ref_axis',(0.,0.,1.));
#4000=DIRECTION('center_axis',(0.,1.,0.));
#4001=DIRECTION('ref_axis',(0.707106781186519,0.,0.707106781186576));
#4002=DIRECTION('',(0.,-1.,0.));
#4003=DIRECTION('',(0.,1.,0.));
#4004=DIRECTION('center_axis',(0.,0.,-1.));
#4005=DIRECTION('ref_axis',(-1.,0.,0.));
#4006=DIRECTION('center_axis',(0.,0.,1.));
#4007=DIRECTION('ref_axis',(0.707106781186547,0.707106781186548,0.));
#4008=DIRECTION('center_axis',(0.,0.,-1.));
#4009=DIRECTION('ref_axis',(0.707106781186547,0.707106781186548,0.));
#4010=DIRECTION('center_axis',(0.,0.,-1.));
#4011=DIRECTION('ref_axis',(-1.,0.,0.));
#4012=DIRECTION('center_axis',(0.,0.,-1.));
#4013=DIRECTION('ref_axis',(-0.707106781186547,-0.707106781186548,0.));
#4014=DIRECTION('center_axis',(0.,0.,-1.));
#4015=DIRECTION('ref_axis',(-0.707106781186547,-0.707106781186548,0.));
#4016=DIRECTION('center_axis',(0.727877996427324,-0.685706659087503,0.));
#4017=DIRECTION('ref_axis',(0.,0.,-1.));
#4018=DIRECTION('center_axis',(-0.816496580927737,-0.408248290463869,0.408248290463835));
#4019=DIRECTION('ref_axis',(0.5773502691896,-0.577350269189647,0.57735026918963));
#4020=DIRECTION('center_axis',(1.,0.,0.));
#4021=DIRECTION('ref_axis',(0.,-1.,0.));
#4022=DIRECTION('center_axis',(0.,0.,1.));
#4023=DIRECTION('ref_axis',(1.,0.,0.));
#4024=DIRECTION('center_axis',(2.96059473233381E-14,-1.,0.));
#4025=DIRECTION('ref_axis',(0.,0.,1.));
#4026=DIRECTION('center_axis',(0.,0.,1.));
#4027=DIRECTION('ref_axis',(0.707106781186506,-0.707106781186589,0.));
#4028=DIRECTION('',(0.,0.,-1.));
#4029=DIRECTION('',(0.,0.,1.));
#4030=DIRECTION('center_axis',(0.685706659087503,0.727877996427324,0.));
#4031=DIRECTION('ref_axis',(0.,0.,-1.));
#4032=DIRECTION('center_axis',(0.,1.,0.));
#4033=DIRECTION('ref_axis',(0.707106781186519,0.,0.707106781186576));
#4034=DIRECTION('center_axis',(0.,-1.,0.));
#4035=DIRECTION('ref_axis',(1.,0.,0.));
#4036=DIRECTION('',(0.,1.,0.));
#4037=DIRECTION('center_axis',(0.,0.,1.));
#4038=DIRECTION('ref_axis',(1.,0.,0.));
#4039=DIRECTION('center_axis',(-1.,0.,0.));
#4040=DIRECTION('ref_axis',(0.,-1.,0.));
#4041=DIRECTION('center_axis',(0.,0.,-1.));
#4042=DIRECTION('ref_axis',(-0.707106781186547,0.707106781186547,0.));
#4043=DIRECTION('center_axis',(1.,0.,0.));
#4044=DIRECTION('ref_axis',(0.,-0.70710678118654,0.707106781186555));
#4045=DIRECTION('center_axis',(-1.,0.,0.));
#4046=DIRECTION('ref_axis',(0.,-1.,0.));
#4047=DIRECTION('',(1.,0.,0.));
#4048=DIRECTION('center_axis',(0.,0.,1.));
#4049=DIRECTION('ref_axis',(1.,0.,0.));
#4050=DIRECTION('center_axis',(1.,0.,0.));
#4051=DIRECTION('ref_axis',(0.,1.,0.));
#4052=DIRECTION('center_axis',(0.,0.,1.));
#4053=DIRECTION('ref_axis',(1.,-9.86864910777907E-15,0.));
#4054=DIRECTION('center_axis',(-1.,0.,0.));
#4055=DIRECTION('ref_axis',(0.,0.70710678118654,0.707106781186555));
#4056=DIRECTION('center_axis',(1.,0.,0.));
#4057=DIRECTION('ref_axis',(0.,1.,0.));
#4058=DIRECTION('',(-1.,0.,0.));
#4059=DIRECTION('center_axis',(0.,0.,1.));
#4060=DIRECTION('ref_axis',(1.,0.,0.));
#4061=DIRECTION('center_axis',(-1.48029736616682E-14,-1.,0.));
#4062=DIRECTION('ref_axis',(1.,-1.48029736616682E-14,0.));
#4063=DIRECTION('center_axis',(0.,0.,-1.));
#4064=DIRECTION('ref_axis',(-0.707106781186547,-0.707106781186547,0.));
#4065=DIRECTION('center_axis',(0.,1.,0.));
#4066=DIRECTION('ref_axis',(0.707106781186519,0.,0.707106781186576));
#4067=DIRECTION('',(0.,1.,0.));
#4068=DIRECTION('center_axis',(1.,0.,0.));
#4069=DIRECTION('ref_axis',(0.,0.,1.));
#4070=DIRECTION('center_axis',(1.,0.,0.));
#4071=DIRECTION('ref_axis',(0.,-0.70710678118654,0.707106781186555));
#4072=DIRECTION('',(-1.,0.,0.));
#4073=DIRECTION('',(1.,0.,0.));
#4074=DIRECTION('center_axis',(0.,0.,-1.));
#4075=DIRECTION('ref_axis',(-1.,0.,0.));
#4076=DIRECTION('center_axis',(0.,0.,1.));
#4077=DIRECTION('ref_axis',(0.707106781186547,-0.707106781186547,0.));
#4078=DIRECTION('center_axis',(0.,0.,-1.));
#4079=DIRECTION('ref_axis',(0.707106781186548,-0.707106781186548,0.));
#4080=DIRECTION('center_axis',(0.,0.,-1.));
#4081=DIRECTION('ref_axis',(-1.,0.,0.));
#4082=DIRECTION('center_axis',(0.,0.,-1.));
#4083=DIRECTION('ref_axis',(-0.707106781186548,0.707106781186548,0.));
#4084=DIRECTION('center_axis',(0.,0.,-1.));
#4085=DIRECTION('ref_axis',(-0.707106781186548,0.707106781186548,0.));
#4086=DIRECTION('center_axis',(1.,0.,0.));
#4087=DIRECTION('ref_axis',(0.,-0.70710678118654,0.707106781186555));
#4088=DIRECTION('',(1.,0.,0.));
#4089=DIRECTION('center_axis',(0.,1.,0.));
#4090=DIRECTION('ref_axis',(0.707106781186519,0.,0.707106781186576));
#4091=DIRECTION('',(0.,-1.,0.));
#4092=DIRECTION('',(0.,1.,0.));
#4093=DIRECTION('center_axis',(0.,0.,-1.));
#4094=DIRECTION('ref_axis',(0.707106781186548,0.707106781186548,0.));
#4095=DIRECTION('center_axis',(0.,0.,-1.));
#4096=DIRECTION('ref_axis',(0.707106781186548,0.707106781186548,0.));
#4097=DIRECTION('center_axis',(0.,0.,-1.));
#4098=DIRECTION('ref_axis',(-1.,0.,0.));
#4099=DIRECTION('center_axis',(0.,0.,1.));
#4100=DIRECTION('ref_axis',(-0.707106781186547,-0.707106781186547,0.));
#4101=DIRECTION('center_axis',(0.,0.,-1.));
#4102=DIRECTION('ref_axis',(-0.707106781186548,-0.707106781186548,0.));
#4103=DIRECTION('center_axis',(1.,0.,0.));
#4104=DIRECTION('ref_axis',(0.,-0.70710678118654,0.707106781186555));
#4105=DIRECTION('',(-1.,0.,0.));
#4106=DIRECTION('',(1.,0.,0.));
#4107=DIRECTION('center_axis',(0.,-1.,0.));
#4108=DIRECTION('ref_axis',(-0.70710678118654,0.,0.707106781186555));
#4109=DIRECTION('center_axis',(0.,1.,0.));
#4110=DIRECTION('ref_axis',(-1.,0.,0.));
#4111=DIRECTION('',(0.,-1.,0.));
#4112=DIRECTION('center_axis',(0.,0.,1.));
#4113=DIRECTION('ref_axis',(1.,0.,0.));
#4114=DIRECTION('center_axis',(1.,0.,0.));
#4115=DIRECTION('ref_axis',(0.,1.,0.));
#4116=DIRECTION('center_axis',(0.,0.,-1.));
#4117=DIRECTION('ref_axis',(0.707106781186547,-0.707106781186547,0.));
#4118=DIRECTION('center_axis',(-1.,0.,0.));
#4119=DIRECTION('ref_axis',(0.,0.70710678118654,0.707106781186555));
#4120=DIRECTION('center_axis',(1.,0.,0.));
#4121=DIRECTION('ref_axis',(0.,1.,0.));
#4122=DIRECTION('',(-1.,0.,0.));
#4123=DIRECTION('center_axis',(0.,0.,1.));
#4124=DIRECTION('ref_axis',(-1.,0.,0.));
#4125=DIRECTION('center_axis',(-1.,0.,0.));
#4126=DIRECTION('ref_axis',(0.,-1.,0.));
#4127=DIRECTION('center_axis',(0.,0.,1.));
#4128=DIRECTION('ref_axis',(-1.,-7.89491928622332E-15,0.));
#4129=DIRECTION('center_axis',(1.,0.,0.));
#4130=DIRECTION('ref_axis',(0.,-0.70710678118654,0.707106781186555));
#4131=DIRECTION('center_axis',(-1.,0.,0.));
#4132=DIRECTION('ref_axis',(0.,-1.,0.));
#4133=DIRECTION('',(1.,0.,0.));
#4134=DIRECTION('center_axis',(0.,0.,1.));
#4135=DIRECTION('ref_axis',(1.,0.,0.));
#4136=DIRECTION('center_axis',(0.,1.,0.));
#4137=DIRECTION('ref_axis',(-1.,0.,0.));
#4138=DIRECTION('center_axis',(0.,0.,-1.));
#4139=DIRECTION('ref_axis',(0.707106781186547,0.707106781186547,0.));
#4140=DIRECTION('center_axis',(0.,-1.,0.));
#4141=DIRECTION('ref_axis',(-0.70710678118654,0.,0.707106781186555));
#4142=DIRECTION('',(0.,-1.,0.));
#4143=DIRECTION('center_axis',(-1.,0.,0.));
#4144=DIRECTION('ref_axis',(0.,0.70710678118655,0.707106781186545));
#4145=DIRECTION('',(1.,0.,0.));
#4146=DIRECTION('',(-1.,0.,0.));
#4147=DIRECTION('center_axis',(0.,0.,-1.));
#4148=DIRECTION('ref_axis',(-1.,0.,0.));
#4149=DIRECTION('center_axis',(-1.,0.,0.));
#4150=DIRECTION('ref_axis',(0.,0.,-1.));
#4151=DIRECTION('center_axis',(0.,0.,1.));
#4152=DIRECTION('ref_axis',(-0.707106781186547,0.707106781186547,0.));
#4153=DIRECTION('center_axis',(1.,0.,0.));
#4154=DIRECTION('ref_axis',(0.,-0.70710678118654,-0.707106781186555));
#4155=DIRECTION('center_axis',(-1.,0.,0.));
#4156=DIRECTION('ref_axis',(0.,0.,-1.));
#4157=DIRECTION('',(-1.,0.,0.));
#4158=DIRECTION('center_axis',(0.,0.,1.));
#4159=DIRECTION('ref_axis',(1.,0.,0.));
#4160=DIRECTION('center_axis',(1.,0.,0.));
#4161=DIRECTION('ref_axis',(0.,0.,-1.));
#4162=DIRECTION('center_axis',(0.,0.,-1.));
#4163=DIRECTION('ref_axis',(1.,-9.86864910777907E-15,0.));
#4164=DIRECTION('center_axis',(-1.,0.,0.));
#4165=DIRECTION('ref_axis',(0.,0.70710678118654,-0.707106781186555));
#4166=DIRECTION('center_axis',(1.,0.,0.));
#4167=DIRECTION('ref_axis',(0.,0.,-1.));
#4168=DIRECTION('',(1.,0.,0.));
#4169=DIRECTION('center_axis',(0.,0.,-1.));
#4170=DIRECTION('ref_axis',(-1.,0.,0.));
#4171=DIRECTION('center_axis',(-1.48029736616682E-14,-1.,0.));
#4172=DIRECTION('ref_axis',(0.,0.,-1.));
#4173=DIRECTION('center_axis',(0.,0.,1.));
#4174=DIRECTION('ref_axis',(-0.707106781186547,-0.707106781186547,0.));
#4175=DIRECTION('center_axis',(0.,1.,0.));
#4176=DIRECTION('ref_axis',(0.707106781186561,0.,-0.707106781186534));
#4177=DIRECTION('',(0.,-1.,0.));
#4178=DIRECTION('center_axis',(0.,0.,-1.));
#4179=DIRECTION('ref_axis',(0.70710678118655,-0.707106781186545,0.));
#4180=DIRECTION('center_axis',(0.,0.,-1.));
#4181=DIRECTION('ref_axis',(0.707106781186547,-0.707106781186548,0.));
#4182=DIRECTION('center_axis',(0.,0.,-1.));
#4183=DIRECTION('ref_axis',(-1.,0.,0.));
#4184=DIRECTION('center_axis',(0.,0.,1.));
#4185=DIRECTION('ref_axis',(-0.707106781186547,0.707106781186548,0.));
#4186=DIRECTION('center_axis',(0.,0.,-1.));
#4187=DIRECTION('ref_axis',(-0.707106781186547,0.707106781186548,0.));
#4188=DIRECTION('center_axis',(0.,-1.,0.));
#4189=DIRECTION('ref_axis',(-0.70710678118654,0.,0.707106781186555));
#4190=DIRECTION('',(0.,1.,0.));
#4191=DIRECTION('',(0.,-1.,0.));
#4192=DIRECTION('center_axis',(-1.,0.,0.));
#4193=DIRECTION('ref_axis',(0.,0.70710678118655,-0.707106781186545));
#4194=DIRECTION('',(1.,0.,0.));
#4195=DIRECTION('center_axis',(1.,0.,0.));
#4196=DIRECTION('ref_axis',(0.,-0.70710678118654,-0.707106781186555));
#4197=DIRECTION('',(-1.,0.,0.));
#4198=DIRECTION('center_axis',(0.,0.,1.));
#4199=DIRECTION('ref_axis',(0.707106781186547,-0.707106781186547,0.));
#4200=DIRECTION('',(0.,0.,1.));
#4201=DIRECTION('',(0.,0.,-1.));
#4202=DIRECTION('center_axis',(0.,1.,0.));
#4203=DIRECTION('ref_axis',(-1.,0.,0.));
#4204=DIRECTION('',(0.,0.,1.));
#4205=DIRECTION('center_axis',(0.,0.,1.));
#4206=DIRECTION('ref_axis',(-1.,-3.94745964311166E-15,0.));
#4207=DIRECTION('',(0.,0.,1.));
#4208=DIRECTION('center_axis',(-1.,0.,0.));
#4209=DIRECTION('ref_axis',(0.,-1.,0.));
#4210=DIRECTION('',(0.,0.,1.));
#4211=DIRECTION('center_axis',(0.,-1.,0.));
#4212=DIRECTION('ref_axis',(1.,0.,0.));
#4213=DIRECTION('',(0.,0.,-1.));
#4214=DIRECTION('center_axis',(0.,0.,-1.));
#4215=DIRECTION('ref_axis',(0.707106781186547,0.707106781186547,0.));
#4216=DIRECTION('center_axis',(1.,0.,0.));
#4217=DIRECTION('ref_axis',(0.,1.,0.));
#4218=DIRECTION('',(0.,0.,1.));
#4219=DIRECTION('center_axis',(0.,0.,1.));
#4220=DIRECTION('ref_axis',(1.,0.,0.));
#4221=DIRECTION('',(0.,0.,-1.));
#4222=DIRECTION('center_axis',(0.,0.,1.));
#4223=DIRECTION('ref_axis',(1.,0.,0.));
#4224=DIRECTION('center_axis',(0.,1.,0.));
#4225=DIRECTION('ref_axis',(-1.,0.,0.));
#4226=DIRECTION('center_axis',(0.,0.,1.));
#4227=DIRECTION('ref_axis',(1.,0.,0.));
#4228=DIRECTION('',(0.,0.,-1.));
#4229=DIRECTION('center_axis',(0.,0.,1.));
#4230=DIRECTION('ref_axis',(1.,0.,0.));
#4231=DIRECTION('center_axis',(0.,0.,1.));
#4232=DIRECTION('ref_axis',(1.,0.,0.));
#4233=DIRECTION('',(0.,0.,-1.));
#4234=DIRECTION('center_axis',(0.,0.,1.));
#4235=DIRECTION('ref_axis',(1.,0.,0.));
#4236=DIRECTION('center_axis',(0.,0.,1.));
#4237=DIRECTION('ref_axis',(1.,0.,0.));
#4238=DIRECTION('',(0.,0.,-1.));
#4239=DIRECTION('center_axis',(0.,0.,1.));
#4240=DIRECTION('ref_axis',(1.,0.,0.));
#4241=DIRECTION('center_axis',(0.,-1.,0.));
#4242=DIRECTION('ref_axis',(1.,0.,0.));
#4243=DIRECTION('center_axis',(0.,0.,-1.));
#4244=DIRECTION('ref_axis',(-1.,0.,0.));
#4245=DIRECTION('center_axis',(0.,0.,-1.));
#4246=DIRECTION('ref_axis',(1.,0.,0.));
#4247=DIRECTION('center_axis',(0.,-1.,0.));
#4248=DIRECTION('ref_axis',(1.,0.,0.));
#4249=DIRECTION('center_axis',(0.,0.,-1.));
#4250=DIRECTION('ref_axis',(1.,0.,0.));
#4251=DIRECTION('center_axis',(0.,0.,1.));
#4252=DIRECTION('ref_axis',(1.,0.,0.));
#4253=DIRECTION('center_axis',(0.,0.,1.));
#4254=DIRECTION('ref_axis',(1.,0.,0.));
#4255=DIRECTION('',(0.,0.,-1.));
#4256=DIRECTION('center_axis',(0.,0.,-1.));
#4257=DIRECTION('ref_axis',(-1.,0.,0.));
#4258=DIRECTION('center_axis',(0.,0.,-1.));
#4259=DIRECTION('ref_axis',(1.,0.,0.));
#4260=DIRECTION('center_axis',(0.,-1.,0.));
#4261=DIRECTION('ref_axis',(1.,0.,0.));
#4262=DIRECTION('center_axis',(0.,0.,-1.));
#4263=DIRECTION('ref_axis',(1.,0.,0.));
#4264=DIRECTION('center_axis',(0.,0.,1.));
#4265=DIRECTION('ref_axis',(1.,0.,0.));
#4266=DIRECTION('center_axis',(0.,0.,1.));
#4267=DIRECTION('ref_axis',(1.,0.,0.));
#4268=DIRECTION('',(0.,0.,-1.));
#4269=DIRECTION('center_axis',(1.,0.,0.));
#4270=DIRECTION('ref_axis',(0.,-0.70710678118654,-0.707106781186555));
#4271=DIRECTION('center_axis',(-1.,0.,0.));
#4272=DIRECTION('ref_axis',(0.,0.,-1.));
#4273=DIRECTION('',(1.,0.,0.));
#4274=DIRECTION('center_axis',(1.,0.,0.));
#4275=DIRECTION('ref_axis',(0.,-1.,0.));
#4276=DIRECTION('center_axis',(0.,0.,-1.));
#4277=DIRECTION('ref_axis',(1.,0.,0.));
#4278=DIRECTION('center_axis',(-1.,0.,0.));
#4279=DIRECTION('ref_axis',(0.,1.,0.));
#4280=DIRECTION('center_axis',(0.,0.,-1.));
#4281=DIRECTION('ref_axis',(1.,0.,0.));
#4282=DIRECTION('center_axis',(-1.,0.,0.));
#4283=DIRECTION('ref_axis',(0.,0.70710678118654,-0.707106781186555));
#4284=DIRECTION('center_axis',(-1.,0.,0.));
#4285=DIRECTION('ref_axis',(0.,1.,0.));
#4286=DIRECTION('',(-1.,0.,0.));
#4287=DIRECTION('center_axis',(0.,0.,-1.));
#4288=DIRECTION('ref_axis',(-1.,0.,0.));
#4289=DIRECTION('center_axis',(0.,0.,-1.));
#4290=DIRECTION('ref_axis',(-1.,0.,0.));
#4291=DIRECTION('center_axis',(0.,0.,1.));
#4292=DIRECTION('ref_axis',(7.10542735760095E-15,-1.,0.));
#4293=DIRECTION('',(0.,0.,1.));
#4294=DIRECTION('center_axis',(0.,0.,1.));
#4295=DIRECTION('ref_axis',(7.10542735760095E-15,-1.,0.));
#4296=DIRECTION('',(0.,0.,1.));
#4297=DIRECTION('center_axis',(0.,1.,0.));
#4298=DIRECTION('ref_axis',(-1.,0.,0.));
#4299=DIRECTION('',(0.,0.,1.));
#4300=DIRECTION('',(-1.,0.,0.));
#4301=DIRECTION('center_axis',(0.,-1.,0.));
#4302=DIRECTION('ref_axis',(1.,0.,0.));
#4303=DIRECTION('',(1.,0.,0.));
#4304=DIRECTION('',(0.,0.,1.));
#4305=DIRECTION('center_axis',(0.,0.,1.));
#4306=DIRECTION('ref_axis',(-1.,-7.10542735760095E-15,0.));
#4307=DIRECTION('center_axis',(0.,0.,1.));
#4308=DIRECTION('ref_axis',(-1.,-7.10542735760095E-15,0.));
#4309=DIRECTION('center_axis',(0.,0.,1.));
#4310=DIRECTION('ref_axis',(1.,0.,0.));
#4311=DIRECTION('center_axis',(0.,0.,1.));
#4312=DIRECTION('ref_axis',(1.,0.,0.));
#4313=DIRECTION('center_axis',(0.,0.,1.));
#4314=DIRECTION('ref_axis',(1.,0.,0.));
#4315=DIRECTION('center_axis',(0.,0.,1.));
#4316=DIRECTION('ref_axis',(-0.707106781186547,0.707106781186547,0.));
#4317=DIRECTION('',(0.,0.,1.));
#4318=DIRECTION('',(0.,0.,-1.));
#4319=DIRECTION('center_axis',(0.,-1.,0.));
#4320=DIRECTION('ref_axis',(1.,0.,0.));
#4321=DIRECTION('',(0.,0.,1.));
#4322=DIRECTION('center_axis',(0.,0.,-1.));
#4323=DIRECTION('ref_axis',(-0.707106781186547,-0.707106781186547,0.));
#4324=DIRECTION('',(0.,0.,-1.));
#4325=DIRECTION('center_axis',(0.,1.,0.));
#4326=DIRECTION('ref_axis',(-1.,0.,0.));
#4327=DIRECTION('',(0.,0.,1.));
#4328=DIRECTION('center_axis',(0.,0.,1.));
#4329=DIRECTION('ref_axis',(7.89491928622327E-15,-1.,0.));
#4330=DIRECTION('center_axis',(1.,0.,0.));
#4331=DIRECTION('ref_axis',(0.,1.,0.));
#4332=DIRECTION('center_axis',(-1.,0.,0.));
#4333=DIRECTION('ref_axis',(0.,-1.,0.));
#4334=CARTESIAN_POINT('',(0.,0.,0.));
#4335=CARTESIAN_POINT('Ctrl Pts',(183.465993316557,-131.679064651283,-5.99999999999999));
#4336=CARTESIAN_POINT('Ctrl Pts',(183.580977882962,-131.684290481134,-6.0133099359468));
#4337=CARTESIAN_POINT('Ctrl Pts',(183.813193605955,-131.691399870687,-6.03992999306141));
#4338=CARTESIAN_POINT('Ctrl Pts',(184.212370828074,-131.690074193608,-6.07946188568377));
#4339=CARTESIAN_POINT('Ctrl Pts',(184.719183480586,-131.671898262693,-6.11771061693975));
#4340=CARTESIAN_POINT('Ctrl Pts',(185.420138151811,-131.629642192449,-6.15215187722795));
#4341=CARTESIAN_POINT('Ctrl Pts',(186.41328190326,-131.578026906984,-6.17406886229527));
#4342=CARTESIAN_POINT('Ctrl Pts',(187.094774265236,-131.574264068712,-6.17573593128807));
#4343=CARTESIAN_POINT('Ctrl Pts',(187.49012868379,-131.574264068712,-6.17573593128807));
#4344=CARTESIAN_POINT('Ctrl Pts',(183.466228530271,-131.689489725477,-6.02823463789543));
#4345=CARTESIAN_POINT('Ctrl Pts',(183.577985345447,-131.694256575297,-6.04043541251333));
#4346=CARTESIAN_POINT('Ctrl Pts',(183.80778246559,-131.700450725434,-6.06520939145639));
#4347=CARTESIAN_POINT('Ctrl Pts',(184.21027964053,-131.697784899664,-6.10294857892335));
#4348=CARTESIAN_POINT('Ctrl Pts',(184.72339573229,-131.679163986935,-6.14027334604765));
#4349=CARTESIAN_POINT('Ctrl Pts',(185.429904803493,-131.639842417204,-6.17419863672351));
#4350=CARTESIAN_POINT('Ctrl Pts',(186.394796678667,-131.598782655838,-6.19610306592555));
#4351=CARTESIAN_POINT('Ctrl Pts',(187.074885547753,-131.599398588606,-6.2008704511822));
#4352=CARTESIAN_POINT('Ctrl Pts',(187.49012868379,-131.602032087075,-6.20350394965156));
#4353=CARTESIAN_POINT('Ctrl Pts',(183.466265934607,-131.710069472737,-6.0852057881847));
#4354=CARTESIAN_POINT('Ctrl Pts',(183.575719170254,-131.713308138812,-6.09638275988683));
#4355=CARTESIAN_POINT('Ctrl Pts',(183.806671061906,-131.716702561054,-6.119360615808));
#4356=CARTESIAN_POINT('Ctrl Pts',(184.222825124824,-131.710806523051,-6.15532278458097));
#4357=CARTESIAN_POINT('Ctrl Pts',(184.754656606631,-131.69175924943,-6.19164899938687));
#4358=CARTESIAN_POINT('Ctrl Pts',(185.464881457966,-131.660813834436,-6.22411693897212));
#4359=CARTESIAN_POINT('Ctrl Pts',(186.364698319514,-131.63942539859,-6.24609119703276));
#4360=CARTESIAN_POINT('Ctrl Pts',(187.050007713646,-131.646578566847,-6.25691218531595));
#4361=CARTESIAN_POINT('Ctrl Pts',(187.49012868379,-131.65209754899,-6.26450897683986));
#4362=CARTESIAN_POINT('Ctrl Pts',(183.465404993418,-131.732287572615,-6.19282208316315));
#4363=CARTESIAN_POINT('Ctrl Pts',(183.585231602282,-131.733056491006,-6.20433177547448));
#4364=CARTESIAN_POINT('Ctrl Pts',(183.840498599837,-131.732046187102,-6.22791628884387));
#4365=CARTESIAN_POINT('Ctrl Pts',(184.291067488874,-131.723347249197,-6.26369086010155));
#4366=CARTESIAN_POINT('Ctrl Pts',(184.839523105486,-131.709199577183,-6.29677141835993));
#4367=CARTESIAN_POINT('Ctrl Pts',(185.525002237359,-131.695692598725,-6.32237662478775));
#4368=CARTESIAN_POINT('Ctrl Pts',(186.371812705284,-131.694648939775,-6.34180279741222));
#4369=CARTESIAN_POINT('Ctrl Pts',(187.074726978609,-131.703234530065,-6.35764383666211));
#4370=CARTESIAN_POINT('Ctrl Pts',(187.49012868379,-131.70790105221,-6.36890981771258));
#4371=CARTESIAN_POINT('Ctrl Pts',(183.463035051791,-131.7339140885,-6.37510923264285));
#4372=CARTESIAN_POINT('Ctrl Pts',(183.600702469705,-131.734285268937,-6.38453918649066));
#4373=CARTESIAN_POINT('Ctrl Pts',(183.889007326408,-131.733981725606,-6.40200486757697));
#4374=CARTESIAN_POINT('Ctrl Pts',(184.385843376224,-131.732191020612,-6.42214104664783));
#4375=CARTESIAN_POINT('Ctrl Pts',(184.977710085105,-131.731160184014,-6.43532222865063));
#4376=CARTESIAN_POINT('Ctrl Pts',(185.689587489629,-131.733095683591,-6.44468704964743));
#4377=CARTESIAN_POINT('Ctrl Pts',(186.519261432993,-131.737915847631,-6.45748443049901));
#4378=CARTESIAN_POINT('Ctrl Pts',(187.155849541016,-131.740795326109,-6.47291714329512));
#4379=CARTESIAN_POINT('Ctrl Pts',(187.49012868379,-131.742264559212,-6.48219139579547));
#4380=CARTESIAN_POINT('Ctrl Pts',(183.463058837747,-131.75,-6.52146018366025));
#4381=CARTESIAN_POINT('Ctrl Pts',(183.640106133036,-131.75,-6.52454551903398));
#4382=CARTESIAN_POINT('Ctrl Pts',(184.008468025945,-131.75,-6.52920282809603));
#4383=CARTESIAN_POINT('Ctrl Pts',(184.611937182262,-131.75,-6.53355205222853));
#4384=CARTESIAN_POINT('Ctrl Pts',(185.267751530454,-131.75,-6.53746619039515));
#4385=CARTESIAN_POINT('Ctrl Pts',(185.970706770352,-131.75,-6.5427942916176));
#4386=CARTESIAN_POINT('Ctrl Pts',(186.712421950932,-131.75,-6.55040286433811));
#4387=CARTESIAN_POINT('Ctrl Pts',(187.228050207674,-131.75,-6.55700576257827));
#4388=CARTESIAN_POINT('Ctrl Pts',(187.49012868379,-131.75,-6.56073009183013));
#4389=CARTESIAN_POINT('Ctrl Pts',(183.463058837747,-131.75,-6.6));
#4390=CARTESIAN_POINT('Ctrl Pts',(183.686784940305,-131.75,-6.6));
#4391=CARTESIAN_POINT('Ctrl Pts',(184.134237145421,-131.75,-6.6));
#4392=CARTESIAN_POINT('Ctrl Pts',(184.805415453094,-131.75,-6.6));
#4393=CARTESIAN_POINT('Ctrl Pts',(185.476593760768,-131.75,-6.6));
#4394=CARTESIAN_POINT('Ctrl Pts',(186.147772068442,-131.75,-6.6));
#4395=CARTESIAN_POINT('Ctrl Pts',(186.818950376116,-131.75,-6.6));
#4396=CARTESIAN_POINT('Ctrl Pts',(187.266402581232,-131.75,-6.6));
#4397=CARTESIAN_POINT('Ctrl Pts',(187.49012868379,-131.75,-6.6));
#4398=CARTESIAN_POINT('',(183.465993316557,-131.679064651283,-5.99999999999999));
#4399=CARTESIAN_POINT('',(187.49012868379,-131.574264068712,-6.17573593128807));
#4400=CARTESIAN_POINT('Ctrl Pts',(183.465993316557,-131.679064651283,-5.99999999999999));
#4401=CARTESIAN_POINT('Ctrl Pts',(183.580977882962,-131.684290481134,-6.0133099359468));
#4402=CARTESIAN_POINT('Ctrl Pts',(183.813193605955,-131.691399870687,-6.03992999306141));
#4403=CARTESIAN_POINT('Ctrl Pts',(184.212370828074,-131.690074193608,-6.07946188568377));
#4404=CARTESIAN_POINT('Ctrl Pts',(184.719183480586,-131.671898262693,-6.11771061693975));
#4405=CARTESIAN_POINT('Ctrl Pts',(185.420138151811,-131.629642192449,-6.15215187722795));
#4406=CARTESIAN_POINT('Ctrl Pts',(186.41328190326,-131.578026906984,-6.17406886229527));
#4407=CARTESIAN_POINT('Ctrl Pts',(187.094774265236,-131.574264068712,-6.17573593128807));
#4408=CARTESIAN_POINT('Ctrl Pts',(187.49012868379,-131.574264068712,-6.17573593128807));
#4409=CARTESIAN_POINT('',(183.463058837747,-131.75,-6.6));
#4410=CARTESIAN_POINT('Ctrl Pts',(183.465993316557,-131.679064651283,-5.99999999999999));
#4411=CARTESIAN_POINT('Ctrl Pts',(183.466228530271,-131.689489725477,-6.02823463789543));
#4412=CARTESIAN_POINT('Ctrl Pts',(183.466265934607,-131.710069472737,-6.0852057881847));
#4413=CARTESIAN_POINT('Ctrl Pts',(183.465404993418,-131.732287572615,-6.19282208316315));
#4414=CARTESIAN_POINT('Ctrl Pts',(183.463035051791,-131.7339140885,-6.37510923264285));
#4415=CARTESIAN_POINT('Ctrl Pts',(183.463058837747,-131.75,-6.52146018366025));
#4416=CARTESIAN_POINT('Ctrl Pts',(183.463058837747,-131.75,-6.6));
#4417=CARTESIAN_POINT('',(187.49012868379,-131.75,-6.6));
#4418=CARTESIAN_POINT('',(183.463058837747,-131.75,-6.6));
#4419=CARTESIAN_POINT('Origin',(187.49012868379,-131.15,-6.6));
#4420=CARTESIAN_POINT('Ctrl Pts',(183.465993316557,-131.679064651283,-5.99999999999999));
#4421=CARTESIAN_POINT('Ctrl Pts',(183.466228530271,-131.689489725477,-6.02823463789543));
#4422=CARTESIAN_POINT('Ctrl Pts',(183.466265934607,-131.710069472737,-6.0852057881847));
#4423=CARTESIAN_POINT('Ctrl Pts',(183.465404993418,-131.732287572615,-6.19282208316315));
#4424=CARTESIAN_POINT('Ctrl Pts',(183.463035051791,-131.7339140885,-6.37510923264285));
#4425=CARTESIAN_POINT('Ctrl Pts',(183.463058837747,-131.75,-6.52146018366025));
#4426=CARTESIAN_POINT('Ctrl Pts',(183.463058837747,-131.75,-6.6));
#4427=CARTESIAN_POINT('Ctrl Pts',(183.351230511768,-131.683667675641,-6.0133099359468));
#4428=CARTESIAN_POINT('Ctrl Pts',(183.354539341905,-131.693790805426,-6.04043541251333));
#4429=CARTESIAN_POINT('Ctrl Pts',(183.356705175224,-131.713091055058,-6.09638275988684));
#4430=CARTESIAN_POINT('Ctrl Pts',(183.345266051956,-131.732974119041,-6.20433177547448));
#4431=CARTESIAN_POINT('Ctrl Pts',(183.325278985161,-131.734267476975,-6.38453918649066));
#4432=CARTESIAN_POINT('Ctrl Pts',(183.286011542457,-131.75,-6.52454551903398));
#4433=CARTESIAN_POINT('Ctrl Pts',(183.239332735189,-131.75,-6.6));
#4434=CARTESIAN_POINT('Ctrl Pts',(183.119409112984,-131.689908863673,-6.03992999306141));
#4435=CARTESIAN_POINT('Ctrl Pts',(183.124871169997,-131.699351668482,-6.06520939145639));
#4436=CARTESIAN_POINT('Ctrl Pts',(183.125583074655,-131.716189758609,-6.119360615808));
#4437=CARTESIAN_POINT('Ctrl Pts',(183.089402158598,-131.731818396072,-6.22791628884387));
#4438=CARTESIAN_POINT('Ctrl Pts',(183.036869171377,-131.733941825048,-6.40200486757698));
#4439=CARTESIAN_POINT('Ctrl Pts',(182.917649649548,-131.75,-6.52920282809603));
#4440=CARTESIAN_POINT('Ctrl Pts',(182.791880530073,-131.75,-6.6));
#4441=CARTESIAN_POINT('Ctrl Pts',(182.720768111163,-131.688174512951,-6.07946188568377));
#4442=CARTESIAN_POINT('Ctrl Pts',(182.722597979973,-131.696410890989,-6.10294857892335));
#4443=CARTESIAN_POINT('Ctrl Pts',(182.709246460353,-131.710065778479,-6.15532278458097));
#4444=CARTESIAN_POINT('Ctrl Pts',(182.637992826491,-131.72301063508,-6.26369086010155));
#4445=CARTESIAN_POINT('Ctrl Pts',(182.540040125299,-131.732155997551,-6.42214104664783));
#4446=CARTESIAN_POINT('Ctrl Pts',(182.314180493231,-131.75,-6.53355205222853));
#4447=CARTESIAN_POINT('Ctrl Pts',(182.120702222399,-131.75,-6.6));
#4448=CARTESIAN_POINT('Ctrl Pts',(182.214583403805,-131.670196853206,-6.11771061693975));
#4449=CARTESIAN_POINT('Ctrl Pts',(182.209833126152,-131.677871212802,-6.14027334604765));
#4450=CARTESIAN_POINT('Ctrl Pts',(182.177074005701,-131.690966599695,-6.19164899938686));
#4451=CARTESIAN_POINT('Ctrl Pts',(182.088731948071,-131.708917025377,-6.29677141835992));
#4452=CARTESIAN_POINT('Ctrl Pts',(181.948269048164,-131.731152962634,-6.43532222865063));
#4453=CARTESIAN_POINT('Ctrl Pts',(181.65836614504,-131.75,-6.53746619039514));
#4454=CARTESIAN_POINT('Ctrl Pts',(181.449523914725,-131.75,-6.6));
#4455=CARTESIAN_POINT('Ctrl Pts',(181.513914569148,-131.62839758577,-6.15215187722795));
#4456=CARTESIAN_POINT('Ctrl Pts',(181.50305306779,-131.638905805011,-6.17419863672351));
#4457=CARTESIAN_POINT('Ctrl Pts',(181.465767251988,-131.660358570114,-6.22411693897213));
#4458=CARTESIAN_POINT('Ctrl Pts',(181.402592751379,-131.695580598419,-6.32237662478775));
#4459=CARTESIAN_POINT('Ctrl Pts',(181.23644062243,-131.733116668099,-6.44468704964743));
#4460=CARTESIAN_POINT('Ctrl Pts',(180.955410905142,-131.75,-6.5427942916176));
#4461=CARTESIAN_POINT('Ctrl Pts',(180.778345607051,-131.75,-6.6));
#4462=CARTESIAN_POINT('Ctrl Pts',(180.518943273036,-131.577951009131,-6.17406886229527));
#4463=CARTESIAN_POINT('Ctrl Pts',(180.536297142622,-131.598774476876,-6.19610306592555));
#4464=CARTESIAN_POINT('Ctrl Pts',(180.564331889702,-131.639455804929,-6.24609119703276));
#4465=CARTESIAN_POINT('Ctrl Pts',(180.554933946968,-131.694681730187,-6.34180279741222));
#4466=CARTESIAN_POINT('Ctrl Pts',(180.406803381005,-131.737914920827,-6.45748443049901));
#4467=CARTESIAN_POINT('Ctrl Pts',(180.213695724562,-131.75,-6.55040286433811));
#4468=CARTESIAN_POINT('Ctrl Pts',(180.107167299377,-131.75,-6.6));
#4469=CARTESIAN_POINT('Ctrl Pts',(179.834007368253,-131.574264068712,-6.17573593128807));
#4470=CARTESIAN_POINT('Ctrl Pts',(179.853187887605,-131.599398588606,-6.2008704511822));
#4471=CARTESIAN_POINT('Ctrl Pts',(179.87696630796,-131.646578566847,-6.25691218531594));
#4472=CARTESIAN_POINT('Ctrl Pts',(179.851517089796,-131.703234530065,-6.35764383666211));
#4473=CARTESIAN_POINT('Ctrl Pts',(179.770258347013,-131.740795326109,-6.47291714329511));
#4474=CARTESIAN_POINT('Ctrl Pts',(179.69806746782,-131.75,-6.55700576257827));
#4475=CARTESIAN_POINT('Ctrl Pts',(179.659715094262,-131.75,-6.6));
#4476=CARTESIAN_POINT('Ctrl Pts',(179.435988991704,-131.574264068712,-6.17573593128807));
#4477=CARTESIAN_POINT('Ctrl Pts',(179.435988991704,-131.602032087075,-6.20350394965156));
#4478=CARTESIAN_POINT('Ctrl Pts',(179.435988991704,-131.65209754899,-6.26450897683986));
#4479=CARTESIAN_POINT('Ctrl Pts',(179.435988991704,-131.70790105221,-6.36890981771258));
#4480=CARTESIAN_POINT('Ctrl Pts',(179.435988991704,-131.742264559212,-6.48219139579547));
#4481=CARTESIAN_POINT('Ctrl Pts',(179.435988991704,-131.75,-6.56073009183013));
#4482=CARTESIAN_POINT('Ctrl Pts',(179.435988991704,-131.75,-6.6));
#4483=CARTESIAN_POINT('',(179.435988991704,-131.574264068712,-6.17573593128807));
#4484=CARTESIAN_POINT('Ctrl Pts',(183.465993316557,-131.679064651283,-5.99999999999999));
#4485=CARTESIAN_POINT('Ctrl Pts',(183.351230511768,-131.683667675641,-6.0133099359468));
#4486=CARTESIAN_POINT('Ctrl Pts',(183.119409112984,-131.689908863673,-6.03992999306141));
#4487=CARTESIAN_POINT('Ctrl Pts',(182.720768111163,-131.688174512951,-6.07946188568377));
#4488=CARTESIAN_POINT('Ctrl Pts',(182.214583403805,-131.670196853206,-6.11771061693975));
#4489=CARTESIAN_POINT('Ctrl Pts',(181.513914569148,-131.62839758577,-6.15215187722795));
#4490=CARTESIAN_POINT('Ctrl Pts',(180.518943273036,-131.577951009131,-6.17406886229527));
#4491=CARTESIAN_POINT('Ctrl Pts',(179.834007368253,-131.574264068712,-6.17573593128807));
#4492=CARTESIAN_POINT('Ctrl Pts',(179.435988991704,-131.574264068712,-6.17573593128807));
#4493=CARTESIAN_POINT('',(179.435988991704,-131.75,-6.6));
#4494=CARTESIAN_POINT('Origin',(179.435988991704,-131.15,-6.6));
#4495=CARTESIAN_POINT('',(183.463058837747,-131.75,-6.6));
#4496=CARTESIAN_POINT('Ctrl Pts',(183.465993316557,-131.679064651283,-5.99999999999999));
#4497=CARTESIAN_POINT('Ctrl Pts',(183.351230511768,-131.683667675641,-6.0133099359468));
#4498=CARTESIAN_POINT('Ctrl Pts',(183.119409112984,-131.689908863673,-6.03992999306141));
#4499=CARTESIAN_POINT('Ctrl Pts',(182.720768111163,-131.688174512951,-6.07946188568377));
#4500=CARTESIAN_POINT('Ctrl Pts',(182.214583403805,-131.670196853206,-6.11771061693975));
#4501=CARTESIAN_POINT('Ctrl Pts',(181.513914569148,-131.62839758577,-6.15215187722795));
#4502=CARTESIAN_POINT('Ctrl Pts',(180.518943273036,-131.577951009131,-6.17406886229527));
#4503=CARTESIAN_POINT('Ctrl Pts',(179.834007368253,-131.574264068712,-6.17573593128807));
#4504=CARTESIAN_POINT('Ctrl Pts',(179.435988991704,-131.574264068712,-6.17573593128807));
#4505=CARTESIAN_POINT('Ctrl Pts',(183.222309430361,-131.678404066301,-5.99999999999999));
#4506=CARTESIAN_POINT('Ctrl Pts',(183.116350859517,-131.680588750998,-6.01285050628151));
#4507=CARTESIAN_POINT('Ctrl Pts',(182.896717904386,-131.682681545553,-6.03809646604264));
#4508=CARTESIAN_POINT('Ctrl Pts',(182.506756121694,-131.675165663325,-6.07436573808133));
#4509=CARTESIAN_POINT('Ctrl Pts',(182.005504545859,-131.65138263722,-6.10813105460148));
#4510=CARTESIAN_POINT('Ctrl Pts',(181.31209242259,-131.604713961205,-6.13674063066862));
#4511=CARTESIAN_POINT('Ctrl Pts',(180.374813185076,-131.555140211095,-6.15261708215534));
#4512=CARTESIAN_POINT('Ctrl Pts',(179.767919933385,-131.549129548818,-6.15060141139394));
#4513=CARTESIAN_POINT('Ctrl Pts',(179.435988991704,-131.546496050348,-6.14796791292458));
#4514=CARTESIAN_POINT('Ctrl Pts',(182.729733228327,-131.661722921294,-6.));
#4515=CARTESIAN_POINT('Ctrl Pts',(182.635287449533,-131.660563151324,-6.01147368478789));
#4516=CARTESIAN_POINT('Ctrl Pts',(182.432289287895,-131.656015732849,-6.03333496316163));
#4517=CARTESIAN_POINT('Ctrl Pts',(182.054359802551,-131.637603252758,-6.06252717010973));
#4518=CARTESIAN_POINT('Ctrl Pts',(181.560911148354,-131.602295682841,-6.08718865990102));
#4519=CARTESIAN_POINT('Ctrl Pts',(180.893688916702,-131.548469029437,-6.10507868643039));
#4520=CARTESIAN_POINT('Ctrl Pts',(180.098236552546,-131.503593826652,-6.1109019486501));
#4521=CARTESIAN_POINT('Ctrl Pts',(179.652080213205,-131.493087814684,-6.10342143315254));
#4522=CARTESIAN_POINT('Ctrl Pts',(179.435988991704,-131.48549102316,-6.09790245100957));
#4523=CARTESIAN_POINT('Ctrl Pts',(181.874480075643,-131.58327538479,-5.99999999999999));
#4524=CARTESIAN_POINT('Ctrl Pts',(181.781493150675,-131.57560604363,-6.00798960962747));
#4525=CARTESIAN_POINT('Ctrl Pts',(181.576257253105,-131.557682468455,-6.02235554483305));
#4526=CARTESIAN_POINT('Ctrl Pts',(181.200279990019,-131.522306616381,-6.0392658369967));
#4527=CARTESIAN_POINT('Ctrl Pts',(180.745738310516,-131.478471137873,-6.05151759355555));
#4528=CARTESIAN_POINT('Ctrl Pts',(180.225738300518,-131.434054464367,-6.05783320456758));
#4529=CARTESIAN_POINT('Ctrl Pts',(179.757987799015,-131.407041910619,-6.05488899628311));
#4530=CARTESIAN_POINT('Ctrl Pts',(179.541197311231,-131.392356163338,-6.046765469935));
#4531=CARTESIAN_POINT('Ctrl Pts',(179.435988991704,-131.381090182287,-6.04209894779046));
#4532=CARTESIAN_POINT('Ctrl Pts',(180.507775164012,-131.326977192692,-6.));
#4533=CARTESIAN_POINT('Ctrl Pts',(180.449100471278,-131.324596450674,-6.00337814236051));
#4534=CARTESIAN_POINT('Ctrl Pts',(180.326025349104,-131.320266369322,-6.00895907410289));
#4535=CARTESIAN_POINT('Ctrl Pts',(180.12515063984,-131.312908609037,-6.0143971214106));
#4536=CARTESIAN_POINT('Ctrl Pts',(179.917085207083,-131.304611938336,-6.01686450990437));
#4537=CARTESIAN_POINT('Ctrl Pts',(179.729204423458,-131.299058098409,-6.01592880087373));
#4538=CARTESIAN_POINT('Ctrl Pts',(179.585053329805,-131.292187965004,-6.01214422830338));
#4539=CARTESIAN_POINT('Ctrl Pts',(179.484380159294,-131.277082856705,-6.00920467389125));
#4540=CARTESIAN_POINT('Ctrl Pts',(179.435988991704,-131.267808604205,-6.00773544078798));
#4541=CARTESIAN_POINT('Ctrl Pts',(179.911659053612,-131.120655218163,-6.));
#4542=CARTESIAN_POINT('Ctrl Pts',(179.895339440248,-131.131755114844,-6.));
#4543=CARTESIAN_POINT('Ctrl Pts',(179.85506336649,-131.151182584739,-6.));
#4544=CARTESIAN_POINT('Ctrl Pts',(179.778126456563,-131.173916644617,-6.));
#4545=CARTESIAN_POINT('Ctrl Pts',(179.692128663954,-131.190349520618,-6.));
#4546=CARTESIAN_POINT('Ctrl Pts',(179.603334674109,-131.199816790574,-6.));
#4547=CARTESIAN_POINT('Ctrl Pts',(179.518309185078,-131.199473429723,-6.));
#4548=CARTESIAN_POINT('Ctrl Pts',(179.462714045235,-131.192994237422,-6.));
#4549=CARTESIAN_POINT('Ctrl Pts',(179.435988991704,-131.18926990817,-6.));
#4550=CARTESIAN_POINT('Ctrl Pts',(179.672818823138,-131.017637614374,-6.));
#4551=CARTESIAN_POINT('Ctrl Pts',(179.66698384936,-131.03302765688,-6.));
#4552=CARTESIAN_POINT('Ctrl Pts',(179.651741262081,-131.062644064058,-6.));
#4553=CARTESIAN_POINT('Ctrl Pts',(179.620436421905,-131.099546558605,-6.));
#4554=CARTESIAN_POINT('Ctrl Pts',(179.581565693011,-131.126555462714,-6.));
#4555=CARTESIAN_POINT('Ctrl Pts',(179.536625990529,-131.143293346935,-6.));
#4556=CARTESIAN_POINT('Ctrl Pts',(179.488697188159,-131.149937073453,-6.));
#4557=CARTESIAN_POINT('Ctrl Pts',(179.453672993904,-131.15,-6.));
#4558=CARTESIAN_POINT('Ctrl Pts',(179.435988991704,-131.15,-6.));
#4559=CARTESIAN_POINT('',(179.672818823138,-131.017637614374,-6.));
#4560=CARTESIAN_POINT('Ctrl Pts',(183.465993316557,-131.679064651283,-5.99999999999999));
#4561=CARTESIAN_POINT('Ctrl Pts',(183.222309430361,-131.678404066301,-5.99999999999999));
#4562=CARTESIAN_POINT('Ctrl Pts',(182.729733228327,-131.661722921294,-6.));
#4563=CARTESIAN_POINT('Ctrl Pts',(181.874480075643,-131.58327538479,-5.99999999999999));
#4564=CARTESIAN_POINT('Ctrl Pts',(180.507775164012,-131.326977192692,-6.));
#4565=CARTESIAN_POINT('Ctrl Pts',(179.911659053612,-131.120655218163,-6.));
#4566=CARTESIAN_POINT('Ctrl Pts',(179.672818823138,-131.017637614374,-6.));
#4567=CARTESIAN_POINT('',(179.435988991704,-131.15,-6.));
#4568=CARTESIAN_POINT('Ctrl Pts',(179.672818823138,-131.017637614374,-6.));
#4569=CARTESIAN_POINT('Ctrl Pts',(179.66917306323,-131.027253493054,-6.));
#4570=CARTESIAN_POINT('Ctrl Pts',(179.664837252072,-131.03663032255,-6.));
#4571=CARTESIAN_POINT('Ctrl Pts',(179.659888798925,-131.045629081149,-6.));
#4572=CARTESIAN_POINT('Ctrl Pts',(179.655390188108,-131.053809801783,-6.));
#4573=CARTESIAN_POINT('Ctrl Pts',(179.650388879798,-131.061673467523,-6.));
#4574=CARTESIAN_POINT('Ctrl Pts',(179.644948952248,-131.069098452784,-6.));
#4575=CARTESIAN_POINT('Ctrl Pts',(179.639462240846,-131.076587293569,-6.));
#4576=CARTESIAN_POINT('Ctrl Pts',(179.633528062151,-131.083629827297,-6.));
#4577=CARTESIAN_POINT('Ctrl Pts',(179.627176413334,-131.090154350995,-6.));
#4578=CARTESIAN_POINT('Ctrl Pts',(179.6200934292,-131.097430115,-6.));
#4579=CARTESIAN_POINT('Ctrl Pts',(179.612488190299,-131.104062474,-6.));
#4580=CARTESIAN_POINT('Ctrl Pts',(179.604395347758,-131.110008972905,-6.));
#4581=CARTESIAN_POINT('Ctrl Pts',(179.597300144505,-131.115222421476,-6.));
#4582=CARTESIAN_POINT('Ctrl Pts',(179.58982841487,-131.119910448991,-6.));
#4583=CARTESIAN_POINT('Ctrl Pts',(179.58203239426,-131.124064387272,-6.));
#4584=CARTESIAN_POINT('Ctrl Pts',(179.572395118354,-131.12919939798,-6.));
#4585=CARTESIAN_POINT('Ctrl Pts',(179.562260332998,-131.13351852089,-6.));
#4586=CARTESIAN_POINT('Ctrl Pts',(179.551831875913,-131.137013892154,-6.));
#4587=CARTESIAN_POINT('Ctrl Pts',(179.544732355399,-131.139393482902,-6.));
#4588=CARTESIAN_POINT('Ctrl Pts',(179.537498450146,-131.141391004879,-6.));
#4589=CARTESIAN_POINT('Ctrl Pts',(179.53014133978,-131.14303250278,-6.));
#4590=CARTESIAN_POINT('Ctrl Pts',(179.521441469367,-131.14497359355,-6.));
#4591=CARTESIAN_POINT('Ctrl Pts',(179.512566019,-131.146415869347,-6.));
#4592=CARTESIAN_POINT('Ctrl Pts',(179.503484659224,-131.147452599533,-6.));
#4593=CARTESIAN_POINT('Ctrl Pts',(179.495624450685,-131.148349922804,-6.));
#4594=CARTESIAN_POINT('Ctrl Pts',(179.487606877959,-131.14894444398,-6.));
#4595=CARTESIAN_POINT('Ctrl Pts',(179.479428294761,-131.149326198869,-6.));
#4596=CARTESIAN_POINT('Ctrl Pts',(179.472378664789,-131.149655257172,-6.));
#4597=CARTESIAN_POINT('Ctrl Pts',(179.465208631923,-131.149826741572,-6.));
#4598=CARTESIAN_POINT('Ctrl Pts',(179.45795002651,-131.149912903962,-6.));
#4599=CARTESIAN_POINT('Ctrl Pts',(179.450691421097,-131.149999066352,-6.));
#4600=CARTESIAN_POINT('Ctrl Pts',(179.443342903888,-131.15,-6.));
#4601=CARTESIAN_POINT('Ctrl Pts',(179.435988991704,-131.15,-6.));
#4602=CARTESIAN_POINT('Origin',(179.435988991704,-131.15,-6.6));
#4603=CARTESIAN_POINT('Ctrl Pts',(183.465993316557,-131.679064651283,-5.99999999999999));
#4604=CARTESIAN_POINT('Ctrl Pts',(183.222309430361,-131.678404066301,-5.99999999999999));
#4605=CARTESIAN_POINT('Ctrl Pts',(182.729733228327,-131.661722921294,-6.));
#4606=CARTESIAN_POINT('Ctrl Pts',(181.874480075643,-131.58327538479,-5.99999999999999));
#4607=CARTESIAN_POINT('Ctrl Pts',(180.507775164012,-131.326977192692,-6.));
#4608=CARTESIAN_POINT('Ctrl Pts',(179.911659053612,-131.120655218163,-6.));
#4609=CARTESIAN_POINT('Ctrl Pts',(179.672818823138,-131.017637614374,-6.));
#4610=CARTESIAN_POINT('Ctrl Pts',(183.351008750152,-131.673838821432,-5.98669006405319));
#4611=CARTESIAN_POINT('Ctrl Pts',(183.117765758061,-131.670963629433,-5.98714949371848));
#4612=CARTESIAN_POINT('Ctrl Pts',(182.639651015966,-131.65076424763,-5.9885263152121));
#4613=CARTESIAN_POINT('Ctrl Pts',(181.787957825255,-131.564375582119,-5.99201039037251));
#4614=CARTESIAN_POINT('Ctrl Pts',(180.461422818806,-131.299597496989,-5.9966218576395));
#4615=CARTESIAN_POINT('Ctrl Pts',(179.909213606243,-131.101461494123,-6.));
#4616=CARTESIAN_POINT('Ctrl Pts',(179.678653796915,-131.002247571868,-6.));
#4617=CARTESIAN_POINT('Ctrl Pts',(183.123397821975,-131.660025486389,-5.96007000693858));
#4618=CARTESIAN_POINT('Ctrl Pts',(182.905042908724,-131.653059122619,-5.96190353395735));
#4619=CARTESIAN_POINT('Ctrl Pts',(182.447779228803,-131.625481203587,-5.96666503683835));
#4620=CARTESIAN_POINT('Ctrl Pts',(181.597450363268,-131.520023801962,-5.97764445516694));
#4621=CARTESIAN_POINT('Ctrl Pts',(180.36543058492,-131.239865579298,-5.99104092589712));
#4622=CARTESIAN_POINT('Ctrl Pts',(179.896394901711,-131.059569429514,-6.));
#4623=CARTESIAN_POINT('Ctrl Pts',(179.68677113574,-130.970254048515,-6.));
#4624=CARTESIAN_POINT('Ctrl Pts',(182.744176385971,-131.626787380024,-5.92053811431621));
#4625=CARTESIAN_POINT('Ctrl Pts',(182.536251456736,-131.61211737935,-5.92563426191865));
#4626=CARTESIAN_POINT('Ctrl Pts',(182.093199335511,-131.568286315708,-5.93747282989027));
#4627=CARTESIAN_POINT('Ctrl Pts',(181.252706931283,-131.422830880466,-5.96073416300329));
#4628=CARTESIAN_POINT('Ctrl Pts',(180.211601856648,-131.1330194439,-5.98560287858939));
#4629=CARTESIAN_POINT('Ctrl Pts',(179.857961684991,-130.988008994728,-6.));
#4630=CARTESIAN_POINT('Ctrl Pts',(179.687238972119,-130.921074887619,-6.));
#4631=CARTESIAN_POINT('Ctrl Pts',(182.269083025828,-131.566812930663,-5.88228938306024));
#4632=CARTESIAN_POINT('Ctrl Pts',(182.066108741022,-131.540430720529,-5.89186894539851));
#4633=CARTESIAN_POINT('Ctrl Pts',(181.631924821814,-131.470784717619,-5.91281134009897));
#4634=CARTESIAN_POINT('Ctrl Pts',(180.844421522082,-131.278161485344,-5.94848240644444));
#4635=CARTESIAN_POINT('Ctrl Pts',(180.053913235796,-131.008321862201,-5.98313549009563));
#4636=CARTESIAN_POINT('Ctrl Pts',(179.806085044173,-130.912331063833,-6.));
#4637=CARTESIAN_POINT('Ctrl Pts',(179.676052805387,-130.873182117925,-6.));
#4638=CARTESIAN_POINT('Ctrl Pts',(181.61057384109,-131.440334932949,-5.84784812277204));
#4639=CARTESIAN_POINT('Ctrl Pts',(181.416928668568,-131.393745376263,-5.86325936933137));
#4640=CARTESIAN_POINT('Ctrl Pts',(181.018220228544,-131.284589126972,-5.89492131356961));
#4641=CARTESIAN_POINT('Ctrl Pts',(180.394439584303,-131.066690401107,-5.94216679543242));
#4642=CARTESIAN_POINT('Ctrl Pts',(179.91314422951,-130.877850860429,-5.98407119912626));
#4643=CARTESIAN_POINT('Ctrl Pts',(179.746245038068,-130.840879335619,-6.));
#4644=CARTESIAN_POINT('Ctrl Pts',(179.654269961107,-130.830077842716,-6.));
#4645=CARTESIAN_POINT('Ctrl Pts',(180.70009130048,-131.114236596914,-5.82593113770474));
#4646=CARTESIAN_POINT('Ctrl Pts',(180.572844122612,-131.05833619764,-5.84738291784466));
#4647=CARTESIAN_POINT('Ctrl Pts',(180.328236959035,-130.94879218044,-5.8890980513499));
#4648=CARTESIAN_POINT('Ctrl Pts',(180.009696866294,-130.812551581942,-5.94511100371689));
#4649=CARTESIAN_POINT('Ctrl Pts',(179.799388373704,-130.764612837127,-5.98785577169662));
#4650=CARTESIAN_POINT('Ctrl Pts',(179.680993527969,-130.778676708596,-6.));
#4651=CARTESIAN_POINT('Ctrl Pts',(179.62310766667,-130.791399192985,-6.));
#4652=CARTESIAN_POINT('Ctrl Pts',(180.155547376515,-130.718544521035,-5.82426406871193));
#4653=CARTESIAN_POINT('Ctrl Pts',(180.096560085092,-130.696028167944,-5.84939858860606));
#4654=CARTESIAN_POINT('Ctrl Pts',(179.982227794333,-130.662629090688,-5.89657856684746));
#4655=CARTESIAN_POINT('Ctrl Pts',(179.834563235584,-130.659141626786,-5.953234530065));
#4656=CARTESIAN_POINT('Ctrl Pts',(179.710918685856,-130.699472188729,-5.99079532610875));
#4657=CARTESIAN_POINT('Ctrl Pts',(179.635018200691,-130.742866746,-6.));
#4658=CARTESIAN_POINT('Ctrl Pts',(179.597945564025,-130.766750415774,-6.));
#4659=CARTESIAN_POINT('Ctrl Pts',(179.881883567637,-130.451010120533,-5.82426406871193));
#4660=CARTESIAN_POINT('Ctrl Pts',(179.862472236597,-130.470866179334,-5.85203208707542));
#4661=CARTESIAN_POINT('Ctrl Pts',(179.819826457474,-130.514489004383,-5.90209754899043));
#4662=CARTESIAN_POINT('Ctrl Pts',(179.746844681949,-130.589142845651,-5.95790105220955));
#4663=CARTESIAN_POINT('Ctrl Pts',(179.667654795798,-130.670147029891,-5.99226455921202));
#4664=CARTESIAN_POINT('Ctrl Pts',(179.612752043712,-130.726307644099,-6.));
#4665=CARTESIAN_POINT('Ctrl Pts',(179.585300276092,-130.75438835175,-6.));
#4666=CARTESIAN_POINT('',(179.881883567637,-130.451010120533,-5.82426406871193));
#4667=CARTESIAN_POINT('Ctrl Pts',(183.465993316557,-131.679064651283,-5.99999999999999));
#4668=CARTESIAN_POINT('Ctrl Pts',(183.351008750152,-131.673838821432,-5.98669006405319));
#4669=CARTESIAN_POINT('Ctrl Pts',(183.123397821975,-131.660025486389,-5.96007000693858));
#4670=CARTESIAN_POINT('Ctrl Pts',(182.744176385971,-131.626787380024,-5.92053811431621));
#4671=CARTESIAN_POINT('Ctrl Pts',(182.269083025828,-131.566812930663,-5.88228938306024));
#4672=CARTESIAN_POINT('Ctrl Pts',(181.61057384109,-131.440334932949,-5.84784812277204));
#4673=CARTESIAN_POINT('Ctrl Pts',(180.70009130048,-131.114236596914,-5.82593113770474));
#4674=CARTESIAN_POINT('Ctrl Pts',(180.155547376515,-130.718544521035,-5.82426406871193));
#4675=CARTESIAN_POINT('Ctrl Pts',(179.881883567637,-130.451010120533,-5.82426406871193));
#4676=CARTESIAN_POINT('',(179.585300276092,-130.75438835175,-6.));
#4677=CARTESIAN_POINT('Origin',(179.585300276092,-130.75438835175,-5.4));
#4678=CARTESIAN_POINT('Ctrl Pts',(179.585300276092,-130.75438835175,-6.));
#4679=CARTESIAN_POINT('Ctrl Pts',(179.591626572296,-130.760572954199,-6.));
#4680=CARTESIAN_POINT('Ctrl Pts',(179.597948788685,-130.766755070272,-6.));
#4681=CARTESIAN_POINT('Ctrl Pts',(179.604113955322,-130.772961587298,-6.));
#4682=CARTESIAN_POINT('Ctrl Pts',(179.610734558786,-130.779626595811,-6.));
#4683=CARTESIAN_POINT('Ctrl Pts',(179.617174171768,-130.786320676303,-6.));
#4684=CARTESIAN_POINT('Ctrl Pts',(179.623299148567,-130.793103886495,-6.));
#4685=CARTESIAN_POINT('Ctrl Pts',(179.629912965478,-130.800428471018,-6.));
#4686=CARTESIAN_POINT('Ctrl Pts',(179.636160297909,-130.807858672511,-6.));
#4687=CARTESIAN_POINT('Ctrl Pts',(179.64193190984,-130.8154792635,-6.));
#4688=CARTESIAN_POINT('Ctrl Pts',(179.647624690358,-130.822995768841,-6.));
#4689=CARTESIAN_POINT('Ctrl Pts',(179.652855931925,-130.830699380659,-6.));
#4690=CARTESIAN_POINT('Ctrl Pts',(179.657561995982,-130.83865237198,-6.));
#4691=CARTESIAN_POINT('Ctrl Pts',(179.66191064791,-130.846001356317,-6.));
#4692=CARTESIAN_POINT('Ctrl Pts',(179.665811991656,-130.853564227978,-6.));
#4693=CARTESIAN_POINT('Ctrl Pts',(179.669233944681,-130.861354660115,-6.));
#4694=CARTESIAN_POINT('Ctrl Pts',(179.672516214843,-130.868827089681,-6.));
#4695=CARTESIAN_POINT('Ctrl Pts',(179.675358140341,-130.87650965322,-6.));
#4696=CARTESIAN_POINT('Ctrl Pts',(179.677736240193,-130.884368282965,-6.));
#4697=CARTESIAN_POINT('Ctrl Pts',(179.680988367646,-130.895115209972,-6.));
#4698=CARTESIAN_POINT('Ctrl Pts',(179.683370977409,-130.906184267239,-6.));
#4699=CARTESIAN_POINT('Ctrl Pts',(179.68482633542,-130.917378083334,-6.));
#4700=CARTESIAN_POINT('Ctrl Pts',(179.68629453291,-130.92867065367,-6.));
#4701=CARTESIAN_POINT('Ctrl Pts',(179.686818663132,-130.940090826139,-6.));
#4702=CARTESIAN_POINT('Ctrl Pts',(179.68638220668,-130.951485004023,-6.));
#4703=CARTESIAN_POINT('Ctrl Pts',(179.685930646126,-130.963273491178,-6.));
#4704=CARTESIAN_POINT('Ctrl Pts',(179.684450638986,-130.975036676297,-6.));
#4705=CARTESIAN_POINT('Ctrl Pts',(179.681972884539,-130.986625969234,-6.));
#4706=CARTESIAN_POINT('Ctrl Pts',(179.679723715346,-130.997146091871,-6.));
#4707=CARTESIAN_POINT('Ctrl Pts',(179.676653030948,-131.007524694689,-6.));
#4708=CARTESIAN_POINT('Ctrl Pts',(179.672818823138,-131.017637614374,-6.));
#4709=CARTESIAN_POINT('Ctrl Pts',(183.465993316557,-131.679064651283,-5.99999999999999));
#4710=CARTESIAN_POINT('Ctrl Pts',(183.351008750152,-131.673838821432,-5.98669006405319));
#4711=CARTESIAN_POINT('Ctrl Pts',(183.123397821975,-131.660025486389,-5.96007000693858));
#4712=CARTESIAN_POINT('Ctrl Pts',(182.744176385971,-131.626787380024,-5.92053811431621));
#4713=CARTESIAN_POINT('Ctrl Pts',(182.269083025828,-131.566812930663,-5.88228938306024));
#4714=CARTESIAN_POINT('Ctrl Pts',(181.61057384109,-131.440334932949,-5.84784812277204));
#4715=CARTESIAN_POINT('Ctrl Pts',(180.70009130048,-131.114236596914,-5.82593113770474));
#4716=CARTESIAN_POINT('Ctrl Pts',(180.155547376515,-130.718544521035,-5.82426406871193));
#4717=CARTESIAN_POINT('Ctrl Pts',(179.881883567637,-130.451010120533,-5.82426406871193));
#4718=CARTESIAN_POINT('Ctrl Pts',(183.465758102843,-131.668639577089,-5.97176536210456));
#4719=CARTESIAN_POINT('Ctrl Pts',(183.355494638432,-131.663795336263,-5.95956458748665));
#4720=CARTESIAN_POINT('Ctrl Pts',(183.132767364585,-131.651210713197,-5.9347906085436));
#4721=CARTESIAN_POINT('Ctrl Pts',(182.752408816935,-131.620299289077,-5.89705142107664));
#4722=CARTESIAN_POINT('Ctrl Pts',(182.271324925092,-131.561969751075,-5.85972665395235));
#4723=CARTESIAN_POINT('Ctrl Pts',(181.605439122657,-131.43256100357,-5.82580136327648));
#4724=CARTESIAN_POINT('Ctrl Pts',(180.720543375304,-131.104726920128,-5.80389693407445));
#4725=CARTESIAN_POINT('Ctrl Pts',(180.182283078768,-130.70953164266,-5.7991295488178));
#4726=CARTESIAN_POINT('Ctrl Pts',(179.901294898676,-130.431154061732,-5.79649605034844));
#4727=CARTESIAN_POINT('Ctrl Pts',(183.464826410867,-131.64935076449,-5.91479421181528));
#4728=CARTESIAN_POINT('Ctrl Pts',(183.359513238013,-131.645738517254,-5.90361724011315));
#4729=CARTESIAN_POINT('Ctrl Pts',(183.14021147484,-131.636194308789,-5.88063938419199));
#4730=CARTESIAN_POINT('Ctrl Pts',(182.750508540672,-131.609867213067,-5.84467721541902));
#4731=CARTESIAN_POINT('Ctrl Pts',(182.250862054826,-131.552932790241,-5.80835100061313));
#4732=CARTESIAN_POINT('Ctrl Pts',(181.576313351709,-131.414433816022,-5.77588306102787));
#4733=CARTESIAN_POINT('Ctrl Pts',(180.750854107868,-131.082715543491,-5.75390880296724));
#4734=CARTESIAN_POINT('Ctrl Pts',(180.222918104025,-130.683276957359,-5.74308781468405));
#4735=CARTESIAN_POINT('Ctrl Pts',(179.936293336165,-130.395353784497,-5.73549102316014));
#4736=CARTESIAN_POINT('Ctrl Pts',(183.461872648943,-131.630351286475,-5.80717791683683));
#4737=CARTESIAN_POINT('Ctrl Pts',(183.350277068719,-131.632346195036,-5.79566822452551));
#4738=CARTESIAN_POINT('Ctrl Pts',(183.113488494172,-131.634329521377,-5.77208371115611));
#4739=CARTESIAN_POINT('Ctrl Pts',(182.690492876861,-131.619125009847,-5.73630913989844));
#4740=CARTESIAN_POINT('Ctrl Pts',(182.16265545915,-131.557510920373,-5.70322858164007));
#4741=CARTESIAN_POINT('Ctrl Pts',(181.498113357085,-131.387927534997,-5.67762337521225));
#4742=CARTESIAN_POINT('Ctrl Pts',(180.741309343106,-131.022039007395,-5.65819720258777));
#4743=CARTESIAN_POINT('Ctrl Pts',(180.235506026187,-130.616351515803,-5.64235616333789));
#4744=CARTESIAN_POINT('Ctrl Pts',(179.975302971637,-130.355450409804,-5.63109018228741));
#4745=CARTESIAN_POINT('Ctrl Pts',(183.455967322357,-131.726006349694,-5.62489076735713));
#4746=CARTESIAN_POINT('Ctrl Pts',(183.325811505046,-131.730024831142,-5.61546081350932));
#4747=CARTESIAN_POINT('Ctrl Pts',(183.050590163934,-131.729034452563,-5.59799513242301));
#4748=CARTESIAN_POINT('Ctrl Pts',(182.563453500681,-131.68208520109,-5.57785895335216));
#4749=CARTESIAN_POINT('Ctrl Pts',(181.978248630185,-131.553096863657,-5.56467777134937));
#4750=CARTESIAN_POINT('Ctrl Pts',(181.310173280195,-131.294296654086,-5.55531295035257));
#4751=CARTESIAN_POINT('Ctrl Pts',(180.631683909128,-130.889272538684,-5.54251556950099));
#4752=CARTESIAN_POINT('Ctrl Pts',(180.203544259702,-130.532578128505,-5.52708285670488));
#4753=CARTESIAN_POINT('Ctrl Pts',(179.99932490224,-130.330878119239,-5.51780860420453));
#4754=CARTESIAN_POINT('Ctrl Pts',(183.454342641525,-131.749791570945,-5.47853981633974));
#4755=CARTESIAN_POINT('Ctrl Pts',(183.278795681395,-131.748194797037,-5.47545448096602));
#4756=CARTESIAN_POINT('Ctrl Pts',(182.911416367276,-131.728301475358,-5.47079717190396));
#4757=CARTESIAN_POINT('Ctrl Pts',(182.308175762495,-131.624750716078,-5.46644794777147));
#4758=CARTESIAN_POINT('Ctrl Pts',(181.676758895383,-131.427468562104,-5.46253380960485));
#4759=CARTESIAN_POINT('Ctrl Pts',(181.059781923301,-131.135234479141,-5.4572057083824));
#4760=CARTESIAN_POINT('Ctrl Pts',(180.495231197552,-130.765618814879,-5.44959713566189));
#4761=CARTESIAN_POINT('Ctrl Pts',(180.162667547675,-130.479744534834,-5.44299423742173));
#4762=CARTESIAN_POINT('Ctrl Pts',(180.004732389368,-130.325346742634,-5.43926990816987));
#4763=CARTESIAN_POINT('Ctrl Pts',(183.45375336404,-131.749786120292,-5.4));
#4764=CARTESIAN_POINT('Ctrl Pts',(183.224800458599,-131.747668369369,-5.4));
#4765=CARTESIAN_POINT('Ctrl Pts',(182.766789904168,-131.7118781409,-5.4));
#4766=CARTESIAN_POINT('Ctrl Pts',(182.097672055417,-131.565260527418,-5.4));
#4767=CARTESIAN_POINT('Ctrl Pts',(181.471501567702,-131.335516344093,-5.4));
#4768=CARTESIAN_POINT('Ctrl Pts',(180.909359485174,-131.041198037648,-5.4));
#4769=CARTESIAN_POINT('Ctrl Pts',(180.420256359866,-130.702886238992,-5.4));
#4770=CARTESIAN_POINT('Ctrl Pts',(180.138265924103,-130.455889448696,-5.4));
#4771=CARTESIAN_POINT('Ctrl Pts',(180.004732389368,-130.325346742634,-5.4));
#4772=CARTESIAN_POINT('',(183.45375336404,-131.749786120292,-5.4));
#4773=CARTESIAN_POINT('Ctrl Pts',(183.465993316557,-131.679064651283,-5.99999999999999));
#4774=CARTESIAN_POINT('Ctrl Pts',(183.465758102843,-131.668639577089,-5.97176536210456));
#4775=CARTESIAN_POINT('Ctrl Pts',(183.464826410867,-131.64935076449,-5.91479421181528));
#4776=CARTESIAN_POINT('Ctrl Pts',(183.461872648943,-131.630351286475,-5.80717791683683));
#4777=CARTESIAN_POINT('Ctrl Pts',(183.455967322357,-131.726006349694,-5.62489076735713));
#4778=CARTESIAN_POINT('Ctrl Pts',(183.454342641525,-131.749791570945,-5.47853981633974));
#4779=CARTESIAN_POINT('Ctrl Pts',(183.45375336404,-131.749786120292,-5.4));
#4780=CARTESIAN_POINT('',(180.004732389368,-130.325346742634,-5.4));
#4781=CARTESIAN_POINT('Ctrl Pts',(183.45375336404,-131.749786120292,-5.4));
#4782=CARTESIAN_POINT('Ctrl Pts',(183.364416815123,-131.748959781973,-5.4));
#4783=CARTESIAN_POINT('Ctrl Pts',(183.275097684419,-131.745738231878,-5.4));
#4784=CARTESIAN_POINT('Ctrl Pts',(183.18593467631,-131.740126548742,-5.4));
#4785=CARTESIAN_POINT('Ctrl Pts',(183.093390394177,-131.73430205719,-5.4));
#4786=CARTESIAN_POINT('Ctrl Pts',(183.001015011373,-131.725901642918,-5.4));
#4787=CARTESIAN_POINT('Ctrl Pts',(182.90901898469,-131.714951302837,-5.4));
#4788=CARTESIAN_POINT('Ctrl Pts',(182.814073951123,-131.703649940766,-5.4));
#4789=CARTESIAN_POINT('Ctrl Pts',(182.71953413742,-131.689631625752,-5.4));
#4790=CARTESIAN_POINT('Ctrl Pts',(182.625674226079,-131.672961958116,-5.4));
#4791=CARTESIAN_POINT('Ctrl Pts',(182.529947346559,-131.655960714,-5.4));
#4792=CARTESIAN_POINT('Ctrl Pts',(182.434929227521,-131.636201075709,-5.4));
#4793=CARTESIAN_POINT('Ctrl Pts',(182.340934687829,-131.613801764271,-5.4));
#4794=CARTESIAN_POINT('Ctrl Pts',(182.246683951496,-131.591341400048,-5.4));
#4795=CARTESIAN_POINT('Ctrl Pts',(182.153464037251,-131.566227060222,-5.4));
#4796=CARTESIAN_POINT('Ctrl Pts',(182.061591224762,-131.538630304724,-5.4));
#4797=CARTESIAN_POINT('Ctrl Pts',(181.971046626258,-131.511432518144,-5.4));
#4798=CARTESIAN_POINT('Ctrl Pts',(181.881811861036,-131.481824264582,-5.4));
#4799=CARTESIAN_POINT('Ctrl Pts',(181.794165870373,-131.45001382149,-5.4));
#4800=CARTESIAN_POINT('Ctrl Pts',(181.708882182015,-131.419060757983,-5.4));
#4801=CARTESIAN_POINT('Ctrl Pts',(181.625103714709,-131.386023629942,-5.4));
#4802=CARTESIAN_POINT('Ctrl Pts',(181.543047848994,-131.35112358872,-5.4));
#4803=CARTESIAN_POINT('Ctrl Pts',(181.465143935121,-131.3179894577,-5.4));
#4804=CARTESIAN_POINT('Ctrl Pts',(181.388793028374,-131.283177211387,-5.4));
#4805=CARTESIAN_POINT('Ctrl Pts',(181.314136525355,-131.246887909456,-5.4));
#4806=CARTESIAN_POINT('Ctrl Pts',(181.241996417571,-131.211821785987,-5.4));
#4807=CARTESIAN_POINT('Ctrl Pts',(181.171438569954,-131.175377400151,-5.4));
#4808=CARTESIAN_POINT('Ctrl Pts',(181.102544348479,-131.137733628992,-5.4));
#4809=CARTESIAN_POINT('Ctrl Pts',(181.035873874243,-131.10130491231,-5.4));
#4810=CARTESIAN_POINT('Ctrl Pts',(180.970761334082,-131.063753764054,-5.4));
#4811=CARTESIAN_POINT('Ctrl Pts',(180.90723561445,-131.025227811594,-5.4));
#4812=CARTESIAN_POINT('Ctrl Pts',(180.845625421597,-130.987863553862,-5.4));
#4813=CARTESIAN_POINT('Ctrl Pts',(180.785507653046,-130.949583044996,-5.4));
#4814=CARTESIAN_POINT('Ctrl Pts',(180.726867057122,-130.910496807008,-5.4));
#4815=CARTESIAN_POINT('Ctrl Pts',(180.669859005117,-130.872498723039,-5.4));
#4816=CARTESIAN_POINT('Ctrl Pts',(180.614246812892,-130.833739689091,-5.4));
#4817=CARTESIAN_POINT('Ctrl Pts',(180.559979108004,-130.794289449907,-5.4));
#4818=CARTESIAN_POINT('Ctrl Pts',(180.507787227291,-130.756348243772,-5.4));
#4819=CARTESIAN_POINT('Ctrl Pts',(180.456838635843,-130.717768048611,-5.4));
#4820=CARTESIAN_POINT('Ctrl Pts',(180.407056440821,-130.678574822978,-5.4));
#4821=CARTESIAN_POINT('Ctrl Pts',(180.358258203556,-130.640156261425,-5.4));
#4822=CARTESIAN_POINT('Ctrl Pts',(180.310580465539,-130.6011490464,-5.4));
#4823=CARTESIAN_POINT('Ctrl Pts',(180.263924113769,-130.561536810599,-5.4));
#4824=CARTESIAN_POINT('Ctrl Pts',(180.218678229101,-130.523122091393,-5.4));
#4825=CARTESIAN_POINT('Ctrl Pts',(180.174392601736,-130.484138613068,-5.4));
#4826=CARTESIAN_POINT('Ctrl Pts',(180.130955574721,-130.444528340735,-5.4));
#4827=CARTESIAN_POINT('Ctrl Pts',(180.088096649852,-130.405445240381,-5.4));
#4828=CARTESIAN_POINT('Ctrl Pts',(180.046063604355,-130.365752238228,-5.4));
#4829=CARTESIAN_POINT('Ctrl Pts',(180.004732389368,-130.325346742634,-5.4));
#4830=CARTESIAN_POINT('Origin',(179.585300276092,-130.75438835175,-5.4));
#4831=CARTESIAN_POINT('Ctrl Pts',(183.465993316557,-131.679064651283,-5.99999999999999));
#4832=CARTESIAN_POINT('Ctrl Pts',(183.465758102843,-131.668639577089,-5.97176536210456));
#4833=CARTESIAN_POINT('Ctrl Pts',(183.464826410867,-131.64935076449,-5.91479421181528));
#4834=CARTESIAN_POINT('Ctrl Pts',(183.461872648943,-131.630351286475,-5.80717791683683));
#4835=CARTESIAN_POINT('Ctrl Pts',(183.455967322357,-131.726006349694,-5.62489076735713));
#4836=CARTESIAN_POINT('Ctrl Pts',(183.454342641525,-131.749791570945,-5.47853981633974));
#4837=CARTESIAN_POINT('Ctrl Pts',(183.45375336404,-131.749786120292,-5.4));
#4838=CARTESIAN_POINT('Ctrl Pts',(183.580756121346,-131.674461626925,-5.98669006405318));
#4839=CARTESIAN_POINT('Ctrl Pts',(183.5756826311,-131.664532181632,-5.95956458748665));
#4840=CARTESIAN_POINT('Ctrl Pts',(183.569602929903,-131.646709477328,-5.90361724011315));
#4841=CARTESIAN_POINT('Ctrl Pts',(183.572708868617,-131.633823590284,-5.79566822452551));
#4842=CARTESIAN_POINT('Ctrl Pts',(183.585731832498,-131.732257107265,-5.61546081350932));
#4843=CARTESIAN_POINT('Ctrl Pts',(183.629843303643,-131.75138791661,-5.47545448096602));
#4844=CARTESIAN_POINT('Ctrl Pts',(183.682706269481,-131.751903871215,-5.4));
#4845=CARTESIAN_POINT('Ctrl Pts',(183.807874235996,-131.662268094149,-5.96007000693858));
#4846=CARTESIAN_POINT('Ctrl Pts',(183.797680854445,-131.653792037212,-5.9347906085436));
#4847=CARTESIAN_POINT('Ctrl Pts',(183.787775731213,-131.639468609562,-5.88063938419199));
#4848=CARTESIAN_POINT('Ctrl Pts',(183.807944361904,-131.639168659056,-5.77208371115611));
#4849=CARTESIAN_POINT('Ctrl Pts',(183.86036285339,-131.736077501391,-5.59799513242301));
#4850=CARTESIAN_POINT('Ctrl Pts',(183.997415294346,-131.738197570938,-5.47079717190396));
#4851=CARTESIAN_POINT('Ctrl Pts',(184.141300501003,-131.724591982986,-5.4));
#4852=CARTESIAN_POINT('Ctrl Pts',(184.186065804707,-131.633093521492,-5.92053811431621));
#4853=CARTESIAN_POINT('Ctrl Pts',(184.176647826142,-131.627281508482,-5.89705142107663));
#4854=CARTESIAN_POINT('Ctrl Pts',(184.175503135718,-131.618409786566,-5.84467721541902));
#4855=CARTESIAN_POINT('Ctrl Pts',(184.228749256786,-131.630752753634,-5.73630913989844));
#4856=CARTESIAN_POINT('Ctrl Pts',(184.347502809983,-131.697925948641,-5.57785895335216));
#4857=CARTESIAN_POINT('Ctrl Pts',(184.602254795121,-131.645734297349,-5.46644794777146));
#4858=CARTESIAN_POINT('Ctrl Pts',(184.813015976159,-131.590376706148,-5.4));
#4859=CARTESIAN_POINT('Ctrl Pts',(184.659699173847,-131.579932646842,-5.88228938306024));
#4860=CARTESIAN_POINT('Ctrl Pts',(184.655934122936,-131.576229210209,-5.85972665395234));
#4861=CARTESIAN_POINT('Ctrl Pts',(184.673023877671,-131.569718567668,-5.80835100061312));
#4862=CARTESIAN_POINT('Ctrl Pts',(184.755090544081,-131.578384447337,-5.70322858164006));
#4863=CARTESIAN_POINT('Ctrl Pts',(184.934246757668,-131.579786828376,-5.56467777134935));
#4864=CARTESIAN_POINT('Ctrl Pts',(185.236972630814,-131.460145197912,-5.46253380960485));
#4865=CARTESIAN_POINT('Ctrl Pts',(185.443329102484,-131.372254648028,-5.4));
#4866=CARTESIAN_POINT('Ctrl Pts',(185.316402107949,-131.465433090755,-5.84784812277204));
#4867=CARTESIAN_POINT('Ctrl Pts',(185.320044176701,-131.45900342002,-5.82580136327647));
#4868=CARTESIAN_POINT('Ctrl Pts',(185.346242145049,-131.443464957283,-5.77588306102786));
#4869=CARTESIAN_POINT('Ctrl Pts',(185.419897173006,-131.421542458288,-5.67762337521224));
#4870=CARTESIAN_POINT('Ctrl Pts',(185.606339173525,-131.33351698359,-5.55531295035257));
#4871=CARTESIAN_POINT('Ctrl Pts',(185.859010618253,-131.179422389811,-5.4572057083824));
#4872=CARTESIAN_POINT('Ctrl Pts',(186.010819262179,-131.088385126755,-5.4));
#4873=CARTESIAN_POINT('Ctrl Pts',(186.226773026016,-131.158268530356,-5.82593113770473));
#4874=CARTESIAN_POINT('Ctrl Pts',(186.205155376547,-131.1495638624,-5.80389693407445));
#4875=CARTESIAN_POINT('Ctrl Pts',(186.172749775595,-131.129204307939,-5.75390880296724));
#4876=CARTESIAN_POINT('Ctrl Pts',(186.180751977486,-131.071050907795,-5.65819720258777));
#4877=CARTESIAN_POINT('Ctrl Pts',(186.291688126578,-130.941293037629,-5.54251556950098));
#4878=CARTESIAN_POINT('Ctrl Pts',(186.430099420554,-130.820410002379,-5.44959713566189));
#4879=CARTESIAN_POINT('Ctrl Pts',(186.506096747221,-130.759178575931,-5.4));
#4880=CARTESIAN_POINT('Ctrl Pts',(186.773151627625,-130.777205216273,-5.82426406871193));
#4881=CARTESIAN_POINT('Ctrl Pts',(186.746034314299,-130.768220197352,-5.7991295488178));
#4882=CARTESIAN_POINT('Ctrl Pts',(186.704968258068,-130.742088469075,-5.74308781468405));
#4883=CARTESIAN_POINT('Ctrl Pts',(186.692843719386,-130.675673374043,-5.64235616333789));
#4884=CARTESIAN_POINT('Ctrl Pts',(186.726040529695,-130.592796751546,-5.52708285670488));
#4885=CARTESIAN_POINT('Ctrl Pts',(186.767802158873,-130.540808779251,-5.44299423742173));
#4886=CARTESIAN_POINT('Ctrl Pts',(186.792607847201,-130.517440267284,-5.4));
#4887=CARTESIAN_POINT('Ctrl Pts',(187.049036593763,-130.517304299703,-5.82426406871193));
#4888=CARTESIAN_POINT('Ctrl Pts',(187.029995878661,-130.497092570132,-5.79649605034844));
#4889=CARTESIAN_POINT('Ctrl Pts',(186.995665658036,-130.460651022023,-5.73549102316015));
#4890=CARTESIAN_POINT('Ctrl Pts',(186.957400824278,-130.420032879906,-5.63109018228742));
#4891=CARTESIAN_POINT('Ctrl Pts',(186.933837538697,-130.395020439279,-5.51780860420453));
#4892=CARTESIAN_POINT('Ctrl Pts',(186.928533295438,-130.389389982136,-5.43926990816987));
#4893=CARTESIAN_POINT('Ctrl Pts',(186.928533295438,-130.389389982136,-5.4));
#4894=CARTESIAN_POINT('',(187.049036593763,-130.517304299703,-5.82426406871193));
#4895=CARTESIAN_POINT('Ctrl Pts',(183.465993316557,-131.679064651283,-5.99999999999999));
#4896=CARTESIAN_POINT('Ctrl Pts',(183.580756121346,-131.674461626925,-5.98669006405318));
#4897=CARTESIAN_POINT('Ctrl Pts',(183.807874235996,-131.662268094149,-5.96007000693858));
#4898=CARTESIAN_POINT('Ctrl Pts',(184.186065804707,-131.633093521492,-5.92053811431621));
#4899=CARTESIAN_POINT('Ctrl Pts',(184.659699173847,-131.579932646842,-5.88228938306024));
#4900=CARTESIAN_POINT('Ctrl Pts',(185.316402107949,-131.465433090755,-5.84784812277204));
#4901=CARTESIAN_POINT('Ctrl Pts',(186.226773026016,-131.158268530356,-5.82593113770473));
#4902=CARTESIAN_POINT('Ctrl Pts',(186.773151627625,-130.777205216273,-5.82426406871193));
#4903=CARTESIAN_POINT('Ctrl Pts',(187.049036593763,-130.517304299703,-5.82426406871193));
#4904=CARTESIAN_POINT('',(186.928533295438,-130.389389982136,-5.4));
#4905=CARTESIAN_POINT('Origin',(187.33995729089,-130.826116779993,-5.4));
#4906=CARTESIAN_POINT('Ctrl Pts',(186.928533295438,-130.389389982136,-5.4));
#4907=CARTESIAN_POINT('Ctrl Pts',(186.886297320924,-130.429178915336,-5.4));
#4908=CARTESIAN_POINT('Ctrl Pts',(186.843367412922,-130.468236846254,-5.4));
#4909=CARTESIAN_POINT('Ctrl Pts',(186.799616195755,-130.506665138219,-5.4));
#4910=CARTESIAN_POINT('Ctrl Pts',(186.754850027975,-130.545984898377,-5.4));
#4911=CARTESIAN_POINT('Ctrl Pts',(186.709223673328,-130.584645195154,-5.4));
#4912=CARTESIAN_POINT('Ctrl Pts',(186.662620011175,-130.622703792561,-5.4));
#4913=CARTESIAN_POINT('Ctrl Pts',(186.613411449285,-130.662889665504,-5.4));
#4914=CARTESIAN_POINT('Ctrl Pts',(186.563112797523,-130.702404597193,-5.4));
#4915=CARTESIAN_POINT('Ctrl Pts',(186.511613993517,-130.741263102585,-5.4));
#4916=CARTESIAN_POINT('Ctrl Pts',(186.459602652772,-130.780508343398,-5.4));
#4917=CARTESIAN_POINT('Ctrl Pts',(186.40636692674,-130.819083472491,-5.4));
#4918=CARTESIAN_POINT('Ctrl Pts',(186.35182618673,-130.856955977446,-5.4));
#4919=CARTESIAN_POINT('Ctrl Pts',(186.295719940135,-130.895915553384,-5.4));
#4920=CARTESIAN_POINT('Ctrl Pts',(186.238232407571,-130.934131084659,-5.4));
#4921=CARTESIAN_POINT('Ctrl Pts',(186.179314364139,-130.971525143608,-5.4));
#4922=CARTESIAN_POINT('Ctrl Pts',(186.118558292612,-131.010085760829,-5.4));
#4923=CARTESIAN_POINT('Ctrl Pts',(186.056280829192,-131.047772229364,-5.4));
#4924=CARTESIAN_POINT('Ctrl Pts',(185.992472490103,-131.084464313624,-5.4));
#4925=CARTESIAN_POINT('Ctrl Pts',(185.926522092449,-131.122388158411,-5.4));
#4926=CARTESIAN_POINT('Ctrl Pts',(185.858936157573,-131.159248968812,-5.4));
#4927=CARTESIAN_POINT('Ctrl Pts',(185.789754144173,-131.194887620541,-5.4));
#4928=CARTESIAN_POINT('Ctrl Pts',(185.718131282092,-131.231783659152,-5.4));
#4929=CARTESIAN_POINT('Ctrl Pts',(185.644797726613,-131.267368852686,-5.4));
#4930=CARTESIAN_POINT('Ctrl Pts',(185.569851248302,-131.301452055103,-5.4));
#4931=CARTESIAN_POINT('Ctrl Pts',(185.490706969097,-131.33744427981,-5.4));
#4932=CARTESIAN_POINT('Ctrl Pts',(185.409764105023,-131.371760397933,-5.4));
#4933=CARTESIAN_POINT('Ctrl Pts',(185.327196809263,-131.404175740152,-5.4));
#4934=CARTESIAN_POINT('Ctrl Pts',(185.242346847707,-131.43748724098,-5.4));
#4935=CARTESIAN_POINT('Ctrl Pts',(185.155782118503,-131.468790207558,-5.4));
#4936=CARTESIAN_POINT('Ctrl Pts',(185.067745750298,-131.497859861287,-5.4));
#4937=CARTESIAN_POINT('Ctrl Pts',(184.978061016578,-131.527473806152,-5.4));
#4938=CARTESIAN_POINT('Ctrl Pts',(184.886850212619,-131.554769019065,-5.4));
#4939=CARTESIAN_POINT('Ctrl Pts',(184.794410970319,-131.579544516817,-5.4));
#4940=CARTESIAN_POINT('Ctrl Pts',(184.701478560738,-131.604452192901,-5.4));
#4941=CARTESIAN_POINT('Ctrl Pts',(184.607306122014,-131.626812663655,-5.4));
#4942=CARTESIAN_POINT('Ctrl Pts',(184.512215693325,-131.646470094893,-5.4));
#4943=CARTESIAN_POINT('Ctrl Pts',(184.418937041011,-131.665752989284,-5.4));
#4944=CARTESIAN_POINT('Ctrl Pts',(184.324776604045,-131.68243502182,-5.4));
#4945=CARTESIAN_POINT('Ctrl Pts',(184.230033957342,-131.69641793838,-5.4));
#4946=CARTESIAN_POINT('Ctrl Pts',(184.137703470405,-131.710044848116,-5.4));
#4947=CARTESIAN_POINT('Ctrl Pts',(184.044821327667,-131.721108923998,-5.4));
#4948=CARTESIAN_POINT('Ctrl Pts',(183.951639857087,-131.729560366086,-5.4));
#4949=CARTESIAN_POINT('Ctrl Pts',(183.862844057785,-131.737614033309,-5.4));
#4950=CARTESIAN_POINT('Ctrl Pts',(183.773777204463,-131.743296089016,-5.4));
#4951=CARTESIAN_POINT('Ctrl Pts',(183.684620387646,-131.746590368688,-5.4));
#4952=CARTESIAN_POINT('Ctrl Pts',(183.60770316645,-131.749432404185,-5.4));
#4953=CARTESIAN_POINT('Ctrl Pts',(183.530718723726,-131.750498028539,-5.4));
#4954=CARTESIAN_POINT('Ctrl Pts',(183.45375336404,-131.749786120292,-5.4));
#4955=CARTESIAN_POINT('Ctrl Pts',(183.465993316557,-131.679064651283,-5.99999999999999));
#4956=CARTESIAN_POINT('Ctrl Pts',(183.580756121346,-131.674461626925,-5.98669006405318));
#4957=CARTESIAN_POINT('Ctrl Pts',(183.807874235996,-131.662268094149,-5.96007000693858));
#4958=CARTESIAN_POINT('Ctrl Pts',(184.186065804707,-131.633093521492,-5.92053811431621));
#4959=CARTESIAN_POINT('Ctrl Pts',(184.659699173847,-131.579932646842,-5.88228938306024));
#4960=CARTESIAN_POINT('Ctrl Pts',(185.316402107949,-131.465433090755,-5.84784812277204));
#4961=CARTESIAN_POINT('Ctrl Pts',(186.226773026016,-131.158268530356,-5.82593113770473));
#4962=CARTESIAN_POINT('Ctrl Pts',(186.773151627625,-130.777205216273,-5.82426406871193));
#4963=CARTESIAN_POINT('Ctrl Pts',(187.049036593763,-130.517304299703,-5.82426406871193));
#4964=CARTESIAN_POINT('Ctrl Pts',(183.709677202754,-131.679725236264,-5.99999999999999));
#4965=CARTESIAN_POINT('Ctrl Pts',(183.814106281945,-131.672991242179,-5.98714949371847));
#4966=CARTESIAN_POINT('Ctrl Pts',(184.026535485845,-131.656869860147,-5.96190353395735));
#4967=CARTESIAN_POINT('Ctrl Pts',(184.394584658884,-131.620282639023,-5.92563426191865));
#4968=CARTESIAN_POINT('Ctrl Pts',(184.86355794285,-131.555763713059,-5.8918689453985));
#4969=CARTESIAN_POINT('Ctrl Pts',(185.511278408429,-131.421429967628,-5.86325936933137));
#4970=CARTESIAN_POINT('Ctrl Pts',(186.355423195828,-131.104250004108,-5.84738291784466));
#4971=CARTESIAN_POINT('Ctrl Pts',(186.832782296015,-130.755560618437,-5.84939858860606));
#4972=CARTESIAN_POINT('Ctrl Pts',(187.068077308864,-130.537516029274,-5.85203208707542));
#4973=CARTESIAN_POINT('Ctrl Pts',(184.202917712888,-131.665702765009,-5.99999999999999));
#4974=CARTESIAN_POINT('Ctrl Pts',(184.293036684618,-131.655632328301,-5.9885263152121));
#4975=CARTESIAN_POINT('Ctrl Pts',(184.484921406282,-131.632514796261,-5.96666503683835));
#4976=CARTESIAN_POINT('Ctrl Pts',(184.839258487659,-131.580359570166,-5.93747282989026));
#4977=CARTESIAN_POINT('Ctrl Pts',(185.29987115586,-131.49085266446,-5.91281134009897));
#4978=CARTESIAN_POINT('Ctrl Pts',(185.912698401975,-131.317629110802,-5.8949213135696));
#4979=CARTESIAN_POINT('Ctrl Pts',(186.602742676521,-130.998321277384,-5.88909805134991));
#4980=CARTESIAN_POINT('Ctrl Pts',(186.948082846199,-130.723933586109,-5.89657856684746));
#4981=CARTESIAN_POINT('Ctrl Pts',(187.109908862245,-130.581920246236,-5.90209754899043));
#4982=CARTESIAN_POINT('Ctrl Pts',(185.06128591156,-131.59197648768,-5.99999999999999));
#4983=CARTESIAN_POINT('Ctrl Pts',(185.148158191597,-131.574362912155,-5.99201039037251));
#4984=CARTESIAN_POINT('Ctrl Pts',(185.339324740294,-131.533064842356,-5.97764445516695));
#4985=CARTESIAN_POINT('Ctrl Pts',(185.684631525339,-131.442317076001,-5.96073416300329));
#4986=CARTESIAN_POINT('Ctrl Pts',(186.092594826839,-131.306975306975,-5.94848240644444));
#4987=CARTESIAN_POINT('Ctrl Pts',(186.541554456857,-131.108232483721,-5.94216679543242));
#4988=CARTESIAN_POINT('Ctrl Pts',(186.924282135349,-130.867198836486,-5.94511100371688));
#4989=CARTESIAN_POINT('Ctrl Pts',(187.095811529842,-130.72315475948,-5.953234530065));
#4990=CARTESIAN_POINT('Ctrl Pts',(187.181497214046,-130.657911321115,-5.95790105220955));
#4991=CARTESIAN_POINT('Ctrl Pts',(186.43780633515,-131.342670085842,-6.));
#4992=CARTESIAN_POINT('Ctrl Pts',(186.48440900992,-131.317168007405,-5.9966218576395));
#4993=CARTESIAN_POINT('Ctrl Pts',(186.58061096325,-131.261574141215,-5.99104092589711));
#4994=CARTESIAN_POINT('Ctrl Pts',(186.733506693874,-131.162161687674,-5.9856028785894));
#4995=CARTESIAN_POINT('Ctrl Pts',(186.888600805796,-131.047305621959,-5.98313549009563));
#4996=CARTESIAN_POINT('Ctrl Pts',(187.025918683832,-130.927443404126,-5.98407119912626));
#4997=CARTESIAN_POINT('Ctrl Pts',(187.134398746686,-130.824132730546,-5.98785577169662));
#4998=CARTESIAN_POINT('Ctrl Pts',(187.218168284164,-130.766256028599,-5.99079532610875));
#4999=CARTESIAN_POINT('Ctrl Pts',(187.259175146489,-130.740366489203,-5.99226455921202));
#5000=CARTESIAN_POINT('Ctrl Pts',(187.036653790726,-131.141361421602,-6.));
#5001=CARTESIAN_POINT('Ctrl Pts',(187.039017830717,-131.124438417467,-6.));
#5002=CARTESIAN_POINT('Ctrl Pts',(187.051338245697,-131.087370180647,-6.));
#5003=CARTESIAN_POINT('Ctrl Pts',(187.087531688281,-131.023973527508,-6.));
#5004=CARTESIAN_POINT('Ctrl Pts',(187.13562088961,-130.958394294425,-6.));
#5005=CARTESIAN_POINT('Ctrl Pts',(187.191392836018,-130.895654305193,-6.));
#5006=CARTESIAN_POINT('Ctrl Pts',(187.25081041675,-130.841998554281,-6.));
#5007=CARTESIAN_POINT('Ctrl Pts',(187.292704667897,-130.811563792778,-6.));
#5008=CARTESIAN_POINT('Ctrl Pts',(187.313029653356,-130.797533077914,-6.));
#5009=CARTESIAN_POINT('Ctrl Pts',(187.276134261159,-131.04108823511,-6.));
#5010=CARTESIAN_POINT('Ctrl Pts',(187.270203167104,-131.028469269096,-6.));
#5011=CARTESIAN_POINT('Ctrl Pts',(187.261356722357,-131.002045041442,-6.));
#5012=CARTESIAN_POINT('Ctrl Pts',(187.257880338756,-130.9617214483,-6.));
#5013=CARTESIAN_POINT('Ctrl Pts',(187.264788411708,-130.923524408779,-6.));
#5014=CARTESIAN_POINT('Ctrl Pts',(187.282149596535,-130.887948150411,-6.));
#5015=CARTESIAN_POINT('Ctrl Pts',(187.30749984067,-130.856702121849,-6.));
#5016=CARTESIAN_POINT('Ctrl Pts',(187.329024531207,-130.836416124325,-6.));
#5017=CARTESIAN_POINT('Ctrl Pts',(187.33995729089,-130.826116779993,-6.));
#5018=CARTESIAN_POINT('',(187.276134261159,-131.04108823511,-6.));
#5019=CARTESIAN_POINT('Ctrl Pts',(183.465993316557,-131.679064651283,-5.99999999999999));
#5020=CARTESIAN_POINT('Ctrl Pts',(183.709677202754,-131.679725236264,-5.99999999999999));
#5021=CARTESIAN_POINT('Ctrl Pts',(184.202917712888,-131.665702765009,-5.99999999999999));
#5022=CARTESIAN_POINT('Ctrl Pts',(185.06128591156,-131.59197648768,-5.99999999999999));
#5023=CARTESIAN_POINT('Ctrl Pts',(186.43780633515,-131.342670085842,-6.));
#5024=CARTESIAN_POINT('Ctrl Pts',(187.036653790726,-131.141361421602,-6.));
#5025=CARTESIAN_POINT('Ctrl Pts',(187.276134261159,-131.04108823511,-6.));
#5026=CARTESIAN_POINT('',(187.33995729089,-130.826116779993,-6.));
#5027=CARTESIAN_POINT('Ctrl Pts',(187.276134261159,-131.04108823511,-6.));
#5028=CARTESIAN_POINT('Ctrl Pts',(187.271133707954,-131.030449083148,-6.));
#5029=CARTESIAN_POINT('Ctrl Pts',(187.267202581981,-131.019394852627,-6.));
#5030=CARTESIAN_POINT('Ctrl Pts',(187.264421732715,-131.008195480524,-6.));
#5031=CARTESIAN_POINT('Ctrl Pts',(187.262232933044,-130.999380482075,-6.));
#5032=CARTESIAN_POINT('Ctrl Pts',(187.260755802267,-130.990476336745,-6.));
#5033=CARTESIAN_POINT('Ctrl Pts',(187.260018468867,-130.98163510806,-6.));
#5034=CARTESIAN_POINT('Ctrl Pts',(187.259387223756,-130.97406596446,-6.));
#5035=CARTESIAN_POINT('Ctrl Pts',(187.259297975044,-130.966548321914,-6.));
#5036=CARTESIAN_POINT('Ctrl Pts',(187.259767661639,-130.959143983651,-6.));
#5037=CARTESIAN_POINT('Ctrl Pts',(187.26030936514,-130.950604340418,-6.));
#5038=CARTESIAN_POINT('Ctrl Pts',(187.261597072538,-130.942212995626,-6.));
#5039=CARTESIAN_POINT('Ctrl Pts',(187.263634619394,-130.934006954316,-6.));
#5040=CARTESIAN_POINT('Ctrl Pts',(187.265388138725,-130.92694480896,-6.));
#5041=CARTESIAN_POINT('Ctrl Pts',(187.267697577529,-130.920017207558,-6.));
#5042=CARTESIAN_POINT('Ctrl Pts',(187.270530885016,-130.91324812792,-6.));
#5043=CARTESIAN_POINT('Ctrl Pts',(187.273929969088,-130.90512734651,-6.));
#5044=CARTESIAN_POINT('Ctrl Pts',(187.278083921744,-130.897235073369,-6.));
#5045=CARTESIAN_POINT('Ctrl Pts',(187.282853379148,-130.889659563692,-6.));
#5046=CARTESIAN_POINT('Ctrl Pts',(187.286178485343,-130.884378171695,-6.));
#5047=CARTESIAN_POINT('Ctrl Pts',(187.289802093331,-130.87925059773,-6.));
#5048=CARTESIAN_POINT('Ctrl Pts',(187.293700550432,-130.874241383091,-6.));
#5049=CARTESIAN_POINT('Ctrl Pts',(187.29818963093,-130.86847326325,-6.));
#5050=CARTESIAN_POINT('Ctrl Pts',(187.303047007729,-130.862858515284,-6.));
#5051=CARTESIAN_POINT('Ctrl Pts',(187.308231756225,-130.857292803398,-6.));
#5052=CARTESIAN_POINT('Ctrl Pts',(187.312402364264,-130.852815748677,-6.));
#5053=CARTESIAN_POINT('Ctrl Pts',(187.316785704988,-130.848368154051,-6.));
#5054=CARTESIAN_POINT('Ctrl Pts',(187.321328820255,-130.843906852367,-6.));
#5055=CARTESIAN_POINT('Ctrl Pts',(187.325279424034,-130.840027392072,-6.));
#5056=CARTESIAN_POINT('Ctrl Pts',(187.329350999001,-130.83613698791,-6.));
#5057=CARTESIAN_POINT('Ctrl Pts',(187.333476597025,-130.832231739725,-6.));
#5058=CARTESIAN_POINT('Ctrl Pts',(187.335627328667,-130.830195879519,-6.));
#5059=CARTESIAN_POINT('Ctrl Pts',(187.337792169502,-130.828156459941,-6.));
#5060=CARTESIAN_POINT('Ctrl Pts',(187.33995729089,-130.826116779993,-6.));
#5061=CARTESIAN_POINT('Origin',(187.33995729089,-130.826116779993,-5.4));
#5062=CARTESIAN_POINT('Ctrl Pts',(188.429117283956,-126.715960793628,-6.));
#5063=CARTESIAN_POINT('Ctrl Pts',(188.424516115582,-126.830694918072,-5.9866900640532));
#5064=CARTESIAN_POINT('Ctrl Pts',(188.412324961802,-127.057768824121,-5.96007000693859));
#5065=CARTESIAN_POINT('Ctrl Pts',(188.383192550177,-127.435947879296,-5.92053811431622));
#5066=CARTESIAN_POINT('Ctrl Pts',(188.330041594691,-127.909658848863,-5.88228938306025));
#5067=CARTESIAN_POINT('Ctrl Pts',(188.215138186529,-128.566508981204,-5.84784812277205));
#5068=CARTESIAN_POINT('Ctrl Pts',(187.908592811476,-129.476404547113,-5.82593113770473));
#5069=CARTESIAN_POINT('Ctrl Pts',(187.527205216273,-130.023151627625,-5.82426406871193));
#5070=CARTESIAN_POINT('Ctrl Pts',(187.267304299703,-130.299036593763,-5.82426406871193));
#5071=CARTESIAN_POINT('Ctrl Pts',(188.4187028506,-126.715664987243,-5.97176536210457));
#5072=CARTESIAN_POINT('Ctrl Pts',(188.414592078524,-126.825571442244,-5.95956458748666));
#5073=CARTESIAN_POINT('Ctrl Pts',(188.403852495226,-127.047553198249,-5.93479060854361));
#5074=CARTESIAN_POINT('Ctrl Pts',(188.37739455713,-127.426545212413,-5.89705142107664));
#5075=CARTESIAN_POINT('Ctrl Pts',(188.326223430142,-127.905959386986,-5.85972665395235));
#5076=CARTESIAN_POINT('Ctrl Pts',(188.208763485392,-128.570078482983,-5.82580136327648));
#5077=CARTESIAN_POINT('Ctrl Pts',(187.89986442022,-129.454853368272,-5.80389693407445));
#5078=CARTESIAN_POINT('Ctrl Pts',(187.518220197352,-129.996034314299,-5.7991295488178));
#5079=CARTESIAN_POINT('Ctrl Pts',(187.247092570132,-130.279995878661,-5.79649605034844));
#5080=CARTESIAN_POINT('Ctrl Pts',(188.399370115615,-126.714683515043,-5.9147942118153));
#5081=CARTESIAN_POINT('Ctrl Pts',(188.396740574815,-126.819478986302,-5.90361724011317));
#5082=CARTESIAN_POINT('Ctrl Pts',(188.389535234098,-127.037696397963,-5.880639384192));
#5083=CARTESIAN_POINT('Ctrl Pts',(188.368400881082,-127.425522222764,-5.84467721541903));
#5084=CARTESIAN_POINT('Ctrl Pts',(188.319479500759,-127.92311943105,-5.80835100061314));
#5085=CARTESIAN_POINT('Ctrl Pts',(188.193526234027,-128.596084306067,-5.77588306102787));
#5086=CARTESIAN_POINT('Ctrl Pts',(187.879328963546,-129.422639066515,-5.75390880296724));
#5087=CARTESIAN_POINT('Ctrl Pts',(187.492088469075,-129.954968258068,-5.74308781468405));
#5088=CARTESIAN_POINT('Ctrl Pts',(187.210651022023,-130.245665658036,-5.73549102316014));
#5089=CARTESIAN_POINT('Ctrl Pts',(188.380337031478,-126.711923705616,-5.80717791683685));
#5090=CARTESIAN_POINT('Ctrl Pts',(188.383795119668,-126.822765176263,-5.79566822452552));
#5091=CARTESIAN_POINT('Ctrl Pts',(188.38909342775,-127.058006890474,-5.77208371115613));
#5092=CARTESIAN_POINT('Ctrl Pts',(188.380661057651,-127.478774129903,-5.73630913989845));
#5093=CARTESIAN_POINT('Ctrl Pts',(188.3284258271,-128.005014955275,-5.70322858164007));
#5094=CARTESIAN_POINT('Ctrl Pts',(188.171626876474,-128.669816297423,-5.67762337521225));
#5095=CARTESIAN_POINT('Ctrl Pts',(187.821048227746,-129.430754079185,-5.65819720258778));
#5096=CARTESIAN_POINT('Ctrl Pts',(187.425673374043,-129.942843719386,-5.64235616333789));
#5097=CARTESIAN_POINT('Ctrl Pts',(187.170032879906,-130.207400824278,-5.63109018228741));
#5098=CARTESIAN_POINT('Ctrl Pts',(188.476007372141,-126.705951741986,-5.62489076735715));
#5099=CARTESIAN_POINT('Ctrl Pts',(188.482262577715,-126.835711714879,-5.61546081350934));
#5100=CARTESIAN_POINT('Ctrl Pts',(188.486100785919,-127.11033340495,-5.59799513242303));
#5101=CARTESIAN_POINT('Ctrl Pts',(188.447966571651,-127.597473624008,-5.57785895335217));
#5102=CARTESIAN_POINT('Ctrl Pts',(188.329794288099,-128.184245824517,-5.56467777134937));
#5103=CARTESIAN_POINT('Ctrl Pts',(188.083503967258,-128.856350720259,-5.55531295035257));
#5104=CARTESIAN_POINT('Ctrl Pts',(187.691294268397,-129.541687135791,-5.54251556950098));
#5105=CARTESIAN_POINT('Ctrl Pts',(187.342796751546,-129.976040529695,-5.52708285670488));
#5106=CARTESIAN_POINT('Ctrl Pts',(187.145020439279,-130.183837538697,-5.51780860420453));
#5107=CARTESIAN_POINT('Ctrl Pts',(188.499791570945,-126.704342641525,-5.47853981633975));
#5108=CARTESIAN_POINT('Ctrl Pts',(188.50138791661,-126.879843303643,-5.47545448096603));
#5109=CARTESIAN_POINT('Ctrl Pts',(188.488197570938,-127.247415294346,-5.47079717190397));
#5110=CARTESIAN_POINT('Ctrl Pts',(188.395734297349,-127.852254795121,-5.46644794777147));
#5111=CARTESIAN_POINT('Ctrl Pts',(188.210145197912,-128.486972630814,-5.46253380960486));
#5112=CARTESIAN_POINT('Ctrl Pts',(187.929422389811,-129.109010618253,-5.4572057083824));
#5113=CARTESIAN_POINT('Ctrl Pts',(187.570410002379,-129.680099420554,-5.44959713566189));
#5114=CARTESIAN_POINT('Ctrl Pts',(187.290808779251,-130.017802158873,-5.44299423742173));
#5115=CARTESIAN_POINT('Ctrl Pts',(187.139389982137,-130.178533295438,-5.43926990816987));
#5116=CARTESIAN_POINT('Ctrl Pts',(188.499786120292,-126.70375336404,-5.4));
#5117=CARTESIAN_POINT('Ctrl Pts',(188.501903871215,-126.932706269481,-5.4));
#5118=CARTESIAN_POINT('Ctrl Pts',(188.474591982986,-127.391300501003,-5.4));
#5119=CARTESIAN_POINT('Ctrl Pts',(188.340376706148,-128.063015976159,-5.4));
#5120=CARTESIAN_POINT('Ctrl Pts',(188.122254648028,-128.693329102484,-5.4));
#5121=CARTESIAN_POINT('Ctrl Pts',(187.838385126755,-129.260819262179,-5.4));
#5122=CARTESIAN_POINT('Ctrl Pts',(187.509178575931,-129.756096747221,-5.4));
#5123=CARTESIAN_POINT('Ctrl Pts',(187.267440267284,-130.042607847201,-5.4));
#5124=CARTESIAN_POINT('Ctrl Pts',(187.139389982137,-130.178533295438,-5.4));
#5125=CARTESIAN_POINT('',(188.429117283956,-126.715960793628,-6.));
#5126=CARTESIAN_POINT('',(187.267304299703,-130.299036593763,-5.82426406871193));
#5127=CARTESIAN_POINT('Ctrl Pts',(188.429117283956,-126.715960793628,-6.));
#5128=CARTESIAN_POINT('Ctrl Pts',(188.424516115582,-126.830694918072,-5.9866900640532));
#5129=CARTESIAN_POINT('Ctrl Pts',(188.412324961802,-127.057768824121,-5.96007000693859));
#5130=CARTESIAN_POINT('Ctrl Pts',(188.383192550177,-127.435947879296,-5.92053811431622));
#5131=CARTESIAN_POINT('Ctrl Pts',(188.330041594691,-127.909658848863,-5.88228938306025));
#5132=CARTESIAN_POINT('Ctrl Pts',(188.215138186529,-128.566508981204,-5.84784812277205));
#5133=CARTESIAN_POINT('Ctrl Pts',(187.908592811476,-129.476404547113,-5.82593113770473));
#5134=CARTESIAN_POINT('Ctrl Pts',(187.527205216273,-130.023151627625,-5.82426406871193));
#5135=CARTESIAN_POINT('Ctrl Pts',(187.267304299703,-130.299036593763,-5.82426406871193));
#5136=CARTESIAN_POINT('',(188.499786120292,-126.70375336404,-5.4));
#5137=CARTESIAN_POINT('Ctrl Pts',(188.429117283956,-126.715960793628,-6.));
#5138=CARTESIAN_POINT('Ctrl Pts',(188.4187028506,-126.715664987243,-5.97176536210457));
#5139=CARTESIAN_POINT('Ctrl Pts',(188.399370115615,-126.714683515043,-5.9147942118153));
#5140=CARTESIAN_POINT('Ctrl Pts',(188.380337031478,-126.711923705616,-5.80717791683685));
#5141=CARTESIAN_POINT('Ctrl Pts',(188.476007372141,-126.705951741986,-5.62489076735715));
#5142=CARTESIAN_POINT('Ctrl Pts',(188.499791570945,-126.704342641525,-5.47853981633975));
#5143=CARTESIAN_POINT('Ctrl Pts',(188.499786120292,-126.70375336404,-5.4));
#5144=CARTESIAN_POINT('',(187.139389982137,-130.178533295438,-5.4));
#5145=CARTESIAN_POINT('Ctrl Pts',(188.499786120292,-126.70375336404,-5.4));
#5146=CARTESIAN_POINT('Ctrl Pts',(188.50061245861,-126.793089912957,-5.4));
#5147=CARTESIAN_POINT('Ctrl Pts',(188.499043672774,-126.882453352941,-5.4));
#5148=CARTESIAN_POINT('Ctrl Pts',(188.495082274913,-126.971704909396,-5.4));
#5149=CARTESIAN_POINT('Ctrl Pts',(188.490970651393,-127.064341097839,-5.4));
#5150=CARTESIAN_POINT('Ctrl Pts',(188.484280421617,-127.156856064919,-5.4));
#5151=CARTESIAN_POINT('Ctrl Pts',(188.475033685046,-127.249038908963,-5.4));
#5152=CARTESIAN_POINT('Ctrl Pts',(188.465490536871,-127.344176748473,-5.4));
#5153=CARTESIAN_POINT('Ctrl Pts',(188.453223404922,-127.438959695275,-5.4));
#5154=CARTESIAN_POINT('Ctrl Pts',(188.438292797257,-127.533111900406,-5.4));
#5155=CARTESIAN_POINT('Ctrl Pts',(188.423065204767,-127.629136887732,-5.4));
#5156=CARTESIAN_POINT('Ctrl Pts',(188.405066579509,-127.724504260244,-5.4));
#5157=CARTESIAN_POINT('Ctrl Pts',(188.384409798721,-127.818897056856,-5.4));
#5158=CARTESIAN_POINT('Ctrl Pts',(188.363696714686,-127.91354713562,-5.4));
#5159=CARTESIAN_POINT('Ctrl Pts',(188.340311041136,-128.007215661548,-5.4));
#5160=CARTESIAN_POINT('Ctrl Pts',(188.314418458153,-128.099583235593,-5.4));
#5161=CARTESIAN_POINT('Ctrl Pts',(188.288900206704,-128.190615442839,-5.4));
#5162=CARTESIAN_POINT('Ctrl Pts',(188.260947671587,-128.280382629403,-5.4));
#5163=CARTESIAN_POINT('Ctrl Pts',(188.230763934801,-128.368602049048,-5.4));
#5164=CARTESIAN_POINT('Ctrl Pts',(188.201393733357,-128.454443710889,-5.4));
#5165=CARTESIAN_POINT('Ctrl Pts',(188.16991198059,-128.538818959961,-5.4));
#5166=CARTESIAN_POINT('Ctrl Pts',(188.136535768939,-128.621506362092,-5.4));
#5167=CARTESIAN_POINT('Ctrl Pts',(188.104848363105,-128.700009857216,-5.4));
#5168=CARTESIAN_POINT('Ctrl Pts',(188.071454401791,-128.776991652481,-5.4));
#5169=CARTESIAN_POINT('Ctrl Pts',(188.036552294735,-128.852306656303,-5.4));
#5170=CARTESIAN_POINT('Ctrl Pts',(188.002826608919,-128.925083069258,-5.4));
#5171=CARTESIAN_POINT('Ctrl Pts',(187.967693628127,-128.996302987679,-5.4));
#5172=CARTESIAN_POINT('Ctrl Pts',(187.931330693698,-129.06588175067,-5.4));
#5173=CARTESIAN_POINT('Ctrl Pts',(187.896141471278,-129.133214670995,-5.4));
#5174=CARTESIAN_POINT('Ctrl Pts',(187.85980119088,-129.199010686393,-5.4));
#5175=CARTESIAN_POINT('Ctrl Pts',(187.822456920278,-129.263238184561,-5.4));
#5176=CARTESIAN_POINT('Ctrl Pts',(187.786238712487,-129.325528994828,-5.4));
#5177=CARTESIAN_POINT('Ctrl Pts',(187.749076803672,-129.386344584835,-5.4));
#5178=CARTESIAN_POINT('Ctrl Pts',(187.711081979058,-129.445698159225,-5.4));
#5179=CARTESIAN_POINT('Ctrl Pts',(187.674144923706,-129.503399340502,-5.4));
#5180=CARTESIAN_POINT('Ctrl Pts',(187.636421228151,-129.559718976778,-5.4));
#5181=CARTESIAN_POINT('Ctrl Pts',(187.597981575482,-129.614707141578,-5.4));
#5182=CARTESIAN_POINT('Ctrl Pts',(187.561012299355,-129.667591923491,-5.4));
#5183=CARTESIAN_POINT('Ctrl Pts',(187.523381145339,-129.719245448798,-5.4));
#5184=CARTESIAN_POINT('Ctrl Pts',(187.485115489899,-129.769744117002,-5.4));
#5185=CARTESIAN_POINT('Ctrl Pts',(187.447606164878,-129.819244666176,-5.4));
#5186=CARTESIAN_POINT('Ctrl Pts',(187.409487560261,-129.86763579665,-5.4));
#5187=CARTESIAN_POINT('Ctrl Pts',(187.370745144925,-129.915016907228,-5.4));
#5188=CARTESIAN_POINT('Ctrl Pts',(187.333173950662,-129.960965640536,-5.4));
#5189=CARTESIAN_POINT('Ctrl Pts',(187.295016331886,-130.005964801669,-5.4));
#5190=CARTESIAN_POINT('Ctrl Pts',(187.256216329054,-130.050127101999,-5.4));
#5191=CARTESIAN_POINT('Ctrl Pts',(187.217932714346,-130.093701647541,-5.4));
#5192=CARTESIAN_POINT('Ctrl Pts',(187.17902402519,-130.136461736899,-5.4));
#5193=CARTESIAN_POINT('Ctrl Pts',(187.139389982137,-130.178533295438,-5.4));
#5194=CARTESIAN_POINT('Origin',(187.576116779993,-130.58995729089,-5.4));
#5195=CARTESIAN_POINT('Ctrl Pts',(188.429117283956,-126.715960793628,-6.));
#5196=CARTESIAN_POINT('Ctrl Pts',(188.4187028506,-126.715664987243,-5.97176536210457));
#5197=CARTESIAN_POINT('Ctrl Pts',(188.399370115615,-126.714683515043,-5.9147942118153));
#5198=CARTESIAN_POINT('Ctrl Pts',(188.380337031478,-126.711923705616,-5.80717791683685));
#5199=CARTESIAN_POINT('Ctrl Pts',(188.476007372141,-126.705951741986,-5.62489076735715));
#5200=CARTESIAN_POINT('Ctrl Pts',(188.499791570945,-126.704342641525,-5.47853981633975));
#5201=CARTESIAN_POINT('Ctrl Pts',(188.499786120292,-126.70375336404,-5.4));
#5202=CARTESIAN_POINT('Ctrl Pts',(188.423899630399,-126.600947780249,-5.9866900640532));
#5203=CARTESIAN_POINT('Ctrl Pts',(188.413856533444,-126.60538128016,-5.95956458748666));
#5204=CARTESIAN_POINT('Ctrl Pts',(188.395726611301,-126.609391266457,-5.90361724011317));
#5205=CARTESIAN_POINT('Ctrl Pts',(188.382347198555,-126.600332193324,-5.79566822452552));
#5206=CARTESIAN_POINT('Ctrl Pts',(188.480022360424,-126.57579391168,-5.61546081350934));
#5207=CARTESIAN_POINT('Ctrl Pts',(188.498194797037,-126.528795681395,-5.47545448096603));
#5208=CARTESIAN_POINT('Ctrl Pts',(188.497668369369,-126.474800458599,-5.4));
#5209=CARTESIAN_POINT('Ctrl Pts',(188.410084833603,-126.373285284892,-5.96007000693859));
#5210=CARTESIAN_POINT('Ctrl Pts',(188.401236131807,-126.382631215449,-5.93479060854361));
#5211=CARTESIAN_POINT('Ctrl Pts',(188.386129232657,-126.390144545081,-5.880639384192));
#5212=CARTESIAN_POINT('Ctrl Pts',(188.384374456926,-126.363544655792,-5.77208371115613));
#5213=CARTESIAN_POINT('Ctrl Pts',(188.479017794373,-126.300568964474,-5.59799513242303));
#5214=CARTESIAN_POINT('Ctrl Pts',(188.478301475358,-126.161416367276,-5.47079717190397));
#5215=CARTESIAN_POINT('Ctrl Pts',(188.4618781409,-126.016789904168,-5.4));
#5216=CARTESIAN_POINT('Ctrl Pts',(188.37673494831,-125.994058301831,-5.92053811431622));
#5217=CARTESIAN_POINT('Ctrl Pts',(188.370202594428,-126.002319767634,-5.89705142107664));
#5218=CARTESIAN_POINT('Ctrl Pts',(188.359861719776,-126.000529473147,-5.84467721541904));
#5219=CARTESIAN_POINT('Ctrl Pts',(188.369196087306,-125.940519936144,-5.73630913989846));
#5220=CARTESIAN_POINT('Ctrl Pts',(188.432055346723,-125.813436204255,-5.57785895335218));
#5221=CARTESIAN_POINT('Ctrl Pts',(188.374750716078,-125.558175762495,-5.46644794777147));
#5222=CARTESIAN_POINT('Ctrl Pts',(188.315260527418,-125.347672055417,-5.4));
#5223=CARTESIAN_POINT('Ctrl Pts',(188.316710248822,-125.519063458296,-5.88228938306025));
#5224=CARTESIAN_POINT('Ctrl Pts',(188.311959861249,-125.521355061289,-5.85972665395236));
#5225=CARTESIAN_POINT('Ctrl Pts',(188.303129187645,-125.500931758025,-5.80835100061314));
#5226=CARTESIAN_POINT('Ctrl Pts',(188.307474376737,-125.412618770393,-5.70322858164008));
#5227=CARTESIAN_POINT('Ctrl Pts',(188.303096578791,-125.22824975208,-5.56467777134938));
#5228=CARTESIAN_POINT('Ctrl Pts',(188.177468562104,-124.926758895383,-5.46253380960486));
#5229=CARTESIAN_POINT('Ctrl Pts',(188.085516344093,-124.721501567702,-5.4));
#5230=CARTESIAN_POINT('Ctrl Pts',(188.190559154216,-124.860648310683,-5.84784812277205));
#5231=CARTESIAN_POINT('Ctrl Pts',(188.182750388275,-124.855467752154,-5.82580136327649));
#5232=CARTESIAN_POINT('Ctrl Pts',(188.164389742362,-124.826235076757,-5.77588306102788));
#5233=CARTESIAN_POINT('Ctrl Pts',(188.137886313142,-124.748083676323,-5.67762337521227));
#5234=CARTESIAN_POINT('Ctrl Pts',(188.044302695019,-124.560177090859,-5.55531295035258));
#5235=CARTESIAN_POINT('Ctrl Pts',(187.885234479141,-124.309781923301,-5.4572057083824));
#5236=CARTESIAN_POINT('Ctrl Pts',(187.791198037648,-124.159359485174,-5.4));
#5237=CARTESIAN_POINT('Ctrl Pts',(187.864057045227,-123.949928980326,-5.82593113770475));
#5238=CARTESIAN_POINT('Ctrl Pts',(187.854558159647,-123.970414101818,-5.80389693407446));
#5239=CARTESIAN_POINT('Ctrl Pts',(187.832656106414,-124.000813469651,-5.75390880296725));
#5240=CARTESIAN_POINT('Ctrl Pts',(187.772039631165,-123.991309505917,-5.65819720258778));
#5241=CARTESIAN_POINT('Ctrl Pts',(187.639272158817,-123.881683717773,-5.542515569501));
#5242=CARTESIAN_POINT('Ctrl Pts',(187.515618814879,-123.745231197552,-5.44959713566189));
#5243=CARTESIAN_POINT('Ctrl Pts',(187.452886238992,-123.670256359866,-5.4));
#5244=CARTESIAN_POINT('Ctrl Pts',(187.468544521035,-123.405547376515,-5.82426406871194));
#5245=CARTESIAN_POINT('Ctrl Pts',(187.45953164266,-123.432283078768,-5.79912954881781));
#5246=CARTESIAN_POINT('Ctrl Pts',(187.433276957359,-123.472918104025,-5.74308781468406));
#5247=CARTESIAN_POINT('Ctrl Pts',(187.366351515803,-123.485506026188,-5.6423561633379));
#5248=CARTESIAN_POINT('Ctrl Pts',(187.282578128505,-123.453544259702,-5.52708285670489));
#5249=CARTESIAN_POINT('Ctrl Pts',(187.229744534834,-123.412667547675,-5.44299423742173));
#5250=CARTESIAN_POINT('Ctrl Pts',(187.205889448696,-123.388265924103,-5.4));
#5251=CARTESIAN_POINT('Ctrl Pts',(187.201010120533,-123.131883567637,-5.82426406871194));
#5252=CARTESIAN_POINT('Ctrl Pts',(187.181154061732,-123.151294898676,-5.79649605034845));
#5253=CARTESIAN_POINT('Ctrl Pts',(187.145353784497,-123.186293336165,-5.73549102316015));
#5254=CARTESIAN_POINT('Ctrl Pts',(187.105450409804,-123.225302971637,-5.63109018228743));
#5255=CARTESIAN_POINT('Ctrl Pts',(187.080878119239,-123.24932490224,-5.51780860420453));
#5256=CARTESIAN_POINT('Ctrl Pts',(187.075346742634,-123.254732389368,-5.43926990816987));
#5257=CARTESIAN_POINT('Ctrl Pts',(187.075346742634,-123.254732389368,-5.4));
#5258=CARTESIAN_POINT('',(187.201010120533,-123.131883567637,-5.82426406871194));
#5259=CARTESIAN_POINT('Ctrl Pts',(188.429117283956,-126.715960793628,-6.));
#5260=CARTESIAN_POINT('Ctrl Pts',(188.423899630399,-126.600947780249,-5.9866900640532));
#5261=CARTESIAN_POINT('Ctrl Pts',(188.410084833603,-126.373285284892,-5.96007000693859));
#5262=CARTESIAN_POINT('Ctrl Pts',(188.37673494831,-125.994058301831,-5.92053811431622));
#5263=CARTESIAN_POINT('Ctrl Pts',(188.316710248822,-125.519063458296,-5.88228938306025));
#5264=CARTESIAN_POINT('Ctrl Pts',(188.190559154216,-124.860648310683,-5.84784812277205));
#5265=CARTESIAN_POINT('Ctrl Pts',(187.864057045227,-123.949928980326,-5.82593113770475));
#5266=CARTESIAN_POINT('Ctrl Pts',(187.468544521035,-123.405547376515,-5.82426406871194));
#5267=CARTESIAN_POINT('Ctrl Pts',(187.201010120533,-123.131883567637,-5.82426406871194));
#5268=CARTESIAN_POINT('',(187.075346742634,-123.254732389368,-5.4));
#5269=CARTESIAN_POINT('Origin',(187.50438835175,-122.835300276092,-5.4));
#5270=CARTESIAN_POINT('Ctrl Pts',(187.075346742634,-123.254732389368,-5.4));
#5271=CARTESIAN_POINT('Ctrl Pts',(187.115910143217,-123.296225127063,-5.4));
#5272=CARTESIAN_POINT('Ctrl Pts',(187.155755502879,-123.338425201494,-5.4));
#5273=CARTESIAN_POINT('Ctrl Pts',(187.194986523784,-123.38145809154,-5.4));
#5274=CARTESIAN_POINT('Ctrl Pts',(187.23512763477,-123.425489268284,-5.4));
#5275=CARTESIAN_POINT('Ctrl Pts',(187.274625306827,-123.47039268338,-5.4));
#5276=CARTESIAN_POINT('Ctrl Pts',(187.313539460566,-123.516284368917,-5.4));
#5277=CARTESIAN_POINT('Ctrl Pts',(187.354628710942,-123.564741158442,-5.4));
#5278=CARTESIAN_POINT('Ctrl Pts',(187.395067299195,-123.614300262303,-5.4));
#5279=CARTESIAN_POINT('Ctrl Pts',(187.434871773719,-123.665071455545,-5.4));
#5280=CARTESIAN_POINT('Ctrl Pts',(187.475072398327,-123.716347944053,-5.4));
#5281=CARTESIAN_POINT('Ctrl Pts',(187.514625674383,-123.768861003989,-5.4));
#5282=CARTESIAN_POINT('Ctrl Pts',(187.55350058649,-123.822691851662,-5.4));
#5283=CARTESIAN_POINT('Ctrl Pts',(187.593491342108,-123.87806782957,-5.4));
#5284=CARTESIAN_POINT('Ctrl Pts',(187.632763731208,-123.934838620346,-5.4));
#5285=CARTESIAN_POINT('Ctrl Pts',(187.67124124993,-123.993054872712,-5.4));
#5286=CARTESIAN_POINT('Ctrl Pts',(187.710919126918,-124.05308725985,-5.4));
#5287=CARTESIAN_POINT('Ctrl Pts',(187.749751147286,-124.114656948455,-5.4));
#5288=CARTESIAN_POINT('Ctrl Pts',(187.787617271447,-124.177775644779,-5.4));
#5289=CARTESIAN_POINT('Ctrl Pts',(187.826754568886,-124.243013248225,-5.4));
#5290=CARTESIAN_POINT('Ctrl Pts',(187.864859267769,-124.309905772916,-5.4));
#5291=CARTESIAN_POINT('Ctrl Pts',(187.901771541133,-124.378416710366,-5.4));
#5292=CARTESIAN_POINT('Ctrl Pts',(187.939986136724,-124.449344819897,-5.4));
#5293=CARTESIAN_POINT('Ctrl Pts',(187.976921755696,-124.522007577958,-5.4));
#5294=CARTESIAN_POINT('Ctrl Pts',(188.012385476168,-124.596310766507,-5.4));
#5295=CARTESIAN_POINT('Ctrl Pts',(188.049835542642,-124.674775724872,-5.4));
#5296=CARTESIAN_POINT('Ctrl Pts',(188.085643059292,-124.755069964758,-5.4));
#5297=CARTESIAN_POINT('Ctrl Pts',(188.119580173774,-124.837023518683,-5.4));
#5298=CARTESIAN_POINT('Ctrl Pts',(188.154455517972,-124.92124277082,-5.4));
#5299=CARTESIAN_POINT('Ctrl Pts',(188.187354391118,-125.007213650799,-5.4));
#5300=CARTESIAN_POINT('Ctrl Pts',(188.218047555713,-125.094697229498,-5.4));
#5301=CARTESIAN_POINT('Ctrl Pts',(188.249315409553,-125.183818823452,-5.4));
#5302=CARTESIAN_POINT('Ctrl Pts',(188.278293157216,-125.274509118122,-5.4));
#5303=CARTESIAN_POINT('Ctrl Pts',(188.304774344326,-125.366474250292,-5.4));
#5304=CARTESIAN_POINT('Ctrl Pts',(188.331396809693,-125.458930020346,-5.4));
#5305=CARTESIAN_POINT('Ctrl Pts',(188.355495443446,-125.552672725229,-5.4));
#5306=CARTESIAN_POINT('Ctrl Pts',(188.376908481027,-125.647383263463,-5.4));
#5307=CARTESIAN_POINT('Ctrl Pts',(188.397913531851,-125.740289263449,-5.4));
#5308=CARTESIAN_POINT('Ctrl Pts',(188.416334476961,-125.834125007601,-5.4));
#5309=CARTESIAN_POINT('Ctrl Pts',(188.43206753755,-125.928592789751,-5.4));
#5310=CARTESIAN_POINT('Ctrl Pts',(188.447400032426,-126.020655410222,-5.4));
#5311=CARTESIAN_POINT('Ctrl Pts',(188.460180336403,-126.113316999054,-5.4));
#5312=CARTESIAN_POINT('Ctrl Pts',(188.470353990533,-126.206326192656,-5.4));
#5313=CARTESIAN_POINT('Ctrl Pts',(188.480048812311,-126.294957823354,-5.4));
#5314=CARTESIAN_POINT('Ctrl Pts',(188.487377442276,-126.383904331439,-5.4));
#5315=CARTESIAN_POINT('Ctrl Pts',(188.492320368888,-126.472984956382,-5.4));
#5316=CARTESIAN_POINT('Ctrl Pts',(188.496584722339,-126.54983644545,-5.4));
#5317=CARTESIAN_POINT('Ctrl Pts',(188.499074212045,-126.626788004354,-5.4));
#5318=CARTESIAN_POINT('Ctrl Pts',(188.499786120292,-126.70375336404,-5.4));
#5319=CARTESIAN_POINT('Ctrl Pts',(188.429117283956,-126.715960793628,-6.));
#5320=CARTESIAN_POINT('Ctrl Pts',(188.423899630399,-126.600947780249,-5.9866900640532));
#5321=CARTESIAN_POINT('Ctrl Pts',(188.410084833603,-126.373285284892,-5.96007000693859));
#5322=CARTESIAN_POINT('Ctrl Pts',(188.37673494831,-125.994058301831,-5.92053811431622));
#5323=CARTESIAN_POINT('Ctrl Pts',(188.316710248822,-125.519063458296,-5.88228938306025));
#5324=CARTESIAN_POINT('Ctrl Pts',(188.190559154216,-124.860648310683,-5.84784812277205));
#5325=CARTESIAN_POINT('Ctrl Pts',(187.864057045227,-123.949928980326,-5.82593113770475));
#5326=CARTESIAN_POINT('Ctrl Pts',(187.468544521035,-123.405547376515,-5.82426406871194));
#5327=CARTESIAN_POINT('Ctrl Pts',(187.201010120533,-123.131883567637,-5.82426406871194));
#5328=CARTESIAN_POINT('Ctrl Pts',(188.42824544225,-126.391049275403,-6.));
#5329=CARTESIAN_POINT('Ctrl Pts',(188.420071705326,-126.28995684466,-5.98730263694025));
#5330=CARTESIAN_POINT('Ctrl Pts',(188.400790738157,-126.08214079338,-5.96251470963028));
#5331=CARTESIAN_POINT('Ctrl Pts',(188.357143351149,-125.716819303188,-5.92733297778614));
#5332=CARTESIAN_POINT('Ctrl Pts',(188.281518408972,-125.248440041579,-5.89506213284461));
#5333=CARTESIAN_POINT('Ctrl Pts',(188.128467973986,-124.602458689505,-5.86839645151782));
#5334=CARTESIAN_POINT('Ctrl Pts',(187.78949182669,-123.78024240452,-5.85453351122464));
#5335=CARTESIAN_POINT('Ctrl Pts',(187.438522716913,-123.326897654618,-5.85777676190411));
#5336=CARTESIAN_POINT('Ctrl Pts',(187.227484865601,-123.106001792917,-5.86128809319659));
#5337=CARTESIAN_POINT('Ctrl Pts',(188.410817532499,-125.785704574152,-6.));
#5338=CARTESIAN_POINT('Ctrl Pts',(188.399004025593,-125.698990595472,-5.98938664425721));
#5339=CARTESIAN_POINT('Ctrl Pts',(188.370962296065,-125.507399397057,-5.96952091194014));
#5340=CARTESIAN_POINT('Ctrl Pts',(188.303352701413,-125.140062670433,-5.9442308976614));
#5341=CARTESIAN_POINT('Ctrl Pts',(188.1867025794,-124.663401743969,-5.92414253736226));
#5342=CARTESIAN_POINT('Ctrl Pts',(187.973842184026,-124.058898817346,-5.9110377234583));
#5343=CARTESIAN_POINT('Ctrl Pts',(187.639830444295,-123.451618530961,-5.90971294874957));
#5344=CARTESIAN_POINT('Ctrl Pts',(187.399455571026,-123.17629744725,-5.91932450946175));
#5345=CARTESIAN_POINT('Ctrl Pts',(187.28740255875,-123.047426111384,-5.925584411001));
#5346=CARTESIAN_POINT('Ctrl Pts',(188.203801425988,-124.250723696361,-6.));
#5347=CARTESIAN_POINT('Ctrl Pts',(188.175356238907,-124.173051021912,-5.99472344597988));
#5348=CARTESIAN_POINT('Ctrl Pts',(188.111566397475,-124.011300453636,-5.98590183540896));
#5349=CARTESIAN_POINT('Ctrl Pts',(187.989458556681,-123.753490693826,-5.97699375689073));
#5350=CARTESIAN_POINT('Ctrl Pts',(187.836376808176,-123.490006094051,-5.97223347989035));
#5351=CARTESIAN_POINT('Ctrl Pts',(187.661545977687,-123.257495342794,-5.97252479804484));
#5352=CARTESIAN_POINT('Ctrl Pts',(187.507278295296,-123.098870685656,-5.97831537831792));
#5353=CARTESIAN_POINT('Ctrl Pts',(187.428030537085,-122.998298401177,-5.98359589363689));
#5354=CARTESIAN_POINT('Ctrl Pts',(187.392069029127,-122.945103917157,-5.98621387532561));
#5355=CARTESIAN_POINT('Ctrl Pts',(187.905215781318,-123.241211704673,-6.));
#5356=CARTESIAN_POINT('Ctrl Pts',(187.884725802745,-123.2358912818,-6.));
#5357=CARTESIAN_POINT('Ctrl Pts',(187.839235953518,-123.21593811218,-6.));
#5358=CARTESIAN_POINT('Ctrl Pts',(187.759786966831,-123.164804381602,-6.));
#5359=CARTESIAN_POINT('Ctrl Pts',(187.675803206185,-123.099669215874,-6.));
#5360=CARTESIAN_POINT('Ctrl Pts',(187.594378697855,-123.026675929783,-6.));
#5361=CARTESIAN_POINT('Ctrl Pts',(187.52425599253,-122.950170314169,-6.));
#5362=CARTESIAN_POINT('Ctrl Pts',(187.484905522742,-122.897375746247,-6.));
#5363=CARTESIAN_POINT('Ctrl Pts',(187.466947408215,-122.871902632918,-6.));
#5364=CARTESIAN_POINT('Ctrl Pts',(187.767858976266,-122.922758064041,-6.));
#5365=CARTESIAN_POINT('Ctrl Pts',(187.752433934454,-122.928451322306,-6.));
#5366=CARTESIAN_POINT('Ctrl Pts',(187.719973959441,-122.936448576323,-6.));
#5367=CARTESIAN_POINT('Ctrl Pts',(187.670738389439,-122.937288111548,-6.));
#5368=CARTESIAN_POINT('Ctrl Pts',(187.6236021801,-122.926197758526,-6.));
#5369=CARTESIAN_POINT('Ctrl Pts',(187.579857163227,-122.904015865614,-6.));
#5370=CARTESIAN_POINT('Ctrl Pts',(187.541299277965,-122.873040721768,-6.));
#5371=CARTESIAN_POINT('Ctrl Pts',(187.516750415774,-122.847945564025,-6.));
#5372=CARTESIAN_POINT('Ctrl Pts',(187.50438835175,-122.835300276092,-6.));
#5373=CARTESIAN_POINT('',(187.767858976266,-122.922758064041,-6.));
#5374=CARTESIAN_POINT('Ctrl Pts',(188.429117283956,-126.715960793628,-6.));
#5375=CARTESIAN_POINT('Ctrl Pts',(188.42824544225,-126.391049275403,-6.));
#5376=CARTESIAN_POINT('Ctrl Pts',(188.410817532499,-125.785704574152,-6.));
#5377=CARTESIAN_POINT('Ctrl Pts',(188.203801425988,-124.250723696361,-6.));
#5378=CARTESIAN_POINT('Ctrl Pts',(187.905215781318,-123.241211704673,-6.));
#5379=CARTESIAN_POINT('Ctrl Pts',(187.767858976266,-122.922758064041,-6.));
#5380=CARTESIAN_POINT('',(187.50438835175,-122.835300276092,-6.));
#5381=CARTESIAN_POINT('Ctrl Pts',(187.767858976266,-122.922758064041,-6.));
#5382=CARTESIAN_POINT('Ctrl Pts',(187.757327804122,-122.926645034565,-6.));
#5383=CARTESIAN_POINT('Ctrl Pts',(187.746436221274,-122.929737607143,-6.));
#5384=CARTESIAN_POINT('Ctrl Pts',(187.735378963484,-122.93199330182,-6.));
#5385=CARTESIAN_POINT('Ctrl Pts',(187.725689771947,-122.933969909239,-6.));
#5386=CARTESIAN_POINT('Ctrl Pts',(187.715879311744,-122.935302814189,-6.));
#5387=CARTESIAN_POINT('Ctrl Pts',(187.706096868186,-122.935952975257,-6.));
#5388=CARTESIAN_POINT('Ctrl Pts',(187.6965654719,-122.936586451212,-6.));
#5389=CARTESIAN_POINT('Ctrl Pts',(187.687059754388,-122.936570947001,-6.));
#5390=CARTESIAN_POINT('Ctrl Pts',(187.677657288608,-122.935887511987,-6.));
#5391=CARTESIAN_POINT('Ctrl Pts',(187.667023656376,-122.935114587441,-6.));
#5392=CARTESIAN_POINT('Ctrl Pts',(187.656519552387,-122.933485860612,-6.));
#5393=CARTESIAN_POINT('Ctrl Pts',(187.646210450589,-122.931013619075,-6.));
#5394=CARTESIAN_POINT('Ctrl Pts',(187.636981812241,-122.928800485138,-6.));
#5395=CARTESIAN_POINT('Ctrl Pts',(187.627906746919,-122.925911506169,-6.));
#5396=CARTESIAN_POINT('Ctrl Pts',(187.619037621859,-122.922392508042,-6.));
#5397=CARTESIAN_POINT('Ctrl Pts',(187.610686233347,-122.919078931975,-6.));
#5398=CARTESIAN_POINT('Ctrl Pts',(187.602518529795,-122.915207708825,-6.));
#5399=CARTESIAN_POINT('Ctrl Pts',(187.594602518033,-122.910848216163,-6.));
#5400=CARTESIAN_POINT('Ctrl Pts',(187.587769998286,-122.907085422397,-6.));
#5401=CARTESIAN_POINT('Ctrl Pts',(187.581126840462,-122.902959527508,-6.));
#5402=CARTESIAN_POINT('Ctrl Pts',(187.574661322796,-122.898507166166,-6.));
#5403=CARTESIAN_POINT('Ctrl Pts',(187.566813184777,-122.893102688421,-6.));
#5404=CARTESIAN_POINT('Ctrl Pts',(187.559225279141,-122.887214626885,-6.));
#5405=CARTESIAN_POINT('Ctrl Pts',(187.551799337266,-122.880916744867,-6.));
#5406=CARTESIAN_POINT('Ctrl Pts',(187.545167735093,-122.87529253601,-6.));
#5407=CARTESIAN_POINT('Ctrl Pts',(187.538661711532,-122.869340111107,-6.));
#5408=CARTESIAN_POINT('Ctrl Pts',(187.532200207613,-122.863146397635,-6.));
#5409=CARTESIAN_POINT('Ctrl Pts',(187.526724984897,-122.857898089945,-6.));
#5410=CARTESIAN_POINT('Ctrl Pts',(187.521280660284,-122.852476532128,-6.));
#5411=CARTESIAN_POINT('Ctrl Pts',(187.515835651033,-122.846967349509,-6.));
#5412=CARTESIAN_POINT('Ctrl Pts',(187.512020175376,-122.843106905715,-6.));
#5413=CARTESIAN_POINT('Ctrl Pts',(187.508204701526,-122.839204061226,-6.));
#5414=CARTESIAN_POINT('Ctrl Pts',(187.50438835175,-122.835300276092,-6.));
#5415=CARTESIAN_POINT('Origin',(187.50438835175,-122.835300276092,-5.4));
#5416=CARTESIAN_POINT('Ctrl Pts',(188.429117283956,-126.715960793628,-6.));
#5417=CARTESIAN_POINT('Ctrl Pts',(188.42824544225,-126.391049275403,-6.));
#5418=CARTESIAN_POINT('Ctrl Pts',(188.410817532499,-125.785704574152,-6.));
#5419=CARTESIAN_POINT('Ctrl Pts',(188.203801425988,-124.250723696361,-6.));
#5420=CARTESIAN_POINT('Ctrl Pts',(187.905215781318,-123.241211704673,-6.));
#5421=CARTESIAN_POINT('Ctrl Pts',(187.767858976266,-122.922758064041,-6.));
#5422=CARTESIAN_POINT('Ctrl Pts',(188.436019036518,-126.543859606962,-6.01996490392021));
#5423=CARTESIAN_POINT('Ctrl Pts',(188.430315900773,-126.236556488018,-6.01904604458963));
#5424=CARTESIAN_POINT('Ctrl Pts',(188.406288581194,-125.648015291541,-6.0159200336142));
#5425=CARTESIAN_POINT('Ctrl Pts',(188.188528283695,-124.120421810129,-6.00791483103019));
#5426=CARTESIAN_POINT('Ctrl Pts',(187.919763094462,-123.211662217519,-6.));
#5427=CARTESIAN_POINT('Ctrl Pts',(187.790996538984,-122.914218176644,-6.));
#5428=CARTESIAN_POINT('Ctrl Pts',(188.442772739734,-126.190123997522,-6.05992398811545));
#5429=CARTESIAN_POINT('Ctrl Pts',(188.429519761101,-125.902629664391,-6.05580361679854));
#5430=CARTESIAN_POINT('Ctrl Pts',(188.390020029865,-125.327938073724,-6.04470400444398));
#5431=CARTESIAN_POINT('Ctrl Pts',(188.159518639593,-123.839933918036,-6.01984333822556));
#5432=CARTESIAN_POINT('Ctrl Pts',(187.940944026674,-123.132473302909,-6.));
#5433=CARTESIAN_POINT('Ctrl Pts',(187.833666552107,-122.889429398138,-6.));
#5434=CARTESIAN_POINT('Ctrl Pts',(188.427104436559,-125.519824660959,-6.11826688180591));
#5435=CARTESIAN_POINT('Ctrl Pts',(188.401178343566,-125.238223712816,-6.10594732198145));
#5436=CARTESIAN_POINT('Ctrl Pts',(188.328977370082,-124.630447912738,-6.0771840519021));
#5437=CARTESIAN_POINT('Ctrl Pts',(188.113507559943,-123.347651975587,-6.02891212880267));
#5438=CARTESIAN_POINT('Ctrl Pts',(187.963019575745,-122.978065449551,-6.));
#5439=CARTESIAN_POINT('Ctrl Pts',(187.879119437809,-122.832028764455,-6.));
#5440=CARTESIAN_POINT('Ctrl Pts',(188.345809583199,-124.323942486024,-6.16946471533169));
#5441=CARTESIAN_POINT('Ctrl Pts',(188.31344587618,-124.0682637828,-6.14442913459332));
#5442=CARTESIAN_POINT('Ctrl Pts',(188.236186975836,-123.533424392211,-6.09472101737894));
#5443=CARTESIAN_POINT('Ctrl Pts',(188.091715016775,-122.931232961089,-6.02605567206679));
#5444=CARTESIAN_POINT('Ctrl Pts',(187.971221424823,-122.82584375767,-6.));
#5445=CARTESIAN_POINT('Ctrl Pts',(187.899675079711,-122.764623363113,-6.));
#5446=CARTESIAN_POINT('Ctrl Pts',(188.324264068712,-123.283016556527,-6.17573593128807));
#5447=CARTESIAN_POINT('Ctrl Pts',(188.292507041166,-123.150841686792,-6.14397890374213));
#5448=CARTESIAN_POINT('Ctrl Pts',(188.21839063206,-122.930911397814,-6.08380544130788));
#5449=CARTESIAN_POINT('Ctrl Pts',(188.074280955901,-122.773883724153,-6.01771309720747));
#5450=CARTESIAN_POINT('Ctrl Pts',(187.959808536064,-122.730597097666,-6.));
#5451=CARTESIAN_POINT('Ctrl Pts',(187.9,-122.712514995005,-6.));
#5452=CARTESIAN_POINT('Ctrl Pts',(188.324264068712,-122.685988991704,-6.17573593128807));
#5453=CARTESIAN_POINT('Ctrl Pts',(188.287240044227,-122.685988991704,-6.13871190680342));
#5454=CARTESIAN_POINT('Ctrl Pts',(188.203447201936,-122.685988991704,-6.074415588999));
#5455=CARTESIAN_POINT('Ctrl Pts',(188.057074726884,-122.685988991704,-6.01378612467439));
#5456=CARTESIAN_POINT('Ctrl Pts',(187.95235987756,-122.685988991704,-6.));
#5457=CARTESIAN_POINT('Ctrl Pts',(187.9,-122.685988991704,-6.));
#5458=CARTESIAN_POINT('',(188.324264068712,-122.685988991704,-6.17573593128807));
#5459=CARTESIAN_POINT('Ctrl Pts',(188.429117283956,-126.715960793628,-6.));
#5460=CARTESIAN_POINT('Ctrl Pts',(188.436019036518,-126.543859606962,-6.01996490392021));
#5461=CARTESIAN_POINT('Ctrl Pts',(188.442772739734,-126.190123997522,-6.05992398811545));
#5462=CARTESIAN_POINT('Ctrl Pts',(188.427104436559,-125.519824660959,-6.11826688180591));
#5463=CARTESIAN_POINT('Ctrl Pts',(188.345809583199,-124.323942486024,-6.16946471533169));
#5464=CARTESIAN_POINT('Ctrl Pts',(188.324264068712,-123.283016556527,-6.17573593128807));
#5465=CARTESIAN_POINT('Ctrl Pts',(188.324264068712,-122.685988991704,-6.17573593128807));
#5466=CARTESIAN_POINT('',(187.9,-122.685988991704,-6.));
#5467=CARTESIAN_POINT('Origin',(187.9,-122.685988991704,-6.6));
#5468=CARTESIAN_POINT('Ctrl Pts',(187.9,-122.685988991704,-6.));
#5469=CARTESIAN_POINT('Ctrl Pts',(187.9,-122.694205598878,-6.));
#5470=CARTESIAN_POINT('Ctrl Pts',(187.899998422883,-122.70241769421,-6.));
#5471=CARTESIAN_POINT('Ctrl Pts',(187.899880231932,-122.710530780598,-6.));
#5472=CARTESIAN_POINT('Ctrl Pts',(187.899754388818,-122.719169141243,-6.));
#5473=CARTESIAN_POINT('Ctrl Pts',(187.899496045202,-122.72769584171,-6.));
#5474=CARTESIAN_POINT('Ctrl Pts',(187.898990424872,-122.736053527716,-6.));
#5475=CARTESIAN_POINT('Ctrl Pts',(187.898443637883,-122.745091680841,-6.));
#5476=CARTESIAN_POINT('Ctrl Pts',(187.897607166899,-122.753933204477,-6.));
#5477=CARTESIAN_POINT('Ctrl Pts',(187.896369716373,-122.762557287746,-6.));
#5478=CARTESIAN_POINT('Ctrl Pts',(187.895030497118,-122.771890621185,-6.));
#5479=CARTESIAN_POINT('Ctrl Pts',(187.893220907589,-122.780971338468,-6.));
#5480=CARTESIAN_POINT('Ctrl Pts',(187.890848032891,-122.789806686321,-6.));
#5481=CARTESIAN_POINT('Ctrl Pts',(187.88862584505,-122.798080954907,-6.));
#5482=CARTESIAN_POINT('Ctrl Pts',(187.885910005799,-122.806142204581,-6.));
#5483=CARTESIAN_POINT('Ctrl Pts',(187.882665490977,-122.813992274004,-6.));
#5484=CARTESIAN_POINT('Ctrl Pts',(187.879673471196,-122.821231434338,-6.));
#5485=CARTESIAN_POINT('Ctrl Pts',(187.876232227157,-122.828292161725,-6.));
#5486=CARTESIAN_POINT('Ctrl Pts',(187.87234544175,-122.835150230809,-6.));
#5487=CARTESIAN_POINT('Ctrl Pts',(187.868215729261,-122.842436934493,-6.));
#5488=CARTESIAN_POINT('Ctrl Pts',(187.863583109184,-122.849495781861,-6.));
#5489=CARTESIAN_POINT('Ctrl Pts',(187.85848842192,-122.856245613549,-6.));
#5490=CARTESIAN_POINT('Ctrl Pts',(187.852229347236,-122.864538114824,-6.));
#5491=CARTESIAN_POINT('Ctrl Pts',(187.845275455329,-122.872356187547,-6.));
#5492=CARTESIAN_POINT('Ctrl Pts',(187.837711777164,-122.879577691011,-6.));
#5493=CARTESIAN_POINT('Ctrl Pts',(187.829612849331,-122.887310229879,-6.));
#5494=CARTESIAN_POINT('Ctrl Pts',(187.820813577838,-122.894359793793,-6.));
#5495=CARTESIAN_POINT('Ctrl Pts',(187.811426709682,-122.900639319331,-6.));
#5496=CARTESIAN_POINT('Ctrl Pts',(187.801593166443,-122.907217656735,-6.));
#5497=CARTESIAN_POINT('Ctrl Pts',(187.791113091696,-122.912952823588,-6.));
#5498=CARTESIAN_POINT('Ctrl Pts',(187.780147787583,-122.917788107743,-6.));
#5499=CARTESIAN_POINT('Ctrl Pts',(187.776113512811,-122.919567070249,-6.));
#5500=CARTESIAN_POINT('Ctrl Pts',(187.772013986914,-122.921224483193,-6.));
#5501=CARTESIAN_POINT('Ctrl Pts',(187.767858976266,-122.922758064041,-6.));
#5502=CARTESIAN_POINT('Ctrl Pts',(188.429117283956,-126.715960793628,-6.));
#5503=CARTESIAN_POINT('Ctrl Pts',(188.436019036518,-126.543859606962,-6.01996490392021));
#5504=CARTESIAN_POINT('Ctrl Pts',(188.442772739734,-126.190123997522,-6.05992398811545));
#5505=CARTESIAN_POINT('Ctrl Pts',(188.427104436559,-125.519824660959,-6.11826688180591));
#5506=CARTESIAN_POINT('Ctrl Pts',(188.345809583199,-124.323942486024,-6.16946471533169));
#5507=CARTESIAN_POINT('Ctrl Pts',(188.324264068712,-123.283016556527,-6.17573593128807));
#5508=CARTESIAN_POINT('Ctrl Pts',(188.324264068712,-122.685988991704,-6.17573593128807));
#5509=CARTESIAN_POINT('Ctrl Pts',(188.443003195098,-126.716355202141,-6.03764618386058));
#5510=CARTESIAN_POINT('Ctrl Pts',(188.449291829354,-126.550412925168,-6.05539276512299));
#5511=CARTESIAN_POINT('Ctrl Pts',(188.454760805249,-126.19794871011,-6.0919485087662));
#5512=CARTESIAN_POINT('Ctrl Pts',(188.4357299337,-125.510579897195,-6.14841449519058));
#5513=CARTESIAN_POINT('Ctrl Pts',(188.36546921416,-124.315217773106,-6.19789556669788));
#5514=CARTESIAN_POINT('Ctrl Pts',(188.356021096258,-123.321377595231,-6.20749295883401));
#5515=CARTESIAN_POINT('Ctrl Pts',(188.361288093197,-122.685988991704,-6.21275995577272));
#5516=CARTESIAN_POINT('Ctrl Pts',(188.47237053597,-126.716597694818,-6.11023375365859));
#5517=CARTESIAN_POINT('Ctrl Pts',(188.475488679994,-126.551144939072,-6.12658037580853));
#5518=CARTESIAN_POINT('Ctrl Pts',(188.47527861427,-126.184090497516,-6.16107551625946));
#5519=CARTESIAN_POINT('Ctrl Pts',(188.448974264539,-125.434266660607,-6.2192126240516));
#5520=CARTESIAN_POINT('Ctrl Pts',(188.40660622793,-124.305288846108,-6.26521786035916));
#5521=CARTESIAN_POINT('Ctrl Pts',(188.416194558692,-123.358471964254,-6.28160936793998));
#5522=CARTESIAN_POINT('Ctrl Pts',(188.425584411001,-122.685988991704,-6.29655279806423));
#5523=CARTESIAN_POINT('Ctrl Pts',(188.482612136035,-126.713566734487,-6.29608112022992));
#5524=CARTESIAN_POINT('Ctrl Pts',(188.4825962628,-126.518732219456,-6.31416206276409));
#5525=CARTESIAN_POINT('Ctrl Pts',(188.478645406266,-126.105747700645,-6.34953318602347));
#5526=CARTESIAN_POINT('Ctrl Pts',(188.469208085331,-125.31767965776,-6.38668894462237));
#5527=CARTESIAN_POINT('Ctrl Pts',(188.472934705228,-124.228304675874,-6.40402559765906));
#5528=CARTESIAN_POINT('Ctrl Pts',(188.482286902793,-123.242155110394,-6.42571904409914));
#5529=CARTESIAN_POINT('Ctrl Pts',(188.486213875326,-122.685988991704,-6.44292527311613));
#5530=CARTESIAN_POINT('Ctrl Pts',(188.5,-126.713058837747,-6.49528024488034));
#5531=CARTESIAN_POINT('Ctrl Pts',(188.5,-126.470827298446,-6.50145091562778));
#5532=CARTESIAN_POINT('Ctrl Pts',(188.5,-125.942925963913,-6.50918861832992));
#5533=CARTESIAN_POINT('Ctrl Pts',(188.5,-124.991208371331,-6.51617236179887));
#5534=CARTESIAN_POINT('Ctrl Pts',(188.5,-123.897267359356,-6.52773674171023));
#5535=CARTESIAN_POINT('Ctrl Pts',(188.5,-123.098282892657,-6.54019146393646));
#5536=CARTESIAN_POINT('Ctrl Pts',(188.5,-122.685988991704,-6.54764012244017));
#5537=CARTESIAN_POINT('Ctrl Pts',(188.5,-126.713058837747,-6.6));
#5538=CARTESIAN_POINT('Ctrl Pts',(188.5,-126.37746968391,-6.6));
#5539=CARTESIAN_POINT('Ctrl Pts',(188.5,-125.706291376236,-6.6));
#5540=CARTESIAN_POINT('Ctrl Pts',(188.5,-124.699523914725,-6.6));
#5541=CARTESIAN_POINT('Ctrl Pts',(188.5,-123.692756453214,-6.6));
#5542=CARTESIAN_POINT('Ctrl Pts',(188.5,-123.021578145541,-6.6));
#5543=CARTESIAN_POINT('Ctrl Pts',(188.5,-122.685988991704,-6.6));
#5544=CARTESIAN_POINT('',(188.5,-126.713058837747,-6.6));
#5545=CARTESIAN_POINT('Ctrl Pts',(188.429117283956,-126.715960793628,-6.));
#5546=CARTESIAN_POINT('Ctrl Pts',(188.443003195098,-126.716355202141,-6.03764618386058));
#5547=CARTESIAN_POINT('Ctrl Pts',(188.47237053597,-126.716597694818,-6.11023375365859));
#5548=CARTESIAN_POINT('Ctrl Pts',(188.482612136035,-126.713566734487,-6.29608112022992));
#5549=CARTESIAN_POINT('Ctrl Pts',(188.5,-126.713058837747,-6.49528024488034));
#5550=CARTESIAN_POINT('Ctrl Pts',(188.5,-126.713058837747,-6.6));
#5551=CARTESIAN_POINT('',(188.5,-122.685988991704,-6.6));
#5552=CARTESIAN_POINT('',(188.5,-126.713058837747,-6.6));
#5553=CARTESIAN_POINT('Origin',(187.9,-122.685988991704,-6.6));
#5554=CARTESIAN_POINT('Ctrl Pts',(188.429117283956,-126.715960793628,-6.));
#5555=CARTESIAN_POINT('Ctrl Pts',(188.443003195098,-126.716355202141,-6.03764618386058));
#5556=CARTESIAN_POINT('Ctrl Pts',(188.47237053597,-126.716597694818,-6.11023375365859));
#5557=CARTESIAN_POINT('Ctrl Pts',(188.482612136035,-126.713566734487,-6.29608112022992));
#5558=CARTESIAN_POINT('Ctrl Pts',(188.5,-126.713058837747,-6.49528024488034));
#5559=CARTESIAN_POINT('Ctrl Pts',(188.5,-126.713058837747,-6.6));
#5560=CARTESIAN_POINT('Ctrl Pts',(188.436943764292,-126.888480313695,-6.01996490392021));
#5561=CARTESIAN_POINT('Ctrl Pts',(188.449893318495,-126.882426123243,-6.05539276512299));
#5562=CARTESIAN_POINT('Ctrl Pts',(188.475723383074,-126.881637211854,-6.12658037580853));
#5563=CARTESIAN_POINT('Ctrl Pts',(188.482624139103,-126.908043619449,-6.31416206276409));
#5564=CARTESIAN_POINT('Ctrl Pts',(188.5,-126.955290377047,-6.50145091562778));
#5565=CARTESIAN_POINT('Ctrl Pts',(188.5,-127.048647991584,-6.6));
#5566=CARTESIAN_POINT('Ctrl Pts',(188.444658361549,-127.243037742118,-6.05992398811545));
#5567=CARTESIAN_POINT('Ctrl Pts',(188.456043979102,-127.235218873814,-6.0919485087662));
#5568=CARTESIAN_POINT('Ctrl Pts',(188.475809611097,-127.247780374615,-6.16107551625946));
#5569=CARTESIAN_POINT('Ctrl Pts',(188.478720727165,-127.320581917468,-6.34953318602347));
#5570=CARTESIAN_POINT('Ctrl Pts',(188.5,-127.483191711581,-6.50918861832992));
#5571=CARTESIAN_POINT('Ctrl Pts',(188.5,-127.719826299258,-6.6));
#5572=CARTESIAN_POINT('Ctrl Pts',(188.429164327263,-127.914099475298,-6.11826688180591));
#5573=CARTESIAN_POINT('Ctrl Pts',(188.437079708715,-127.922342420218,-6.14841449519058));
#5574=CARTESIAN_POINT('Ctrl Pts',(188.449387619821,-127.996266538429,-6.21921262405161));
#5575=CARTESIAN_POINT('Ctrl Pts',(188.469289763034,-128.108510460186,-6.38668894462238));
#5576=CARTESIAN_POINT('Ctrl Pts',(188.5,-128.434909304163,-6.51617236179887));
#5577=CARTESIAN_POINT('Ctrl Pts',(188.5,-128.726593760768,-6.6));
#5578=CARTESIAN_POINT('Ctrl Pts',(188.3461832395,-129.110233175179,-6.16946471533169));
#5579=CARTESIAN_POINT('Ctrl Pts',(188.365630202147,-129.117489576734,-6.19789556669788));
#5580=CARTESIAN_POINT('Ctrl Pts',(188.40667023087,-129.124058844392,-6.26521786035916));
#5581=CARTESIAN_POINT('Ctrl Pts',(188.472886029347,-129.19756971132,-6.40402559765906));
#5582=CARTESIAN_POINT('Ctrl Pts',(188.5,-129.528850316138,-6.52773674171023));
#5583=CARTESIAN_POINT('Ctrl Pts',(188.5,-129.733361222279,-6.6));
#5584=CARTESIAN_POINT('Ctrl Pts',(188.324264068712,-130.147097055959,-6.17573593128807));
#5585=CARTESIAN_POINT('Ctrl Pts',(188.356021096258,-130.107319620994,-6.20749295883401));
#5586=CARTESIAN_POINT('Ctrl Pts',(188.416194558692,-130.068255995077,-6.28160936793999));
#5587=CARTESIAN_POINT('Ctrl Pts',(188.482286902793,-130.18390889237,-6.42571904409914));
#5588=CARTESIAN_POINT('Ctrl Pts',(188.5,-130.327834782836,-6.54019146393646));
#5589=CARTESIAN_POINT('Ctrl Pts',(188.5,-130.404539529953,-6.6));
#5590=CARTESIAN_POINT('Ctrl Pts',(188.324264068712,-130.74012868379,-6.17573593128807));
#5591=CARTESIAN_POINT('Ctrl Pts',(188.361288093197,-130.74012868379,-6.21275995577273));
#5592=CARTESIAN_POINT('Ctrl Pts',(188.425584411001,-130.74012868379,-6.29655279806423));
#5593=CARTESIAN_POINT('Ctrl Pts',(188.486213875326,-130.74012868379,-6.44292527311613));
#5594=CARTESIAN_POINT('Ctrl Pts',(188.5,-130.74012868379,-6.54764012244017));
#5595=CARTESIAN_POINT('Ctrl Pts',(188.5,-130.74012868379,-6.6));
#5596=CARTESIAN_POINT('',(188.324264068712,-130.74012868379,-6.17573593128807));
#5597=CARTESIAN_POINT('Ctrl Pts',(188.429117283956,-126.715960793628,-6.));
#5598=CARTESIAN_POINT('Ctrl Pts',(188.436943764292,-126.888480313695,-6.01996490392021));
#5599=CARTESIAN_POINT('Ctrl Pts',(188.444658361549,-127.243037742118,-6.05992398811545));
#5600=CARTESIAN_POINT('Ctrl Pts',(188.429164327263,-127.914099475298,-6.11826688180591));
#5601=CARTESIAN_POINT('Ctrl Pts',(188.3461832395,-129.110233175179,-6.16946471533169));
#5602=CARTESIAN_POINT('Ctrl Pts',(188.324264068712,-130.147097055959,-6.17573593128807));
#5603=CARTESIAN_POINT('Ctrl Pts',(188.324264068712,-130.74012868379,-6.17573593128807));
#5604=CARTESIAN_POINT('',(188.5,-130.74012868379,-6.6));
#5605=CARTESIAN_POINT('Origin',(187.9,-130.74012868379,-6.6));
#5606=CARTESIAN_POINT('',(188.5,-126.713058837747,-6.6));
#5607=CARTESIAN_POINT('Ctrl Pts',(188.429117283956,-126.715960793628,-6.));
#5608=CARTESIAN_POINT('Ctrl Pts',(188.436943764292,-126.888480313695,-6.01996490392021));
#5609=CARTESIAN_POINT('Ctrl Pts',(188.444658361549,-127.243037742118,-6.05992398811545));
#5610=CARTESIAN_POINT('Ctrl Pts',(188.429164327263,-127.914099475298,-6.11826688180591));
#5611=CARTESIAN_POINT('Ctrl Pts',(188.3461832395,-129.110233175179,-6.16946471533169));
#5612=CARTESIAN_POINT('Ctrl Pts',(188.324264068712,-130.147097055959,-6.17573593128807));
#5613=CARTESIAN_POINT('Ctrl Pts',(188.324264068712,-130.74012868379,-6.17573593128807));
#5614=CARTESIAN_POINT('Ctrl Pts',(188.429771165236,-126.959644432296,-6.));
#5615=CARTESIAN_POINT('Ctrl Pts',(188.433686604986,-127.119091775653,-6.01927575942227));
#5616=CARTESIAN_POINT('Ctrl Pts',(188.435372630022,-127.459065222579,-6.05683370962777));
#5617=CARTESIAN_POINT('Ctrl Pts',(188.410023992553,-128.126096298548,-6.10902721193756));
#5618=CARTESIAN_POINT('Ctrl Pts',(188.321869701604,-129.302841753581,-6.15068802977792));
#5619=CARTESIAN_POINT('Ctrl Pts',(188.300446298053,-130.246819579765,-6.15191816062862));
#5620=CARTESIAN_POINT('Ctrl Pts',(188.296496050348,-130.74012868379,-6.14796791292458));
#5621=CARTESIAN_POINT('Ctrl Pts',(188.415737466886,-127.452882862819,-6.));
#5622=CARTESIAN_POINT('Ctrl Pts',(188.414165191089,-127.595252609024,-6.01721052718185));
#5623=CARTESIAN_POINT('Ctrl Pts',(188.405543342084,-127.913899920825,-6.04922662381539));
#5624=CARTESIAN_POINT('Ctrl Pts',(188.359676360496,-128.580148351619,-6.08845206662576));
#5625=CARTESIAN_POINT('Ctrl Pts',(188.266651389555,-129.692100941815,-6.11332560582578));
#5626=CARTESIAN_POINT('Ctrl Pts',(188.246886210446,-130.421637764147,-6.10618092422403));
#5627=CARTESIAN_POINT('Ctrl Pts',(188.23549102316,-130.74012868379,-6.09790245100958));
#5628=CARTESIAN_POINT('Ctrl Pts',(188.341996396185,-128.31124290404,-6.));
#5629=CARTESIAN_POINT('Ctrl Pts',(188.329934793827,-128.451885356647,-6.01198441444122));
#5630=CARTESIAN_POINT('Ctrl Pts',(188.299945390956,-128.775744178215,-6.03227801561588));
#5631=CARTESIAN_POINT('Ctrl Pts',(188.231833647092,-129.429629512951,-6.05274664912782));
#5632=CARTESIAN_POINT('Ctrl Pts',(188.164451489188,-130.241855481128,-6.05990480365934));
#5633=CARTESIAN_POINT('Ctrl Pts',(188.147989153863,-130.588524070132,-6.04909873100727));
#5634=CARTESIAN_POINT('Ctrl Pts',(188.131090182287,-130.74012868379,-6.04209894779045));
#5635=CARTESIAN_POINT('Ctrl Pts',(188.092666728375,-129.687740815243,-6.));
#5636=CARTESIAN_POINT('Ctrl Pts',(188.087181688947,-129.776577885346,-6.00506721354075));
#5637=CARTESIAN_POINT('Ctrl Pts',(188.07694358174,-129.965738990217,-6.01259461051502));
#5638=CARTESIAN_POINT('Ctrl Pts',(188.058113958556,-130.285822289277,-6.01763419995079));
#5639=CARTESIAN_POINT('Ctrl Pts',(188.048795218818,-130.541267354945,-6.01465255158362));
#5640=CARTESIAN_POINT('Ctrl Pts',(188.031719982955,-130.673071512422,-6.00993929044289));
#5641=CARTESIAN_POINT('Ctrl Pts',(188.017808604205,-130.74012868379,-6.00773544078798));
#5642=CARTESIAN_POINT('Ctrl Pts',(187.891350590405,-130.286584458104,-6.));
#5643=CARTESIAN_POINT('Ctrl Pts',(187.904821127153,-130.311373112082,-6.));
#5644=CARTESIAN_POINT('Ctrl Pts',(187.925771934587,-130.37769169225,-6.));
#5645=CARTESIAN_POINT('Ctrl Pts',(187.946102711102,-130.503217278119,-6.));
#5646=CARTESIAN_POINT('Ctrl Pts',(187.953289233402,-130.628627170844,-6.));
#5647=CARTESIAN_POINT('Ctrl Pts',(187.944856402048,-130.70460549808,-6.));
#5648=CARTESIAN_POINT('Ctrl Pts',(187.93926990817,-130.74012868379,-6.));
#5649=CARTESIAN_POINT('Ctrl Pts',(187.791077403912,-130.526064928537,-6.));
#5650=CARTESIAN_POINT('Ctrl Pts',(187.809893160306,-130.535091760259,-6.));
#5651=CARTESIAN_POINT('Ctrl Pts',(187.845468958153,-130.560066989714,-6.));
#5652=CARTESIAN_POINT('Ctrl Pts',(187.882530381876,-130.611933513471,-6.));
#5653=CARTESIAN_POINT('Ctrl Pts',(187.899645921692,-130.673397089673,-6.));
#5654=CARTESIAN_POINT('Ctrl Pts',(187.9,-130.717598617481,-6.));
#5655=CARTESIAN_POINT('Ctrl Pts',(187.9,-130.74012868379,-6.));
#5656=CARTESIAN_POINT('',(187.791077403912,-130.526064928537,-6.));
#5657=CARTESIAN_POINT('Ctrl Pts',(188.429117283956,-126.715960793628,-6.));
#5658=CARTESIAN_POINT('Ctrl Pts',(188.429771165236,-126.959644432296,-6.));
#5659=CARTESIAN_POINT('Ctrl Pts',(188.415737466886,-127.452882862819,-6.));
#5660=CARTESIAN_POINT('Ctrl Pts',(188.341996396185,-128.31124290404,-6.));
#5661=CARTESIAN_POINT('Ctrl Pts',(188.092666728375,-129.687740815243,-6.));
#5662=CARTESIAN_POINT('Ctrl Pts',(187.891350590405,-130.286584458104,-6.));
#5663=CARTESIAN_POINT('Ctrl Pts',(187.791077403912,-130.526064928537,-6.));
#5664=CARTESIAN_POINT('',(187.9,-130.74012868379,-6.));
#5665=CARTESIAN_POINT('Ctrl Pts',(187.791077403912,-130.526064928537,-6.));
#5666=CARTESIAN_POINT('Ctrl Pts',(187.800497522438,-130.530584216678,-6.));
#5667=CARTESIAN_POINT('Ctrl Pts',(187.80963098284,-130.535964787302,-6.));
#5668=CARTESIAN_POINT('Ctrl Pts',(187.818316918181,-130.542086675864,-6.));
#5669=CARTESIAN_POINT('Ctrl Pts',(187.825905825261,-130.547435373686,-6.));
#5670=CARTESIAN_POINT('Ctrl Pts',(187.833153210115,-130.553348788208,-6.));
#5671=CARTESIAN_POINT('Ctrl Pts',(187.839911298822,-130.559729517147,-6.));
#5672=CARTESIAN_POINT('Ctrl Pts',(187.845796389789,-130.565285995003,-6.));
#5673=CARTESIAN_POINT('Ctrl Pts',(187.851305539238,-130.571195248445,-6.));
#5674=CARTESIAN_POINT('Ctrl Pts',(187.856373397822,-130.577412662758,-6.));
#5675=CARTESIAN_POINT('Ctrl Pts',(187.862286809911,-130.584667429709,-6.));
#5676=CARTESIAN_POINT('Ctrl Pts',(187.867599530918,-130.592343789922,-6.));
#5677=CARTESIAN_POINT('Ctrl Pts',(187.872276252965,-130.600387712463,-6.));
#5678=CARTESIAN_POINT('Ctrl Pts',(187.876831895152,-130.608223378666,-6.));
#5679=CARTESIAN_POINT('Ctrl Pts',(187.880786235383,-130.616410484019,-6.));
#5680=CARTESIAN_POINT('Ctrl Pts',(187.884145189727,-130.624876293015,-6.));
#5681=CARTESIAN_POINT('Ctrl Pts',(187.8873183096,-130.632873730317,-6.));
#5682=CARTESIAN_POINT('Ctrl Pts',(187.88996010651,-130.641117048728,-6.));
#5683=CARTESIAN_POINT('Ctrl Pts',(187.892088951144,-130.649510131807,-6.));
#5684=CARTESIAN_POINT('Ctrl Pts',(187.893940101804,-130.656808391639,-6.));
#5685=CARTESIAN_POINT('Ctrl Pts',(187.895402974568,-130.664220122071,-6.));
#5686=CARTESIAN_POINT('Ctrl Pts',(187.896525351552,-130.67173292895,-6.));
#5687=CARTESIAN_POINT('Ctrl Pts',(187.897742718625,-130.679881566937,-6.));
#5688=CARTESIAN_POINT('Ctrl Pts',(187.898559078021,-130.688152730511,-6.));
#5689=CARTESIAN_POINT('Ctrl Pts',(187.89908303524,-130.696551141416,-6.));
#5690=CARTESIAN_POINT('Ctrl Pts',(187.899526625825,-130.703661370767,-6.));
#5691=CARTESIAN_POINT('Ctrl Pts',(187.899761540055,-130.710864602678,-6.));
#5692=CARTESIAN_POINT('Ctrl Pts',(187.899879861445,-130.718141453094,-6.));
#5693=CARTESIAN_POINT('Ctrl Pts',(187.899990417556,-130.724940733349,-6.));
#5694=CARTESIAN_POINT('Ctrl Pts',(187.899999461328,-130.731805328341,-6.));
#5695=CARTESIAN_POINT('Ctrl Pts',(187.899999964617,-130.738680023843,-6.));
#5696=CARTESIAN_POINT('Ctrl Pts',(187.899999999967,-130.739162891045,-6.));
#5697=CARTESIAN_POINT('Ctrl Pts',(187.9,-130.739645787357,-6.));
#5698=CARTESIAN_POINT('Ctrl Pts',(187.9,-130.74012868379,-6.));
#5699=CARTESIAN_POINT('Origin',(187.9,-130.74012868379,-6.6));
#5700=CARTESIAN_POINT('Ctrl Pts',(113.534039206372,-131.679117283956,-6.));
#5701=CARTESIAN_POINT('Ctrl Pts',(113.419305081928,-131.674516115582,-5.98669006405319));
#5702=CARTESIAN_POINT('Ctrl Pts',(113.192231175879,-131.662324961802,-5.96007000693858));
#5703=CARTESIAN_POINT('Ctrl Pts',(112.814052120704,-131.633192550177,-5.92053811431622));
#5704=CARTESIAN_POINT('Ctrl Pts',(112.340341151137,-131.580041594691,-5.88228938306024));
#5705=CARTESIAN_POINT('Ctrl Pts',(111.683491018796,-131.465138186529,-5.84784812277205));
#5706=CARTESIAN_POINT('Ctrl Pts',(110.773595452887,-131.158592811476,-5.82593113770473));
#5707=CARTESIAN_POINT('Ctrl Pts',(110.226848372375,-130.777205216273,-5.82426406871193));
#5708=CARTESIAN_POINT('Ctrl Pts',(109.950963406237,-130.517304299703,-5.82426406871193));
#5709=CARTESIAN_POINT('Ctrl Pts',(113.534335012757,-131.6687028506,-5.97176536210456));
#5710=CARTESIAN_POINT('Ctrl Pts',(113.424428557756,-131.664592078523,-5.95956458748666));
#5711=CARTESIAN_POINT('Ctrl Pts',(113.202446801751,-131.653852495226,-5.93479060854361));
#5712=CARTESIAN_POINT('Ctrl Pts',(112.823454787587,-131.62739455713,-5.89705142107664));
#5713=CARTESIAN_POINT('Ctrl Pts',(112.344040613014,-131.576223430142,-5.85972665395235));
#5714=CARTESIAN_POINT('Ctrl Pts',(111.679921517017,-131.458763485392,-5.82580136327648));
#5715=CARTESIAN_POINT('Ctrl Pts',(110.795146631728,-131.14986442022,-5.80389693407445));
#5716=CARTESIAN_POINT('Ctrl Pts',(110.253965685701,-130.768220197352,-5.7991295488178));
#5717=CARTESIAN_POINT('Ctrl Pts',(109.970004121339,-130.497092570132,-5.79649605034844));
#5718=CARTESIAN_POINT('Ctrl Pts',(113.535316484958,-131.649370115615,-5.91479421181529));
#5719=CARTESIAN_POINT('Ctrl Pts',(113.430521013698,-131.646740574815,-5.90361724011316));
#5720=CARTESIAN_POINT('Ctrl Pts',(113.212303602037,-131.639535234098,-5.880639384192));
#5721=CARTESIAN_POINT('Ctrl Pts',(112.824477777236,-131.618400881082,-5.84467721541903));
#5722=CARTESIAN_POINT('Ctrl Pts',(112.32688056895,-131.569479500759,-5.80835100061314));
#5723=CARTESIAN_POINT('Ctrl Pts',(111.653915693933,-131.443526234027,-5.77588306102787));
#5724=CARTESIAN_POINT('Ctrl Pts',(110.827360933485,-131.129328963546,-5.75390880296724));
#5725=CARTESIAN_POINT('Ctrl Pts',(110.295031741932,-130.742088469075,-5.74308781468405));
#5726=CARTESIAN_POINT('Ctrl Pts',(110.004334341964,-130.460651022023,-5.73549102316014));
#5727=CARTESIAN_POINT('Ctrl Pts',(113.538076294384,-131.630337031478,-5.80717791683685));
#5728=CARTESIAN_POINT('Ctrl Pts',(113.427234823737,-131.633795119668,-5.79566822452552));
#5729=CARTESIAN_POINT('Ctrl Pts',(113.191993109526,-131.63909342775,-5.77208371115612));
#5730=CARTESIAN_POINT('Ctrl Pts',(112.771225870097,-131.630661057651,-5.73630913989845));
#5731=CARTESIAN_POINT('Ctrl Pts',(112.244985044725,-131.5784258271,-5.70322858164007));
#5732=CARTESIAN_POINT('Ctrl Pts',(111.580183702577,-131.421626876474,-5.67762337521225));
#5733=CARTESIAN_POINT('Ctrl Pts',(110.819245920815,-131.071048227746,-5.65819720258778));
#5734=CARTESIAN_POINT('Ctrl Pts',(110.307156280614,-130.675673374043,-5.64235616333789));
#5735=CARTESIAN_POINT('Ctrl Pts',(110.042599175722,-130.420032879906,-5.63109018228741));
#5736=CARTESIAN_POINT('Ctrl Pts',(113.544048258014,-131.726007372141,-5.62489076735715));
#5737=CARTESIAN_POINT('Ctrl Pts',(113.414288285121,-131.732262577716,-5.61546081350934));
#5738=CARTESIAN_POINT('Ctrl Pts',(113.13966659505,-131.736100785918,-5.59799513242302));
#5739=CARTESIAN_POINT('Ctrl Pts',(112.652526375993,-131.697966571651,-5.57785895335217));
#5740=CARTESIAN_POINT('Ctrl Pts',(112.065754175483,-131.579794288099,-5.56467777134937));
#5741=CARTESIAN_POINT('Ctrl Pts',(111.393649279741,-131.333503967258,-5.55531295035257));
#5742=CARTESIAN_POINT('Ctrl Pts',(110.708312864209,-130.941294268397,-5.54251556950098));
#5743=CARTESIAN_POINT('Ctrl Pts',(110.273959470305,-130.592796751546,-5.52708285670488));
#5744=CARTESIAN_POINT('Ctrl Pts',(110.066162461303,-130.395020439279,-5.51780860420453));
#5745=CARTESIAN_POINT('Ctrl Pts',(113.545657358475,-131.749791570945,-5.47853981633975));
#5746=CARTESIAN_POINT('Ctrl Pts',(113.370156696357,-131.75138791661,-5.47545448096602));
#5747=CARTESIAN_POINT('Ctrl Pts',(113.002584705654,-131.738197570938,-5.47079717190397));
#5748=CARTESIAN_POINT('Ctrl Pts',(112.397745204879,-131.645734297349,-5.46644794777147));
#5749=CARTESIAN_POINT('Ctrl Pts',(111.763027369186,-131.460145197912,-5.46253380960485));
#5750=CARTESIAN_POINT('Ctrl Pts',(111.140989381747,-131.179422389811,-5.4572057083824));
#5751=CARTESIAN_POINT('Ctrl Pts',(110.569900579446,-130.820410002379,-5.44959713566189));
#5752=CARTESIAN_POINT('Ctrl Pts',(110.232197841127,-130.540808779251,-5.44299423742173));
#5753=CARTESIAN_POINT('Ctrl Pts',(110.071466704562,-130.389389982137,-5.43926990816987));
#5754=CARTESIAN_POINT('Ctrl Pts',(113.54624663596,-131.749786120292,-5.4));
#5755=CARTESIAN_POINT('Ctrl Pts',(113.317293730519,-131.751903871215,-5.4));
#5756=CARTESIAN_POINT('Ctrl Pts',(112.858699498997,-131.724591982986,-5.4));
#5757=CARTESIAN_POINT('Ctrl Pts',(112.186984023841,-131.590376706148,-5.4));
#5758=CARTESIAN_POINT('Ctrl Pts',(111.556670897516,-131.372254648028,-5.4));
#5759=CARTESIAN_POINT('Ctrl Pts',(110.989180737821,-131.088385126755,-5.4));
#5760=CARTESIAN_POINT('Ctrl Pts',(110.493903252779,-130.759178575931,-5.4));
#5761=CARTESIAN_POINT('Ctrl Pts',(110.207392152799,-130.517440267284,-5.4));
#5762=CARTESIAN_POINT('Ctrl Pts',(110.071466704562,-130.389389982137,-5.4));
#5763=CARTESIAN_POINT('',(113.534039206372,-131.679117283956,-6.));
#5764=CARTESIAN_POINT('',(109.950963406237,-130.517304299703,-5.82426406871193));
#5765=CARTESIAN_POINT('Ctrl Pts',(113.534039206372,-131.679117283956,-6.));
#5766=CARTESIAN_POINT('Ctrl Pts',(113.419305081928,-131.674516115582,-5.98669006405319));
#5767=CARTESIAN_POINT('Ctrl Pts',(113.192231175879,-131.662324961802,-5.96007000693858));
#5768=CARTESIAN_POINT('Ctrl Pts',(112.814052120704,-131.633192550177,-5.92053811431622));
#5769=CARTESIAN_POINT('Ctrl Pts',(112.340341151137,-131.580041594691,-5.88228938306024));
#5770=CARTESIAN_POINT('Ctrl Pts',(111.683491018796,-131.465138186529,-5.84784812277205));
#5771=CARTESIAN_POINT('Ctrl Pts',(110.773595452887,-131.158592811476,-5.82593113770473));
#5772=CARTESIAN_POINT('Ctrl Pts',(110.226848372375,-130.777205216273,-5.82426406871193));
#5773=CARTESIAN_POINT('Ctrl Pts',(109.950963406237,-130.517304299703,-5.82426406871193));
#5774=CARTESIAN_POINT('',(113.54624663596,-131.749786120292,-5.4));
#5775=CARTESIAN_POINT('Ctrl Pts',(113.534039206372,-131.679117283956,-6.));
#5776=CARTESIAN_POINT('Ctrl Pts',(113.534335012757,-131.6687028506,-5.97176536210456));
#5777=CARTESIAN_POINT('Ctrl Pts',(113.535316484958,-131.649370115615,-5.91479421181529));
#5778=CARTESIAN_POINT('Ctrl Pts',(113.538076294384,-131.630337031478,-5.80717791683685));
#5779=CARTESIAN_POINT('Ctrl Pts',(113.544048258014,-131.726007372141,-5.62489076735715));
#5780=CARTESIAN_POINT('Ctrl Pts',(113.545657358475,-131.749791570945,-5.47853981633975));
#5781=CARTESIAN_POINT('Ctrl Pts',(113.54624663596,-131.749786120292,-5.4));
#5782=CARTESIAN_POINT('',(110.071466704562,-130.389389982137,-5.4));
#5783=CARTESIAN_POINT('Ctrl Pts',(113.54624663596,-131.749786120292,-5.4));
#5784=CARTESIAN_POINT('Ctrl Pts',(113.456910087043,-131.75061245861,-5.4));
#5785=CARTESIAN_POINT('Ctrl Pts',(113.367546647059,-131.749043672774,-5.4));
#5786=CARTESIAN_POINT('Ctrl Pts',(113.278295090604,-131.745082274913,-5.4));
#5787=CARTESIAN_POINT('Ctrl Pts',(113.185658902161,-131.740970651393,-5.4));
#5788=CARTESIAN_POINT('Ctrl Pts',(113.093143935082,-131.734280421617,-5.4));
#5789=CARTESIAN_POINT('Ctrl Pts',(113.000961091037,-131.725033685046,-5.4));
#5790=CARTESIAN_POINT('Ctrl Pts',(112.905823251527,-131.715490536871,-5.4));
#5791=CARTESIAN_POINT('Ctrl Pts',(112.811040304726,-131.703223404922,-5.4));
#5792=CARTESIAN_POINT('Ctrl Pts',(112.716888099595,-131.688292797257,-5.4));
#5793=CARTESIAN_POINT('Ctrl Pts',(112.620863112268,-131.673065204768,-5.4));
#5794=CARTESIAN_POINT('Ctrl Pts',(112.525495739757,-131.655066579509,-5.4));
#5795=CARTESIAN_POINT('Ctrl Pts',(112.431102943144,-131.634409798721,-5.4));
#5796=CARTESIAN_POINT('Ctrl Pts',(112.33645286438,-131.613696714686,-5.4));
#5797=CARTESIAN_POINT('Ctrl Pts',(112.242784338453,-131.590311041137,-5.4));
#5798=CARTESIAN_POINT('Ctrl Pts',(112.150416764408,-131.564418458153,-5.4));
#5799=CARTESIAN_POINT('Ctrl Pts',(112.059384557162,-131.538900206704,-5.4));
#5800=CARTESIAN_POINT('Ctrl Pts',(111.969617370597,-131.510947671587,-5.4));
#5801=CARTESIAN_POINT('Ctrl Pts',(111.881397950952,-131.480763934801,-5.4));
#5802=CARTESIAN_POINT('Ctrl Pts',(111.795556289112,-131.451393733358,-5.4));
#5803=CARTESIAN_POINT('Ctrl Pts',(111.71118104004,-131.419911980591,-5.4));
#5804=CARTESIAN_POINT('Ctrl Pts',(111.62849363791,-131.386535768939,-5.4));
#5805=CARTESIAN_POINT('Ctrl Pts',(111.549990142785,-131.354848363106,-5.4));
#5806=CARTESIAN_POINT('Ctrl Pts',(111.473008347521,-131.321454401791,-5.4));
#5807=CARTESIAN_POINT('Ctrl Pts',(111.397693343698,-131.286552294735,-5.4));
#5808=CARTESIAN_POINT('Ctrl Pts',(111.324916930743,-131.25282660892,-5.4));
#5809=CARTESIAN_POINT('Ctrl Pts',(111.253697012322,-131.217693628127,-5.4));
#5810=CARTESIAN_POINT('Ctrl Pts',(111.18411824933,-131.181330693699,-5.4));
#5811=CARTESIAN_POINT('Ctrl Pts',(111.116785329006,-131.146141471278,-5.4));
#5812=CARTESIAN_POINT('Ctrl Pts',(111.050989313607,-131.10980119088,-5.4));
#5813=CARTESIAN_POINT('Ctrl Pts',(110.98676181544,-131.072456920279,-5.4));
#5814=CARTESIAN_POINT('Ctrl Pts',(110.924471005173,-131.036238712487,-5.4));
#5815=CARTESIAN_POINT('Ctrl Pts',(110.863655415166,-130.999076803672,-5.4));
#5816=CARTESIAN_POINT('Ctrl Pts',(110.804301840775,-130.961081979059,-5.4));
#5817=CARTESIAN_POINT('Ctrl Pts',(110.746600659498,-130.924144923707,-5.4));
#5818=CARTESIAN_POINT('Ctrl Pts',(110.690281023222,-130.886421228151,-5.4));
#5819=CARTESIAN_POINT('Ctrl Pts',(110.635292858421,-130.847981575482,-5.4));
#5820=CARTESIAN_POINT('Ctrl Pts',(110.582408076508,-130.811012299355,-5.4));
#5821=CARTESIAN_POINT('Ctrl Pts',(110.530754551202,-130.773381145339,-5.4));
#5822=CARTESIAN_POINT('Ctrl Pts',(110.480255882997,-130.735115489898,-5.4));
#5823=CARTESIAN_POINT('Ctrl Pts',(110.430755333824,-130.697606164878,-5.4));
#5824=CARTESIAN_POINT('Ctrl Pts',(110.38236420335,-130.659487560261,-5.4));
#5825=CARTESIAN_POINT('Ctrl Pts',(110.334983092772,-130.620745144925,-5.4));
#5826=CARTESIAN_POINT('Ctrl Pts',(110.289034359464,-130.583173950661,-5.4));
#5827=CARTESIAN_POINT('Ctrl Pts',(110.24403519833,-130.545016331886,-5.4));
#5828=CARTESIAN_POINT('Ctrl Pts',(110.199872898001,-130.506216329054,-5.4));
#5829=CARTESIAN_POINT('Ctrl Pts',(110.156298352459,-130.467932714346,-5.4));
#5830=CARTESIAN_POINT('Ctrl Pts',(110.113538263101,-130.42902402519,-5.4));
#5831=CARTESIAN_POINT('Ctrl Pts',(110.071466704562,-130.389389982137,-5.4));
#5832=CARTESIAN_POINT('Origin',(109.66004270911,-130.826116779993,-5.4));
#5833=CARTESIAN_POINT('Ctrl Pts',(113.534039206372,-131.679117283956,-6.));
#5834=CARTESIAN_POINT('Ctrl Pts',(113.534335012757,-131.6687028506,-5.97176536210456));
#5835=CARTESIAN_POINT('Ctrl Pts',(113.535316484958,-131.649370115615,-5.91479421181529));
#5836=CARTESIAN_POINT('Ctrl Pts',(113.538076294384,-131.630337031478,-5.80717791683685));
#5837=CARTESIAN_POINT('Ctrl Pts',(113.544048258014,-131.726007372141,-5.62489076735715));
#5838=CARTESIAN_POINT('Ctrl Pts',(113.545657358475,-131.749791570945,-5.47853981633975));
#5839=CARTESIAN_POINT('Ctrl Pts',(113.54624663596,-131.749786120292,-5.4));
#5840=CARTESIAN_POINT('Ctrl Pts',(113.649052219751,-131.673899630399,-5.98669006405319));
#5841=CARTESIAN_POINT('Ctrl Pts',(113.64461871984,-131.663856533444,-5.95956458748666));
#5842=CARTESIAN_POINT('Ctrl Pts',(113.640608733543,-131.645726611301,-5.90361724011316));
#5843=CARTESIAN_POINT('Ctrl Pts',(113.649667806676,-131.632347198555,-5.79566822452552));
#5844=CARTESIAN_POINT('Ctrl Pts',(113.67420608832,-131.730022360424,-5.61546081350934));
#5845=CARTESIAN_POINT('Ctrl Pts',(113.721204318605,-131.748194797037,-5.47545448096602));
#5846=CARTESIAN_POINT('Ctrl Pts',(113.775199541401,-131.747668369369,-5.4));
#5847=CARTESIAN_POINT('Ctrl Pts',(113.876714715108,-131.660084833603,-5.96007000693858));
#5848=CARTESIAN_POINT('Ctrl Pts',(113.867368784551,-131.651236131807,-5.93479060854361));
#5849=CARTESIAN_POINT('Ctrl Pts',(113.859855454919,-131.636129232657,-5.880639384192));
#5850=CARTESIAN_POINT('Ctrl Pts',(113.886455344208,-131.634374456926,-5.77208371115612));
#5851=CARTESIAN_POINT('Ctrl Pts',(113.949431035526,-131.729017794373,-5.59799513242303));
#5852=CARTESIAN_POINT('Ctrl Pts',(114.088583632724,-131.728301475358,-5.47079717190397));
#5853=CARTESIAN_POINT('Ctrl Pts',(114.233210095832,-131.7118781409,-5.4));
#5854=CARTESIAN_POINT('Ctrl Pts',(114.255941698169,-131.62673494831,-5.92053811431622));
#5855=CARTESIAN_POINT('Ctrl Pts',(114.247680232366,-131.620202594428,-5.89705142107664));
#5856=CARTESIAN_POINT('Ctrl Pts',(114.249470526853,-131.609861719776,-5.84467721541903));
#5857=CARTESIAN_POINT('Ctrl Pts',(114.309480063856,-131.619196087306,-5.73630913989846));
#5858=CARTESIAN_POINT('Ctrl Pts',(114.436563795745,-131.682055346724,-5.57785895335217));
#5859=CARTESIAN_POINT('Ctrl Pts',(114.691824237505,-131.624750716078,-5.46644794777147));
#5860=CARTESIAN_POINT('Ctrl Pts',(114.902327944583,-131.565260527418,-5.4));
#5861=CARTESIAN_POINT('Ctrl Pts',(114.730936541704,-131.566710248822,-5.88228938306025));
#5862=CARTESIAN_POINT('Ctrl Pts',(114.728644938711,-131.561959861249,-5.85972665395235));
#5863=CARTESIAN_POINT('Ctrl Pts',(114.749068241975,-131.553129187645,-5.80835100061314));
#5864=CARTESIAN_POINT('Ctrl Pts',(114.837381229608,-131.557474376737,-5.70322858164007));
#5865=CARTESIAN_POINT('Ctrl Pts',(115.02175024792,-131.553096578791,-5.56467777134937));
#5866=CARTESIAN_POINT('Ctrl Pts',(115.323241104617,-131.427468562104,-5.46253380960486));
#5867=CARTESIAN_POINT('Ctrl Pts',(115.528498432298,-131.335516344093,-5.4));
#5868=CARTESIAN_POINT('Ctrl Pts',(115.389351689317,-131.440559154216,-5.84784812277204));
#5869=CARTESIAN_POINT('Ctrl Pts',(115.394532247846,-131.432750388275,-5.82580136327648));
#5870=CARTESIAN_POINT('Ctrl Pts',(115.423764923244,-131.414389742362,-5.77588306102787));
#5871=CARTESIAN_POINT('Ctrl Pts',(115.501916323677,-131.387886313142,-5.67762337521226));
#5872=CARTESIAN_POINT('Ctrl Pts',(115.689822909141,-131.294302695019,-5.55531295035257));
#5873=CARTESIAN_POINT('Ctrl Pts',(115.940218076699,-131.135234479141,-5.4572057083824));
#5874=CARTESIAN_POINT('Ctrl Pts',(116.090640514826,-131.041198037649,-5.4));
#5875=CARTESIAN_POINT('Ctrl Pts',(116.300071019674,-131.114057045227,-5.82593113770474));
#5876=CARTESIAN_POINT('Ctrl Pts',(116.279585898182,-131.104558159647,-5.80389693407445));
#5877=CARTESIAN_POINT('Ctrl Pts',(116.249186530349,-131.082656106414,-5.75390880296725));
#5878=CARTESIAN_POINT('Ctrl Pts',(116.258690494083,-131.022039631165,-5.65819720258778));
#5879=CARTESIAN_POINT('Ctrl Pts',(116.368316282227,-130.889272158817,-5.54251556950099));
#5880=CARTESIAN_POINT('Ctrl Pts',(116.504768802448,-130.765618814879,-5.44959713566189));
#5881=CARTESIAN_POINT('Ctrl Pts',(116.579743640134,-130.702886238992,-5.4));
#5882=CARTESIAN_POINT('Ctrl Pts',(116.844452623485,-130.718544521035,-5.82426406871193));
#5883=CARTESIAN_POINT('Ctrl Pts',(116.817716921232,-130.70953164266,-5.7991295488178));
#5884=CARTESIAN_POINT('Ctrl Pts',(116.777081895975,-130.683276957359,-5.74308781468406));
#5885=CARTESIAN_POINT('Ctrl Pts',(116.764493973813,-130.616351515803,-5.64235616333789));
#5886=CARTESIAN_POINT('Ctrl Pts',(116.796455740298,-130.532578128505,-5.52708285670489));
#5887=CARTESIAN_POINT('Ctrl Pts',(116.837332452325,-130.479744534834,-5.44299423742173));
#5888=CARTESIAN_POINT('Ctrl Pts',(116.861734075897,-130.455889448696,-5.4));
#5889=CARTESIAN_POINT('Ctrl Pts',(117.118116432363,-130.451010120533,-5.82426406871193));
#5890=CARTESIAN_POINT('Ctrl Pts',(117.098705101324,-130.431154061732,-5.79649605034844));
#5891=CARTESIAN_POINT('Ctrl Pts',(117.063706663835,-130.395353784497,-5.73549102316014));
#5892=CARTESIAN_POINT('Ctrl Pts',(117.024697028363,-130.355450409804,-5.63109018228742));
#5893=CARTESIAN_POINT('Ctrl Pts',(117.00067509776,-130.330878119239,-5.51780860420453));
#5894=CARTESIAN_POINT('Ctrl Pts',(116.995267610632,-130.325346742634,-5.43926990816987));
#5895=CARTESIAN_POINT('Ctrl Pts',(116.995267610632,-130.325346742634,-5.4));
#5896=CARTESIAN_POINT('',(117.118116432363,-130.451010120533,-5.82426406871193));
#5897=CARTESIAN_POINT('Ctrl Pts',(113.534039206372,-131.679117283956,-6.));
#5898=CARTESIAN_POINT('Ctrl Pts',(113.649052219751,-131.673899630399,-5.98669006405319));
#5899=CARTESIAN_POINT('Ctrl Pts',(113.876714715108,-131.660084833603,-5.96007000693858));
#5900=CARTESIAN_POINT('Ctrl Pts',(114.255941698169,-131.62673494831,-5.92053811431622));
#5901=CARTESIAN_POINT('Ctrl Pts',(114.730936541704,-131.566710248822,-5.88228938306025));
#5902=CARTESIAN_POINT('Ctrl Pts',(115.389351689317,-131.440559154216,-5.84784812277204));
#5903=CARTESIAN_POINT('Ctrl Pts',(116.300071019674,-131.114057045227,-5.82593113770474));
#5904=CARTESIAN_POINT('Ctrl Pts',(116.844452623485,-130.718544521035,-5.82426406871193));
#5905=CARTESIAN_POINT('Ctrl Pts',(117.118116432363,-130.451010120533,-5.82426406871193));
#5906=CARTESIAN_POINT('',(116.995267610632,-130.325346742634,-5.4));
#5907=CARTESIAN_POINT('Origin',(117.414699723908,-130.75438835175,-5.4));
#5908=CARTESIAN_POINT('Ctrl Pts',(116.995267610632,-130.325346742634,-5.4));
#5909=CARTESIAN_POINT('Ctrl Pts',(116.953774872937,-130.365910143217,-5.4));
#5910=CARTESIAN_POINT('Ctrl Pts',(116.911574798506,-130.405755502879,-5.4));
#5911=CARTESIAN_POINT('Ctrl Pts',(116.86854190846,-130.444986523784,-5.4));
#5912=CARTESIAN_POINT('Ctrl Pts',(116.824510731716,-130.48512763477,-5.4));
#5913=CARTESIAN_POINT('Ctrl Pts',(116.77960731662,-130.524625306827,-5.4));
#5914=CARTESIAN_POINT('Ctrl Pts',(116.733715631082,-130.563539460566,-5.4));
#5915=CARTESIAN_POINT('Ctrl Pts',(116.685258841558,-130.604628710943,-5.4));
#5916=CARTESIAN_POINT('Ctrl Pts',(116.635699737697,-130.645067299196,-5.4));
#5917=CARTESIAN_POINT('Ctrl Pts',(116.584928544454,-130.684871773719,-5.4));
#5918=CARTESIAN_POINT('Ctrl Pts',(116.533652055947,-130.725072398327,-5.4));
#5919=CARTESIAN_POINT('Ctrl Pts',(116.48113899601,-130.764625674384,-5.4));
#5920=CARTESIAN_POINT('Ctrl Pts',(116.427308148338,-130.80350058649,-5.4));
#5921=CARTESIAN_POINT('Ctrl Pts',(116.37193217043,-130.843491342108,-5.4));
#5922=CARTESIAN_POINT('Ctrl Pts',(116.315161379654,-130.882763731209,-5.4));
#5923=CARTESIAN_POINT('Ctrl Pts',(116.256945127288,-130.921241249931,-5.4));
#5924=CARTESIAN_POINT('Ctrl Pts',(116.196912740149,-130.960919126919,-5.4));
#5925=CARTESIAN_POINT('Ctrl Pts',(116.135343051545,-130.999751147286,-5.4));
#5926=CARTESIAN_POINT('Ctrl Pts',(116.072224355221,-131.037617271447,-5.4));
#5927=CARTESIAN_POINT('Ctrl Pts',(116.006986751775,-131.076754568887,-5.4));
#5928=CARTESIAN_POINT('Ctrl Pts',(115.940094227084,-131.114859267769,-5.4));
#5929=CARTESIAN_POINT('Ctrl Pts',(115.871583289634,-131.151771541133,-5.4));
#5930=CARTESIAN_POINT('Ctrl Pts',(115.800655180103,-131.189986136724,-5.4));
#5931=CARTESIAN_POINT('Ctrl Pts',(115.727992422042,-131.226921755696,-5.4));
#5932=CARTESIAN_POINT('Ctrl Pts',(115.653689233494,-131.262385476168,-5.4));
#5933=CARTESIAN_POINT('Ctrl Pts',(115.575224275129,-131.299835542642,-5.4));
#5934=CARTESIAN_POINT('Ctrl Pts',(115.494930035243,-131.335643059291,-5.4));
#5935=CARTESIAN_POINT('Ctrl Pts',(115.412976481318,-131.369580173774,-5.4));
#5936=CARTESIAN_POINT('Ctrl Pts',(115.328757229182,-131.404455517972,-5.4));
#5937=CARTESIAN_POINT('Ctrl Pts',(115.242786349202,-131.437354391118,-5.4));
#5938=CARTESIAN_POINT('Ctrl Pts',(115.155302770503,-131.468047555712,-5.4));
#5939=CARTESIAN_POINT('Ctrl Pts',(115.066181176549,-131.499315409553,-5.4));
#5940=CARTESIAN_POINT('Ctrl Pts',(114.97549088188,-131.528293157216,-5.4));
#5941=CARTESIAN_POINT('Ctrl Pts',(114.883525749709,-131.554774344326,-5.4));
#5942=CARTESIAN_POINT('Ctrl Pts',(114.791069979655,-131.581396809693,-5.4));
#5943=CARTESIAN_POINT('Ctrl Pts',(114.697327274772,-131.605495443445,-5.4));
#5944=CARTESIAN_POINT('Ctrl Pts',(114.602616736538,-131.626908481026,-5.4));
#5945=CARTESIAN_POINT('Ctrl Pts',(114.509710736552,-131.647913531851,-5.4));
#5946=CARTESIAN_POINT('Ctrl Pts',(114.4158749924,-131.666334476961,-5.4));
#5947=CARTESIAN_POINT('Ctrl Pts',(114.321407210251,-131.682067537549,-5.4));
#5948=CARTESIAN_POINT('Ctrl Pts',(114.229344589779,-131.697400032426,-5.4));
#5949=CARTESIAN_POINT('Ctrl Pts',(114.136683000947,-131.710180336403,-5.4));
#5950=CARTESIAN_POINT('Ctrl Pts',(114.043673807344,-131.720353990533,-5.4));
#5951=CARTESIAN_POINT('Ctrl Pts',(113.955042176646,-131.730048812311,-5.4));
#5952=CARTESIAN_POINT('Ctrl Pts',(113.866095668561,-131.737377442276,-5.4));
#5953=CARTESIAN_POINT('Ctrl Pts',(113.777015043619,-131.742320368888,-5.4));
#5954=CARTESIAN_POINT('Ctrl Pts',(113.70016355455,-131.746584722339,-5.4));
#5955=CARTESIAN_POINT('Ctrl Pts',(113.623211995646,-131.749074212045,-5.4));
#5956=CARTESIAN_POINT('Ctrl Pts',(113.54624663596,-131.749786120292,-5.4));
#5957=CARTESIAN_POINT('Ctrl Pts',(113.534039206372,-131.679117283956,-6.));
#5958=CARTESIAN_POINT('Ctrl Pts',(113.649052219751,-131.673899630399,-5.98669006405319));
#5959=CARTESIAN_POINT('Ctrl Pts',(113.876714715108,-131.660084833603,-5.96007000693858));
#5960=CARTESIAN_POINT('Ctrl Pts',(114.255941698169,-131.62673494831,-5.92053811431622));
#5961=CARTESIAN_POINT('Ctrl Pts',(114.730936541704,-131.566710248822,-5.88228938306025));
#5962=CARTESIAN_POINT('Ctrl Pts',(115.389351689317,-131.440559154216,-5.84784812277204));
#5963=CARTESIAN_POINT('Ctrl Pts',(116.300071019674,-131.114057045227,-5.82593113770474));
#5964=CARTESIAN_POINT('Ctrl Pts',(116.844452623485,-130.718544521035,-5.82426406871193));
#5965=CARTESIAN_POINT('Ctrl Pts',(117.118116432363,-130.451010120533,-5.82426406871193));
#5966=CARTESIAN_POINT('Ctrl Pts',(113.858950724597,-131.67824544225,-6.));
#5967=CARTESIAN_POINT('Ctrl Pts',(113.96004315534,-131.670071705326,-5.98730263694025));
#5968=CARTESIAN_POINT('Ctrl Pts',(114.16785920662,-131.650790738157,-5.96251470963028));
#5969=CARTESIAN_POINT('Ctrl Pts',(114.533180696812,-131.607143351149,-5.92733297778614));
#5970=CARTESIAN_POINT('Ctrl Pts',(115.001559958421,-131.531518408972,-5.8950621328446));
#5971=CARTESIAN_POINT('Ctrl Pts',(115.647541310495,-131.378467973986,-5.86839645151782));
#5972=CARTESIAN_POINT('Ctrl Pts',(116.46975759548,-131.03949182669,-5.85453351122464));
#5973=CARTESIAN_POINT('Ctrl Pts',(116.923102345382,-130.688522716913,-5.85777676190411));
#5974=CARTESIAN_POINT('Ctrl Pts',(117.143998207083,-130.477484865601,-5.86128809319658));
#5975=CARTESIAN_POINT('Ctrl Pts',(114.464295425848,-131.660817532499,-6.));
#5976=CARTESIAN_POINT('Ctrl Pts',(114.551009404528,-131.649004025593,-5.9893866442572));
#5977=CARTESIAN_POINT('Ctrl Pts',(114.742600602944,-131.620962296065,-5.96952091194013));
#5978=CARTESIAN_POINT('Ctrl Pts',(115.109937329567,-131.553352701413,-5.9442308976614));
#5979=CARTESIAN_POINT('Ctrl Pts',(115.586598256031,-131.436702579401,-5.92414253736225));
#5980=CARTESIAN_POINT('Ctrl Pts',(116.191101182654,-131.223842184027,-5.9110377234583));
#5981=CARTESIAN_POINT('Ctrl Pts',(116.798381469039,-130.889830444296,-5.90971294874957));
#5982=CARTESIAN_POINT('Ctrl Pts',(117.07370255275,-130.649455571026,-5.91932450946174));
#5983=CARTESIAN_POINT('Ctrl Pts',(117.202573888616,-130.53740255875,-5.925584411001));
#5984=CARTESIAN_POINT('Ctrl Pts',(115.999276303639,-131.453801425988,-6.));
#5985=CARTESIAN_POINT('Ctrl Pts',(116.076948978088,-131.425356238907,-5.99472344597988));
#5986=CARTESIAN_POINT('Ctrl Pts',(116.238699546364,-131.361566397475,-5.98590183540896));
#5987=CARTESIAN_POINT('Ctrl Pts',(116.496509306174,-131.239458556681,-5.97699375689073));
#5988=CARTESIAN_POINT('Ctrl Pts',(116.759993905949,-131.086376808176,-5.97223347989035));
#5989=CARTESIAN_POINT('Ctrl Pts',(116.992504657206,-130.911545977687,-5.97252479804484));
#5990=CARTESIAN_POINT('Ctrl Pts',(117.151129314344,-130.757278295297,-5.97831537831792));
#5991=CARTESIAN_POINT('Ctrl Pts',(117.251701598823,-130.678030537085,-5.98359589363689));
#5992=CARTESIAN_POINT('Ctrl Pts',(117.304896082843,-130.642069029127,-5.98621387532561));
#5993=CARTESIAN_POINT('Ctrl Pts',(117.008788295327,-131.155215781318,-6.));
#5994=CARTESIAN_POINT('Ctrl Pts',(117.0141087182,-131.134725802745,-6.));
#5995=CARTESIAN_POINT('Ctrl Pts',(117.034061887821,-131.089235953518,-6.));
#5996=CARTESIAN_POINT('Ctrl Pts',(117.085195618398,-131.009786966831,-6.));
#5997=CARTESIAN_POINT('Ctrl Pts',(117.150330784126,-130.925803206185,-6.));
#5998=CARTESIAN_POINT('Ctrl Pts',(117.223324070217,-130.844378697855,-6.));
#5999=CARTESIAN_POINT('Ctrl Pts',(117.299829685831,-130.77425599253,-6.));
#6000=CARTESIAN_POINT('Ctrl Pts',(117.352624253753,-130.734905522742,-6.));
#6001=CARTESIAN_POINT('Ctrl Pts',(117.378097367082,-130.716947408215,-6.));
#6002=CARTESIAN_POINT('Ctrl Pts',(117.327241935959,-131.017858976266,-6.));
#6003=CARTESIAN_POINT('Ctrl Pts',(117.321548677694,-131.002433934454,-6.));
#6004=CARTESIAN_POINT('Ctrl Pts',(117.313551423677,-130.969973959441,-6.));
#6005=CARTESIAN_POINT('Ctrl Pts',(117.312711888452,-130.920738389439,-6.));
#6006=CARTESIAN_POINT('Ctrl Pts',(117.323802241474,-130.8736021801,-6.));
#6007=CARTESIAN_POINT('Ctrl Pts',(117.345984134386,-130.829857163227,-6.));
#6008=CARTESIAN_POINT('Ctrl Pts',(117.376959278232,-130.791299277965,-6.));
#6009=CARTESIAN_POINT('Ctrl Pts',(117.402054435975,-130.766750415774,-6.));
#6010=CARTESIAN_POINT('Ctrl Pts',(117.414699723908,-130.75438835175,-6.));
#6011=CARTESIAN_POINT('',(117.327241935959,-131.017858976266,-6.));
#6012=CARTESIAN_POINT('Ctrl Pts',(113.534039206372,-131.679117283956,-6.));
#6013=CARTESIAN_POINT('Ctrl Pts',(113.858950724597,-131.67824544225,-6.));
#6014=CARTESIAN_POINT('Ctrl Pts',(114.464295425848,-131.660817532499,-6.));
#6015=CARTESIAN_POINT('Ctrl Pts',(115.999276303639,-131.453801425988,-6.));
#6016=CARTESIAN_POINT('Ctrl Pts',(117.008788295327,-131.155215781318,-6.));
#6017=CARTESIAN_POINT('Ctrl Pts',(117.327241935959,-131.017858976266,-6.));
#6018=CARTESIAN_POINT('',(117.414699723908,-130.75438835175,-6.));
#6019=CARTESIAN_POINT('Ctrl Pts',(117.327241935959,-131.017858976266,-6.));
#6020=CARTESIAN_POINT('Ctrl Pts',(117.323354965435,-131.007327804121,-6.));
#6021=CARTESIAN_POINT('Ctrl Pts',(117.320262392856,-130.996436221271,-6.));
#6022=CARTESIAN_POINT('Ctrl Pts',(117.318006698179,-130.98537896348,-6.));
#6023=CARTESIAN_POINT('Ctrl Pts',(117.31603009076,-130.975689771943,-6.));
#6024=CARTESIAN_POINT('Ctrl Pts',(117.31469718581,-130.965879311741,-6.));
#6025=CARTESIAN_POINT('Ctrl Pts',(117.314047024743,-130.956096868183,-6.));
#6026=CARTESIAN_POINT('Ctrl Pts',(117.313413548788,-130.946565471894,-6.));
#6027=CARTESIAN_POINT('Ctrl Pts',(117.313429052999,-130.93705975438,-6.));
#6028=CARTESIAN_POINT('Ctrl Pts',(117.314112488014,-130.927657288598,-6.));
#6029=CARTESIAN_POINT('Ctrl Pts',(117.31488541256,-130.917023656366,-6.));
#6030=CARTESIAN_POINT('Ctrl Pts',(117.31651413939,-130.906519552377,-6.));
#6031=CARTESIAN_POINT('Ctrl Pts',(117.318986380927,-130.896210450578,-6.));
#6032=CARTESIAN_POINT('Ctrl Pts',(117.321199514865,-130.886981812229,-6.));
#6033=CARTESIAN_POINT('Ctrl Pts',(117.324088493835,-130.877906746908,-6.));
#6034=CARTESIAN_POINT('Ctrl Pts',(117.327607491963,-130.869037621847,-6.));
#6035=CARTESIAN_POINT('Ctrl Pts',(117.330921068029,-130.860686233339,-6.));
#6036=CARTESIAN_POINT('Ctrl Pts',(117.334792291177,-130.852518529791,-6.));
#6037=CARTESIAN_POINT('Ctrl Pts',(117.339151783838,-130.844602518033,-6.));
#6038=CARTESIAN_POINT('Ctrl Pts',(117.342914577604,-130.837769998286,-6.));
#6039=CARTESIAN_POINT('Ctrl Pts',(117.347040472493,-130.831126840461,-6.));
#6040=CARTESIAN_POINT('Ctrl Pts',(117.351492833835,-130.824661322795,-6.));
#6041=CARTESIAN_POINT('Ctrl Pts',(117.35689731158,-130.816813184776,-6.));
#6042=CARTESIAN_POINT('Ctrl Pts',(117.362785373116,-130.80922527914,-6.));
#6043=CARTESIAN_POINT('Ctrl Pts',(117.369083255134,-130.801799337265,-6.));
#6044=CARTESIAN_POINT('Ctrl Pts',(117.374707463991,-130.795167735093,-6.));
#6045=CARTESIAN_POINT('Ctrl Pts',(117.380659888893,-130.788661711532,-6.));
#6046=CARTESIAN_POINT('Ctrl Pts',(117.386853602365,-130.782200207614,-6.));
#6047=CARTESIAN_POINT('Ctrl Pts',(117.392101910055,-130.776724984897,-6.));
#6048=CARTESIAN_POINT('Ctrl Pts',(117.397523467872,-130.771280660284,-6.));
#6049=CARTESIAN_POINT('Ctrl Pts',(117.40303265049,-130.765835651033,-6.));
#6050=CARTESIAN_POINT('Ctrl Pts',(117.406893094285,-130.762020175376,-6.));
#6051=CARTESIAN_POINT('Ctrl Pts',(117.410795938774,-130.758204701526,-6.));
#6052=CARTESIAN_POINT('Ctrl Pts',(117.414699723908,-130.75438835175,-6.));
#6053=CARTESIAN_POINT('Origin',(117.414699723908,-130.75438835175,-5.4));
#6054=CARTESIAN_POINT('Ctrl Pts',(113.534039206372,-131.679117283956,-6.));
#6055=CARTESIAN_POINT('Ctrl Pts',(113.858950724597,-131.67824544225,-6.));
#6056=CARTESIAN_POINT('Ctrl Pts',(114.464295425848,-131.660817532499,-6.));
#6057=CARTESIAN_POINT('Ctrl Pts',(115.999276303639,-131.453801425988,-6.));
#6058=CARTESIAN_POINT('Ctrl Pts',(117.008788295327,-131.155215781318,-6.));
#6059=CARTESIAN_POINT('Ctrl Pts',(117.327241935959,-131.017858976266,-6.));
#6060=CARTESIAN_POINT('Ctrl Pts',(113.706140393038,-131.686019036518,-6.01996490392021));
#6061=CARTESIAN_POINT('Ctrl Pts',(114.013443511982,-131.680315900773,-6.01904604458963));
#6062=CARTESIAN_POINT('Ctrl Pts',(114.601984708459,-131.656288581194,-6.0159200336142));
#6063=CARTESIAN_POINT('Ctrl Pts',(116.129578189871,-131.438528283695,-6.00791483103019));
#6064=CARTESIAN_POINT('Ctrl Pts',(117.038337782481,-131.169763094462,-6.));
#6065=CARTESIAN_POINT('Ctrl Pts',(117.335781823356,-131.040996538984,-6.));
#6066=CARTESIAN_POINT('Ctrl Pts',(114.059876002478,-131.692772739734,-6.05992398811545));
#6067=CARTESIAN_POINT('Ctrl Pts',(114.347370335609,-131.679519761101,-6.05580361679853));
#6068=CARTESIAN_POINT('Ctrl Pts',(114.922061926276,-131.640020029865,-6.04470400444399));
#6069=CARTESIAN_POINT('Ctrl Pts',(116.410066081964,-131.409518639593,-6.01984333822556));
#6070=CARTESIAN_POINT('Ctrl Pts',(117.117526697092,-131.190944026674,-6.));
#6071=CARTESIAN_POINT('Ctrl Pts',(117.360570601862,-131.083666552107,-6.));
#6072=CARTESIAN_POINT('Ctrl Pts',(114.730175339041,-131.677104436559,-6.1182668818059));
#6073=CARTESIAN_POINT('Ctrl Pts',(115.011776287185,-131.651178343566,-6.10594732198145));
#6074=CARTESIAN_POINT('Ctrl Pts',(115.619552087262,-131.578977370082,-6.0771840519021));
#6075=CARTESIAN_POINT('Ctrl Pts',(116.902348024413,-131.363507559943,-6.02891212880267));
#6076=CARTESIAN_POINT('Ctrl Pts',(117.271934550449,-131.213019575745,-6.));
#6077=CARTESIAN_POINT('Ctrl Pts',(117.417971235545,-131.129119437809,-6.));
#6078=CARTESIAN_POINT('Ctrl Pts',(115.926057513976,-131.595809583199,-6.16946471533169));
#6079=CARTESIAN_POINT('Ctrl Pts',(116.1817362172,-131.56344587618,-6.14442913459332));
#6080=CARTESIAN_POINT('Ctrl Pts',(116.716575607789,-131.486186975836,-6.09472101737894));
#6081=CARTESIAN_POINT('Ctrl Pts',(117.318767038911,-131.341715016775,-6.02605567206679));
#6082=CARTESIAN_POINT('Ctrl Pts',(117.42415624233,-131.221221424823,-6.));
#6083=CARTESIAN_POINT('Ctrl Pts',(117.485376636887,-131.149675079711,-6.));
#6084=CARTESIAN_POINT('Ctrl Pts',(116.966983443473,-131.574264068712,-6.17573593128807));
#6085=CARTESIAN_POINT('Ctrl Pts',(117.099158313208,-131.542507041166,-6.14397890374213));
#6086=CARTESIAN_POINT('Ctrl Pts',(117.319088602186,-131.46839063206,-6.08380544130788));
#6087=CARTESIAN_POINT('Ctrl Pts',(117.476116275847,-131.324280955901,-6.01771309720747));
#6088=CARTESIAN_POINT('Ctrl Pts',(117.519402902334,-131.209808536064,-6.));
#6089=CARTESIAN_POINT('Ctrl Pts',(117.537485004995,-131.15,-6.));
#6090=CARTESIAN_POINT('Ctrl Pts',(117.564011008296,-131.574264068712,-6.17573593128807));
#6091=CARTESIAN_POINT('Ctrl Pts',(117.564011008296,-131.537240044227,-6.13871190680342));
#6092=CARTESIAN_POINT('Ctrl Pts',(117.564011008296,-131.453447201936,-6.074415588999));
#6093=CARTESIAN_POINT('Ctrl Pts',(117.564011008296,-131.307074726884,-6.01378612467439));
#6094=CARTESIAN_POINT('Ctrl Pts',(117.564011008296,-131.20235987756,-6.));
#6095=CARTESIAN_POINT('Ctrl Pts',(117.564011008296,-131.15,-6.));
#6096=CARTESIAN_POINT('',(117.564011008296,-131.574264068712,-6.17573593128807));
#6097=CARTESIAN_POINT('Ctrl Pts',(113.534039206372,-131.679117283956,-6.));
#6098=CARTESIAN_POINT('Ctrl Pts',(113.706140393038,-131.686019036518,-6.01996490392021));
#6099=CARTESIAN_POINT('Ctrl Pts',(114.059876002478,-131.692772739734,-6.05992398811545));
#6100=CARTESIAN_POINT('Ctrl Pts',(114.730175339041,-131.677104436559,-6.1182668818059));
#6101=CARTESIAN_POINT('Ctrl Pts',(115.926057513976,-131.595809583199,-6.16946471533169));
#6102=CARTESIAN_POINT('Ctrl Pts',(116.966983443473,-131.574264068712,-6.17573593128807));
#6103=CARTESIAN_POINT('Ctrl Pts',(117.564011008296,-131.574264068712,-6.17573593128807));
#6104=CARTESIAN_POINT('',(117.564011008296,-131.15,-6.));
#6105=CARTESIAN_POINT('Origin',(117.564011008296,-131.15,-6.6));
#6106=CARTESIAN_POINT('Ctrl Pts',(117.564011008296,-131.15,-6.));
#6107=CARTESIAN_POINT('Ctrl Pts',(117.555794401122,-131.15,-6.));
#6108=CARTESIAN_POINT('Ctrl Pts',(117.54758230579,-131.149998422883,-6.));
#6109=CARTESIAN_POINT('Ctrl Pts',(117.539469219402,-131.149880231932,-6.));
#6110=CARTESIAN_POINT('Ctrl Pts',(117.530830858757,-131.149754388818,-6.));
#6111=CARTESIAN_POINT('Ctrl Pts',(117.52230415829,-131.149496045202,-6.));
#6112=CARTESIAN_POINT('Ctrl Pts',(117.513946472284,-131.148990424872,-6.));
#6113=CARTESIAN_POINT('Ctrl Pts',(117.50490831916,-131.148443637883,-6.));
#6114=CARTESIAN_POINT('Ctrl Pts',(117.496066795524,-131.147607166899,-6.));
#6115=CARTESIAN_POINT('Ctrl Pts',(117.487442712255,-131.146369716373,-6.));
#6116=CARTESIAN_POINT('Ctrl Pts',(117.478109378816,-131.145030497118,-6.));
#6117=CARTESIAN_POINT('Ctrl Pts',(117.469028661532,-131.14322090759,-6.));
#6118=CARTESIAN_POINT('Ctrl Pts',(117.460193313679,-131.140848032891,-6.));
#6119=CARTESIAN_POINT('Ctrl Pts',(117.451919045094,-131.13862584505,-6.));
#6120=CARTESIAN_POINT('Ctrl Pts',(117.443857795419,-131.135910005799,-6.));
#6121=CARTESIAN_POINT('Ctrl Pts',(117.436007725996,-131.132665490978,-6.));
#6122=CARTESIAN_POINT('Ctrl Pts',(117.428768565663,-131.129673471197,-6.));
#6123=CARTESIAN_POINT('Ctrl Pts',(117.421707838276,-131.126232227158,-6.));
#6124=CARTESIAN_POINT('Ctrl Pts',(117.414849769193,-131.122345441751,-6.));
#6125=CARTESIAN_POINT('Ctrl Pts',(117.407563065621,-131.118215729326,-6.));
#6126=CARTESIAN_POINT('Ctrl Pts',(117.40050421836,-131.11358310933,-6.));
#6127=CARTESIAN_POINT('Ctrl Pts',(117.393754386767,-131.108488422158,-6.));
#6128=CARTESIAN_POINT('Ctrl Pts',(117.385461885487,-131.102229347497,-6.));
#6129=CARTESIAN_POINT('Ctrl Pts',(117.377643812756,-131.095275455613,-6.));
#6130=CARTESIAN_POINT('Ctrl Pts',(117.370422309281,-131.08771177747,-6.));
#6131=CARTESIAN_POINT('Ctrl Pts',(117.362689770404,-131.079612849663,-6.));
#6132=CARTESIAN_POINT('Ctrl Pts',(117.355640206477,-131.070813578195,-6.));
#6133=CARTESIAN_POINT('Ctrl Pts',(117.349360680925,-131.061426710064,-6.));
#6134=CARTESIAN_POINT('Ctrl Pts',(117.342782343498,-131.05159316684,-6.));
#6135=CARTESIAN_POINT('Ctrl Pts',(117.337047176621,-131.041113092106,-6.));
#6136=CARTESIAN_POINT('Ctrl Pts',(117.332211892442,-131.030147788003,-6.));
#6137=CARTESIAN_POINT('Ctrl Pts',(117.330432929866,-131.026113513096,-6.));
#6138=CARTESIAN_POINT('Ctrl Pts',(117.328775516861,-131.022013987058,-6.));
#6139=CARTESIAN_POINT('Ctrl Pts',(117.327241935959,-131.017858976266,-6.));
#6140=CARTESIAN_POINT('Ctrl Pts',(113.534039206372,-131.679117283956,-6.));
#6141=CARTESIAN_POINT('Ctrl Pts',(113.706140393038,-131.686019036518,-6.01996490392021));
#6142=CARTESIAN_POINT('Ctrl Pts',(114.059876002478,-131.692772739734,-6.05992398811545));
#6143=CARTESIAN_POINT('Ctrl Pts',(114.730175339041,-131.677104436559,-6.1182668818059));
#6144=CARTESIAN_POINT('Ctrl Pts',(115.926057513976,-131.595809583199,-6.16946471533169));
#6145=CARTESIAN_POINT('Ctrl Pts',(116.966983443473,-131.574264068712,-6.17573593128807));
#6146=CARTESIAN_POINT('Ctrl Pts',(117.564011008296,-131.574264068712,-6.17573593128807));
#6147=CARTESIAN_POINT('Ctrl Pts',(113.533644797859,-131.693003195098,-6.03764618386058));
#6148=CARTESIAN_POINT('Ctrl Pts',(113.699587074832,-131.699291829354,-6.05539276512299));
#6149=CARTESIAN_POINT('Ctrl Pts',(114.05205128989,-131.704760805249,-6.09194850876619));
#6150=CARTESIAN_POINT('Ctrl Pts',(114.739420102805,-131.6857299337,-6.14841449519058));
#6151=CARTESIAN_POINT('Ctrl Pts',(115.934782226894,-131.61546921416,-6.19789556669788));
#6152=CARTESIAN_POINT('Ctrl Pts',(116.928622404769,-131.606021096258,-6.20749295883401));
#6153=CARTESIAN_POINT('Ctrl Pts',(117.564011008296,-131.611288093197,-6.21275995577272));
#6154=CARTESIAN_POINT('Ctrl Pts',(113.533402305182,-131.72237053597,-6.11023375365859));
#6155=CARTESIAN_POINT('Ctrl Pts',(113.698855060928,-131.725488679995,-6.12658037580853));
#6156=CARTESIAN_POINT('Ctrl Pts',(114.065909502484,-131.72527861427,-6.16107551625945));
#6157=CARTESIAN_POINT('Ctrl Pts',(114.815733339392,-131.698974264539,-6.2192126240516));
#6158=CARTESIAN_POINT('Ctrl Pts',(115.944711153892,-131.65660622793,-6.26521786035916));
#6159=CARTESIAN_POINT('Ctrl Pts',(116.891528035746,-131.666194558692,-6.28160936793998));
#6160=CARTESIAN_POINT('Ctrl Pts',(117.564011008296,-131.675584411001,-6.29655279806423));
#6161=CARTESIAN_POINT('Ctrl Pts',(113.536433265513,-131.732612136034,-6.29608112022992));
#6162=CARTESIAN_POINT('Ctrl Pts',(113.731267780544,-131.7325962628,-6.31416206276409));
#6163=CARTESIAN_POINT('Ctrl Pts',(114.144252299356,-131.728645406266,-6.34953318602347));
#6164=CARTESIAN_POINT('Ctrl Pts',(114.93232034224,-131.719208085331,-6.38668894462237));
#6165=CARTESIAN_POINT('Ctrl Pts',(116.021695324126,-131.722934705228,-6.40402559765906));
#6166=CARTESIAN_POINT('Ctrl Pts',(117.007844889606,-131.732286902793,-6.42571904409914));
#6167=CARTESIAN_POINT('Ctrl Pts',(117.564011008296,-131.736213875326,-6.44292527311613));
#6168=CARTESIAN_POINT('Ctrl Pts',(113.536941162253,-131.75,-6.49528024488034));
#6169=CARTESIAN_POINT('Ctrl Pts',(113.779172701554,-131.75,-6.50145091562778));
#6170=CARTESIAN_POINT('Ctrl Pts',(114.307074036087,-131.75,-6.50918861832992));
#6171=CARTESIAN_POINT('Ctrl Pts',(115.258791628669,-131.75,-6.51617236179887));
#6172=CARTESIAN_POINT('Ctrl Pts',(116.352732640645,-131.75,-6.52773674171023));
#6173=CARTESIAN_POINT('Ctrl Pts',(117.151717107343,-131.75,-6.54019146393646));
#6174=CARTESIAN_POINT('Ctrl Pts',(117.564011008296,-131.75,-6.54764012244017));
#6175=CARTESIAN_POINT('Ctrl Pts',(113.536941162253,-131.75,-6.6));
#6176=CARTESIAN_POINT('Ctrl Pts',(113.87253031609,-131.75,-6.6));
#6177=CARTESIAN_POINT('Ctrl Pts',(114.543708623764,-131.75,-6.6));
#6178=CARTESIAN_POINT('Ctrl Pts',(115.550476085275,-131.75,-6.6));
#6179=CARTESIAN_POINT('Ctrl Pts',(116.557243546786,-131.75,-6.6));
#6180=CARTESIAN_POINT('Ctrl Pts',(117.228421854459,-131.75,-6.6));
#6181=CARTESIAN_POINT('Ctrl Pts',(117.564011008296,-131.75,-6.6));
#6182=CARTESIAN_POINT('',(113.536941162253,-131.75,-6.6));
#6183=CARTESIAN_POINT('Ctrl Pts',(113.534039206372,-131.679117283956,-6.));
#6184=CARTESIAN_POINT('Ctrl Pts',(113.533644797859,-131.693003195098,-6.03764618386058));
#6185=CARTESIAN_POINT('Ctrl Pts',(113.533402305182,-131.72237053597,-6.11023375365859));
#6186=CARTESIAN_POINT('Ctrl Pts',(113.536433265513,-131.732612136034,-6.29608112022992));
#6187=CARTESIAN_POINT('Ctrl Pts',(113.536941162253,-131.75,-6.49528024488034));
#6188=CARTESIAN_POINT('Ctrl Pts',(113.536941162253,-131.75,-6.6));
#6189=CARTESIAN_POINT('',(117.564011008296,-131.75,-6.6));
#6190=CARTESIAN_POINT('',(113.536941162253,-131.75,-6.6));
#6191=CARTESIAN_POINT('Origin',(117.564011008296,-131.15,-6.6));
#6192=CARTESIAN_POINT('Ctrl Pts',(113.534039206372,-131.679117283956,-6.));
#6193=CARTESIAN_POINT('Ctrl Pts',(113.533644797859,-131.693003195098,-6.03764618386058));
#6194=CARTESIAN_POINT('Ctrl Pts',(113.533402305182,-131.72237053597,-6.11023375365859));
#6195=CARTESIAN_POINT('Ctrl Pts',(113.536433265513,-131.732612136034,-6.29608112022992));
#6196=CARTESIAN_POINT('Ctrl Pts',(113.536941162253,-131.75,-6.49528024488034));
#6197=CARTESIAN_POINT('Ctrl Pts',(113.536941162253,-131.75,-6.6));
#6198=CARTESIAN_POINT('Ctrl Pts',(113.361519686305,-131.686943764292,-6.01996490392021));
#6199=CARTESIAN_POINT('Ctrl Pts',(113.367573876757,-131.699893318495,-6.05539276512299));
#6200=CARTESIAN_POINT('Ctrl Pts',(113.368362788147,-131.725723383074,-6.12658037580853));
#6201=CARTESIAN_POINT('Ctrl Pts',(113.341956380551,-131.732624139103,-6.31416206276409));
#6202=CARTESIAN_POINT('Ctrl Pts',(113.294709622953,-131.75,-6.50145091562778));
#6203=CARTESIAN_POINT('Ctrl Pts',(113.201352008416,-131.75,-6.6));
#6204=CARTESIAN_POINT('Ctrl Pts',(113.006962257882,-131.694658361549,-6.05992398811545));
#6205=CARTESIAN_POINT('Ctrl Pts',(113.014781126186,-131.706043979102,-6.09194850876619));
#6206=CARTESIAN_POINT('Ctrl Pts',(113.002219625386,-131.725809611097,-6.16107551625946));
#6207=CARTESIAN_POINT('Ctrl Pts',(112.929418082532,-131.728720727165,-6.34953318602346));
#6208=CARTESIAN_POINT('Ctrl Pts',(112.766808288419,-131.75,-6.50918861832992));
#6209=CARTESIAN_POINT('Ctrl Pts',(112.530173700742,-131.75,-6.6));
#6210=CARTESIAN_POINT('Ctrl Pts',(112.335900524702,-131.679164327263,-6.1182668818059));
#6211=CARTESIAN_POINT('Ctrl Pts',(112.327657579782,-131.687079708715,-6.14841449519058));
#6212=CARTESIAN_POINT('Ctrl Pts',(112.253733461571,-131.699387619821,-6.21921262405161));
#6213=CARTESIAN_POINT('Ctrl Pts',(112.141489539814,-131.719289763035,-6.38668894462237));
#6214=CARTESIAN_POINT('Ctrl Pts',(111.815090695837,-131.75,-6.51617236179887));
#6215=CARTESIAN_POINT('Ctrl Pts',(111.523406239232,-131.75,-6.6));
#6216=CARTESIAN_POINT('Ctrl Pts',(111.139766824821,-131.5961832395,-6.16946471533169));
#6217=CARTESIAN_POINT('Ctrl Pts',(111.132510423266,-131.615630202147,-6.19789556669788));
#6218=CARTESIAN_POINT('Ctrl Pts',(111.125941155608,-131.65667023087,-6.26521786035916));
#6219=CARTESIAN_POINT('Ctrl Pts',(111.052430288679,-131.722886029347,-6.40402559765906));
#6220=CARTESIAN_POINT('Ctrl Pts',(110.721149683862,-131.75,-6.52773674171023));
#6221=CARTESIAN_POINT('Ctrl Pts',(110.516638777721,-131.75,-6.6));
#6222=CARTESIAN_POINT('Ctrl Pts',(110.102902944042,-131.574264068712,-6.17573593128807));
#6223=CARTESIAN_POINT('Ctrl Pts',(110.142680379006,-131.606021096258,-6.20749295883401));
#6224=CARTESIAN_POINT('Ctrl Pts',(110.181744004923,-131.666194558692,-6.28160936793998));
#6225=CARTESIAN_POINT('Ctrl Pts',(110.06609110763,-131.732286902793,-6.42571904409914));
#6226=CARTESIAN_POINT('Ctrl Pts',(109.922165217164,-131.75,-6.54019146393646));
#6227=CARTESIAN_POINT('Ctrl Pts',(109.845460470047,-131.75,-6.6));
#6228=CARTESIAN_POINT('Ctrl Pts',(109.50987131621,-131.574264068712,-6.17573593128807));
#6229=CARTESIAN_POINT('Ctrl Pts',(109.50987131621,-131.611288093197,-6.21275995577272));
#6230=CARTESIAN_POINT('Ctrl Pts',(109.50987131621,-131.675584411001,-6.29655279806422));
#6231=CARTESIAN_POINT('Ctrl Pts',(109.50987131621,-131.736213875326,-6.44292527311613));
#6232=CARTESIAN_POINT('Ctrl Pts',(109.50987131621,-131.75,-6.54764012244017));
#6233=CARTESIAN_POINT('Ctrl Pts',(109.50987131621,-131.75,-6.6));
#6234=CARTESIAN_POINT('',(109.50987131621,-131.574264068712,-6.17573593128807));
#6235=CARTESIAN_POINT('Ctrl Pts',(113.534039206372,-131.679117283956,-6.));
#6236=CARTESIAN_POINT('Ctrl Pts',(113.361519686305,-131.686943764292,-6.01996490392021));
#6237=CARTESIAN_POINT('Ctrl Pts',(113.006962257882,-131.694658361549,-6.05992398811545));
#6238=CARTESIAN_POINT('Ctrl Pts',(112.335900524702,-131.679164327263,-6.1182668818059));
#6239=CARTESIAN_POINT('Ctrl Pts',(111.139766824821,-131.5961832395,-6.16946471533169));
#6240=CARTESIAN_POINT('Ctrl Pts',(110.102902944042,-131.574264068712,-6.17573593128807));
#6241=CARTESIAN_POINT('Ctrl Pts',(109.50987131621,-131.574264068712,-6.17573593128807));
#6242=CARTESIAN_POINT('',(109.50987131621,-131.75,-6.6));
#6243=CARTESIAN_POINT('Origin',(109.50987131621,-131.15,-6.6));
#6244=CARTESIAN_POINT('',(113.536941162253,-131.75,-6.6));
#6245=CARTESIAN_POINT('Ctrl Pts',(113.534039206372,-131.679117283956,-6.));
#6246=CARTESIAN_POINT('Ctrl Pts',(113.361519686305,-131.686943764292,-6.01996490392021));
#6247=CARTESIAN_POINT('Ctrl Pts',(113.006962257882,-131.694658361549,-6.05992398811545));
#6248=CARTESIAN_POINT('Ctrl Pts',(112.335900524702,-131.679164327263,-6.1182668818059));
#6249=CARTESIAN_POINT('Ctrl Pts',(111.139766824821,-131.5961832395,-6.16946471533169));
#6250=CARTESIAN_POINT('Ctrl Pts',(110.102902944042,-131.574264068712,-6.17573593128807));
#6251=CARTESIAN_POINT('Ctrl Pts',(109.50987131621,-131.574264068712,-6.17573593128807));
#6252=CARTESIAN_POINT('Ctrl Pts',(113.290355567704,-131.679771165236,-6.));
#6253=CARTESIAN_POINT('Ctrl Pts',(113.130908224347,-131.683686604986,-6.01927575942227));
#6254=CARTESIAN_POINT('Ctrl Pts',(112.790934777421,-131.685372630022,-6.05683370962776));
#6255=CARTESIAN_POINT('Ctrl Pts',(112.123903701452,-131.660023992553,-6.10902721193756));
#6256=CARTESIAN_POINT('Ctrl Pts',(110.947158246419,-131.571869701604,-6.15068802977791));
#6257=CARTESIAN_POINT('Ctrl Pts',(110.003180420235,-131.550446298052,-6.15191816062862));
#6258=CARTESIAN_POINT('Ctrl Pts',(109.50987131621,-131.546496050348,-6.14796791292458));
#6259=CARTESIAN_POINT('Ctrl Pts',(112.797117137181,-131.665737466886,-6.));
#6260=CARTESIAN_POINT('Ctrl Pts',(112.654747390976,-131.664165191089,-6.01721052718184));
#6261=CARTESIAN_POINT('Ctrl Pts',(112.336100079175,-131.655543342084,-6.04922662381539));
#6262=CARTESIAN_POINT('Ctrl Pts',(111.669851648381,-131.609676360496,-6.08845206662576));
#6263=CARTESIAN_POINT('Ctrl Pts',(110.557899058185,-131.516651389555,-6.11332560582578));
#6264=CARTESIAN_POINT('Ctrl Pts',(109.828362235853,-131.496886210446,-6.10618092422402));
#6265=CARTESIAN_POINT('Ctrl Pts',(109.50987131621,-131.48549102316,-6.09790245100957));
#6266=CARTESIAN_POINT('Ctrl Pts',(111.93875709596,-131.591996396185,-6.));
#6267=CARTESIAN_POINT('Ctrl Pts',(111.798114643352,-131.579934793827,-6.01198441444122));
#6268=CARTESIAN_POINT('Ctrl Pts',(111.474255821785,-131.549945390956,-6.03227801561587));
#6269=CARTESIAN_POINT('Ctrl Pts',(110.820370487049,-131.481833647092,-6.05274664912783));
#6270=CARTESIAN_POINT('Ctrl Pts',(110.008144518873,-131.414451489188,-6.05990480365934));
#6271=CARTESIAN_POINT('Ctrl Pts',(109.661475929868,-131.397989153863,-6.04909873100727));
#6272=CARTESIAN_POINT('Ctrl Pts',(109.50987131621,-131.381090182287,-6.04209894779046));
#6273=CARTESIAN_POINT('Ctrl Pts',(110.562259184757,-131.342666728375,-6.));
#6274=CARTESIAN_POINT('Ctrl Pts',(110.473422114654,-131.337181688946,-6.00506721354075));
#6275=CARTESIAN_POINT('Ctrl Pts',(110.284261009783,-131.32694358174,-6.01259461051503));
#6276=CARTESIAN_POINT('Ctrl Pts',(109.964177710723,-131.308113958556,-6.01763419995079));
#6277=CARTESIAN_POINT('Ctrl Pts',(109.708732645055,-131.298795218818,-6.01465255158362));
#6278=CARTESIAN_POINT('Ctrl Pts',(109.576928487578,-131.281719982955,-6.00993929044289));
#6279=CARTESIAN_POINT('Ctrl Pts',(109.50987131621,-131.267808604205,-6.00773544078798));
#6280=CARTESIAN_POINT('Ctrl Pts',(109.963415541896,-131.141350590404,-6.));
#6281=CARTESIAN_POINT('Ctrl Pts',(109.938626887919,-131.154821127153,-6.));
#6282=CARTESIAN_POINT('Ctrl Pts',(109.87230830775,-131.175771934587,-6.));
#6283=CARTESIAN_POINT('Ctrl Pts',(109.746782721881,-131.196102711102,-6.));
#6284=CARTESIAN_POINT('Ctrl Pts',(109.621372829156,-131.203289233402,-6.));
#6285=CARTESIAN_POINT('Ctrl Pts',(109.54539450192,-131.194856402048,-6.));
#6286=CARTESIAN_POINT('Ctrl Pts',(109.50987131621,-131.18926990817,-6.));
#6287=CARTESIAN_POINT('Ctrl Pts',(109.723935071463,-131.041077403912,-6.));
#6288=CARTESIAN_POINT('Ctrl Pts',(109.714908239741,-131.059893160306,-6.));
#6289=CARTESIAN_POINT('Ctrl Pts',(109.689933010286,-131.095468958153,-6.));
#6290=CARTESIAN_POINT('Ctrl Pts',(109.638066486529,-131.132530381876,-6.));
#6291=CARTESIAN_POINT('Ctrl Pts',(109.576602910327,-131.149645921692,-6.));
#6292=CARTESIAN_POINT('Ctrl Pts',(109.532401382519,-131.15,-6.));
#6293=CARTESIAN_POINT('Ctrl Pts',(109.50987131621,-131.15,-6.));
#6294=CARTESIAN_POINT('',(109.723935071463,-131.041077403912,-6.));
#6295=CARTESIAN_POINT('Ctrl Pts',(113.534039206372,-131.679117283956,-6.));
#6296=CARTESIAN_POINT('Ctrl Pts',(113.290355567704,-131.679771165236,-6.));
#6297=CARTESIAN_POINT('Ctrl Pts',(112.797117137181,-131.665737466886,-6.));
#6298=CARTESIAN_POINT('Ctrl Pts',(111.93875709596,-131.591996396185,-6.));
#6299=CARTESIAN_POINT('Ctrl Pts',(110.562259184757,-131.342666728375,-6.));
#6300=CARTESIAN_POINT('Ctrl Pts',(109.963415541896,-131.141350590404,-6.));
#6301=CARTESIAN_POINT('Ctrl Pts',(109.723935071463,-131.041077403912,-6.));
#6302=CARTESIAN_POINT('',(109.50987131621,-131.15,-6.));
#6303=CARTESIAN_POINT('Ctrl Pts',(109.723935071463,-131.041077403912,-6.));
#6304=CARTESIAN_POINT('Ctrl Pts',(109.719415783322,-131.050497522437,-6.));
#6305=CARTESIAN_POINT('Ctrl Pts',(109.714035212698,-131.059630982839,-6.));
#6306=CARTESIAN_POINT('Ctrl Pts',(109.707913324137,-131.06831691818,-6.));
#6307=CARTESIAN_POINT('Ctrl Pts',(109.702564626315,-131.07590582526,-6.));
#6308=CARTESIAN_POINT('Ctrl Pts',(109.696651211792,-131.083153210114,-6.));
#6309=CARTESIAN_POINT('Ctrl Pts',(109.690270482853,-131.089911298821,-6.));
#6310=CARTESIAN_POINT('Ctrl Pts',(109.684714004999,-131.095796389787,-6.));
#6311=CARTESIAN_POINT('Ctrl Pts',(109.678804751558,-131.101305539235,-6.));
#6312=CARTESIAN_POINT('Ctrl Pts',(109.672587337246,-131.106373397819,-6.));
#6313=CARTESIAN_POINT('Ctrl Pts',(109.665332570295,-131.112286809908,-6.));
#6314=CARTESIAN_POINT('Ctrl Pts',(109.657656210082,-131.117599530915,-6.));
#6315=CARTESIAN_POINT('Ctrl Pts',(109.649612287541,-131.122276252962,-6.));
#6316=CARTESIAN_POINT('Ctrl Pts',(109.64177662134,-131.126831895149,-6.));
#6317=CARTESIAN_POINT('Ctrl Pts',(109.633589515989,-131.130786235379,-6.));
#6318=CARTESIAN_POINT('Ctrl Pts',(109.625123706994,-131.134145189723,-6.));
#6319=CARTESIAN_POINT('Ctrl Pts',(109.617126269687,-131.137318309599,-6.));
#6320=CARTESIAN_POINT('Ctrl Pts',(109.608882951271,-131.13996010651,-6.));
#6321=CARTESIAN_POINT('Ctrl Pts',(109.600489868187,-131.142088951145,-6.));
#6322=CARTESIAN_POINT('Ctrl Pts',(109.593191608355,-131.143940101805,-6.));
#6323=CARTESIAN_POINT('Ctrl Pts',(109.585779877924,-131.145402974569,-6.));
#6324=CARTESIAN_POINT('Ctrl Pts',(109.578267071046,-131.146525351552,-6.));
#6325=CARTESIAN_POINT('Ctrl Pts',(109.570118433057,-131.147742718626,-6.));
#6326=CARTESIAN_POINT('Ctrl Pts',(109.561847269483,-131.148559078021,-6.));
#6327=CARTESIAN_POINT('Ctrl Pts',(109.553448858578,-131.149083035241,-6.));
#6328=CARTESIAN_POINT('Ctrl Pts',(109.546338629227,-131.149526625825,-6.));
#6329=CARTESIAN_POINT('Ctrl Pts',(109.539135397317,-131.149761540055,-6.));
#6330=CARTESIAN_POINT('Ctrl Pts',(109.531858546903,-131.149879861445,-6.));
#6331=CARTESIAN_POINT('Ctrl Pts',(109.525059266648,-131.149990417556,-6.));
#6332=CARTESIAN_POINT('Ctrl Pts',(109.518194671657,-131.149999461328,-6.));
#6333=CARTESIAN_POINT('Ctrl Pts',(109.511319976155,-131.149999964617,-6.));
#6334=CARTESIAN_POINT('Ctrl Pts',(109.510837108953,-131.149999999967,-6.));
#6335=CARTESIAN_POINT('Ctrl Pts',(109.510354212642,-131.15,-6.));
#6336=CARTESIAN_POINT('Ctrl Pts',(109.50987131621,-131.15,-6.));
#6337=CARTESIAN_POINT('Origin',(109.50987131621,-131.15,-6.6));
#6338=CARTESIAN_POINT('Ctrl Pts',(188.429064651283,-60.0340066834426,-5.99999999999999));
#6339=CARTESIAN_POINT('Ctrl Pts',(188.434290481134,-59.9190221170375,-6.01330993594679));
#6340=CARTESIAN_POINT('Ctrl Pts',(188.441399870687,-59.6868063940454,-6.03992999306141));
#6341=CARTESIAN_POINT('Ctrl Pts',(188.440074193608,-59.2876291719264,-6.07946188568377));
#6342=CARTESIAN_POINT('Ctrl Pts',(188.421898262693,-58.7808165194143,-6.11771061693975));
#6343=CARTESIAN_POINT('Ctrl Pts',(188.379642192449,-58.0798618481892,-6.15215187722795));
#6344=CARTESIAN_POINT('Ctrl Pts',(188.328026906984,-57.0867180967405,-6.17406886229527));
#6345=CARTESIAN_POINT('Ctrl Pts',(188.324264068712,-56.4052257347644,-6.17573593128807));
#6346=CARTESIAN_POINT('Ctrl Pts',(188.324264068712,-56.0098713162101,-6.17573593128807));
#6347=CARTESIAN_POINT('Ctrl Pts',(188.439489725477,-60.0337714697287,-6.02823463789542));
#6348=CARTESIAN_POINT('Ctrl Pts',(188.444256575297,-59.9220146545532,-6.04043541251333));
#6349=CARTESIAN_POINT('Ctrl Pts',(188.450450725434,-59.6922175344101,-6.06520939145638));
#6350=CARTESIAN_POINT('Ctrl Pts',(188.447784899664,-59.2897203594697,-6.10294857892335));
#6351=CARTESIAN_POINT('Ctrl Pts',(188.429163986935,-58.7766042677103,-6.14027334604765));
#6352=CARTESIAN_POINT('Ctrl Pts',(188.389842417204,-58.0700951965066,-6.17419863672351));
#6353=CARTESIAN_POINT('Ctrl Pts',(188.348782655839,-57.1052033213334,-6.19610306592555));
#6354=CARTESIAN_POINT('Ctrl Pts',(188.349398588606,-56.4251144522468,-6.2008704511822));
#6355=CARTESIAN_POINT('Ctrl Pts',(188.352032087075,-56.0098713162101,-6.20350394965156));
#6356=CARTESIAN_POINT('Ctrl Pts',(188.460069472737,-60.0337340653934,-6.0852057881847));
#6357=CARTESIAN_POINT('Ctrl Pts',(188.463308138812,-59.9242808297458,-6.09638275988683));
#6358=CARTESIAN_POINT('Ctrl Pts',(188.466702561054,-59.6933289380939,-6.11936061580799));
#6359=CARTESIAN_POINT('Ctrl Pts',(188.460806523051,-59.2771748751758,-6.15532278458097));
#6360=CARTESIAN_POINT('Ctrl Pts',(188.44175924943,-58.7453433933695,-6.19164899938686));
#6361=CARTESIAN_POINT('Ctrl Pts',(188.410813834436,-58.0351185420343,-6.22411693897212));
#6362=CARTESIAN_POINT('Ctrl Pts',(188.38942539859,-57.1353016804856,-6.24609119703276));
#6363=CARTESIAN_POINT('Ctrl Pts',(188.396578566847,-56.4499922863539,-6.25691218531595));
#6364=CARTESIAN_POINT('Ctrl Pts',(188.40209754899,-56.0098713162101,-6.26450897683986));
#6365=CARTESIAN_POINT('Ctrl Pts',(188.482287572615,-60.0345950065822,-6.19282208316315));
#6366=CARTESIAN_POINT('Ctrl Pts',(188.483056491006,-59.9147683977184,-6.20433177547447));
#6367=CARTESIAN_POINT('Ctrl Pts',(188.482046187102,-59.6595014001626,-6.22791628884388));
#6368=CARTESIAN_POINT('Ctrl Pts',(188.473347249197,-59.2089325111263,-6.26369086010154));
#6369=CARTESIAN_POINT('Ctrl Pts',(188.459199577183,-58.6604768945138,-6.29677141835993));
#6370=CARTESIAN_POINT('Ctrl Pts',(188.445692598725,-57.9749977626411,-6.32237662478775));
#6371=CARTESIAN_POINT('Ctrl Pts',(188.444648939775,-57.1281872947161,-6.34180279741222));
#6372=CARTESIAN_POINT('Ctrl Pts',(188.453234530065,-56.4252730213915,-6.35764383666211));
#6373=CARTESIAN_POINT('Ctrl Pts',(188.45790105221,-56.0098713162101,-6.36890981771258));
#6374=CARTESIAN_POINT('Ctrl Pts',(188.4839140885,-60.0369649482091,-6.37510923264285));
#6375=CARTESIAN_POINT('Ctrl Pts',(188.484285268937,-59.8992975302947,-6.38453918649066));
#6376=CARTESIAN_POINT('Ctrl Pts',(188.483981725606,-59.6109926735918,-6.40200486757697));
#6377=CARTESIAN_POINT('Ctrl Pts',(188.482191020612,-59.1141566237762,-6.42214104664783));
#6378=CARTESIAN_POINT('Ctrl Pts',(188.481160184014,-58.522289914895,-6.43532222865063));
#6379=CARTESIAN_POINT('Ctrl Pts',(188.483095683591,-57.8104125103708,-6.44468704964743));
#6380=CARTESIAN_POINT('Ctrl Pts',(188.487915847631,-56.9807385670071,-6.45748443049901));
#6381=CARTESIAN_POINT('Ctrl Pts',(188.490795326109,-56.3441504589843,-6.47291714329512));
#6382=CARTESIAN_POINT('Ctrl Pts',(188.492264559212,-56.0098713162101,-6.48219139579547));
#6383=CARTESIAN_POINT('Ctrl Pts',(188.5,-60.0369411622533,-6.52146018366026));
#6384=CARTESIAN_POINT('Ctrl Pts',(188.5,-59.8598938669636,-6.52454551903398));
#6385=CARTESIAN_POINT('Ctrl Pts',(188.5,-59.4915319740549,-6.52920282809603));
#6386=CARTESIAN_POINT('Ctrl Pts',(188.5,-58.8880628177376,-6.53355205222853));
#6387=CARTESIAN_POINT('Ctrl Pts',(188.5,-58.2322484695461,-6.53746619039515));
#6388=CARTESIAN_POINT('Ctrl Pts',(188.5,-57.5292932296484,-6.5427942916176));
#6389=CARTESIAN_POINT('Ctrl Pts',(188.5,-56.7875780490685,-6.55040286433811));
#6390=CARTESIAN_POINT('Ctrl Pts',(188.5,-56.2719497923264,-6.55700576257827));
#6391=CARTESIAN_POINT('Ctrl Pts',(188.5,-56.0098713162101,-6.56073009183013));
#6392=CARTESIAN_POINT('Ctrl Pts',(188.5,-60.0369411622533,-6.6));
#6393=CARTESIAN_POINT('Ctrl Pts',(188.5,-59.8132150596953,-6.6));
#6394=CARTESIAN_POINT('Ctrl Pts',(188.5,-59.3657628545794,-6.6));
#6395=CARTESIAN_POINT('Ctrl Pts',(188.5,-58.6945845469055,-6.6));
#6396=CARTESIAN_POINT('Ctrl Pts',(188.5,-58.0234062392317,-6.6));
#6397=CARTESIAN_POINT('Ctrl Pts',(188.5,-57.3522279315578,-6.6));
#6398=CARTESIAN_POINT('Ctrl Pts',(188.5,-56.681049623884,-6.6));
#6399=CARTESIAN_POINT('Ctrl Pts',(188.5,-56.233597418768,-6.6));
#6400=CARTESIAN_POINT('Ctrl Pts',(188.5,-56.0098713162101,-6.6));
#6401=CARTESIAN_POINT('',(188.429064651283,-60.0340066834426,-5.99999999999999));
#6402=CARTESIAN_POINT('',(188.324264068712,-56.0098713162101,-6.17573593128807));
#6403=CARTESIAN_POINT('Ctrl Pts',(188.429064651283,-60.0340066834426,-5.99999999999999));
#6404=CARTESIAN_POINT('Ctrl Pts',(188.434290481134,-59.9190221170375,-6.01330993594679));
#6405=CARTESIAN_POINT('Ctrl Pts',(188.441399870687,-59.6868063940454,-6.03992999306141));
#6406=CARTESIAN_POINT('Ctrl Pts',(188.440074193608,-59.2876291719264,-6.07946188568377));
#6407=CARTESIAN_POINT('Ctrl Pts',(188.421898262693,-58.7808165194143,-6.11771061693975));
#6408=CARTESIAN_POINT('Ctrl Pts',(188.379642192449,-58.0798618481892,-6.15215187722795));
#6409=CARTESIAN_POINT('Ctrl Pts',(188.328026906984,-57.0867180967405,-6.17406886229527));
#6410=CARTESIAN_POINT('Ctrl Pts',(188.324264068712,-56.4052257347644,-6.17573593128807));
#6411=CARTESIAN_POINT('Ctrl Pts',(188.324264068712,-56.0098713162101,-6.17573593128807));
#6412=CARTESIAN_POINT('',(188.5,-60.0369411622533,-6.6));
#6413=CARTESIAN_POINT('Ctrl Pts',(188.429064651283,-60.0340066834426,-5.99999999999999));
#6414=CARTESIAN_POINT('Ctrl Pts',(188.439489725477,-60.0337714697287,-6.02823463789542));
#6415=CARTESIAN_POINT('Ctrl Pts',(188.460069472737,-60.0337340653934,-6.0852057881847));
#6416=CARTESIAN_POINT('Ctrl Pts',(188.482287572615,-60.0345950065822,-6.19282208316315));
#6417=CARTESIAN_POINT('Ctrl Pts',(188.4839140885,-60.0369649482091,-6.37510923264285));
#6418=CARTESIAN_POINT('Ctrl Pts',(188.5,-60.0369411622533,-6.52146018366026));
#6419=CARTESIAN_POINT('Ctrl Pts',(188.5,-60.0369411622533,-6.6));
#6420=CARTESIAN_POINT('',(188.5,-56.0098713162101,-6.6));
#6421=CARTESIAN_POINT('',(188.5,-60.0369411622532,-6.6));
#6422=CARTESIAN_POINT('Origin',(187.9,-56.0098713162101,-6.6));
#6423=CARTESIAN_POINT('Ctrl Pts',(188.429064651283,-60.0340066834426,-5.99999999999999));
#6424=CARTESIAN_POINT('Ctrl Pts',(188.439489725477,-60.0337714697287,-6.02823463789542));
#6425=CARTESIAN_POINT('Ctrl Pts',(188.460069472737,-60.0337340653934,-6.0852057881847));
#6426=CARTESIAN_POINT('Ctrl Pts',(188.482287572615,-60.0345950065822,-6.19282208316315));
#6427=CARTESIAN_POINT('Ctrl Pts',(188.4839140885,-60.0369649482091,-6.37510923264285));
#6428=CARTESIAN_POINT('Ctrl Pts',(188.5,-60.0369411622533,-6.52146018366026));
#6429=CARTESIAN_POINT('Ctrl Pts',(188.5,-60.0369411622533,-6.6));
#6430=CARTESIAN_POINT('Ctrl Pts',(188.433667675641,-60.1487694882316,-6.01330993594679));
#6431=CARTESIAN_POINT('Ctrl Pts',(188.443790805426,-60.1454606580953,-6.04043541251333));
#6432=CARTESIAN_POINT('Ctrl Pts',(188.463091055058,-60.1432948247761,-6.09638275988683));
#6433=CARTESIAN_POINT('Ctrl Pts',(188.482974119041,-60.1547339480436,-6.20433177547447));
#6434=CARTESIAN_POINT('Ctrl Pts',(188.484267476975,-60.1747210148391,-6.38453918649066));
#6435=CARTESIAN_POINT('Ctrl Pts',(188.5,-60.2139884575429,-6.52454551903398));
#6436=CARTESIAN_POINT('Ctrl Pts',(188.5,-60.2606672648112,-6.6));
#6437=CARTESIAN_POINT('Ctrl Pts',(188.439908863673,-60.3805908870157,-6.0399299930614));
#6438=CARTESIAN_POINT('Ctrl Pts',(188.449351668482,-60.3751288300033,-6.06520939145638));
#6439=CARTESIAN_POINT('Ctrl Pts',(188.466189758609,-60.3744169253452,-6.119360615808));
#6440=CARTESIAN_POINT('Ctrl Pts',(188.481818396072,-60.4105978414015,-6.22791628884387));
#6441=CARTESIAN_POINT('Ctrl Pts',(188.483941825049,-60.4631308286233,-6.40200486757698));
#6442=CARTESIAN_POINT('Ctrl Pts',(188.5,-60.5823503504516,-6.52920282809603));
#6443=CARTESIAN_POINT('Ctrl Pts',(188.5,-60.7081194699271,-6.6));
#6444=CARTESIAN_POINT('Ctrl Pts',(188.438174512951,-60.7792318888368,-6.07946188568377));
#6445=CARTESIAN_POINT('Ctrl Pts',(188.446410890989,-60.7774020200267,-6.10294857892335));
#6446=CARTESIAN_POINT('Ctrl Pts',(188.460065778479,-60.7907535396474,-6.15532278458097));
#6447=CARTESIAN_POINT('Ctrl Pts',(188.47301063508,-60.8620071735093,-6.26369086010155));
#6448=CARTESIAN_POINT('Ctrl Pts',(188.482155997551,-60.9599598747005,-6.42214104664783));
#6449=CARTESIAN_POINT('Ctrl Pts',(188.5,-61.1858195067689,-6.53355205222853));
#6450=CARTESIAN_POINT('Ctrl Pts',(188.5,-61.379297777601,-6.6));
#6451=CARTESIAN_POINT('Ctrl Pts',(188.420196853206,-61.2854165961949,-6.11771061693975));
#6452=CARTESIAN_POINT('Ctrl Pts',(188.427871212802,-61.2901668738484,-6.14027334604765));
#6453=CARTESIAN_POINT('Ctrl Pts',(188.440966599695,-61.3229259942984,-6.19164899938686));
#6454=CARTESIAN_POINT('Ctrl Pts',(188.458917025377,-61.4112680519286,-6.29677141835993));
#6455=CARTESIAN_POINT('Ctrl Pts',(188.481152962634,-61.5517309518362,-6.43532222865063));
#6456=CARTESIAN_POINT('Ctrl Pts',(188.5,-61.8416338549604,-6.53746619039514));
#6457=CARTESIAN_POINT('Ctrl Pts',(188.5,-62.0504760852748,-6.6));
#6458=CARTESIAN_POINT('Ctrl Pts',(188.37839758577,-61.9860854308519,-6.15215187722795));
#6459=CARTESIAN_POINT('Ctrl Pts',(188.388905805011,-61.99694693221,-6.17419863672351));
#6460=CARTESIAN_POINT('Ctrl Pts',(188.410358570114,-62.0342327480119,-6.22411693897213));
#6461=CARTESIAN_POINT('Ctrl Pts',(188.445580598419,-62.0974072486212,-6.32237662478775));
#6462=CARTESIAN_POINT('Ctrl Pts',(188.483116668099,-62.2635593775704,-6.44468704964743));
#6463=CARTESIAN_POINT('Ctrl Pts',(188.5,-62.5445890948581,-6.5427942916176));
#6464=CARTESIAN_POINT('Ctrl Pts',(188.5,-62.7216543929487,-6.6));
#6465=CARTESIAN_POINT('Ctrl Pts',(188.327951009132,-62.9810567269636,-6.17406886229527));
#6466=CARTESIAN_POINT('Ctrl Pts',(188.348774476876,-62.9637028573782,-6.19610306592556));
#6467=CARTESIAN_POINT('Ctrl Pts',(188.389455804929,-62.9356681102977,-6.24609119703276));
#6468=CARTESIAN_POINT('Ctrl Pts',(188.444681730187,-62.9450660530315,-6.34180279741222));
#6469=CARTESIAN_POINT('Ctrl Pts',(188.487914920827,-63.0931966189946,-6.45748443049901));
#6470=CARTESIAN_POINT('Ctrl Pts',(188.5,-63.286304275438,-6.55040286433811));
#6471=CARTESIAN_POINT('Ctrl Pts',(188.5,-63.3928327006225,-6.6));
#6472=CARTESIAN_POINT('Ctrl Pts',(188.324264068712,-63.6659926317473,-6.17573593128807));
#6473=CARTESIAN_POINT('Ctrl Pts',(188.349398588606,-63.6468121123955,-6.20087045118221));
#6474=CARTESIAN_POINT('Ctrl Pts',(188.396578566847,-63.6230336920403,-6.25691218531595));
#6475=CARTESIAN_POINT('Ctrl Pts',(188.453234530065,-63.6484829102042,-6.35764383666212));
#6476=CARTESIAN_POINT('Ctrl Pts',(188.490795326109,-63.729741652987,-6.47291714329512));
#6477=CARTESIAN_POINT('Ctrl Pts',(188.5,-63.8019325321801,-6.55700576257827));
#6478=CARTESIAN_POINT('Ctrl Pts',(188.5,-63.8402849057385,-6.6));
#6479=CARTESIAN_POINT('Ctrl Pts',(188.324264068712,-64.0640110082964,-6.17573593128807));
#6480=CARTESIAN_POINT('Ctrl Pts',(188.352032087075,-64.0640110082964,-6.20350394965156));
#6481=CARTESIAN_POINT('Ctrl Pts',(188.40209754899,-64.0640110082964,-6.26450897683986));
#6482=CARTESIAN_POINT('Ctrl Pts',(188.45790105221,-64.0640110082964,-6.36890981771259));
#6483=CARTESIAN_POINT('Ctrl Pts',(188.492264559212,-64.0640110082964,-6.48219139579547));
#6484=CARTESIAN_POINT('Ctrl Pts',(188.5,-64.0640110082964,-6.56073009183013));
#6485=CARTESIAN_POINT('Ctrl Pts',(188.5,-64.0640110082964,-6.6));
#6486=CARTESIAN_POINT('',(188.324264068712,-64.0640110082964,-6.17573593128807));
#6487=CARTESIAN_POINT('Ctrl Pts',(188.429064651283,-60.0340066834426,-5.99999999999999));
#6488=CARTESIAN_POINT('Ctrl Pts',(188.433667675641,-60.1487694882316,-6.01330993594679));
#6489=CARTESIAN_POINT('Ctrl Pts',(188.439908863673,-60.3805908870157,-6.0399299930614));
#6490=CARTESIAN_POINT('Ctrl Pts',(188.438174512951,-60.7792318888368,-6.07946188568377));
#6491=CARTESIAN_POINT('Ctrl Pts',(188.420196853206,-61.2854165961949,-6.11771061693975));
#6492=CARTESIAN_POINT('Ctrl Pts',(188.37839758577,-61.9860854308519,-6.15215187722795));
#6493=CARTESIAN_POINT('Ctrl Pts',(188.327951009132,-62.9810567269636,-6.17406886229527));
#6494=CARTESIAN_POINT('Ctrl Pts',(188.324264068712,-63.6659926317473,-6.17573593128807));
#6495=CARTESIAN_POINT('Ctrl Pts',(188.324264068712,-64.0640110082964,-6.17573593128807));
#6496=CARTESIAN_POINT('',(188.5,-64.0640110082964,-6.6));
#6497=CARTESIAN_POINT('Origin',(187.9,-64.0640110082964,-6.6));
#6498=CARTESIAN_POINT('',(188.5,-60.0369411622532,-6.6));
#6499=CARTESIAN_POINT('Ctrl Pts',(188.429064651283,-60.0340066834426,-5.99999999999999));
#6500=CARTESIAN_POINT('Ctrl Pts',(188.433667675641,-60.1487694882316,-6.01330993594679));
#6501=CARTESIAN_POINT('Ctrl Pts',(188.439908863673,-60.3805908870157,-6.0399299930614));
#6502=CARTESIAN_POINT('Ctrl Pts',(188.438174512951,-60.7792318888368,-6.07946188568377));
#6503=CARTESIAN_POINT('Ctrl Pts',(188.420196853206,-61.2854165961949,-6.11771061693975));
#6504=CARTESIAN_POINT('Ctrl Pts',(188.37839758577,-61.9860854308519,-6.15215187722795));
#6505=CARTESIAN_POINT('Ctrl Pts',(188.327951009132,-62.9810567269636,-6.17406886229527));
#6506=CARTESIAN_POINT('Ctrl Pts',(188.324264068712,-63.6659926317473,-6.17573593128807));
#6507=CARTESIAN_POINT('Ctrl Pts',(188.324264068712,-64.0640110082964,-6.17573593128807));
#6508=CARTESIAN_POINT('Ctrl Pts',(188.428404066302,-60.2776905696393,-5.99999999999999));
#6509=CARTESIAN_POINT('Ctrl Pts',(188.430588750998,-60.3836491404826,-6.0128505062815));
#6510=CARTESIAN_POINT('Ctrl Pts',(188.432681545553,-60.6032820956142,-6.03809646604263));
#6511=CARTESIAN_POINT('Ctrl Pts',(188.425165663325,-60.9932438783061,-6.07436573808133));
#6512=CARTESIAN_POINT('Ctrl Pts',(188.40138263722,-61.4944954541408,-6.10813105460148));
#6513=CARTESIAN_POINT('Ctrl Pts',(188.354713961205,-62.1879075774095,-6.13674063066862));
#6514=CARTESIAN_POINT('Ctrl Pts',(188.305140211095,-63.1251868149237,-6.15261708215535));
#6515=CARTESIAN_POINT('Ctrl Pts',(188.299129548818,-63.7320800666148,-6.15060141139394));
#6516=CARTESIAN_POINT('Ctrl Pts',(188.296496050349,-64.0640110082964,-6.14796791292458));
#6517=CARTESIAN_POINT('Ctrl Pts',(188.411722921294,-60.7702667716727,-5.99999999999999));
#6518=CARTESIAN_POINT('Ctrl Pts',(188.410563151323,-60.8647125504676,-6.01147368478789));
#6519=CARTESIAN_POINT('Ctrl Pts',(188.406015732849,-61.0677107121048,-6.03333496316163));
#6520=CARTESIAN_POINT('Ctrl Pts',(188.387603252758,-61.4456401974488,-6.06252717010972));
#6521=CARTESIAN_POINT('Ctrl Pts',(188.352295682841,-61.9390888516462,-6.08718865990102));
#6522=CARTESIAN_POINT('Ctrl Pts',(188.298469029437,-62.6063110832978,-6.10507868643039));
#6523=CARTESIAN_POINT('Ctrl Pts',(188.253593826651,-63.4017634474541,-6.11090194865009));
#6524=CARTESIAN_POINT('Ctrl Pts',(188.243087814684,-63.8479197867949,-6.10342143315254));
#6525=CARTESIAN_POINT('Ctrl Pts',(188.23549102316,-64.0640110082964,-6.09790245100958));
#6526=CARTESIAN_POINT('Ctrl Pts',(188.33327538479,-61.6255199243569,-5.99999999999999));
#6527=CARTESIAN_POINT('Ctrl Pts',(188.32560604363,-61.7185068493253,-6.00798960962747));
#6528=CARTESIAN_POINT('Ctrl Pts',(188.307682468455,-61.9237427468954,-6.02235554483305));
#6529=CARTESIAN_POINT('Ctrl Pts',(188.272306616381,-62.2997200099809,-6.0392658369967));
#6530=CARTESIAN_POINT('Ctrl Pts',(188.228471137873,-62.7542616894836,-6.05151759355556));
#6531=CARTESIAN_POINT('Ctrl Pts',(188.184054464367,-63.2742616994822,-6.05783320456758));
#6532=CARTESIAN_POINT('Ctrl Pts',(188.157041910619,-63.7420122009846,-6.05488899628311));
#6533=CARTESIAN_POINT('Ctrl Pts',(188.142356163338,-63.9588026887691,-6.046765469935));
#6534=CARTESIAN_POINT('Ctrl Pts',(188.131090182287,-64.0640110082964,-6.04209894779046));
#6535=CARTESIAN_POINT('Ctrl Pts',(188.076977192692,-62.992224835988,-6.));
#6536=CARTESIAN_POINT('Ctrl Pts',(188.074596450674,-63.0508995287219,-6.0033781423605));
#6537=CARTESIAN_POINT('Ctrl Pts',(188.070266369322,-63.1739746508959,-6.00895907410288));
#6538=CARTESIAN_POINT('Ctrl Pts',(188.062908609037,-63.3748493601603,-6.01439712141061));
#6539=CARTESIAN_POINT('Ctrl Pts',(188.054611938336,-63.5829147929174,-6.01686450990437));
#6540=CARTESIAN_POINT('Ctrl Pts',(188.049058098409,-63.7707955765418,-6.01592880087373));
#6541=CARTESIAN_POINT('Ctrl Pts',(188.042187965004,-63.9149466701949,-6.01214422830339));
#6542=CARTESIAN_POINT('Ctrl Pts',(188.027082856705,-64.0156198407064,-6.00920467389125));
#6543=CARTESIAN_POINT('Ctrl Pts',(188.017808604205,-64.0640110082964,-6.00773544078797));
#6544=CARTESIAN_POINT('Ctrl Pts',(187.870655218163,-63.5883409463883,-6.));
#6545=CARTESIAN_POINT('Ctrl Pts',(187.881755114844,-63.6046605597516,-6.));
#6546=CARTESIAN_POINT('Ctrl Pts',(187.901182584739,-63.6449366335103,-6.));
#6547=CARTESIAN_POINT('Ctrl Pts',(187.923916644617,-63.7218735434368,-6.));
#6548=CARTESIAN_POINT('Ctrl Pts',(187.940349520618,-63.8078713360462,-6.));
#6549=CARTESIAN_POINT('Ctrl Pts',(187.949816790574,-63.896665325891,-6.));
#6550=CARTESIAN_POINT('Ctrl Pts',(187.949473429723,-63.9816908149222,-6.));
#6551=CARTESIAN_POINT('Ctrl Pts',(187.942994237422,-64.0372859547649,-6.));
#6552=CARTESIAN_POINT('Ctrl Pts',(187.93926990817,-64.0640110082964,-6.));
#6553=CARTESIAN_POINT('Ctrl Pts',(187.767637614374,-63.8271811768622,-6.));
#6554=CARTESIAN_POINT('Ctrl Pts',(187.78302765688,-63.8330161506398,-6.));
#6555=CARTESIAN_POINT('Ctrl Pts',(187.812644064058,-63.8482587379187,-6.));
#6556=CARTESIAN_POINT('Ctrl Pts',(187.849546558605,-63.8795635780954,-6.));
#6557=CARTESIAN_POINT('Ctrl Pts',(187.876555462714,-63.9184343069888,-6.));
#6558=CARTESIAN_POINT('Ctrl Pts',(187.893293346935,-63.9633740094708,-6.));
#6559=CARTESIAN_POINT('Ctrl Pts',(187.899937073453,-64.0113028118406,-6.));
#6560=CARTESIAN_POINT('Ctrl Pts',(187.9,-64.0463270060958,-6.));
#6561=CARTESIAN_POINT('Ctrl Pts',(187.9,-64.0640110082964,-6.));
#6562=CARTESIAN_POINT('',(187.767637614374,-63.8271811768622,-6.));
#6563=CARTESIAN_POINT('Ctrl Pts',(188.429064651283,-60.0340066834426,-5.99999999999999));
#6564=CARTESIAN_POINT('Ctrl Pts',(188.428404066302,-60.2776905696393,-5.99999999999999));
#6565=CARTESIAN_POINT('Ctrl Pts',(188.411722921294,-60.7702667716727,-5.99999999999999));
#6566=CARTESIAN_POINT('Ctrl Pts',(188.33327538479,-61.6255199243569,-5.99999999999999));
#6567=CARTESIAN_POINT('Ctrl Pts',(188.076977192692,-62.992224835988,-6.));
#6568=CARTESIAN_POINT('Ctrl Pts',(187.870655218163,-63.5883409463883,-6.));
#6569=CARTESIAN_POINT('Ctrl Pts',(187.767637614374,-63.8271811768622,-6.));
#6570=CARTESIAN_POINT('',(187.9,-64.0640110082964,-6.));
#6571=CARTESIAN_POINT('Ctrl Pts',(187.767637614374,-63.8271811768621,-6.));
#6572=CARTESIAN_POINT('Ctrl Pts',(187.777253493054,-63.8308269367699,-6.));
#6573=CARTESIAN_POINT('Ctrl Pts',(187.786630322549,-63.8351627479274,-6.));
#6574=CARTESIAN_POINT('Ctrl Pts',(187.795629081147,-63.8401112010743,-6.));
#6575=CARTESIAN_POINT('Ctrl Pts',(187.803809801783,-63.8446098118916,-6.));
#6576=CARTESIAN_POINT('Ctrl Pts',(187.811673467524,-63.849611120203,-6.));
#6577=CARTESIAN_POINT('Ctrl Pts',(187.819098452787,-63.8550510477535,-6.));
#6578=CARTESIAN_POINT('Ctrl Pts',(187.82658729357,-63.8605377591557,-6.));
#6579=CARTESIAN_POINT('Ctrl Pts',(187.833629827298,-63.8664719378499,-6.));
#6580=CARTESIAN_POINT('Ctrl Pts',(187.840154350996,-63.8728235866672,-6.));
#6581=CARTESIAN_POINT('Ctrl Pts',(187.847430115001,-63.8799065708006,-6.));
#6582=CARTESIAN_POINT('Ctrl Pts',(187.854062474001,-63.8875118097025,-6.));
#6583=CARTESIAN_POINT('Ctrl Pts',(187.860008972906,-63.8956046522437,-6.));
#6584=CARTESIAN_POINT('Ctrl Pts',(187.865222421477,-63.9026998554967,-6.));
#6585=CARTESIAN_POINT('Ctrl Pts',(187.869910448993,-63.9101715851329,-6.));
#6586=CARTESIAN_POINT('Ctrl Pts',(187.874064387274,-63.917967605743,-6.));
#6587=CARTESIAN_POINT('Ctrl Pts',(187.879199397981,-63.9276048816479,-6.));
#6588=CARTESIAN_POINT('Ctrl Pts',(187.88351852089,-63.9377396670018,-6.));
#6589=CARTESIAN_POINT('Ctrl Pts',(187.887013892154,-63.9481681240849,-6.));
#6590=CARTESIAN_POINT('Ctrl Pts',(187.889393482902,-63.9552676445991,-6.));
#6591=CARTESIAN_POINT('Ctrl Pts',(187.891391004878,-63.9625015498525,-6.));
#6592=CARTESIAN_POINT('Ctrl Pts',(187.89303250278,-63.969858660218,-6.));
#6593=CARTESIAN_POINT('Ctrl Pts',(187.89497359355,-63.9785585306312,-6.));
#6594=CARTESIAN_POINT('Ctrl Pts',(187.896415869347,-63.9874339809978,-6.));
#6595=CARTESIAN_POINT('Ctrl Pts',(187.897452599532,-63.9965153407746,-6.));
#6596=CARTESIAN_POINT('Ctrl Pts',(187.898349922803,-64.004375549314,-6.));
#6597=CARTESIAN_POINT('Ctrl Pts',(187.89894444398,-64.0123931220393,-6.));
#6598=CARTESIAN_POINT('Ctrl Pts',(187.899326198869,-64.0205717052376,-6.));
#6599=CARTESIAN_POINT('Ctrl Pts',(187.899655257172,-64.0276213352099,-6.));
#6600=CARTESIAN_POINT('Ctrl Pts',(187.899826741572,-64.0347913680758,-6.));
#6601=CARTESIAN_POINT('Ctrl Pts',(187.899912903962,-64.042049973489,-6.));
#6602=CARTESIAN_POINT('Ctrl Pts',(187.899999066352,-64.0493085789022,-6.));
#6603=CARTESIAN_POINT('Ctrl Pts',(187.9,-64.0566570961113,-6.));
#6604=CARTESIAN_POINT('Ctrl Pts',(187.9,-64.0640110082964,-6.));
#6605=CARTESIAN_POINT('Origin',(187.9,-64.0640110082964,-6.6));
#6606=CARTESIAN_POINT('Ctrl Pts',(188.429064651283,-60.0340066834426,-5.99999999999999));
#6607=CARTESIAN_POINT('Ctrl Pts',(188.428404066302,-60.2776905696393,-5.99999999999999));
#6608=CARTESIAN_POINT('Ctrl Pts',(188.411722921294,-60.7702667716727,-5.99999999999999));
#6609=CARTESIAN_POINT('Ctrl Pts',(188.33327538479,-61.6255199243569,-5.99999999999999));
#6610=CARTESIAN_POINT('Ctrl Pts',(188.076977192692,-62.992224835988,-6.));
#6611=CARTESIAN_POINT('Ctrl Pts',(187.870655218163,-63.5883409463883,-6.));
#6612=CARTESIAN_POINT('Ctrl Pts',(187.767637614374,-63.8271811768622,-6.));
#6613=CARTESIAN_POINT('Ctrl Pts',(188.423838821432,-60.1489912498478,-5.98669006405318));
#6614=CARTESIAN_POINT('Ctrl Pts',(188.420963629433,-60.3822342419393,-5.98714949371847));
#6615=CARTESIAN_POINT('Ctrl Pts',(188.40076424763,-60.8603489840339,-5.98852631521209));
#6616=CARTESIAN_POINT('Ctrl Pts',(188.314375582119,-61.7120421747454,-5.99201039037251));
#6617=CARTESIAN_POINT('Ctrl Pts',(188.049597496989,-63.0385771811937,-5.9966218576395));
#6618=CARTESIAN_POINT('Ctrl Pts',(187.851461494123,-63.590786393757,-6.));
#6619=CARTESIAN_POINT('Ctrl Pts',(187.752247571868,-63.8213462030845,-6.));
#6620=CARTESIAN_POINT('Ctrl Pts',(188.410025486389,-60.376602178025,-5.96007000693857));
#6621=CARTESIAN_POINT('Ctrl Pts',(188.403059122619,-60.5949570912762,-5.96190353395734));
#6622=CARTESIAN_POINT('Ctrl Pts',(188.375481203586,-61.0522207711972,-5.96666503683835));
#6623=CARTESIAN_POINT('Ctrl Pts',(188.270023801962,-61.9025496367321,-5.97764445516694));
#6624=CARTESIAN_POINT('Ctrl Pts',(187.989865579297,-63.1345694150803,-5.99104092589711));
#6625=CARTESIAN_POINT('Ctrl Pts',(187.809569429514,-63.6036050982889,-6.));
#6626=CARTESIAN_POINT('Ctrl Pts',(187.720254048515,-63.8132288642599,-6.));
#6627=CARTESIAN_POINT('Ctrl Pts',(188.376787380024,-60.7558236140292,-5.92053811431621));
#6628=CARTESIAN_POINT('Ctrl Pts',(188.36211737935,-60.9637485432637,-5.92563426191865));
#6629=CARTESIAN_POINT('Ctrl Pts',(188.318286315708,-61.4068006644896,-5.93747282989027));
#6630=CARTESIAN_POINT('Ctrl Pts',(188.172830880466,-62.2472930687166,-5.96073416300329));
#6631=CARTESIAN_POINT('Ctrl Pts',(187.8830194439,-63.288398143352,-5.9856028785894));
#6632=CARTESIAN_POINT('Ctrl Pts',(187.738008994728,-63.6420383150089,-6.));
#6633=CARTESIAN_POINT('Ctrl Pts',(187.671074887619,-63.8127610278813,-6.));
#6634=CARTESIAN_POINT('Ctrl Pts',(188.316812930663,-61.2309169741725,-5.88228938306024));
#6635=CARTESIAN_POINT('Ctrl Pts',(188.290430720529,-61.4338912589782,-5.89186894539851));
#6636=CARTESIAN_POINT('Ctrl Pts',(188.220784717618,-61.8680751781859,-5.91281134009897));
#6637=CARTESIAN_POINT('Ctrl Pts',(188.028161485344,-62.6555784779178,-5.94848240644445));
#6638=CARTESIAN_POINT('Ctrl Pts',(187.758321862201,-63.4460867642042,-5.98313549009563));
#6639=CARTESIAN_POINT('Ctrl Pts',(187.662331063833,-63.6939149558275,-6.));
#6640=CARTESIAN_POINT('Ctrl Pts',(187.623182117924,-63.8239471946128,-6.));
#6641=CARTESIAN_POINT('Ctrl Pts',(188.190334932949,-61.8894261589096,-5.84784812277204));
#6642=CARTESIAN_POINT('Ctrl Pts',(188.143745376263,-62.0830713314318,-5.86325936933137));
#6643=CARTESIAN_POINT('Ctrl Pts',(188.034589126972,-62.4817797714562,-5.89492131356961));
#6644=CARTESIAN_POINT('Ctrl Pts',(187.816690401107,-63.1055604156964,-5.94216679543242));
#6645=CARTESIAN_POINT('Ctrl Pts',(187.627850860429,-63.5868557704906,-5.98407119912626));
#6646=CARTESIAN_POINT('Ctrl Pts',(187.590879335619,-63.7537549619317,-6.));
#6647=CARTESIAN_POINT('Ctrl Pts',(187.580077842716,-63.8457300388928,-6.));
#6648=CARTESIAN_POINT('Ctrl Pts',(187.864236596914,-62.7999086995201,-5.82593113770474));
#6649=CARTESIAN_POINT('Ctrl Pts',(187.80833619764,-62.927155877388,-5.84738291784466));
#6650=CARTESIAN_POINT('Ctrl Pts',(187.698792180439,-63.1717630409649,-5.8890980513499));
#6651=CARTESIAN_POINT('Ctrl Pts',(187.562551581942,-63.4903031337058,-5.94511100371689));
#6652=CARTESIAN_POINT('Ctrl Pts',(187.514612837127,-63.7006116262955,-5.98785577169662));
#6653=CARTESIAN_POINT('Ctrl Pts',(187.528676708596,-63.8190064720309,-6.));
#6654=CARTESIAN_POINT('Ctrl Pts',(187.541399192985,-63.8768923333303,-6.));
#6655=CARTESIAN_POINT('Ctrl Pts',(187.468544521035,-63.3444526234845,-5.82426406871193));
#6656=CARTESIAN_POINT('Ctrl Pts',(187.446028167944,-63.4034399149079,-5.84939858860606));
#6657=CARTESIAN_POINT('Ctrl Pts',(187.412629090688,-63.5177722056672,-5.89657856684746));
#6658=CARTESIAN_POINT('Ctrl Pts',(187.409141626787,-63.6654367644159,-5.953234530065));
#6659=CARTESIAN_POINT('Ctrl Pts',(187.449472188729,-63.7890813141438,-5.99079532610875));
#6660=CARTESIAN_POINT('Ctrl Pts',(187.492866746,-63.8649817993088,-6.));
#6661=CARTESIAN_POINT('Ctrl Pts',(187.516750415774,-63.9020544359752,-6.));
#6662=CARTESIAN_POINT('Ctrl Pts',(187.201010120533,-63.6181164323634,-5.82426406871193));
#6663=CARTESIAN_POINT('Ctrl Pts',(187.220866179334,-63.6375277634029,-5.85203208707542));
#6664=CARTESIAN_POINT('Ctrl Pts',(187.264489004383,-63.6801735425263,-5.90209754899043));
#6665=CARTESIAN_POINT('Ctrl Pts',(187.339142845651,-63.7531553180513,-5.95790105220955));
#6666=CARTESIAN_POINT('Ctrl Pts',(187.420147029891,-63.8323452042022,-5.99226455921202));
#6667=CARTESIAN_POINT('Ctrl Pts',(187.476307644099,-63.8872479562884,-6.));
#6668=CARTESIAN_POINT('Ctrl Pts',(187.50438835175,-63.9146997239082,-6.));
#6669=CARTESIAN_POINT('',(187.201010120533,-63.6181164323634,-5.82426406871193));
#6670=CARTESIAN_POINT('Ctrl Pts',(188.429064651283,-60.0340066834426,-5.99999999999999));
#6671=CARTESIAN_POINT('Ctrl Pts',(188.423838821432,-60.1489912498478,-5.98669006405318));
#6672=CARTESIAN_POINT('Ctrl Pts',(188.410025486389,-60.376602178025,-5.96007000693857));
#6673=CARTESIAN_POINT('Ctrl Pts',(188.376787380024,-60.7558236140292,-5.92053811431621));
#6674=CARTESIAN_POINT('Ctrl Pts',(188.316812930663,-61.2309169741725,-5.88228938306024));
#6675=CARTESIAN_POINT('Ctrl Pts',(188.190334932949,-61.8894261589096,-5.84784812277204));
#6676=CARTESIAN_POINT('Ctrl Pts',(187.864236596914,-62.7999086995201,-5.82593113770474));
#6677=CARTESIAN_POINT('Ctrl Pts',(187.468544521035,-63.3444526234845,-5.82426406871193));
#6678=CARTESIAN_POINT('Ctrl Pts',(187.201010120533,-63.6181164323634,-5.82426406871193));
#6679=CARTESIAN_POINT('',(187.50438835175,-63.9146997239082,-6.));
#6680=CARTESIAN_POINT('Origin',(187.50438835175,-63.9146997239082,-5.4));
#6681=CARTESIAN_POINT('Ctrl Pts',(187.50438835175,-63.9146997239082,-6.));
#6682=CARTESIAN_POINT('Ctrl Pts',(187.510572954198,-63.9083734277041,-6.));
#6683=CARTESIAN_POINT('Ctrl Pts',(187.516755070271,-63.9020512113153,-6.));
#6684=CARTESIAN_POINT('Ctrl Pts',(187.522961587297,-63.8958860446792,-6.));
#6685=CARTESIAN_POINT('Ctrl Pts',(187.52962659581,-63.8892654412157,-6.));
#6686=CARTESIAN_POINT('Ctrl Pts',(187.536320676302,-63.8828258282337,-6.));
#6687=CARTESIAN_POINT('Ctrl Pts',(187.543103886493,-63.876700851434,-6.));
#6688=CARTESIAN_POINT('Ctrl Pts',(187.550428471018,-63.8700870345219,-6.));
#6689=CARTESIAN_POINT('Ctrl Pts',(187.557858672513,-63.8638397020898,-6.));
#6690=CARTESIAN_POINT('Ctrl Pts',(187.565479263504,-63.8580680901568,-6.));
#6691=CARTESIAN_POINT('Ctrl Pts',(187.572995768845,-63.8523753096393,-6.));
#6692=CARTESIAN_POINT('Ctrl Pts',(187.580699380663,-63.8471440680725,-6.));
#6693=CARTESIAN_POINT('Ctrl Pts',(187.588652371984,-63.8424380040156,-6.));
#6694=CARTESIAN_POINT('Ctrl Pts',(187.596001356321,-63.8380893520881,-6.));
#6695=CARTESIAN_POINT('Ctrl Pts',(187.603564227982,-63.8341880083418,-6.));
#6696=CARTESIAN_POINT('Ctrl Pts',(187.61135466012,-63.8307660553168,-6.));
#6697=CARTESIAN_POINT('Ctrl Pts',(187.618827089685,-63.8274837851546,-6.));
#6698=CARTESIAN_POINT('Ctrl Pts',(187.626509653225,-63.8246418596573,-6.));
#6699=CARTESIAN_POINT('Ctrl Pts',(187.63436828297,-63.822263759805,-6.));
#6700=CARTESIAN_POINT('Ctrl Pts',(187.645115209977,-63.8190116323533,-6.));
#6701=CARTESIAN_POINT('Ctrl Pts',(187.656184267244,-63.8166290225901,-6.));
#6702=CARTESIAN_POINT('Ctrl Pts',(187.667378083338,-63.8151736645797,-6.));
#6703=CARTESIAN_POINT('Ctrl Pts',(187.678670653674,-63.8137054670895,-6.));
#6704=CARTESIAN_POINT('Ctrl Pts',(187.690090826143,-63.8131813368677,-6.));
#6705=CARTESIAN_POINT('Ctrl Pts',(187.701485004026,-63.8136177933198,-6.));
#6706=CARTESIAN_POINT('Ctrl Pts',(187.713273491182,-63.8140693538739,-6.));
#6707=CARTESIAN_POINT('Ctrl Pts',(187.725036676301,-63.8155493610143,-6.));
#6708=CARTESIAN_POINT('Ctrl Pts',(187.736625969238,-63.8180271154618,-6.));
#6709=CARTESIAN_POINT('Ctrl Pts',(187.747146091874,-63.8202762846552,-6.));
#6710=CARTESIAN_POINT('Ctrl Pts',(187.75752469469,-63.8233469690523,-6.));
#6711=CARTESIAN_POINT('Ctrl Pts',(187.767637614374,-63.8271811768621,-6.));
#6712=CARTESIAN_POINT('Ctrl Pts',(188.429064651283,-60.0340066834426,-5.99999999999999));
#6713=CARTESIAN_POINT('Ctrl Pts',(188.423838821432,-60.1489912498478,-5.98669006405318));
#6714=CARTESIAN_POINT('Ctrl Pts',(188.410025486389,-60.376602178025,-5.96007000693857));
#6715=CARTESIAN_POINT('Ctrl Pts',(188.376787380024,-60.7558236140292,-5.92053811431621));
#6716=CARTESIAN_POINT('Ctrl Pts',(188.316812930663,-61.2309169741725,-5.88228938306024));
#6717=CARTESIAN_POINT('Ctrl Pts',(188.190334932949,-61.8894261589096,-5.84784812277204));
#6718=CARTESIAN_POINT('Ctrl Pts',(187.864236596914,-62.7999086995201,-5.82593113770474));
#6719=CARTESIAN_POINT('Ctrl Pts',(187.468544521035,-63.3444526234845,-5.82426406871193));
#6720=CARTESIAN_POINT('Ctrl Pts',(187.201010120533,-63.6181164323634,-5.82426406871193));
#6721=CARTESIAN_POINT('Ctrl Pts',(188.418639577089,-60.0342418971565,-5.97176536210455));
#6722=CARTESIAN_POINT('Ctrl Pts',(188.413795336263,-60.1445053615676,-5.95956458748664));
#6723=CARTESIAN_POINT('Ctrl Pts',(188.401210713197,-60.3672326354146,-5.93479060854359));
#6724=CARTESIAN_POINT('Ctrl Pts',(188.370299289077,-60.7475911830654,-5.89705142107663));
#6725=CARTESIAN_POINT('Ctrl Pts',(188.311969751075,-61.2286750749079,-5.85972665395234));
#6726=CARTESIAN_POINT('Ctrl Pts',(188.18256100357,-61.8945608773426,-5.82580136327648));
#6727=CARTESIAN_POINT('Ctrl Pts',(187.854726920128,-62.7794566246966,-5.80389693407445));
#6728=CARTESIAN_POINT('Ctrl Pts',(187.45953164266,-63.3177169212318,-5.7991295488178));
#6729=CARTESIAN_POINT('Ctrl Pts',(187.181154061732,-63.5987051013239,-5.79649605034844));
#6730=CARTESIAN_POINT('Ctrl Pts',(188.39935076449,-60.035173589133,-5.91479421181528));
#6731=CARTESIAN_POINT('Ctrl Pts',(188.395738517254,-60.1404867619867,-5.90361724011315));
#6732=CARTESIAN_POINT('Ctrl Pts',(188.386194308789,-60.3597885251598,-5.88063938419198));
#6733=CARTESIAN_POINT('Ctrl Pts',(188.359867213067,-60.7494914593284,-5.84467721541901));
#6734=CARTESIAN_POINT('Ctrl Pts',(188.302932790241,-61.2491379451734,-5.80835100061313));
#6735=CARTESIAN_POINT('Ctrl Pts',(188.164433816022,-61.9236866482906,-5.77588306102787));
#6736=CARTESIAN_POINT('Ctrl Pts',(187.832715543491,-62.749145892132,-5.75390880296724));
#6737=CARTESIAN_POINT('Ctrl Pts',(187.433276957359,-63.2770818959747,-5.74308781468405));
#6738=CARTESIAN_POINT('Ctrl Pts',(187.145353784497,-63.5637066638354,-5.73549102316014));
#6739=CARTESIAN_POINT('Ctrl Pts',(188.380351286475,-60.0381273510568,-5.80717791683682));
#6740=CARTESIAN_POINT('Ctrl Pts',(188.382346195036,-60.1497229312815,-5.7956682245255));
#6741=CARTESIAN_POINT('Ctrl Pts',(188.384329521377,-60.3865115058283,-5.77208371115611));
#6742=CARTESIAN_POINT('Ctrl Pts',(188.369125009847,-60.8095071231394,-5.73630913989844));
#6743=CARTESIAN_POINT('Ctrl Pts',(188.307510920373,-61.3373445408497,-5.70322858164006));
#6744=CARTESIAN_POINT('Ctrl Pts',(188.137927534996,-62.0018866429148,-5.67762337521225));
#6745=CARTESIAN_POINT('Ctrl Pts',(187.772039007395,-62.7586906568942,-5.65819720258778));
#6746=CARTESIAN_POINT('Ctrl Pts',(187.366351515803,-63.2644939738125,-5.64235616333789));
#6747=CARTESIAN_POINT('Ctrl Pts',(187.105450409804,-63.524697028363,-5.63109018228741));
#6748=CARTESIAN_POINT('Ctrl Pts',(188.476006349694,-60.0440326776427,-5.62489076735712));
#6749=CARTESIAN_POINT('Ctrl Pts',(188.480024831142,-60.174188494954,-5.61546081350932));
#6750=CARTESIAN_POINT('Ctrl Pts',(188.479034452563,-60.449409836066,-5.59799513242301));
#6751=CARTESIAN_POINT('Ctrl Pts',(188.43208520109,-60.9365464993187,-5.57785895335216));
#6752=CARTESIAN_POINT('Ctrl Pts',(188.303096863657,-61.5217513698146,-5.56467777134937));
#6753=CARTESIAN_POINT('Ctrl Pts',(188.044296654086,-62.189826719805,-5.55531295035257));
#6754=CARTESIAN_POINT('Ctrl Pts',(187.639272538684,-62.8683160908718,-5.54251556950099));
#6755=CARTESIAN_POINT('Ctrl Pts',(187.282578128505,-63.2964557402983,-5.52708285670488));
#6756=CARTESIAN_POINT('Ctrl Pts',(187.080878119239,-63.5006750977604,-5.51780860420453));
#6757=CARTESIAN_POINT('Ctrl Pts',(188.499791570945,-60.0456573584751,-5.47853981633974));
#6758=CARTESIAN_POINT('Ctrl Pts',(188.498194797037,-60.2212043186048,-5.47545448096602));
#6759=CARTESIAN_POINT('Ctrl Pts',(188.478301475358,-60.5885836327239,-5.47079717190396));
#6760=CARTESIAN_POINT('Ctrl Pts',(188.374750716078,-61.1918242375048,-5.46644794777146));
#6761=CARTESIAN_POINT('Ctrl Pts',(188.177468562104,-61.8232411046167,-5.46253380960485));
#6762=CARTESIAN_POINT('Ctrl Pts',(187.885234479141,-62.4402180766994,-5.4572057083824));
#6763=CARTESIAN_POINT('Ctrl Pts',(187.515618814879,-63.0047688024478,-5.44959713566189));
#6764=CARTESIAN_POINT('Ctrl Pts',(187.229744534834,-63.3373324523252,-5.44299423742173));
#6765=CARTESIAN_POINT('Ctrl Pts',(187.075346742634,-63.4952676106323,-5.43926990816987));
#6766=CARTESIAN_POINT('Ctrl Pts',(188.499786120292,-60.04624663596,-5.4));
#6767=CARTESIAN_POINT('Ctrl Pts',(188.497668369369,-60.2751995414014,-5.4));
#6768=CARTESIAN_POINT('Ctrl Pts',(188.4618781409,-60.7332100958319,-5.4));
#6769=CARTESIAN_POINT('Ctrl Pts',(188.315260527418,-61.4023279445831,-5.4));
#6770=CARTESIAN_POINT('Ctrl Pts',(188.085516344093,-62.0284984322978,-5.4));
#6771=CARTESIAN_POINT('Ctrl Pts',(187.791198037648,-62.5906405148261,-5.4));
#6772=CARTESIAN_POINT('Ctrl Pts',(187.452886238992,-63.0797436401337,-5.4));
#6773=CARTESIAN_POINT('Ctrl Pts',(187.205889448696,-63.3617340758973,-5.4));
#6774=CARTESIAN_POINT('Ctrl Pts',(187.075346742634,-63.4952676106323,-5.4));
#6775=CARTESIAN_POINT('',(188.499786120292,-60.04624663596,-5.4));
#6776=CARTESIAN_POINT('Ctrl Pts',(188.429064651283,-60.0340066834426,-5.99999999999999));
#6777=CARTESIAN_POINT('Ctrl Pts',(188.418639577089,-60.0342418971565,-5.97176536210455));
#6778=CARTESIAN_POINT('Ctrl Pts',(188.39935076449,-60.035173589133,-5.91479421181528));
#6779=CARTESIAN_POINT('Ctrl Pts',(188.380351286475,-60.0381273510568,-5.80717791683682));
#6780=CARTESIAN_POINT('Ctrl Pts',(188.476006349694,-60.0440326776427,-5.62489076735712));
#6781=CARTESIAN_POINT('Ctrl Pts',(188.499791570945,-60.0456573584751,-5.47853981633974));
#6782=CARTESIAN_POINT('Ctrl Pts',(188.499786120292,-60.04624663596,-5.4));
#6783=CARTESIAN_POINT('',(187.075346742634,-63.4952676106323,-5.4));
#6784=CARTESIAN_POINT('Ctrl Pts',(188.499786120292,-60.04624663596,-5.4));
#6785=CARTESIAN_POINT('Ctrl Pts',(188.498959781973,-60.1355831848766,-5.4));
#6786=CARTESIAN_POINT('Ctrl Pts',(188.495738231878,-60.2249023155814,-5.4));
#6787=CARTESIAN_POINT('Ctrl Pts',(188.490126548742,-60.3140653236902,-5.4));
#6788=CARTESIAN_POINT('Ctrl Pts',(188.48430205719,-60.4066096058224,-5.4));
#6789=CARTESIAN_POINT('Ctrl Pts',(188.475901642918,-60.4989849886267,-5.4));
#6790=CARTESIAN_POINT('Ctrl Pts',(188.464951302837,-60.5909810153098,-5.4));
#6791=CARTESIAN_POINT('Ctrl Pts',(188.453649940766,-60.6859260488769,-5.4));
#6792=CARTESIAN_POINT('Ctrl Pts',(188.439631625752,-60.7804658625791,-5.4));
#6793=CARTESIAN_POINT('Ctrl Pts',(188.422961958116,-60.8743257739211,-5.4));
#6794=CARTESIAN_POINT('Ctrl Pts',(188.405960714,-60.970052653441,-5.4));
#6795=CARTESIAN_POINT('Ctrl Pts',(188.386201075709,-61.0650707724791,-5.4));
#6796=CARTESIAN_POINT('Ctrl Pts',(188.363801764271,-61.1590653121707,-5.4));
#6797=CARTESIAN_POINT('Ctrl Pts',(188.341341400048,-61.2533160485039,-5.4));
#6798=CARTESIAN_POINT('Ctrl Pts',(188.316227060222,-61.346535962749,-5.4));
#6799=CARTESIAN_POINT('Ctrl Pts',(188.288630304724,-61.4384087752374,-5.4));
#6800=CARTESIAN_POINT('Ctrl Pts',(188.261432518144,-61.5289533737414,-5.4));
#6801=CARTESIAN_POINT('Ctrl Pts',(188.231824264582,-61.6181881389632,-5.4));
#6802=CARTESIAN_POINT('Ctrl Pts',(188.200013821491,-61.7058341296253,-5.4));
#6803=CARTESIAN_POINT('Ctrl Pts',(188.169060757984,-61.7911178179835,-5.4));
#6804=CARTESIAN_POINT('Ctrl Pts',(188.136023629943,-61.8748962852888,-5.4));
#6805=CARTESIAN_POINT('Ctrl Pts',(188.101123588721,-61.9569521510031,-5.4));
#6806=CARTESIAN_POINT('Ctrl Pts',(188.067989457701,-62.0348560648764,-5.4));
#6807=CARTESIAN_POINT('Ctrl Pts',(188.033177211388,-62.1112069716231,-5.4));
#6808=CARTESIAN_POINT('Ctrl Pts',(187.996887909457,-62.1858634746426,-5.4));
#6809=CARTESIAN_POINT('Ctrl Pts',(187.961821785988,-62.2580035824268,-5.4));
#6810=CARTESIAN_POINT('Ctrl Pts',(187.925377400152,-62.3285614300436,-5.4));
#6811=CARTESIAN_POINT('Ctrl Pts',(187.887733628994,-62.3974556515187,-5.4));
#6812=CARTESIAN_POINT('Ctrl Pts',(187.851304912311,-62.4641261257549,-5.4));
#6813=CARTESIAN_POINT('Ctrl Pts',(187.813753764055,-62.5292386659166,-5.4));
#6814=CARTESIAN_POINT('Ctrl Pts',(187.775227811595,-62.5927643855481,-5.4));
#6815=CARTESIAN_POINT('Ctrl Pts',(187.737863553862,-62.6543745784017,-5.4));
#6816=CARTESIAN_POINT('Ctrl Pts',(187.699583044997,-62.7144923469531,-5.4));
#6817=CARTESIAN_POINT('Ctrl Pts',(187.660496807009,-62.773132942877,-5.4));
#6818=CARTESIAN_POINT('Ctrl Pts',(187.62249872304,-62.8301409948824,-5.4));
#6819=CARTESIAN_POINT('Ctrl Pts',(187.583739689092,-62.8857531871071,-5.4));
#6820=CARTESIAN_POINT('Ctrl Pts',(187.544289449908,-62.9400208919944,-5.4));
#6821=CARTESIAN_POINT('Ctrl Pts',(187.506348243773,-62.9922127727072,-5.4));
#6822=CARTESIAN_POINT('Ctrl Pts',(187.467768048612,-63.0431613641553,-5.4));
#6823=CARTESIAN_POINT('Ctrl Pts',(187.428574822979,-63.0929435591771,-5.4));
#6824=CARTESIAN_POINT('Ctrl Pts',(187.390156261427,-63.1417417964428,-5.4));
#6825=CARTESIAN_POINT('Ctrl Pts',(187.351149046401,-63.1894195344596,-5.4));
#6826=CARTESIAN_POINT('Ctrl Pts',(187.3115368106,-63.2360758862301,-5.4));
#6827=CARTESIAN_POINT('Ctrl Pts',(187.273122091394,-63.2813217708973,-5.4));
#6828=CARTESIAN_POINT('Ctrl Pts',(187.234138613069,-63.3256073982621,-5.4));
#6829=CARTESIAN_POINT('Ctrl Pts',(187.194528340737,-63.3690444252773,-5.4));
#6830=CARTESIAN_POINT('Ctrl Pts',(187.155445240382,-63.4119033501467,-5.4));
#6831=CARTESIAN_POINT('Ctrl Pts',(187.115752238228,-63.4539363956441,-5.4));
#6832=CARTESIAN_POINT('Ctrl Pts',(187.075346742634,-63.4952676106323,-5.4));
#6833=CARTESIAN_POINT('Origin',(187.50438835175,-63.9146997239082,-5.4));
#6834=CARTESIAN_POINT('Ctrl Pts',(188.429064651283,-60.0340066834426,-5.99999999999999));
#6835=CARTESIAN_POINT('Ctrl Pts',(188.418639577089,-60.0342418971565,-5.97176536210455));
#6836=CARTESIAN_POINT('Ctrl Pts',(188.39935076449,-60.035173589133,-5.91479421181528));
#6837=CARTESIAN_POINT('Ctrl Pts',(188.380351286475,-60.0381273510568,-5.80717791683682));
#6838=CARTESIAN_POINT('Ctrl Pts',(188.476006349694,-60.0440326776427,-5.62489076735712));
#6839=CARTESIAN_POINT('Ctrl Pts',(188.499791570945,-60.0456573584751,-5.47853981633974));
#6840=CARTESIAN_POINT('Ctrl Pts',(188.499786120292,-60.04624663596,-5.4));
#6841=CARTESIAN_POINT('Ctrl Pts',(188.424461626925,-59.9192438786537,-5.98669006405318));
#6842=CARTESIAN_POINT('Ctrl Pts',(188.414532181632,-59.9243173688996,-5.95956458748664));
#6843=CARTESIAN_POINT('Ctrl Pts',(188.396709477328,-59.9303970700973,-5.90361724011315));
#6844=CARTESIAN_POINT('Ctrl Pts',(188.383823590283,-59.9272911313828,-5.7956682245255));
#6845=CARTESIAN_POINT('Ctrl Pts',(188.482257107265,-59.9142681675024,-5.61546081350931));
#6846=CARTESIAN_POINT('Ctrl Pts',(188.50138791661,-59.8701566963572,-5.47545448096601));
#6847=CARTESIAN_POINT('Ctrl Pts',(188.501903871215,-59.8172937305186,-5.4));
#6848=CARTESIAN_POINT('Ctrl Pts',(188.412268094149,-59.6921257640038,-5.96007000693857));
#6849=CARTESIAN_POINT('Ctrl Pts',(188.403792037211,-59.7023191455546,-5.93479060854359));
#6850=CARTESIAN_POINT('Ctrl Pts',(188.389468609562,-59.7122242687874,-5.88063938419198));
#6851=CARTESIAN_POINT('Ctrl Pts',(188.389168659056,-59.6920556380956,-5.7720837111561));
#6852=CARTESIAN_POINT('Ctrl Pts',(188.486077501391,-59.6396371466098,-5.597995132423));
#6853=CARTESIAN_POINT('Ctrl Pts',(188.488197570938,-59.5025847056541,-5.47079717190396));
#6854=CARTESIAN_POINT('Ctrl Pts',(188.474591982986,-59.3586994989969,-5.4));
#6855=CARTESIAN_POINT('Ctrl Pts',(188.383093521492,-59.3139341952926,-5.9205381143162));
#6856=CARTESIAN_POINT('Ctrl Pts',(188.377281508482,-59.323352173858,-5.89705142107662));
#6857=CARTESIAN_POINT('Ctrl Pts',(188.368409786566,-59.324496864282,-5.84467721541901));
#6858=CARTESIAN_POINT('Ctrl Pts',(188.380752753634,-59.2712507432145,-5.73630913989843));
#6859=CARTESIAN_POINT('Ctrl Pts',(188.447925948642,-59.1524971900174,-5.57785895335214));
#6860=CARTESIAN_POINT('Ctrl Pts',(188.395734297349,-58.8977452048789,-5.46644794777146));
#6861=CARTESIAN_POINT('Ctrl Pts',(188.340376706148,-58.6869840238409,-5.4));
#6862=CARTESIAN_POINT('Ctrl Pts',(188.329932646842,-58.8403008261534,-5.88228938306023));
#6863=CARTESIAN_POINT('Ctrl Pts',(188.326229210209,-58.8440658770643,-5.85972665395233));
#6864=CARTESIAN_POINT('Ctrl Pts',(188.319718567668,-58.8269761223292,-5.80835100061311));
#6865=CARTESIAN_POINT('Ctrl Pts',(188.328384447337,-58.744909455919,-5.70322858164004));
#6866=CARTESIAN_POINT('Ctrl Pts',(188.329786828376,-58.5657532423321,-5.56467777134935));
#6867=CARTESIAN_POINT('Ctrl Pts',(188.210145197912,-58.2630273691857,-5.46253380960485));
#6868=CARTESIAN_POINT('Ctrl Pts',(188.122254648028,-58.0566708975156,-5.4));
#6869=CARTESIAN_POINT('Ctrl Pts',(188.215433090755,-58.1835978920511,-5.84784812277202));
#6870=CARTESIAN_POINT('Ctrl Pts',(188.20900342002,-58.1799558232993,-5.82580136327646));
#6871=CARTESIAN_POINT('Ctrl Pts',(188.193464957283,-58.1537578549506,-5.77588306102784));
#6872=CARTESIAN_POINT('Ctrl Pts',(188.171542458287,-58.0801028269943,-5.67762337521223));
#6873=CARTESIAN_POINT('Ctrl Pts',(188.083516983591,-57.8936608264754,-5.55531295035256));
#6874=CARTESIAN_POINT('Ctrl Pts',(187.929422389811,-57.640989381747,-5.4572057083824));
#6875=CARTESIAN_POINT('Ctrl Pts',(187.838385126755,-57.4891807378213,-5.4));
#6876=CARTESIAN_POINT('Ctrl Pts',(187.908268530356,-57.2732269739843,-5.82593113770472));
#6877=CARTESIAN_POINT('Ctrl Pts',(187.8995638624,-57.2948446234535,-5.80389693407443));
#6878=CARTESIAN_POINT('Ctrl Pts',(187.879204307939,-57.3272502244048,-5.75390880296722));
#6879=CARTESIAN_POINT('Ctrl Pts',(187.821050907796,-57.3192480225143,-5.65819720258777));
#6880=CARTESIAN_POINT('Ctrl Pts',(187.691293037629,-57.2083118734224,-5.54251556950097));
#6881=CARTESIAN_POINT('Ctrl Pts',(187.570410002379,-57.0699005794458,-5.44959713566189));
#6882=CARTESIAN_POINT('Ctrl Pts',(187.509178575931,-56.9939032527786,-5.4));
#6883=CARTESIAN_POINT('Ctrl Pts',(187.527205216273,-56.7268483723752,-5.82426406871192));
#6884=CARTESIAN_POINT('Ctrl Pts',(187.518220197353,-56.7539656857013,-5.79912954881778));
#6885=CARTESIAN_POINT('Ctrl Pts',(187.492088469075,-56.7950317419316,-5.74308781468404));
#6886=CARTESIAN_POINT('Ctrl Pts',(187.425673374043,-56.8071562806142,-5.64235616333788));
#6887=CARTESIAN_POINT('Ctrl Pts',(187.342796751546,-56.7739594703047,-5.52708285670488));
#6888=CARTESIAN_POINT('Ctrl Pts',(187.290808779251,-56.732197841127,-5.44299423742173));
#6889=CARTESIAN_POINT('Ctrl Pts',(187.267440267284,-56.7073921527991,-5.4));
#6890=CARTESIAN_POINT('Ctrl Pts',(187.267304299703,-56.4509634062372,-5.82426406871192));
#6891=CARTESIAN_POINT('Ctrl Pts',(187.247092570132,-56.4700041213388,-5.79649605034843));
#6892=CARTESIAN_POINT('Ctrl Pts',(187.210651022023,-56.5043343419642,-5.73549102316014));
#6893=CARTESIAN_POINT('Ctrl Pts',(187.170032879906,-56.5425991757219,-5.63109018228741));
#6894=CARTESIAN_POINT('Ctrl Pts',(187.145020439279,-56.5661624613031,-5.51780860420453));
#6895=CARTESIAN_POINT('Ctrl Pts',(187.139389982137,-56.5714667045624,-5.43926990816987));
#6896=CARTESIAN_POINT('Ctrl Pts',(187.139389982137,-56.5714667045624,-5.4));
#6897=CARTESIAN_POINT('',(187.267304299703,-56.4509634062372,-5.82426406871192));
#6898=CARTESIAN_POINT('Ctrl Pts',(188.429064651283,-60.0340066834426,-5.99999999999999));
#6899=CARTESIAN_POINT('Ctrl Pts',(188.424461626925,-59.9192438786537,-5.98669006405318));
#6900=CARTESIAN_POINT('Ctrl Pts',(188.412268094149,-59.6921257640038,-5.96007000693857));
#6901=CARTESIAN_POINT('Ctrl Pts',(188.383093521492,-59.3139341952926,-5.9205381143162));
#6902=CARTESIAN_POINT('Ctrl Pts',(188.329932646842,-58.8403008261534,-5.88228938306023));
#6903=CARTESIAN_POINT('Ctrl Pts',(188.215433090755,-58.1835978920511,-5.84784812277202));
#6904=CARTESIAN_POINT('Ctrl Pts',(187.908268530356,-57.2732269739843,-5.82593113770472));
#6905=CARTESIAN_POINT('Ctrl Pts',(187.527205216273,-56.7268483723752,-5.82426406871192));
#6906=CARTESIAN_POINT('Ctrl Pts',(187.267304299703,-56.4509634062372,-5.82426406871192));
#6907=CARTESIAN_POINT('',(187.139389982137,-56.5714667045624,-5.4));
#6908=CARTESIAN_POINT('Origin',(187.576116779993,-56.1600427091099,-5.4));
#6909=CARTESIAN_POINT('Ctrl Pts',(187.139389982137,-56.5714667045624,-5.4));
#6910=CARTESIAN_POINT('Ctrl Pts',(187.179178915336,-56.6137026790766,-5.4));
#6911=CARTESIAN_POINT('Ctrl Pts',(187.218236846254,-56.6566325870782,-5.4));
#6912=CARTESIAN_POINT('Ctrl Pts',(187.256665138219,-56.7003838042449,-5.4));
#6913=CARTESIAN_POINT('Ctrl Pts',(187.295984898377,-56.7451499720252,-5.4));
#6914=CARTESIAN_POINT('Ctrl Pts',(187.334645195154,-56.7907763266724,-5.4));
#6915=CARTESIAN_POINT('Ctrl Pts',(187.372703792561,-56.8373799888257,-5.4));
#6916=CARTESIAN_POINT('Ctrl Pts',(187.412889665505,-56.8865885507158,-5.4));
#6917=CARTESIAN_POINT('Ctrl Pts',(187.452404597193,-56.9368872024779,-5.4));
#6918=CARTESIAN_POINT('Ctrl Pts',(187.491263102585,-56.9883860064837,-5.4));
#6919=CARTESIAN_POINT('Ctrl Pts',(187.530508343398,-57.0403973472284,-5.4));
#6920=CARTESIAN_POINT('Ctrl Pts',(187.569083472492,-57.0936330732602,-5.4));
#6921=CARTESIAN_POINT('Ctrl Pts',(187.606955977446,-57.1481738132704,-5.4));
#6922=CARTESIAN_POINT('Ctrl Pts',(187.645915553385,-57.2042800598651,-5.4));
#6923=CARTESIAN_POINT('Ctrl Pts',(187.68413108466,-57.261767592429,-5.4));
#6924=CARTESIAN_POINT('Ctrl Pts',(187.721525143609,-57.3206856358613,-5.4));
#6925=CARTESIAN_POINT('Ctrl Pts',(187.76008576083,-57.3814417073886,-5.4));
#6926=CARTESIAN_POINT('Ctrl Pts',(187.797772229364,-57.4437191708086,-5.4));
#6927=CARTESIAN_POINT('Ctrl Pts',(187.834464313624,-57.5075275098975,-5.4));
#6928=CARTESIAN_POINT('Ctrl Pts',(187.872388158411,-57.5734779075522,-5.4));
#6929=CARTESIAN_POINT('Ctrl Pts',(187.909248968813,-57.6410638424279,-5.4));
#6930=CARTESIAN_POINT('Ctrl Pts',(187.944887620542,-57.7102458558277,-5.4));
#6931=CARTESIAN_POINT('Ctrl Pts',(187.981783659153,-57.7818687179089,-5.4));
#6932=CARTESIAN_POINT('Ctrl Pts',(188.017368852686,-57.8552022733874,-5.4));
#6933=CARTESIAN_POINT('Ctrl Pts',(188.051452055103,-57.9301487516978,-5.4));
#6934=CARTESIAN_POINT('Ctrl Pts',(188.087444279809,-58.0092930309025,-5.4));
#6935=CARTESIAN_POINT('Ctrl Pts',(188.121760397933,-58.0902358949765,-5.4));
#6936=CARTESIAN_POINT('Ctrl Pts',(188.154175740152,-58.1728031907369,-5.4));
#6937=CARTESIAN_POINT('Ctrl Pts',(188.187487240979,-58.2576531522921,-5.4));
#6938=CARTESIAN_POINT('Ctrl Pts',(188.218790207557,-58.3442178814964,-5.4));
#6939=CARTESIAN_POINT('Ctrl Pts',(188.247859861287,-58.4322542497013,-5.4));
#6940=CARTESIAN_POINT('Ctrl Pts',(188.277473806151,-58.521938983421,-5.4));
#6941=CARTESIAN_POINT('Ctrl Pts',(188.304769019064,-58.6131497873801,-5.4));
#6942=CARTESIAN_POINT('Ctrl Pts',(188.329544516817,-58.70558902968,-5.4));
#6943=CARTESIAN_POINT('Ctrl Pts',(188.354452192901,-58.7985214392613,-5.4));
#6944=CARTESIAN_POINT('Ctrl Pts',(188.376812663654,-58.8926938779855,-5.4));
#6945=CARTESIAN_POINT('Ctrl Pts',(188.396470094893,-58.9877843066737,-5.4));
#6946=CARTESIAN_POINT('Ctrl Pts',(188.415752989283,-59.0810629589876,-5.4));
#6947=CARTESIAN_POINT('Ctrl Pts',(188.43243502182,-59.1752233959535,-5.4));
#6948=CARTESIAN_POINT('Ctrl Pts',(188.44641793838,-59.2699660426566,-5.4));
#6949=CARTESIAN_POINT('Ctrl Pts',(188.460044848116,-59.3622965295945,-5.4));
#6950=CARTESIAN_POINT('Ctrl Pts',(188.471108923998,-59.4551786723323,-5.4));
#6951=CARTESIAN_POINT('Ctrl Pts',(188.479560366086,-59.5483601429123,-5.4));
#6952=CARTESIAN_POINT('Ctrl Pts',(188.487614033309,-59.6371559422147,-5.4));
#6953=CARTESIAN_POINT('Ctrl Pts',(188.493296089016,-59.7262227955368,-5.4));
#6954=CARTESIAN_POINT('Ctrl Pts',(188.496590368688,-59.8153796123543,-5.4));
#6955=CARTESIAN_POINT('Ctrl Pts',(188.499432404185,-59.8922968335505,-5.4));
#6956=CARTESIAN_POINT('Ctrl Pts',(188.500498028539,-59.9692812762741,-5.4));
#6957=CARTESIAN_POINT('Ctrl Pts',(188.499786120292,-60.04624663596,-5.4));
#6958=CARTESIAN_POINT('Ctrl Pts',(188.429064651283,-60.0340066834426,-5.99999999999999));
#6959=CARTESIAN_POINT('Ctrl Pts',(188.424461626925,-59.9192438786537,-5.98669006405318));
#6960=CARTESIAN_POINT('Ctrl Pts',(188.412268094149,-59.6921257640038,-5.96007000693857));
#6961=CARTESIAN_POINT('Ctrl Pts',(188.383093521492,-59.3139341952926,-5.9205381143162));
#6962=CARTESIAN_POINT('Ctrl Pts',(188.329932646842,-58.8403008261534,-5.88228938306023));
#6963=CARTESIAN_POINT('Ctrl Pts',(188.215433090755,-58.1835978920511,-5.84784812277202));
#6964=CARTESIAN_POINT('Ctrl Pts',(187.908268530356,-57.2732269739843,-5.82593113770472));
#6965=CARTESIAN_POINT('Ctrl Pts',(187.527205216273,-56.7268483723752,-5.82426406871192));
#6966=CARTESIAN_POINT('Ctrl Pts',(187.267304299703,-56.4509634062372,-5.82426406871192));
#6967=CARTESIAN_POINT('Ctrl Pts',(188.429725236264,-59.790322797246,-5.99999999999999));
#6968=CARTESIAN_POINT('Ctrl Pts',(188.422991242179,-59.6858937180551,-5.98714949371847));
#6969=CARTESIAN_POINT('Ctrl Pts',(188.406869860147,-59.4734645141554,-5.96190353395734));
#6970=CARTESIAN_POINT('Ctrl Pts',(188.370282639023,-59.1054153411158,-5.92563426191864));
#6971=CARTESIAN_POINT('Ctrl Pts',(188.305763713059,-58.6364420571498,-5.89186894539849));
#6972=CARTESIAN_POINT('Ctrl Pts',(188.171429967628,-57.9887215915707,-5.86325936933135));
#6973=CARTESIAN_POINT('Ctrl Pts',(187.854250004108,-57.1445768041721,-5.84738291784464));
#6974=CARTESIAN_POINT('Ctrl Pts',(187.505560618437,-56.6672177039852,-5.84939858860605));
#6975=CARTESIAN_POINT('Ctrl Pts',(187.287516029274,-56.4319226911357,-5.85203208707541));
#6976=CARTESIAN_POINT('Ctrl Pts',(188.415702765009,-59.2970822871119,-5.99999999999998));
#6977=CARTESIAN_POINT('Ctrl Pts',(188.405632328301,-59.2069633153818,-5.98852631521209));
#6978=CARTESIAN_POINT('Ctrl Pts',(188.382514796261,-59.0150785937185,-5.96666503683835));
#6979=CARTESIAN_POINT('Ctrl Pts',(188.330359570166,-58.6607415123411,-5.93747282989025));
#6980=CARTESIAN_POINT('Ctrl Pts',(188.24085266446,-58.2001288441405,-5.91281134009896));
#6981=CARTESIAN_POINT('Ctrl Pts',(188.067629110802,-57.5873015980249,-5.89492131356959));
#6982=CARTESIAN_POINT('Ctrl Pts',(187.748321277384,-56.8972573234789,-5.88909805134989));
#6983=CARTESIAN_POINT('Ctrl Pts',(187.473933586109,-56.5519171538015,-5.89657856684745));
#6984=CARTESIAN_POINT('Ctrl Pts',(187.331920246236,-56.3900911377549,-5.90209754899042));
#6985=CARTESIAN_POINT('Ctrl Pts',(188.34197648768,-58.4387140884397,-5.99999999999999));
#6986=CARTESIAN_POINT('Ctrl Pts',(188.324362912155,-58.3518418084034,-5.99201039037251));
#6987=CARTESIAN_POINT('Ctrl Pts',(188.283064842356,-58.1606752597057,-5.97764445516694));
#6988=CARTESIAN_POINT('Ctrl Pts',(188.192317076001,-57.8153684746609,-5.96073416300328));
#6989=CARTESIAN_POINT('Ctrl Pts',(188.056975306975,-57.4074051731609,-5.94848240644443));
#6990=CARTESIAN_POINT('Ctrl Pts',(187.858232483721,-56.9584455431433,-5.9421667954324));
#6991=CARTESIAN_POINT('Ctrl Pts',(187.617198836486,-56.5757178646511,-5.94511100371688));
#6992=CARTESIAN_POINT('Ctrl Pts',(187.47315475948,-56.4041884701581,-5.953234530065));
#6993=CARTESIAN_POINT('Ctrl Pts',(187.407911321116,-56.3185027859542,-5.95790105220955));
#6994=CARTESIAN_POINT('Ctrl Pts',(188.092670085842,-57.0621936648497,-6.));
#6995=CARTESIAN_POINT('Ctrl Pts',(188.067168007405,-57.0155909900797,-5.9966218576395));
#6996=CARTESIAN_POINT('Ctrl Pts',(188.011574141215,-56.9193890367498,-5.9910409258971));
#6997=CARTESIAN_POINT('Ctrl Pts',(187.912161687674,-56.7664933061262,-5.9856028785894));
#6998=CARTESIAN_POINT('Ctrl Pts',(187.797305621959,-56.6113991942041,-5.98313549009563));
#6999=CARTESIAN_POINT('Ctrl Pts',(187.677443404126,-56.4740813161686,-5.98407119912626));
#7000=CARTESIAN_POINT('Ctrl Pts',(187.574132730546,-56.3656012533137,-5.98785577169662));
#7001=CARTESIAN_POINT('Ctrl Pts',(187.516256028599,-56.281831715836,-5.99079532610875));
#7002=CARTESIAN_POINT('Ctrl Pts',(187.490366489203,-56.2408248535108,-5.99226455921202));
#7003=CARTESIAN_POINT('Ctrl Pts',(187.891361421602,-56.4633462092742,-6.));
#7004=CARTESIAN_POINT('Ctrl Pts',(187.874438417467,-56.4609821692831,-6.));
#7005=CARTESIAN_POINT('Ctrl Pts',(187.837370180647,-56.448661754303,-6.));
#7006=CARTESIAN_POINT('Ctrl Pts',(187.773973527508,-56.4124683117192,-6.));
#7007=CARTESIAN_POINT('Ctrl Pts',(187.708394294425,-56.3643791103903,-6.));
#7008=CARTESIAN_POINT('Ctrl Pts',(187.645654305193,-56.3086071639819,-6.));
#7009=CARTESIAN_POINT('Ctrl Pts',(187.591998554282,-56.2491895832503,-6.));
#7010=CARTESIAN_POINT('Ctrl Pts',(187.561563792778,-56.2072953321031,-6.));
#7011=CARTESIAN_POINT('Ctrl Pts',(187.547533077914,-56.1869703466438,-6.));
#7012=CARTESIAN_POINT('Ctrl Pts',(187.79108823511,-56.2238657388414,-6.));
#7013=CARTESIAN_POINT('Ctrl Pts',(187.778469269096,-56.2297968328959,-6.));
#7014=CARTESIAN_POINT('Ctrl Pts',(187.752045041443,-56.2386432776434,-6.));
#7015=CARTESIAN_POINT('Ctrl Pts',(187.7117214483,-56.2421196612436,-6.));
#7016=CARTESIAN_POINT('Ctrl Pts',(187.673524408779,-56.2352115882919,-6.));
#7017=CARTESIAN_POINT('Ctrl Pts',(187.637948150411,-56.2178504034646,-6.));
#7018=CARTESIAN_POINT('Ctrl Pts',(187.606702121849,-56.1925001593301,-6.));
#7019=CARTESIAN_POINT('Ctrl Pts',(187.586416124325,-56.1709754687926,-6.));
#7020=CARTESIAN_POINT('Ctrl Pts',(187.576116779993,-56.1600427091099,-6.));
#7021=CARTESIAN_POINT('',(187.79108823511,-56.2238657388414,-6.));
#7022=CARTESIAN_POINT('Ctrl Pts',(188.429064651283,-60.0340066834426,-5.99999999999999));
#7023=CARTESIAN_POINT('Ctrl Pts',(188.429725236264,-59.790322797246,-5.99999999999999));
#7024=CARTESIAN_POINT('Ctrl Pts',(188.415702765009,-59.2970822871119,-5.99999999999998));
#7025=CARTESIAN_POINT('Ctrl Pts',(188.34197648768,-58.4387140884397,-5.99999999999999));
#7026=CARTESIAN_POINT('Ctrl Pts',(188.092670085842,-57.0621936648497,-6.));
#7027=CARTESIAN_POINT('Ctrl Pts',(187.891361421602,-56.4633462092742,-6.));
#7028=CARTESIAN_POINT('Ctrl Pts',(187.79108823511,-56.2238657388414,-6.));
#7029=CARTESIAN_POINT('',(187.576116779993,-56.1600427091099,-6.));
#7030=CARTESIAN_POINT('Ctrl Pts',(187.79108823511,-56.2238657388413,-6.));
#7031=CARTESIAN_POINT('Ctrl Pts',(187.780449083149,-56.228866292046,-6.));
#7032=CARTESIAN_POINT('Ctrl Pts',(187.769394852629,-56.2327974180181,-6.));
#7033=CARTESIAN_POINT('Ctrl Pts',(187.758195480526,-56.2355782672849,-6.));
#7034=CARTESIAN_POINT('Ctrl Pts',(187.749380482077,-56.2377670669559,-6.));
#7035=CARTESIAN_POINT('Ctrl Pts',(187.740476336745,-56.2392441977332,-6.));
#7036=CARTESIAN_POINT('Ctrl Pts',(187.73163510806,-56.2399815311328,-6.));
#7037=CARTESIAN_POINT('Ctrl Pts',(187.724065964461,-56.2406127762438,-6.));
#7038=CARTESIAN_POINT('Ctrl Pts',(187.716548321915,-56.2407020249556,-6.));
#7039=CARTESIAN_POINT('Ctrl Pts',(187.709143983653,-56.2402323383607,-6.));
#7040=CARTESIAN_POINT('Ctrl Pts',(187.700604340419,-56.2396906348606,-6.));
#7041=CARTESIAN_POINT('Ctrl Pts',(187.692212995627,-56.2384029274622,-6.));
#7042=CARTESIAN_POINT('Ctrl Pts',(187.684006954316,-56.2363653806059,-6.));
#7043=CARTESIAN_POINT('Ctrl Pts',(187.67694480896,-56.2346118612749,-6.));
#7044=CARTESIAN_POINT('Ctrl Pts',(187.670017207558,-56.2323024224713,-6.));
#7045=CARTESIAN_POINT('Ctrl Pts',(187.66324812792,-56.2294691149834,-6.));
#7046=CARTESIAN_POINT('Ctrl Pts',(187.65512734651,-56.2260700309119,-6.));
#7047=CARTESIAN_POINT('Ctrl Pts',(187.647235073369,-56.2219160782554,-6.));
#7048=CARTESIAN_POINT('Ctrl Pts',(187.639659563692,-56.217146620852,-6.));
#7049=CARTESIAN_POINT('Ctrl Pts',(187.634378171694,-56.2138215146562,-6.));
#7050=CARTESIAN_POINT('Ctrl Pts',(187.629250597728,-56.2101979066675,-6.));
#7051=CARTESIAN_POINT('Ctrl Pts',(187.624241383087,-56.2062994495659,-6.));
#7052=CARTESIAN_POINT('Ctrl Pts',(187.618473263247,-56.201810369068,-6.));
#7053=CARTESIAN_POINT('Ctrl Pts',(187.612858515281,-56.1969529922686,-6.));
#7054=CARTESIAN_POINT('Ctrl Pts',(187.607292803396,-56.1917682437729,-6.));
#7055=CARTESIAN_POINT('Ctrl Pts',(187.602815748675,-56.1875976357338,-6.));
#7056=CARTESIAN_POINT('Ctrl Pts',(187.598368154049,-56.18321429501,-6.));
#7057=CARTESIAN_POINT('Ctrl Pts',(187.593906852364,-56.1786711797421,-6.));
#7058=CARTESIAN_POINT('Ctrl Pts',(187.59002739207,-56.1747205759635,-6.));
#7059=CARTESIAN_POINT('Ctrl Pts',(187.586136987907,-56.1706490009958,-6.));
#7060=CARTESIAN_POINT('Ctrl Pts',(187.582231739722,-56.1665234029723,-6.));
#7061=CARTESIAN_POINT('Ctrl Pts',(187.580195879517,-56.1643726713315,-6.));
#7062=CARTESIAN_POINT('Ctrl Pts',(187.57815645994,-56.1622078304973,-6.));
#7063=CARTESIAN_POINT('Ctrl Pts',(187.576116779993,-56.1600427091099,-6.));
#7064=CARTESIAN_POINT('Origin',(187.576116779993,-56.1600427091099,-5.4));
#7065=CARTESIAN_POINT('Ctrl Pts',(108.570935348717,-126.715993316557,-5.99999999999999));
#7066=CARTESIAN_POINT('Ctrl Pts',(108.565709518866,-126.830977882962,-6.0133099359468));
#7067=CARTESIAN_POINT('Ctrl Pts',(108.558600129313,-127.063193605955,-6.03992999306141));
#7068=CARTESIAN_POINT('Ctrl Pts',(108.559925806392,-127.462370828074,-6.07946188568377));
#7069=CARTESIAN_POINT('Ctrl Pts',(108.578101737307,-127.969183480586,-6.11771061693975));
#7070=CARTESIAN_POINT('Ctrl Pts',(108.620357807551,-128.670138151811,-6.15215187722795));
#7071=CARTESIAN_POINT('Ctrl Pts',(108.671973093016,-129.66328190326,-6.17406886229527));
#7072=CARTESIAN_POINT('Ctrl Pts',(108.675735931288,-130.344774265236,-6.17573593128807));
#7073=CARTESIAN_POINT('Ctrl Pts',(108.675735931288,-130.74012868379,-6.17573593128807));
#7074=CARTESIAN_POINT('Ctrl Pts',(108.560510274523,-126.716228530271,-6.02823463789543));
#7075=CARTESIAN_POINT('Ctrl Pts',(108.555743424703,-126.827985345447,-6.04043541251333));
#7076=CARTESIAN_POINT('Ctrl Pts',(108.549549274566,-127.05778246559,-6.06520939145639));
#7077=CARTESIAN_POINT('Ctrl Pts',(108.552215100336,-127.46027964053,-6.10294857892335));
#7078=CARTESIAN_POINT('Ctrl Pts',(108.570836013065,-127.97339573229,-6.14027334604765));
#7079=CARTESIAN_POINT('Ctrl Pts',(108.610157582796,-128.679904803493,-6.17419863672351));
#7080=CARTESIAN_POINT('Ctrl Pts',(108.651217344162,-129.644796678667,-6.19610306592555));
#7081=CARTESIAN_POINT('Ctrl Pts',(108.650601411394,-130.324885547753,-6.2008704511822));
#7082=CARTESIAN_POINT('Ctrl Pts',(108.647967912925,-130.74012868379,-6.20350394965156));
#7083=CARTESIAN_POINT('Ctrl Pts',(108.539930527263,-126.716265934607,-6.0852057881847));
#7084=CARTESIAN_POINT('Ctrl Pts',(108.536691861188,-126.825719170254,-6.09638275988684));
#7085=CARTESIAN_POINT('Ctrl Pts',(108.533297438946,-127.056671061906,-6.119360615808));
#7086=CARTESIAN_POINT('Ctrl Pts',(108.539193476949,-127.472825124824,-6.15532278458097));
#7087=CARTESIAN_POINT('Ctrl Pts',(108.55824075057,-128.004656606631,-6.19164899938686));
#7088=CARTESIAN_POINT('Ctrl Pts',(108.589186165564,-128.714881457966,-6.22411693897213));
#7089=CARTESIAN_POINT('Ctrl Pts',(108.61057460141,-129.614698319514,-6.24609119703276));
#7090=CARTESIAN_POINT('Ctrl Pts',(108.603421433153,-130.300007713646,-6.25691218531595));
#7091=CARTESIAN_POINT('Ctrl Pts',(108.59790245101,-130.74012868379,-6.26450897683986));
#7092=CARTESIAN_POINT('Ctrl Pts',(108.517712427385,-126.715404993418,-6.19282208316315));
#7093=CARTESIAN_POINT('Ctrl Pts',(108.516943508994,-126.835231602282,-6.20433177547447));
#7094=CARTESIAN_POINT('Ctrl Pts',(108.517953812898,-127.090498599837,-6.22791628884387));
#7095=CARTESIAN_POINT('Ctrl Pts',(108.526652750803,-127.541067488874,-6.26369086010155));
#7096=CARTESIAN_POINT('Ctrl Pts',(108.540800422817,-128.089523105486,-6.29677141835993));
#7097=CARTESIAN_POINT('Ctrl Pts',(108.554307401275,-128.775002237359,-6.32237662478775));
#7098=CARTESIAN_POINT('Ctrl Pts',(108.555351060225,-129.621812705284,-6.34180279741222));
#7099=CARTESIAN_POINT('Ctrl Pts',(108.546765469935,-130.324726978608,-6.35764383666211));
#7100=CARTESIAN_POINT('Ctrl Pts',(108.54209894779,-130.74012868379,-6.36890981771258));
#7101=CARTESIAN_POINT('Ctrl Pts',(108.5160859115,-126.713035051791,-6.37510923264285));
#7102=CARTESIAN_POINT('Ctrl Pts',(108.515714731063,-126.850702469705,-6.38453918649066));
#7103=CARTESIAN_POINT('Ctrl Pts',(108.516018274394,-127.139007326408,-6.40200486757697));
#7104=CARTESIAN_POINT('Ctrl Pts',(108.517808979388,-127.635843376224,-6.42214104664783));
#7105=CARTESIAN_POINT('Ctrl Pts',(108.518839815986,-128.227710085105,-6.43532222865063));
#7106=CARTESIAN_POINT('Ctrl Pts',(108.516904316409,-128.939587489629,-6.44468704964743));
#7107=CARTESIAN_POINT('Ctrl Pts',(108.512084152369,-129.769261432993,-6.45748443049901));
#7108=CARTESIAN_POINT('Ctrl Pts',(108.509204673891,-130.405849541016,-6.47291714329512));
#7109=CARTESIAN_POINT('Ctrl Pts',(108.507735440788,-130.74012868379,-6.48219139579547));
#7110=CARTESIAN_POINT('Ctrl Pts',(108.5,-126.713058837747,-6.52146018366025));
#7111=CARTESIAN_POINT('Ctrl Pts',(108.5,-126.890106133036,-6.52454551903398));
#7112=CARTESIAN_POINT('Ctrl Pts',(108.5,-127.258468025945,-6.52920282809603));
#7113=CARTESIAN_POINT('Ctrl Pts',(108.5,-127.861937182262,-6.53355205222853));
#7114=CARTESIAN_POINT('Ctrl Pts',(108.5,-128.517751530454,-6.53746619039515));
#7115=CARTESIAN_POINT('Ctrl Pts',(108.5,-129.220706770352,-6.5427942916176));
#7116=CARTESIAN_POINT('Ctrl Pts',(108.5,-129.962421950932,-6.55040286433811));
#7117=CARTESIAN_POINT('Ctrl Pts',(108.5,-130.478050207674,-6.55700576257827));
#7118=CARTESIAN_POINT('Ctrl Pts',(108.5,-130.74012868379,-6.56073009183013));
#7119=CARTESIAN_POINT('Ctrl Pts',(108.5,-126.713058837747,-6.6));
#7120=CARTESIAN_POINT('Ctrl Pts',(108.5,-126.936784940305,-6.6));
#7121=CARTESIAN_POINT('Ctrl Pts',(108.5,-127.384237145421,-6.6));
#7122=CARTESIAN_POINT('Ctrl Pts',(108.5,-128.055415453094,-6.6));
#7123=CARTESIAN_POINT('Ctrl Pts',(108.5,-128.726593760768,-6.6));
#7124=CARTESIAN_POINT('Ctrl Pts',(108.5,-129.397772068442,-6.6));
#7125=CARTESIAN_POINT('Ctrl Pts',(108.5,-130.068950376116,-6.6));
#7126=CARTESIAN_POINT('Ctrl Pts',(108.5,-130.516402581232,-6.6));
#7127=CARTESIAN_POINT('Ctrl Pts',(108.5,-130.74012868379,-6.6));
#7128=CARTESIAN_POINT('',(108.570935348717,-126.715993316557,-5.99999999999999));
#7129=CARTESIAN_POINT('',(108.675735931288,-130.74012868379,-6.17573593128807));
#7130=CARTESIAN_POINT('Ctrl Pts',(108.570935348717,-126.715993316557,-5.99999999999999));
#7131=CARTESIAN_POINT('Ctrl Pts',(108.565709518866,-126.830977882962,-6.0133099359468));
#7132=CARTESIAN_POINT('Ctrl Pts',(108.558600129313,-127.063193605955,-6.03992999306141));
#7133=CARTESIAN_POINT('Ctrl Pts',(108.559925806392,-127.462370828074,-6.07946188568377));
#7134=CARTESIAN_POINT('Ctrl Pts',(108.578101737307,-127.969183480586,-6.11771061693975));
#7135=CARTESIAN_POINT('Ctrl Pts',(108.620357807551,-128.670138151811,-6.15215187722795));
#7136=CARTESIAN_POINT('Ctrl Pts',(108.671973093016,-129.66328190326,-6.17406886229527));
#7137=CARTESIAN_POINT('Ctrl Pts',(108.675735931288,-130.344774265236,-6.17573593128807));
#7138=CARTESIAN_POINT('Ctrl Pts',(108.675735931288,-130.74012868379,-6.17573593128807));
#7139=CARTESIAN_POINT('',(108.5,-126.713058837747,-6.6));
#7140=CARTESIAN_POINT('Ctrl Pts',(108.570935348717,-126.715993316557,-5.99999999999999));
#7141=CARTESIAN_POINT('Ctrl Pts',(108.560510274523,-126.716228530271,-6.02823463789543));
#7142=CARTESIAN_POINT('Ctrl Pts',(108.539930527263,-126.716265934607,-6.0852057881847));
#7143=CARTESIAN_POINT('Ctrl Pts',(108.517712427385,-126.715404993418,-6.19282208316315));
#7144=CARTESIAN_POINT('Ctrl Pts',(108.5160859115,-126.713035051791,-6.37510923264285));
#7145=CARTESIAN_POINT('Ctrl Pts',(108.5,-126.713058837747,-6.52146018366025));
#7146=CARTESIAN_POINT('Ctrl Pts',(108.5,-126.713058837747,-6.6));
#7147=CARTESIAN_POINT('',(108.5,-130.74012868379,-6.6));
#7148=CARTESIAN_POINT('',(108.5,-126.713058837747,-6.6));
#7149=CARTESIAN_POINT('Origin',(109.1,-130.74012868379,-6.6));
#7150=CARTESIAN_POINT('Ctrl Pts',(108.570935348717,-126.715993316557,-5.99999999999999));
#7151=CARTESIAN_POINT('Ctrl Pts',(108.560510274523,-126.716228530271,-6.02823463789543));
#7152=CARTESIAN_POINT('Ctrl Pts',(108.539930527263,-126.716265934607,-6.0852057881847));
#7153=CARTESIAN_POINT('Ctrl Pts',(108.517712427385,-126.715404993418,-6.19282208316315));
#7154=CARTESIAN_POINT('Ctrl Pts',(108.5160859115,-126.713035051791,-6.37510923264285));
#7155=CARTESIAN_POINT('Ctrl Pts',(108.5,-126.713058837747,-6.52146018366025));
#7156=CARTESIAN_POINT('Ctrl Pts',(108.5,-126.713058837747,-6.6));
#7157=CARTESIAN_POINT('Ctrl Pts',(108.566332324359,-126.601230511768,-6.0133099359468));
#7158=CARTESIAN_POINT('Ctrl Pts',(108.556209194574,-126.604539341905,-6.04043541251333));
#7159=CARTESIAN_POINT('Ctrl Pts',(108.536908944942,-126.606705175224,-6.09638275988684));
#7160=CARTESIAN_POINT('Ctrl Pts',(108.517025880959,-126.595266051956,-6.20433177547448));
#7161=CARTESIAN_POINT('Ctrl Pts',(108.515732523025,-126.575278985161,-6.38453918649066));
#7162=CARTESIAN_POINT('Ctrl Pts',(108.5,-126.536011542457,-6.52454551903398));
#7163=CARTESIAN_POINT('Ctrl Pts',(108.5,-126.489332735189,-6.6));
#7164=CARTESIAN_POINT('Ctrl Pts',(108.560091136327,-126.369409112984,-6.03992999306141));
#7165=CARTESIAN_POINT('Ctrl Pts',(108.550648331518,-126.374871169997,-6.06520939145638));
#7166=CARTESIAN_POINT('Ctrl Pts',(108.533810241391,-126.375583074655,-6.119360615808));
#7167=CARTESIAN_POINT('Ctrl Pts',(108.518181603928,-126.339402158598,-6.22791628884387));
#7168=CARTESIAN_POINT('Ctrl Pts',(108.516058174952,-126.286869171377,-6.40200486757698));
#7169=CARTESIAN_POINT('Ctrl Pts',(108.5,-126.167649649548,-6.52920282809603));
#7170=CARTESIAN_POINT('Ctrl Pts',(108.5,-126.041880530073,-6.6));
#7171=CARTESIAN_POINT('Ctrl Pts',(108.561825487049,-125.970768111163,-6.07946188568377));
#7172=CARTESIAN_POINT('Ctrl Pts',(108.553589109011,-125.972597979973,-6.10294857892335));
#7173=CARTESIAN_POINT('Ctrl Pts',(108.539934221521,-125.959246460353,-6.15532278458097));
#7174=CARTESIAN_POINT('Ctrl Pts',(108.52698936492,-125.887992826491,-6.26369086010155));
#7175=CARTESIAN_POINT('Ctrl Pts',(108.517844002449,-125.790040125299,-6.42214104664783));
#7176=CARTESIAN_POINT('Ctrl Pts',(108.5,-125.564180493231,-6.53355205222853));
#7177=CARTESIAN_POINT('Ctrl Pts',(108.5,-125.370702222399,-6.6));
#7178=CARTESIAN_POINT('Ctrl Pts',(108.579803146794,-125.464583403805,-6.11771061693975));
#7179=CARTESIAN_POINT('Ctrl Pts',(108.572128787198,-125.459833126152,-6.14027334604765));
#7180=CARTESIAN_POINT('Ctrl Pts',(108.559033400305,-125.427074005702,-6.19164899938686));
#7181=CARTESIAN_POINT('Ctrl Pts',(108.541082974623,-125.338731948071,-6.29677141835992));
#7182=CARTESIAN_POINT('Ctrl Pts',(108.518847037366,-125.198269048164,-6.43532222865063));
#7183=CARTESIAN_POINT('Ctrl Pts',(108.5,-124.90836614504,-6.53746619039514));
#7184=CARTESIAN_POINT('Ctrl Pts',(108.5,-124.699523914725,-6.6));
#7185=CARTESIAN_POINT('Ctrl Pts',(108.62160241423,-124.763914569148,-6.15215187722795));
#7186=CARTESIAN_POINT('Ctrl Pts',(108.611094194989,-124.75305306779,-6.17419863672351));
#7187=CARTESIAN_POINT('Ctrl Pts',(108.589641429886,-124.715767251988,-6.22411693897213));
#7188=CARTESIAN_POINT('Ctrl Pts',(108.554419401581,-124.652592751379,-6.32237662478775));
#7189=CARTESIAN_POINT('Ctrl Pts',(108.516883331901,-124.48644062243,-6.44468704964743));
#7190=CARTESIAN_POINT('Ctrl Pts',(108.5,-124.205410905142,-6.5427942916176));
#7191=CARTESIAN_POINT('Ctrl Pts',(108.5,-124.028345607051,-6.6));
#7192=CARTESIAN_POINT('Ctrl Pts',(108.672048990869,-123.768943273036,-6.17406886229527));
#7193=CARTESIAN_POINT('Ctrl Pts',(108.651225523124,-123.786297142622,-6.19610306592555));
#7194=CARTESIAN_POINT('Ctrl Pts',(108.610544195071,-123.814331889702,-6.24609119703276));
#7195=CARTESIAN_POINT('Ctrl Pts',(108.555318269813,-123.804933946969,-6.34180279741222));
#7196=CARTESIAN_POINT('Ctrl Pts',(108.512085079173,-123.656803381005,-6.45748443049901));
#7197=CARTESIAN_POINT('Ctrl Pts',(108.5,-123.463695724562,-6.55040286433811));
#7198=CARTESIAN_POINT('Ctrl Pts',(108.5,-123.357167299377,-6.6));
#7199=CARTESIAN_POINT('Ctrl Pts',(108.675735931288,-123.084007368253,-6.17573593128807));
#7200=CARTESIAN_POINT('Ctrl Pts',(108.650601411394,-123.103187887604,-6.2008704511822));
#7201=CARTESIAN_POINT('Ctrl Pts',(108.603421433153,-123.12696630796,-6.25691218531594));
#7202=CARTESIAN_POINT('Ctrl Pts',(108.546765469935,-123.101517089796,-6.35764383666211));
#7203=CARTESIAN_POINT('Ctrl Pts',(108.509204673891,-123.020258347013,-6.47291714329511));
#7204=CARTESIAN_POINT('Ctrl Pts',(108.5,-122.94806746782,-6.55700576257827));
#7205=CARTESIAN_POINT('Ctrl Pts',(108.5,-122.909715094262,-6.6));
#7206=CARTESIAN_POINT('Ctrl Pts',(108.675735931288,-122.685988991704,-6.17573593128807));
#7207=CARTESIAN_POINT('Ctrl Pts',(108.647967912925,-122.685988991704,-6.20350394965156));
#7208=CARTESIAN_POINT('Ctrl Pts',(108.59790245101,-122.685988991704,-6.26450897683986));
#7209=CARTESIAN_POINT('Ctrl Pts',(108.54209894779,-122.685988991704,-6.36890981771258));
#7210=CARTESIAN_POINT('Ctrl Pts',(108.507735440788,-122.685988991704,-6.48219139579547));
#7211=CARTESIAN_POINT('Ctrl Pts',(108.5,-122.685988991704,-6.56073009183013));
#7212=CARTESIAN_POINT('Ctrl Pts',(108.5,-122.685988991704,-6.6));
#7213=CARTESIAN_POINT('',(108.675735931288,-122.685988991704,-6.17573593128807));
#7214=CARTESIAN_POINT('Ctrl Pts',(108.570935348717,-126.715993316557,-5.99999999999999));
#7215=CARTESIAN_POINT('Ctrl Pts',(108.566332324359,-126.601230511768,-6.0133099359468));
#7216=CARTESIAN_POINT('Ctrl Pts',(108.560091136327,-126.369409112984,-6.03992999306141));
#7217=CARTESIAN_POINT('Ctrl Pts',(108.561825487049,-125.970768111163,-6.07946188568377));
#7218=CARTESIAN_POINT('Ctrl Pts',(108.579803146794,-125.464583403805,-6.11771061693975));
#7219=CARTESIAN_POINT('Ctrl Pts',(108.62160241423,-124.763914569148,-6.15215187722795));
#7220=CARTESIAN_POINT('Ctrl Pts',(108.672048990869,-123.768943273036,-6.17406886229527));
#7221=CARTESIAN_POINT('Ctrl Pts',(108.675735931288,-123.084007368253,-6.17573593128807));
#7222=CARTESIAN_POINT('Ctrl Pts',(108.675735931288,-122.685988991704,-6.17573593128807));
#7223=CARTESIAN_POINT('',(108.5,-122.685988991704,-6.6));
#7224=CARTESIAN_POINT('Origin',(109.1,-122.685988991704,-6.6));
#7225=CARTESIAN_POINT('',(108.5,-126.713058837747,-6.6));
#7226=CARTESIAN_POINT('Ctrl Pts',(108.570935348717,-126.715993316557,-5.99999999999999));
#7227=CARTESIAN_POINT('Ctrl Pts',(108.566332324359,-126.601230511768,-6.0133099359468));
#7228=CARTESIAN_POINT('Ctrl Pts',(108.560091136327,-126.369409112984,-6.03992999306141));
#7229=CARTESIAN_POINT('Ctrl Pts',(108.561825487049,-125.970768111163,-6.07946188568377));
#7230=CARTESIAN_POINT('Ctrl Pts',(108.579803146794,-125.464583403805,-6.11771061693975));
#7231=CARTESIAN_POINT('Ctrl Pts',(108.62160241423,-124.763914569148,-6.15215187722795));
#7232=CARTESIAN_POINT('Ctrl Pts',(108.672048990869,-123.768943273036,-6.17406886229527));
#7233=CARTESIAN_POINT('Ctrl Pts',(108.675735931288,-123.084007368253,-6.17573593128807));
#7234=CARTESIAN_POINT('Ctrl Pts',(108.675735931288,-122.685988991704,-6.17573593128807));
#7235=CARTESIAN_POINT('Ctrl Pts',(108.571595933699,-126.472309430361,-5.99999999999999));
#7236=CARTESIAN_POINT('Ctrl Pts',(108.569411249002,-126.366350859517,-6.01285050628151));
#7237=CARTESIAN_POINT('Ctrl Pts',(108.567318454447,-126.146717904386,-6.03809646604264));
#7238=CARTESIAN_POINT('Ctrl Pts',(108.574834336676,-125.756756121694,-6.07436573808133));
#7239=CARTESIAN_POINT('Ctrl Pts',(108.59861736278,-125.255504545859,-6.10813105460148));
#7240=CARTESIAN_POINT('Ctrl Pts',(108.645286038795,-124.56209242259,-6.13674063066862));
#7241=CARTESIAN_POINT('Ctrl Pts',(108.694859788905,-123.624813185076,-6.15261708215534));
#7242=CARTESIAN_POINT('Ctrl Pts',(108.700870451182,-123.017919933385,-6.15060141139394));
#7243=CARTESIAN_POINT('Ctrl Pts',(108.703503949652,-122.685988991704,-6.14796791292458));
#7244=CARTESIAN_POINT('Ctrl Pts',(108.588277078706,-125.979733228327,-5.99999999999999));
#7245=CARTESIAN_POINT('Ctrl Pts',(108.589436848677,-125.885287449532,-6.01147368478789));
#7246=CARTESIAN_POINT('Ctrl Pts',(108.59398426715,-125.682289287895,-6.03333496316163));
#7247=CARTESIAN_POINT('Ctrl Pts',(108.612396747242,-125.304359802551,-6.06252717010973));
#7248=CARTESIAN_POINT('Ctrl Pts',(108.647704317159,-124.810911148354,-6.08718865990102));
#7249=CARTESIAN_POINT('Ctrl Pts',(108.701530970564,-124.143688916702,-6.10507868643039));
#7250=CARTESIAN_POINT('Ctrl Pts',(108.746406173348,-123.348236552546,-6.1109019486501));
#7251=CARTESIAN_POINT('Ctrl Pts',(108.756912185316,-122.902080213205,-6.10342143315254));
#7252=CARTESIAN_POINT('Ctrl Pts',(108.76450897684,-122.685988991704,-6.09790245100957));
#7253=CARTESIAN_POINT('Ctrl Pts',(108.66672461521,-125.124480075643,-5.99999999999999));
#7254=CARTESIAN_POINT('Ctrl Pts',(108.67439395637,-125.031493150675,-6.00798960962747));
#7255=CARTESIAN_POINT('Ctrl Pts',(108.692317531545,-124.826257253105,-6.02235554483305));
#7256=CARTESIAN_POINT('Ctrl Pts',(108.727693383619,-124.450279990019,-6.0392658369967));
#7257=CARTESIAN_POINT('Ctrl Pts',(108.771528862128,-123.995738310517,-6.05151759355555));
#7258=CARTESIAN_POINT('Ctrl Pts',(108.815945535633,-123.475738300518,-6.05783320456758));
#7259=CARTESIAN_POINT('Ctrl Pts',(108.842958089381,-123.007987799015,-6.05488899628311));
#7260=CARTESIAN_POINT('Ctrl Pts',(108.857643836662,-122.791197311231,-6.046765469935));
#7261=CARTESIAN_POINT('Ctrl Pts',(108.868909817713,-122.685988991704,-6.04209894779046));
#7262=CARTESIAN_POINT('Ctrl Pts',(108.923022807308,-123.757775164012,-6.));
#7263=CARTESIAN_POINT('Ctrl Pts',(108.925403549327,-123.699100471278,-6.0033781423605));
#7264=CARTESIAN_POINT('Ctrl Pts',(108.929733630678,-123.576025349104,-6.00895907410289));
#7265=CARTESIAN_POINT('Ctrl Pts',(108.937091390963,-123.37515063984,-6.0143971214106));
#7266=CARTESIAN_POINT('Ctrl Pts',(108.945388061664,-123.167085207082,-6.01686450990437));
#7267=CARTESIAN_POINT('Ctrl Pts',(108.950941901591,-122.979204423458,-6.01592880087374));
#7268=CARTESIAN_POINT('Ctrl Pts',(108.957812034996,-122.835053329805,-6.01214422830338));
#7269=CARTESIAN_POINT('Ctrl Pts',(108.972917143295,-122.734380159294,-6.00920467389125));
#7270=CARTESIAN_POINT('Ctrl Pts',(108.982191395795,-122.685988991704,-6.00773544078798));
#7271=CARTESIAN_POINT('Ctrl Pts',(109.129344781837,-123.161659053612,-6.));
#7272=CARTESIAN_POINT('Ctrl Pts',(109.118244885156,-123.145339440248,-6.));
#7273=CARTESIAN_POINT('Ctrl Pts',(109.098817415261,-123.10506336649,-6.));
#7274=CARTESIAN_POINT('Ctrl Pts',(109.076083355383,-123.028126456563,-6.));
#7275=CARTESIAN_POINT('Ctrl Pts',(109.059650479382,-122.942128663954,-6.));
#7276=CARTESIAN_POINT('Ctrl Pts',(109.050183209426,-122.853334674109,-6.));
#7277=CARTESIAN_POINT('Ctrl Pts',(109.050526570277,-122.768309185078,-6.));
#7278=CARTESIAN_POINT('Ctrl Pts',(109.057005762578,-122.712714045235,-6.));
#7279=CARTESIAN_POINT('Ctrl Pts',(109.06073009183,-122.685988991704,-6.));
#7280=CARTESIAN_POINT('Ctrl Pts',(109.232362385626,-122.922818823138,-6.));
#7281=CARTESIAN_POINT('Ctrl Pts',(109.21697234312,-122.91698384936,-6.));
#7282=CARTESIAN_POINT('Ctrl Pts',(109.187355935942,-122.901741262081,-6.));
#7283=CARTESIAN_POINT('Ctrl Pts',(109.150453441395,-122.870436421905,-6.));
#7284=CARTESIAN_POINT('Ctrl Pts',(109.123444537286,-122.831565693011,-6.));
#7285=CARTESIAN_POINT('Ctrl Pts',(109.106706653065,-122.786625990529,-6.));
#7286=CARTESIAN_POINT('Ctrl Pts',(109.100062926547,-122.738697188159,-6.));
#7287=CARTESIAN_POINT('Ctrl Pts',(109.1,-122.703672993904,-6.));
#7288=CARTESIAN_POINT('Ctrl Pts',(109.1,-122.685988991704,-6.));
#7289=CARTESIAN_POINT('',(109.232362385626,-122.922818823138,-6.));
#7290=CARTESIAN_POINT('Ctrl Pts',(108.570935348717,-126.715993316557,-5.99999999999999));
#7291=CARTESIAN_POINT('Ctrl Pts',(108.571595933699,-126.472309430361,-5.99999999999999));
#7292=CARTESIAN_POINT('Ctrl Pts',(108.588277078706,-125.979733228327,-5.99999999999999));
#7293=CARTESIAN_POINT('Ctrl Pts',(108.66672461521,-125.124480075643,-5.99999999999999));
#7294=CARTESIAN_POINT('Ctrl Pts',(108.923022807308,-123.757775164012,-6.));
#7295=CARTESIAN_POINT('Ctrl Pts',(109.129344781837,-123.161659053612,-6.));
#7296=CARTESIAN_POINT('Ctrl Pts',(109.232362385626,-122.922818823138,-6.));
#7297=CARTESIAN_POINT('',(109.1,-122.685988991704,-6.));
#7298=CARTESIAN_POINT('Ctrl Pts',(109.232362385626,-122.922818823138,-6.));
#7299=CARTESIAN_POINT('Ctrl Pts',(109.222746506945,-122.91917306323,-6.));
#7300=CARTESIAN_POINT('Ctrl Pts',(109.213369677449,-122.914837252072,-6.));
#7301=CARTESIAN_POINT('Ctrl Pts',(109.20437091885,-122.909888798924,-6.));
#7302=CARTESIAN_POINT('Ctrl Pts',(109.196190198215,-122.905390188107,-6.));
#7303=CARTESIAN_POINT('Ctrl Pts',(109.188326532474,-122.900388879796,-6.));
#7304=CARTESIAN_POINT('Ctrl Pts',(109.180901547213,-122.894948952246,-6.));
#7305=CARTESIAN_POINT('Ctrl Pts',(109.173412706428,-122.889462240843,-6.));
#7306=CARTESIAN_POINT('Ctrl Pts',(109.1663701727,-122.883528062148,-6.));
#7307=CARTESIAN_POINT('Ctrl Pts',(109.159845649,-122.877176413329,-6.));
#7308=CARTESIAN_POINT('Ctrl Pts',(109.152569884996,-122.870093429196,-6.));
#7309=CARTESIAN_POINT('Ctrl Pts',(109.145937525997,-122.862488190294,-6.));
#7310=CARTESIAN_POINT('Ctrl Pts',(109.139991027092,-122.854395347754,-6.));
#7311=CARTESIAN_POINT('Ctrl Pts',(109.134777578521,-122.847300144501,-6.));
#7312=CARTESIAN_POINT('Ctrl Pts',(109.130089551006,-122.839828414865,-6.));
#7313=CARTESIAN_POINT('Ctrl Pts',(109.125935612725,-122.832032394255,-6.));
#7314=CARTESIAN_POINT('Ctrl Pts',(109.12080060202,-122.822395118353,-6.));
#7315=CARTESIAN_POINT('Ctrl Pts',(109.116481479112,-122.812260333002,-6.));
#7316=CARTESIAN_POINT('Ctrl Pts',(109.112986107849,-122.801831875922,-6.));
#7317=CARTESIAN_POINT('Ctrl Pts',(109.110606517101,-122.794732355408,-6.));
#7318=CARTESIAN_POINT('Ctrl Pts',(109.108608995124,-122.787498450156,-6.));
#7319=CARTESIAN_POINT('Ctrl Pts',(109.106967497222,-122.780141339791,-6.));
#7320=CARTESIAN_POINT('Ctrl Pts',(109.105026406452,-122.771441469378,-6.));
#7321=CARTESIAN_POINT('Ctrl Pts',(109.103584130655,-122.762566019012,-6.));
#7322=CARTESIAN_POINT('Ctrl Pts',(109.102547400469,-122.753484659235,-6.));
#7323=CARTESIAN_POINT('Ctrl Pts',(109.101650077197,-122.745624450696,-6.));
#7324=CARTESIAN_POINT('Ctrl Pts',(109.101055556021,-122.73760687797,-6.));
#7325=CARTESIAN_POINT('Ctrl Pts',(109.100673801132,-122.729428294771,-6.));
#7326=CARTESIAN_POINT('Ctrl Pts',(109.100344742828,-122.722378664798,-6.));
#7327=CARTESIAN_POINT('Ctrl Pts',(109.100173258428,-122.71520863193,-6.));
#7328=CARTESIAN_POINT('Ctrl Pts',(109.100087096038,-122.707950026516,-6.));
#7329=CARTESIAN_POINT('Ctrl Pts',(109.100000933648,-122.700691421101,-6.));
#7330=CARTESIAN_POINT('Ctrl Pts',(109.1,-122.69334290389,-6.));
#7331=CARTESIAN_POINT('Ctrl Pts',(109.1,-122.685988991704,-6.));
#7332=CARTESIAN_POINT('Origin',(109.1,-122.685988991704,-6.6));
#7333=CARTESIAN_POINT('Ctrl Pts',(108.570935348717,-126.715993316557,-5.99999999999999));
#7334=CARTESIAN_POINT('Ctrl Pts',(108.571595933699,-126.472309430361,-5.99999999999999));
#7335=CARTESIAN_POINT('Ctrl Pts',(108.588277078706,-125.979733228327,-5.99999999999999));
#7336=CARTESIAN_POINT('Ctrl Pts',(108.66672461521,-125.124480075643,-5.99999999999999));
#7337=CARTESIAN_POINT('Ctrl Pts',(108.923022807308,-123.757775164012,-6.));
#7338=CARTESIAN_POINT('Ctrl Pts',(109.129344781837,-123.161659053612,-6.));
#7339=CARTESIAN_POINT('Ctrl Pts',(109.232362385626,-122.922818823138,-6.));
#7340=CARTESIAN_POINT('Ctrl Pts',(108.576161178568,-126.601008750152,-5.98669006405318));
#7341=CARTESIAN_POINT('Ctrl Pts',(108.579036370567,-126.367765758061,-5.98714949371847));
#7342=CARTESIAN_POINT('Ctrl Pts',(108.59923575237,-125.889651015966,-5.9885263152121));
#7343=CARTESIAN_POINT('Ctrl Pts',(108.68562441788,-125.037957825255,-5.99201039037251));
#7344=CARTESIAN_POINT('Ctrl Pts',(108.950402503011,-123.711422818806,-5.9966218576395));
#7345=CARTESIAN_POINT('Ctrl Pts',(109.148538505877,-123.159213606243,-6.));
#7346=CARTESIAN_POINT('Ctrl Pts',(109.247752428132,-122.928653796915,-6.));
#7347=CARTESIAN_POINT('Ctrl Pts',(108.589974513611,-126.373397821975,-5.96007000693858));
#7348=CARTESIAN_POINT('Ctrl Pts',(108.596940877381,-126.155042908724,-5.96190353395735));
#7349=CARTESIAN_POINT('Ctrl Pts',(108.624518796413,-125.697779228803,-5.96666503683835));
#7350=CARTESIAN_POINT('Ctrl Pts',(108.729976198038,-124.847450363268,-5.97764445516694));
#7351=CARTESIAN_POINT('Ctrl Pts',(109.010134420702,-123.61543058492,-5.99104092589712));
#7352=CARTESIAN_POINT('Ctrl Pts',(109.190430570486,-123.146394901711,-6.));
#7353=CARTESIAN_POINT('Ctrl Pts',(109.279745951485,-122.93677113574,-6.));
#7354=CARTESIAN_POINT('Ctrl Pts',(108.623212619976,-125.994176385971,-5.92053811431621));
#7355=CARTESIAN_POINT('Ctrl Pts',(108.63788262065,-125.786251456736,-5.92563426191865));
#7356=CARTESIAN_POINT('Ctrl Pts',(108.681713684292,-125.34319933551,-5.93747282989026));
#7357=CARTESIAN_POINT('Ctrl Pts',(108.827169119534,-124.502706931283,-5.96073416300329));
#7358=CARTESIAN_POINT('Ctrl Pts',(109.1169805561,-123.461601856648,-5.98560287858939));
#7359=CARTESIAN_POINT('Ctrl Pts',(109.261991005272,-123.107961684991,-6.));
#7360=CARTESIAN_POINT('Ctrl Pts',(109.328925112381,-122.937238972119,-6.));
#7361=CARTESIAN_POINT('Ctrl Pts',(108.683187069337,-125.519083025828,-5.88228938306024));
#7362=CARTESIAN_POINT('Ctrl Pts',(108.709569279471,-125.316108741022,-5.89186894539851));
#7363=CARTESIAN_POINT('Ctrl Pts',(108.779215282382,-124.881924821814,-5.91281134009897));
#7364=CARTESIAN_POINT('Ctrl Pts',(108.971838514656,-124.094421522082,-5.94848240644444));
#7365=CARTESIAN_POINT('Ctrl Pts',(109.241678137799,-123.303913235796,-5.98313549009563));
#7366=CARTESIAN_POINT('Ctrl Pts',(109.337668936167,-123.056085044172,-6.));
#7367=CARTESIAN_POINT('Ctrl Pts',(109.376817882076,-122.926052805387,-6.));
#7368=CARTESIAN_POINT('Ctrl Pts',(108.809665067051,-124.86057384109,-5.84784812277204));
#7369=CARTESIAN_POINT('Ctrl Pts',(108.856254623737,-124.666928668568,-5.86325936933137));
#7370=CARTESIAN_POINT('Ctrl Pts',(108.965410873028,-124.268220228544,-5.89492131356961));
#7371=CARTESIAN_POINT('Ctrl Pts',(109.183309598892,-123.644439584303,-5.94216679543242));
#7372=CARTESIAN_POINT('Ctrl Pts',(109.372149139571,-123.163144229509,-5.98407119912626));
#7373=CARTESIAN_POINT('Ctrl Pts',(109.409120664381,-122.996245038068,-6.));
#7374=CARTESIAN_POINT('Ctrl Pts',(109.419922157284,-122.904269961107,-6.));
#7375=CARTESIAN_POINT('Ctrl Pts',(109.135763403086,-123.95009130048,-5.82593113770474));
#7376=CARTESIAN_POINT('Ctrl Pts',(109.19166380236,-123.822844122612,-5.84738291784466));
#7377=CARTESIAN_POINT('Ctrl Pts',(109.30120781956,-123.578236959035,-5.8890980513499));
#7378=CARTESIAN_POINT('Ctrl Pts',(109.437448418058,-123.259696866294,-5.94511100371688));
#7379=CARTESIAN_POINT('Ctrl Pts',(109.485387162873,-123.049388373704,-5.98785577169662));
#7380=CARTESIAN_POINT('Ctrl Pts',(109.471323291404,-122.930993527969,-6.));
#7381=CARTESIAN_POINT('Ctrl Pts',(109.458600807015,-122.87310766667,-6.));
#7382=CARTESIAN_POINT('Ctrl Pts',(109.531455478965,-123.405547376515,-5.82426406871193));
#7383=CARTESIAN_POINT('Ctrl Pts',(109.553971832056,-123.346560085092,-5.84939858860606));
#7384=CARTESIAN_POINT('Ctrl Pts',(109.587370909312,-123.232227794333,-5.89657856684746));
#7385=CARTESIAN_POINT('Ctrl Pts',(109.590858373213,-123.084563235584,-5.953234530065));
#7386=CARTESIAN_POINT('Ctrl Pts',(109.550527811271,-122.960918685856,-5.99079532610875));
#7387=CARTESIAN_POINT('Ctrl Pts',(109.507133254,-122.885018200691,-6.));
#7388=CARTESIAN_POINT('Ctrl Pts',(109.483249584226,-122.847945564025,-6.));
#7389=CARTESIAN_POINT('Ctrl Pts',(109.798989879467,-123.131883567637,-5.82426406871193));
#7390=CARTESIAN_POINT('Ctrl Pts',(109.779133820666,-123.112472236597,-5.85203208707542));
#7391=CARTESIAN_POINT('Ctrl Pts',(109.735510995617,-123.069826457474,-5.90209754899043));
#7392=CARTESIAN_POINT('Ctrl Pts',(109.660857154349,-122.996844681949,-5.95790105220955));
#7393=CARTESIAN_POINT('Ctrl Pts',(109.579852970109,-122.917654795798,-5.99226455921202));
#7394=CARTESIAN_POINT('Ctrl Pts',(109.523692355901,-122.862752043712,-6.));
#7395=CARTESIAN_POINT('Ctrl Pts',(109.49561164825,-122.835300276092,-6.));
#7396=CARTESIAN_POINT('',(109.798989879467,-123.131883567637,-5.82426406871193));
#7397=CARTESIAN_POINT('Ctrl Pts',(108.570935348717,-126.715993316557,-5.99999999999999));
#7398=CARTESIAN_POINT('Ctrl Pts',(108.576161178568,-126.601008750152,-5.98669006405318));
#7399=CARTESIAN_POINT('Ctrl Pts',(108.589974513611,-126.373397821975,-5.96007000693858));
#7400=CARTESIAN_POINT('Ctrl Pts',(108.623212619976,-125.994176385971,-5.92053811431621));
#7401=CARTESIAN_POINT('Ctrl Pts',(108.683187069337,-125.519083025828,-5.88228938306024));
#7402=CARTESIAN_POINT('Ctrl Pts',(108.809665067051,-124.86057384109,-5.84784812277204));
#7403=CARTESIAN_POINT('Ctrl Pts',(109.135763403086,-123.95009130048,-5.82593113770474));
#7404=CARTESIAN_POINT('Ctrl Pts',(109.531455478965,-123.405547376515,-5.82426406871193));
#7405=CARTESIAN_POINT('Ctrl Pts',(109.798989879467,-123.131883567637,-5.82426406871193));
#7406=CARTESIAN_POINT('',(109.49561164825,-122.835300276092,-6.));
#7407=CARTESIAN_POINT('Origin',(109.49561164825,-122.835300276092,-5.4));
#7408=CARTESIAN_POINT('Ctrl Pts',(109.49561164825,-122.835300276092,-6.));
#7409=CARTESIAN_POINT('Ctrl Pts',(109.489427045801,-122.841626572296,-6.));
#7410=CARTESIAN_POINT('Ctrl Pts',(109.483244929728,-122.847948788686,-6.));
#7411=CARTESIAN_POINT('Ctrl Pts',(109.477038412702,-122.854113955322,-6.));
#7412=CARTESIAN_POINT('Ctrl Pts',(109.470373404188,-122.860734558786,-6.));
#7413=CARTESIAN_POINT('Ctrl Pts',(109.463679323696,-122.867174171768,-6.));
#7414=CARTESIAN_POINT('Ctrl Pts',(109.456896113504,-122.873299148568,-6.));
#7415=CARTESIAN_POINT('Ctrl Pts',(109.449571528979,-122.879912965481,-6.));
#7416=CARTESIAN_POINT('Ctrl Pts',(109.442141327483,-122.886160297913,-6.));
#7417=CARTESIAN_POINT('Ctrl Pts',(109.434520736492,-122.891931909846,-6.));
#7418=CARTESIAN_POINT('Ctrl Pts',(109.427004231151,-122.897624690363,-6.));
#7419=CARTESIAN_POINT('Ctrl Pts',(109.419300619333,-122.90285593193,-6.));
#7420=CARTESIAN_POINT('Ctrl Pts',(109.411347628012,-122.907561995987,-6.));
#7421=CARTESIAN_POINT('Ctrl Pts',(109.403998643676,-122.911910647914,-6.));
#7422=CARTESIAN_POINT('Ctrl Pts',(109.396435772014,-122.91581199166,-6.));
#7423=CARTESIAN_POINT('Ctrl Pts',(109.388645339877,-122.919233944685,-6.));
#7424=CARTESIAN_POINT('Ctrl Pts',(109.381172910311,-122.922516214847,-6.));
#7425=CARTESIAN_POINT('Ctrl Pts',(109.373490346771,-122.925358140344,-6.));
#7426=CARTESIAN_POINT('Ctrl Pts',(109.365631717025,-122.927736240196,-6.));
#7427=CARTESIAN_POINT('Ctrl Pts',(109.354884790019,-122.930988367648,-6.));
#7428=CARTESIAN_POINT('Ctrl Pts',(109.343815732752,-122.933370977411,-6.));
#7429=CARTESIAN_POINT('Ctrl Pts',(109.332621916659,-122.934826335421,-6.));
#7430=CARTESIAN_POINT('Ctrl Pts',(109.321329346323,-122.936294532911,-6.));
#7431=CARTESIAN_POINT('Ctrl Pts',(109.309909173854,-122.936818663132,-6.));
#7432=CARTESIAN_POINT('Ctrl Pts',(109.298514995972,-122.93638220668,-6.));
#7433=CARTESIAN_POINT('Ctrl Pts',(109.286726508816,-122.935930646126,-6.));
#7434=CARTESIAN_POINT('Ctrl Pts',(109.274963323697,-122.934450638985,-6.));
#7435=CARTESIAN_POINT('Ctrl Pts',(109.26337403076,-122.931972884538,-6.));
#7436=CARTESIAN_POINT('Ctrl Pts',(109.252853908126,-122.929723715345,-6.));
#7437=CARTESIAN_POINT('Ctrl Pts',(109.24247530531,-122.926653030948,-6.));
#7438=CARTESIAN_POINT('Ctrl Pts',(109.232362385626,-122.922818823138,-6.));
#7439=CARTESIAN_POINT('Ctrl Pts',(108.570935348717,-126.715993316557,-5.99999999999999));
#7440=CARTESIAN_POINT('Ctrl Pts',(108.576161178568,-126.601008750152,-5.98669006405318));
#7441=CARTESIAN_POINT('Ctrl Pts',(108.589974513611,-126.373397821975,-5.96007000693858));
#7442=CARTESIAN_POINT('Ctrl Pts',(108.623212619976,-125.994176385971,-5.92053811431621));
#7443=CARTESIAN_POINT('Ctrl Pts',(108.683187069337,-125.519083025828,-5.88228938306024));
#7444=CARTESIAN_POINT('Ctrl Pts',(108.809665067051,-124.86057384109,-5.84784812277204));
#7445=CARTESIAN_POINT('Ctrl Pts',(109.135763403086,-123.95009130048,-5.82593113770474));
#7446=CARTESIAN_POINT('Ctrl Pts',(109.531455478965,-123.405547376515,-5.82426406871193));
#7447=CARTESIAN_POINT('Ctrl Pts',(109.798989879467,-123.131883567637,-5.82426406871193));
#7448=CARTESIAN_POINT('Ctrl Pts',(108.581360422911,-126.715758102843,-5.97176536210455));
#7449=CARTESIAN_POINT('Ctrl Pts',(108.586204663737,-126.605494638432,-5.95956458748665));
#7450=CARTESIAN_POINT('Ctrl Pts',(108.598789286803,-126.382767364585,-5.9347906085436));
#7451=CARTESIAN_POINT('Ctrl Pts',(108.629700710923,-126.002408816935,-5.89705142107664));
#7452=CARTESIAN_POINT('Ctrl Pts',(108.688030248925,-125.521324925092,-5.85972665395234));
#7453=CARTESIAN_POINT('Ctrl Pts',(108.81743899643,-124.855439122657,-5.82580136327648));
#7454=CARTESIAN_POINT('Ctrl Pts',(109.145273079872,-123.970543375304,-5.80389693407445));
#7455=CARTESIAN_POINT('Ctrl Pts',(109.54046835734,-123.432283078768,-5.7991295488178));
#7456=CARTESIAN_POINT('Ctrl Pts',(109.818845938268,-123.151294898676,-5.79649605034844));
#7457=CARTESIAN_POINT('Ctrl Pts',(108.600649235511,-126.714826410867,-5.91479421181528));
#7458=CARTESIAN_POINT('Ctrl Pts',(108.604261482746,-126.609513238013,-5.90361724011315));
#7459=CARTESIAN_POINT('Ctrl Pts',(108.613805691211,-126.39021147484,-5.88063938419199));
#7460=CARTESIAN_POINT('Ctrl Pts',(108.640132786933,-126.000508540672,-5.84467721541902));
#7461=CARTESIAN_POINT('Ctrl Pts',(108.697067209759,-125.500862054826,-5.80835100061313));
#7462=CARTESIAN_POINT('Ctrl Pts',(108.835566183978,-124.826313351709,-5.77588306102787));
#7463=CARTESIAN_POINT('Ctrl Pts',(109.167284456509,-124.000854107868,-5.75390880296724));
#7464=CARTESIAN_POINT('Ctrl Pts',(109.566723042641,-123.472918104025,-5.74308781468405));
#7465=CARTESIAN_POINT('Ctrl Pts',(109.854646215503,-123.186293336165,-5.73549102316014));
#7466=CARTESIAN_POINT('Ctrl Pts',(108.619648713525,-126.711872648943,-5.80717791683683));
#7467=CARTESIAN_POINT('Ctrl Pts',(108.617653804964,-126.600277068719,-5.79566822452551));
#7468=CARTESIAN_POINT('Ctrl Pts',(108.615670478623,-126.363488494172,-5.77208371115611));
#7469=CARTESIAN_POINT('Ctrl Pts',(108.630874990153,-125.940492876861,-5.73630913989844));
#7470=CARTESIAN_POINT('Ctrl Pts',(108.692489079627,-125.41265545915,-5.70322858164007));
#7471=CARTESIAN_POINT('Ctrl Pts',(108.862072465003,-124.748113357085,-5.67762337521225));
#7472=CARTESIAN_POINT('Ctrl Pts',(109.227960992605,-123.991309343106,-5.65819720258777));
#7473=CARTESIAN_POINT('Ctrl Pts',(109.633648484197,-123.485506026187,-5.64235616333789));
#7474=CARTESIAN_POINT('Ctrl Pts',(109.894549590196,-123.225302971637,-5.63109018228741));
#7475=CARTESIAN_POINT('Ctrl Pts',(108.523993650306,-126.705967322357,-5.62489076735713));
#7476=CARTESIAN_POINT('Ctrl Pts',(108.519975168858,-126.575811505046,-5.61546081350932));
#7477=CARTESIAN_POINT('Ctrl Pts',(108.520965547437,-126.300590163934,-5.59799513242301));
#7478=CARTESIAN_POINT('Ctrl Pts',(108.56791479891,-125.813453500681,-5.57785895335216));
#7479=CARTESIAN_POINT('Ctrl Pts',(108.696903136343,-125.228248630185,-5.56467777134937));
#7480=CARTESIAN_POINT('Ctrl Pts',(108.955703345914,-124.560173280195,-5.55531295035257));
#7481=CARTESIAN_POINT('Ctrl Pts',(109.360727461316,-123.881683909128,-5.54251556950099));
#7482=CARTESIAN_POINT('Ctrl Pts',(109.717421871495,-123.453544259702,-5.52708285670488));
#7483=CARTESIAN_POINT('Ctrl Pts',(109.919121880761,-123.24932490224,-5.51780860420453));
#7484=CARTESIAN_POINT('Ctrl Pts',(108.500208429055,-126.704342641525,-5.47853981633974));
#7485=CARTESIAN_POINT('Ctrl Pts',(108.501805202963,-126.528795681395,-5.47545448096602));
#7486=CARTESIAN_POINT('Ctrl Pts',(108.521698524642,-126.161416367276,-5.47079717190396));
#7487=CARTESIAN_POINT('Ctrl Pts',(108.625249283922,-125.558175762495,-5.46644794777147));
#7488=CARTESIAN_POINT('Ctrl Pts',(108.822531437896,-124.926758895383,-5.46253380960485));
#7489=CARTESIAN_POINT('Ctrl Pts',(109.114765520859,-124.309781923301,-5.4572057083824));
#7490=CARTESIAN_POINT('Ctrl Pts',(109.484381185121,-123.745231197552,-5.44959713566189));
#7491=CARTESIAN_POINT('Ctrl Pts',(109.770255465166,-123.412667547675,-5.44299423742173));
#7492=CARTESIAN_POINT('Ctrl Pts',(109.924653257366,-123.254732389368,-5.43926990816987));
#7493=CARTESIAN_POINT('Ctrl Pts',(108.500213879708,-126.70375336404,-5.4));
#7494=CARTESIAN_POINT('Ctrl Pts',(108.502331630631,-126.474800458599,-5.4));
#7495=CARTESIAN_POINT('Ctrl Pts',(108.5381218591,-126.016789904168,-5.4));
#7496=CARTESIAN_POINT('Ctrl Pts',(108.684739472582,-125.347672055417,-5.4));
#7497=CARTESIAN_POINT('Ctrl Pts',(108.914483655907,-124.721501567702,-5.4));
#7498=CARTESIAN_POINT('Ctrl Pts',(109.208801962352,-124.159359485174,-5.4));
#7499=CARTESIAN_POINT('Ctrl Pts',(109.547113761008,-123.670256359866,-5.4));
#7500=CARTESIAN_POINT('Ctrl Pts',(109.794110551304,-123.388265924103,-5.4));
#7501=CARTESIAN_POINT('Ctrl Pts',(109.924653257366,-123.254732389368,-5.4));
#7502=CARTESIAN_POINT('',(108.500213879708,-126.70375336404,-5.4));
#7503=CARTESIAN_POINT('Ctrl Pts',(108.570935348717,-126.715993316557,-5.99999999999999));
#7504=CARTESIAN_POINT('Ctrl Pts',(108.581360422911,-126.715758102843,-5.97176536210455));
#7505=CARTESIAN_POINT('Ctrl Pts',(108.600649235511,-126.714826410867,-5.91479421181528));
#7506=CARTESIAN_POINT('Ctrl Pts',(108.619648713525,-126.711872648943,-5.80717791683683));
#7507=CARTESIAN_POINT('Ctrl Pts',(108.523993650306,-126.705967322357,-5.62489076735713));
#7508=CARTESIAN_POINT('Ctrl Pts',(108.500208429055,-126.704342641525,-5.47853981633974));
#7509=CARTESIAN_POINT('Ctrl Pts',(108.500213879708,-126.70375336404,-5.4));
#7510=CARTESIAN_POINT('',(109.924653257366,-123.254732389368,-5.4));
#7511=CARTESIAN_POINT('Ctrl Pts',(108.500213879708,-126.70375336404,-5.4));
#7512=CARTESIAN_POINT('Ctrl Pts',(108.501040218027,-126.614416815124,-5.4));
#7513=CARTESIAN_POINT('Ctrl Pts',(108.504261768122,-126.525097684419,-5.4));
#7514=CARTESIAN_POINT('Ctrl Pts',(108.509873451258,-126.43593467631,-5.4));
#7515=CARTESIAN_POINT('Ctrl Pts',(108.51569794281,-126.343390394179,-5.4));
#7516=CARTESIAN_POINT('Ctrl Pts',(108.524098357081,-126.251015011374,-5.4));
#7517=CARTESIAN_POINT('Ctrl Pts',(108.535048697163,-126.159018984692,-5.4));
#7518=CARTESIAN_POINT('Ctrl Pts',(108.546350059233,-126.064073951125,-5.4));
#7519=CARTESIAN_POINT('Ctrl Pts',(108.560368374248,-125.969534137423,-5.4));
#7520=CARTESIAN_POINT('Ctrl Pts',(108.577038041884,-125.875674226081,-5.4));
#7521=CARTESIAN_POINT('Ctrl Pts',(108.594039285999,-125.779947346561,-5.4));
#7522=CARTESIAN_POINT('Ctrl Pts',(108.613798924291,-125.684929227523,-5.4));
#7523=CARTESIAN_POINT('Ctrl Pts',(108.636198235729,-125.590934687831,-5.4));
#7524=CARTESIAN_POINT('Ctrl Pts',(108.658658599951,-125.496683951498,-5.4));
#7525=CARTESIAN_POINT('Ctrl Pts',(108.683772939778,-125.403464037253,-5.4));
#7526=CARTESIAN_POINT('Ctrl Pts',(108.711369695276,-125.311591224764,-5.4));
#7527=CARTESIAN_POINT('Ctrl Pts',(108.738567481855,-125.221046626261,-5.4));
#7528=CARTESIAN_POINT('Ctrl Pts',(108.768175735417,-125.13181186104,-5.4));
#7529=CARTESIAN_POINT('Ctrl Pts',(108.799986178508,-125.044165870378,-5.4));
#7530=CARTESIAN_POINT('Ctrl Pts',(108.830939242015,-124.958882182019,-5.4));
#7531=CARTESIAN_POINT('Ctrl Pts',(108.863976370057,-124.875103714713,-5.4));
#7532=CARTESIAN_POINT('Ctrl Pts',(108.898876411279,-124.793047848998,-5.4));
#7533=CARTESIAN_POINT('Ctrl Pts',(108.932010542298,-124.715143935125,-5.4));
#7534=CARTESIAN_POINT('Ctrl Pts',(108.966822788611,-124.638793028378,-5.4));
#7535=CARTESIAN_POINT('Ctrl Pts',(109.003112090542,-124.564136525359,-5.4));
#7536=CARTESIAN_POINT('Ctrl Pts',(109.038178214012,-124.491996417574,-5.4));
#7537=CARTESIAN_POINT('Ctrl Pts',(109.074622599848,-124.421438569957,-5.4));
#7538=CARTESIAN_POINT('Ctrl Pts',(109.112266371006,-124.352544348482,-5.4));
#7539=CARTESIAN_POINT('Ctrl Pts',(109.148695087688,-124.285873874246,-5.4));
#7540=CARTESIAN_POINT('Ctrl Pts',(109.186246235944,-124.220761334085,-5.4));
#7541=CARTESIAN_POINT('Ctrl Pts',(109.224772188404,-124.157235614454,-5.4));
#7542=CARTESIAN_POINT('Ctrl Pts',(109.262136446137,-124.0956254216,-5.4));
#7543=CARTESIAN_POINT('Ctrl Pts',(109.300416955003,-124.035507653048,-5.4));
#7544=CARTESIAN_POINT('Ctrl Pts',(109.339503192991,-123.976867057124,-5.4));
#7545=CARTESIAN_POINT('Ctrl Pts',(109.37750127696,-123.919859005119,-5.4));
#7546=CARTESIAN_POINT('Ctrl Pts',(109.416260310907,-123.864246812894,-5.4));
#7547=CARTESIAN_POINT('Ctrl Pts',(109.455710550091,-123.809979108007,-5.4));
#7548=CARTESIAN_POINT('Ctrl Pts',(109.493651756226,-123.757787227294,-5.4));
#7549=CARTESIAN_POINT('Ctrl Pts',(109.532231951387,-123.706838635846,-5.4));
#7550=CARTESIAN_POINT('Ctrl Pts',(109.57142517702,-123.657056440824,-5.4));
#7551=CARTESIAN_POINT('Ctrl Pts',(109.609843738572,-123.608258203558,-5.4));
#7552=CARTESIAN_POINT('Ctrl Pts',(109.648850953598,-123.560580465542,-5.4));
#7553=CARTESIAN_POINT('Ctrl Pts',(109.688463189399,-123.513924113771,-5.4));
#7554=CARTESIAN_POINT('Ctrl Pts',(109.726877908605,-123.468678229104,-5.4));
#7555=CARTESIAN_POINT('Ctrl Pts',(109.76586138693,-123.424392601739,-5.4));
#7556=CARTESIAN_POINT('Ctrl Pts',(109.805471659262,-123.380955574724,-5.4));
#7557=CARTESIAN_POINT('Ctrl Pts',(109.844554759617,-123.338096649854,-5.4));
#7558=CARTESIAN_POINT('Ctrl Pts',(109.884247761771,-123.296063604356,-5.4));
#7559=CARTESIAN_POINT('Ctrl Pts',(109.924653257366,-123.254732389368,-5.4));
#7560=CARTESIAN_POINT('Origin',(109.49561164825,-122.835300276092,-5.4));
#7561=CARTESIAN_POINT('Ctrl Pts',(108.570935348717,-126.715993316557,-5.99999999999999));
#7562=CARTESIAN_POINT('Ctrl Pts',(108.581360422911,-126.715758102843,-5.97176536210455));
#7563=CARTESIAN_POINT('Ctrl Pts',(108.600649235511,-126.714826410867,-5.91479421181528));
#7564=CARTESIAN_POINT('Ctrl Pts',(108.619648713525,-126.711872648943,-5.80717791683683));
#7565=CARTESIAN_POINT('Ctrl Pts',(108.523993650306,-126.705967322357,-5.62489076735713));
#7566=CARTESIAN_POINT('Ctrl Pts',(108.500208429055,-126.704342641525,-5.47853981633974));
#7567=CARTESIAN_POINT('Ctrl Pts',(108.500213879708,-126.70375336404,-5.4));
#7568=CARTESIAN_POINT('Ctrl Pts',(108.575538373075,-126.830756121346,-5.98669006405318));
#7569=CARTESIAN_POINT('Ctrl Pts',(108.585467818369,-126.8256826311,-5.95956458748665));
#7570=CARTESIAN_POINT('Ctrl Pts',(108.603290522672,-126.819602929903,-5.90361724011315));
#7571=CARTESIAN_POINT('Ctrl Pts',(108.616176409717,-126.822708868617,-5.7956682245255));
#7572=CARTESIAN_POINT('Ctrl Pts',(108.517742892735,-126.835731832498,-5.61546081350932));
#7573=CARTESIAN_POINT('Ctrl Pts',(108.49861208339,-126.879843303643,-5.47545448096602));
#7574=CARTESIAN_POINT('Ctrl Pts',(108.498096128785,-126.932706269481,-5.4));
#7575=CARTESIAN_POINT('Ctrl Pts',(108.587731905851,-127.057874235996,-5.96007000693857));
#7576=CARTESIAN_POINT('Ctrl Pts',(108.596207962788,-127.047680854445,-5.9347906085436));
#7577=CARTESIAN_POINT('Ctrl Pts',(108.610531390438,-127.037775731213,-5.88063938419198));
#7578=CARTESIAN_POINT('Ctrl Pts',(108.610831340944,-127.057944361904,-5.77208371115611));
#7579=CARTESIAN_POINT('Ctrl Pts',(108.513922498609,-127.11036285339,-5.59799513242301));
#7580=CARTESIAN_POINT('Ctrl Pts',(108.511802429062,-127.247415294346,-5.47079717190396));
#7581=CARTESIAN_POINT('Ctrl Pts',(108.525408017014,-127.391300501003,-5.4));
#7582=CARTESIAN_POINT('Ctrl Pts',(108.616906478508,-127.436065804707,-5.92053811431621));
#7583=CARTESIAN_POINT('Ctrl Pts',(108.622718491518,-127.426647826142,-5.89705142107663));
#7584=CARTESIAN_POINT('Ctrl Pts',(108.631590213434,-127.425503135718,-5.84467721541902));
#7585=CARTESIAN_POINT('Ctrl Pts',(108.619247246366,-127.478749256785,-5.73630913989843));
#7586=CARTESIAN_POINT('Ctrl Pts',(108.552074051359,-127.597502809983,-5.57785895335216));
#7587=CARTESIAN_POINT('Ctrl Pts',(108.604265702651,-127.852254795121,-5.46644794777146));
#7588=CARTESIAN_POINT('Ctrl Pts',(108.659623293852,-128.063015976159,-5.4));
#7589=CARTESIAN_POINT('Ctrl Pts',(108.670067353158,-127.909699173847,-5.88228938306023));
#7590=CARTESIAN_POINT('Ctrl Pts',(108.673770789791,-127.905934122936,-5.85972665395234));
#7591=CARTESIAN_POINT('Ctrl Pts',(108.680281432332,-127.923023877671,-5.80835100061312));
#7592=CARTESIAN_POINT('Ctrl Pts',(108.671615552663,-128.005090544081,-5.70322858164006));
#7593=CARTESIAN_POINT('Ctrl Pts',(108.670213171624,-128.184246757668,-5.56467777134936));
#7594=CARTESIAN_POINT('Ctrl Pts',(108.789854802088,-128.486972630814,-5.46253380960485));
#7595=CARTESIAN_POINT('Ctrl Pts',(108.877745351972,-128.693329102484,-5.4));
#7596=CARTESIAN_POINT('Ctrl Pts',(108.784566909245,-128.566402107949,-5.84784812277204));
#7597=CARTESIAN_POINT('Ctrl Pts',(108.79099657998,-128.570044176701,-5.82580136327647));
#7598=CARTESIAN_POINT('Ctrl Pts',(108.806535042717,-128.596242145049,-5.77588306102785));
#7599=CARTESIAN_POINT('Ctrl Pts',(108.828457541712,-128.669897173006,-5.67762337521224));
#7600=CARTESIAN_POINT('Ctrl Pts',(108.91648301641,-128.856339173525,-5.55531295035257));
#7601=CARTESIAN_POINT('Ctrl Pts',(109.070577610189,-129.109010618253,-5.4572057083824));
#7602=CARTESIAN_POINT('Ctrl Pts',(109.161614873245,-129.260819262179,-5.4));
#7603=CARTESIAN_POINT('Ctrl Pts',(109.091731469644,-129.476773026016,-5.82593113770473));
#7604=CARTESIAN_POINT('Ctrl Pts',(109.1004361376,-129.455155376547,-5.80389693407444));
#7605=CARTESIAN_POINT('Ctrl Pts',(109.12079569206,-129.422749775595,-5.75390880296723));
#7606=CARTESIAN_POINT('Ctrl Pts',(109.178949092205,-129.430751977486,-5.65819720258778));
#7607=CARTESIAN_POINT('Ctrl Pts',(109.30870696237,-129.541688126578,-5.54251556950098));
#7608=CARTESIAN_POINT('Ctrl Pts',(109.429589997621,-129.680099420554,-5.44959713566189));
#7609=CARTESIAN_POINT('Ctrl Pts',(109.490821424069,-129.756096747221,-5.4));
#7610=CARTESIAN_POINT('Ctrl Pts',(109.472794783727,-130.023151627625,-5.82426406871193));
#7611=CARTESIAN_POINT('Ctrl Pts',(109.481779802648,-129.996034314299,-5.79912954881779));
#7612=CARTESIAN_POINT('Ctrl Pts',(109.507911530925,-129.954968258068,-5.74308781468405));
#7613=CARTESIAN_POINT('Ctrl Pts',(109.574326625957,-129.942843719386,-5.64235616333789));
#7614=CARTESIAN_POINT('Ctrl Pts',(109.657203248454,-129.976040529695,-5.52708285670488));
#7615=CARTESIAN_POINT('Ctrl Pts',(109.709191220749,-130.017802158873,-5.44299423742173));
#7616=CARTESIAN_POINT('Ctrl Pts',(109.732559732716,-130.042607847201,-5.4));
#7617=CARTESIAN_POINT('Ctrl Pts',(109.732695700297,-130.299036593763,-5.82426406871193));
#7618=CARTESIAN_POINT('Ctrl Pts',(109.752907429868,-130.279995878661,-5.79649605034844));
#7619=CARTESIAN_POINT('Ctrl Pts',(109.789348977977,-130.245665658036,-5.73549102316015));
#7620=CARTESIAN_POINT('Ctrl Pts',(109.829967120094,-130.207400824278,-5.63109018228742));
#7621=CARTESIAN_POINT('Ctrl Pts',(109.854979560721,-130.183837538697,-5.51780860420453));
#7622=CARTESIAN_POINT('Ctrl Pts',(109.860610017864,-130.178533295438,-5.43926990816987));
#7623=CARTESIAN_POINT('Ctrl Pts',(109.860610017864,-130.178533295438,-5.4));
#7624=CARTESIAN_POINT('',(109.732695700297,-130.299036593763,-5.82426406871193));
#7625=CARTESIAN_POINT('Ctrl Pts',(108.570935348717,-126.715993316557,-5.99999999999999));
#7626=CARTESIAN_POINT('Ctrl Pts',(108.575538373075,-126.830756121346,-5.98669006405318));
#7627=CARTESIAN_POINT('Ctrl Pts',(108.587731905851,-127.057874235996,-5.96007000693857));
#7628=CARTESIAN_POINT('Ctrl Pts',(108.616906478508,-127.436065804707,-5.92053811431621));
#7629=CARTESIAN_POINT('Ctrl Pts',(108.670067353158,-127.909699173847,-5.88228938306023));
#7630=CARTESIAN_POINT('Ctrl Pts',(108.784566909245,-128.566402107949,-5.84784812277204));
#7631=CARTESIAN_POINT('Ctrl Pts',(109.091731469644,-129.476773026016,-5.82593113770473));
#7632=CARTESIAN_POINT('Ctrl Pts',(109.472794783727,-130.023151627625,-5.82426406871193));
#7633=CARTESIAN_POINT('Ctrl Pts',(109.732695700297,-130.299036593763,-5.82426406871193));
#7634=CARTESIAN_POINT('',(109.860610017864,-130.178533295438,-5.4));
#7635=CARTESIAN_POINT('Origin',(109.423883220007,-130.58995729089,-5.4));
#7636=CARTESIAN_POINT('',(108.5,-126.75,-5.4));
#7637=CARTESIAN_POINT('Ctrl Pts',(109.860610017864,-130.178533295438,-5.4));
#7638=CARTESIAN_POINT('Ctrl Pts',(109.820827467156,-130.136304095942,-5.4));
#7639=CARTESIAN_POINT('Ctrl Pts',(109.781775685554,-130.093381186005,-5.4));
#7640=CARTESIAN_POINT('Ctrl Pts',(109.74335335453,-130.049637249923,-5.4));
#7641=CARTESIAN_POINT('Ctrl Pts',(109.704039933475,-130.004878805239,-5.4));
#7642=CARTESIAN_POINT('Ctrl Pts',(109.665385770337,-129.959260480751,-5.4));
#7643=CARTESIAN_POINT('Ctrl Pts',(109.627333118529,-129.912665209148,-5.4));
#7644=CARTESIAN_POINT('Ctrl Pts',(109.587649790234,-129.864073182781,-5.4));
#7645=CARTESIAN_POINT('Ctrl Pts',(109.548620825871,-129.814418281371,-5.4));
#7646=CARTESIAN_POINT('Ctrl Pts',(109.510231935046,-129.763594330343,-5.4));
#7647=CARTESIAN_POINT('Ctrl Pts',(109.470997890046,-129.711651459922,-5.4));
#7648=CARTESIAN_POINT('Ctrl Pts',(109.432432861846,-129.658487213449,-5.4));
#7649=CARTESIAN_POINT('Ctrl Pts',(109.394568732952,-129.604020692207,-5.4));
#7650=CARTESIAN_POINT('Ctrl Pts',(109.355620251052,-129.54799435861,-5.4));
#7651=CARTESIAN_POINT('Ctrl Pts',(109.317413892006,-129.490589813308,-5.4));
#7652=CARTESIAN_POINT('Ctrl Pts',(109.280026401699,-129.431757414392,-5.4));
#7653=CARTESIAN_POINT('Ctrl Pts',(109.241475087673,-129.371093639773,-5.4));
#7654=CARTESIAN_POINT('Ctrl Pts',(109.20379503659,-129.308911497948,-5.4));
#7655=CARTESIAN_POINT('Ctrl Pts',(109.167105766883,-129.245200906665,-5.4));
#7656=CARTESIAN_POINT('Ctrl Pts',(109.129187011026,-129.179355323593,-5.4));
#7657=CARTESIAN_POINT('Ctrl Pts',(109.0923273153,-129.111876981758,-5.4));
#7658=CARTESIAN_POINT('Ctrl Pts',(109.056685088454,-129.042804526521,-5.4));
#7659=CARTESIAN_POINT('Ctrl Pts',(109.019786527708,-128.971297373041,-5.4));
#7660=CARTESIAN_POINT('Ctrl Pts',(108.984193697807,-128.898081738829,-5.4));
#7661=CARTESIAN_POINT('Ctrl Pts',(108.950097101158,-128.823254352728,-5.4));
#7662=CARTESIAN_POINT('Ctrl Pts',(108.914102274774,-128.744261167599,-5.4));
#7663=CARTESIAN_POINT('Ctrl Pts',(108.879776057978,-128.663471853219,-5.4));
#7664=CARTESIAN_POINT('Ctrl Pts',(108.847342408772,-128.581059075722,-5.4));
#7665=CARTESIAN_POINT('Ctrl Pts',(108.814004432754,-128.49634843517,-5.4));
#7666=CARTESIAN_POINT('Ctrl Pts',(108.782667238902,-128.409923250543,-5.4));
#7667=CARTESIAN_POINT('Ctrl Pts',(108.753555341942,-128.322025161375,-5.4));
#7668=CARTESIAN_POINT('Ctrl Pts',(108.72388579648,-128.232443353762,-5.4));
#7669=CARTESIAN_POINT('Ctrl Pts',(108.696528626096,-128.141332855135,-5.4));
#7670=CARTESIAN_POINT('Ctrl Pts',(108.671685147978,-128.048990257755,-5.4));
#7671=CARTESIAN_POINT('Ctrl Pts',(108.646694293394,-127.956099865674,-5.4));
#7672=CARTESIAN_POINT('Ctrl Pts',(108.624247587714,-127.861964258878,-5.4));
#7673=CARTESIAN_POINT('Ctrl Pts',(108.604501706591,-127.76690533445,-5.4));
#7674=CARTESIAN_POINT('Ctrl Pts',(108.585107624636,-127.673540011346,-5.4));
#7675=CARTESIAN_POINT('Ctrl Pts',(108.568318848572,-127.579285543164,-5.4));
#7676=CARTESIAN_POINT('Ctrl Pts',(108.554234775805,-127.484442882149,-5.4));
#7677=CARTESIAN_POINT('Ctrl Pts',(108.540501692102,-127.391963794331,-5.4));
#7678=CARTESIAN_POINT('Ctrl Pts',(108.529339596923,-127.298926765222,-5.4));
#7679=CARTESIAN_POINT('Ctrl Pts',(108.5207991216,-127.205586010037,-5.4));
#7680=CARTESIAN_POINT('Ctrl Pts',(108.512645084749,-127.116468726899,-5.4));
#7681=CARTESIAN_POINT('Ctrl Pts',(108.506879910845,-127.027075370549,-5.4));
#7682=CARTESIAN_POINT('Ctrl Pts',(108.503520226033,-126.937589627489,-5.4));
#7683=CARTESIAN_POINT('Ctrl Pts',(108.501173701007,-126.875089557571,-5.4));
#7684=CARTESIAN_POINT('Ctrl Pts',(108.5,-126.812543649646,-5.4));
#7685=CARTESIAN_POINT('Ctrl Pts',(108.5,-126.75,-5.4));
#7686=CARTESIAN_POINT('Ctrl Pts',(108.5,-126.75,-5.4));
#7687=CARTESIAN_POINT('Ctrl Pts',(108.5,-126.734584184569,-5.4));
#7688=CARTESIAN_POINT('Ctrl Pts',(108.500071294506,-126.719168442347,-5.4));
#7689=CARTESIAN_POINT('Ctrl Pts',(108.500213879708,-126.70375336404,-5.4));
#7690=CARTESIAN_POINT('Ctrl Pts',(108.570935348717,-126.715993316557,-5.99999999999999));
#7691=CARTESIAN_POINT('Ctrl Pts',(108.575538373075,-126.830756121346,-5.98669006405318));
#7692=CARTESIAN_POINT('Ctrl Pts',(108.587731905851,-127.057874235996,-5.96007000693857));
#7693=CARTESIAN_POINT('Ctrl Pts',(108.616906478508,-127.436065804707,-5.92053811431621));
#7694=CARTESIAN_POINT('Ctrl Pts',(108.670067353158,-127.909699173847,-5.88228938306023));
#7695=CARTESIAN_POINT('Ctrl Pts',(108.784566909245,-128.566402107949,-5.84784812277204));
#7696=CARTESIAN_POINT('Ctrl Pts',(109.091731469644,-129.476773026016,-5.82593113770473));
#7697=CARTESIAN_POINT('Ctrl Pts',(109.472794783727,-130.023151627625,-5.82426406871193));
#7698=CARTESIAN_POINT('Ctrl Pts',(109.732695700297,-130.299036593763,-5.82426406871193));
#7699=CARTESIAN_POINT('Ctrl Pts',(108.570274763736,-126.959677202754,-5.99999999999999));
#7700=CARTESIAN_POINT('Ctrl Pts',(108.577008757821,-127.064106281945,-5.98714949371847));
#7701=CARTESIAN_POINT('Ctrl Pts',(108.593130139853,-127.276535485845,-5.96190353395735));
#7702=CARTESIAN_POINT('Ctrl Pts',(108.629717360977,-127.644584658884,-5.92563426191865));
#7703=CARTESIAN_POINT('Ctrl Pts',(108.694236286941,-128.11355794285,-5.8918689453985));
#7704=CARTESIAN_POINT('Ctrl Pts',(108.828570032372,-128.761278408429,-5.86325936933136));
#7705=CARTESIAN_POINT('Ctrl Pts',(109.145749995893,-129.605423195828,-5.84738291784465));
#7706=CARTESIAN_POINT('Ctrl Pts',(109.494439381563,-130.082782296015,-5.84939858860606));
#7707=CARTESIAN_POINT('Ctrl Pts',(109.712483970726,-130.318077308864,-5.85203208707542));
#7708=CARTESIAN_POINT('Ctrl Pts',(108.584297234991,-127.452917712888,-5.99999999999999));
#7709=CARTESIAN_POINT('Ctrl Pts',(108.594367671699,-127.543036684618,-5.98852631521209));
#7710=CARTESIAN_POINT('Ctrl Pts',(108.617485203739,-127.734921406282,-5.96666503683835));
#7711=CARTESIAN_POINT('Ctrl Pts',(108.669640429834,-128.089258487659,-5.93747282989026));
#7712=CARTESIAN_POINT('Ctrl Pts',(108.75914733554,-128.54987115586,-5.91281134009897));
#7713=CARTESIAN_POINT('Ctrl Pts',(108.932370889198,-129.162698401975,-5.89492131356959));
#7714=CARTESIAN_POINT('Ctrl Pts',(109.251678722616,-129.852742676521,-5.88909805134991));
#7715=CARTESIAN_POINT('Ctrl Pts',(109.526066413891,-130.198082846199,-5.89657856684746));
#7716=CARTESIAN_POINT('Ctrl Pts',(109.668079753764,-130.359908862245,-5.90209754899043));
#7717=CARTESIAN_POINT('Ctrl Pts',(108.65802351232,-128.31128591156,-5.99999999999999));
#7718=CARTESIAN_POINT('Ctrl Pts',(108.675637087845,-128.398158191596,-5.99201039037251));
#7719=CARTESIAN_POINT('Ctrl Pts',(108.716935157644,-128.589324740294,-5.97764445516694));
#7720=CARTESIAN_POINT('Ctrl Pts',(108.807682923999,-128.934631525339,-5.96073416300329));
#7721=CARTESIAN_POINT('Ctrl Pts',(108.943024693025,-129.342594826839,-5.94848240644444));
#7722=CARTESIAN_POINT('Ctrl Pts',(109.141767516279,-129.791554456857,-5.94216679543242));
#7723=CARTESIAN_POINT('Ctrl Pts',(109.382801163515,-130.174282135349,-5.94511100371688));
#7724=CARTESIAN_POINT('Ctrl Pts',(109.52684524052,-130.345811529842,-5.953234530065));
#7725=CARTESIAN_POINT('Ctrl Pts',(109.592088678884,-130.431497214046,-5.95790105220955));
#7726=CARTESIAN_POINT('Ctrl Pts',(108.907329914158,-129.68780633515,-6.));
#7727=CARTESIAN_POINT('Ctrl Pts',(108.932831992596,-129.73440900992,-5.9966218576395));
#7728=CARTESIAN_POINT('Ctrl Pts',(108.988425858785,-129.83061096325,-5.9910409258971));
#7729=CARTESIAN_POINT('Ctrl Pts',(109.087838312326,-129.983506693874,-5.9856028785894));
#7730=CARTESIAN_POINT('Ctrl Pts',(109.202694378041,-130.138600805796,-5.98313549009563));
#7731=CARTESIAN_POINT('Ctrl Pts',(109.322556595874,-130.275918683831,-5.98407119912626));
#7732=CARTESIAN_POINT('Ctrl Pts',(109.425867269454,-130.384398746686,-5.98785577169663));
#7733=CARTESIAN_POINT('Ctrl Pts',(109.483743971401,-130.468168284164,-5.99079532610875));
#7734=CARTESIAN_POINT('Ctrl Pts',(109.509633510797,-130.509175146489,-5.99226455921202));
#7735=CARTESIAN_POINT('Ctrl Pts',(109.108638578398,-130.286653790726,-6.));
#7736=CARTESIAN_POINT('Ctrl Pts',(109.125561582533,-130.289017830717,-6.));
#7737=CARTESIAN_POINT('Ctrl Pts',(109.162629819353,-130.301338245697,-6.));
#7738=CARTESIAN_POINT('Ctrl Pts',(109.226026472492,-130.337531688281,-6.));
#7739=CARTESIAN_POINT('Ctrl Pts',(109.291605705575,-130.38562088961,-6.));
#7740=CARTESIAN_POINT('Ctrl Pts',(109.354345694808,-130.441392836018,-6.));
#7741=CARTESIAN_POINT('Ctrl Pts',(109.408001445719,-130.50081041675,-6.));
#7742=CARTESIAN_POINT('Ctrl Pts',(109.438436207222,-130.542704667897,-6.));
#7743=CARTESIAN_POINT('Ctrl Pts',(109.452466922086,-130.563029653356,-6.));
#7744=CARTESIAN_POINT('Ctrl Pts',(109.20891176489,-130.526134261159,-6.));
#7745=CARTESIAN_POINT('Ctrl Pts',(109.221530730904,-130.520203167104,-6.));
#7746=CARTESIAN_POINT('Ctrl Pts',(109.247954958558,-130.511356722357,-6.));
#7747=CARTESIAN_POINT('Ctrl Pts',(109.2882785517,-130.507880338756,-6.));
#7748=CARTESIAN_POINT('Ctrl Pts',(109.326475591221,-130.514788411708,-6.));
#7749=CARTESIAN_POINT('Ctrl Pts',(109.362051849589,-130.532149596535,-6.));
#7750=CARTESIAN_POINT('Ctrl Pts',(109.393297878151,-130.55749984067,-6.));
#7751=CARTESIAN_POINT('Ctrl Pts',(109.413583875675,-130.579024531207,-6.));
#7752=CARTESIAN_POINT('Ctrl Pts',(109.423883220007,-130.58995729089,-6.));
#7753=CARTESIAN_POINT('',(109.20891176489,-130.526134261159,-6.));
#7754=CARTESIAN_POINT('Ctrl Pts',(108.570935348717,-126.715993316557,-5.99999999999999));
#7755=CARTESIAN_POINT('Ctrl Pts',(108.570274763736,-126.959677202754,-5.99999999999999));
#7756=CARTESIAN_POINT('Ctrl Pts',(108.584297234991,-127.452917712888,-5.99999999999999));
#7757=CARTESIAN_POINT('Ctrl Pts',(108.65802351232,-128.31128591156,-5.99999999999999));
#7758=CARTESIAN_POINT('Ctrl Pts',(108.907329914158,-129.68780633515,-6.));
#7759=CARTESIAN_POINT('Ctrl Pts',(109.108638578398,-130.286653790726,-6.));
#7760=CARTESIAN_POINT('Ctrl Pts',(109.20891176489,-130.526134261159,-6.));
#7761=CARTESIAN_POINT('',(109.423883220007,-130.58995729089,-6.));
#7762=CARTESIAN_POINT('Ctrl Pts',(109.20891176489,-130.526134261159,-6.));
#7763=CARTESIAN_POINT('Ctrl Pts',(109.219550916852,-130.521133707954,-6.));
#7764=CARTESIAN_POINT('Ctrl Pts',(109.230605147372,-130.517202581982,-6.));
#7765=CARTESIAN_POINT('Ctrl Pts',(109.241804519474,-130.514421732715,-6.));
#7766=CARTESIAN_POINT('Ctrl Pts',(109.250619517923,-130.512232933044,-6.));
#7767=CARTESIAN_POINT('Ctrl Pts',(109.259523663255,-130.510755802267,-6.));
#7768=CARTESIAN_POINT('Ctrl Pts',(109.26836489194,-130.510018468867,-6.));
#7769=CARTESIAN_POINT('Ctrl Pts',(109.27593403554,-130.509387223756,-6.));
#7770=CARTESIAN_POINT('Ctrl Pts',(109.283451678086,-130.509297975044,-6.));
#7771=CARTESIAN_POINT('Ctrl Pts',(109.290856016349,-130.50976766164,-6.));
#7772=CARTESIAN_POINT('Ctrl Pts',(109.299395659582,-130.51030936514,-6.));
#7773=CARTESIAN_POINT('Ctrl Pts',(109.307787004373,-130.511597072538,-6.));
#7774=CARTESIAN_POINT('Ctrl Pts',(109.315993045683,-130.513634619394,-6.));
#7775=CARTESIAN_POINT('Ctrl Pts',(109.323055191038,-130.515388138725,-6.));
#7776=CARTESIAN_POINT('Ctrl Pts',(109.329982792439,-130.517697577528,-6.));
#7777=CARTESIAN_POINT('Ctrl Pts',(109.336751872076,-130.520530885015,-6.));
#7778=CARTESIAN_POINT('Ctrl Pts',(109.344872653486,-130.523929969086,-6.));
#7779=CARTESIAN_POINT('Ctrl Pts',(109.352764926628,-130.528083921742,-6.));
#7780=CARTESIAN_POINT('Ctrl Pts',(109.360340436305,-130.532853379146,-6.));
#7781=CARTESIAN_POINT('Ctrl Pts',(109.365621828302,-130.536178485341,-6.));
#7782=CARTESIAN_POINT('Ctrl Pts',(109.370749402267,-130.539802093329,-6.));
#7783=CARTESIAN_POINT('Ctrl Pts',(109.375758616907,-130.54370055043,-6.));
#7784=CARTESIAN_POINT('Ctrl Pts',(109.381526736747,-130.548189630927,-6.));
#7785=CARTESIAN_POINT('Ctrl Pts',(109.387141484713,-130.553047007727,-6.));
#7786=CARTESIAN_POINT('Ctrl Pts',(109.392707196599,-130.558231756223,-6.));
#7787=CARTESIAN_POINT('Ctrl Pts',(109.39718425132,-130.562402364262,-6.));
#7788=CARTESIAN_POINT('Ctrl Pts',(109.401631845947,-130.566785704986,-6.));
#7789=CARTESIAN_POINT('Ctrl Pts',(109.406093147632,-130.571328820254,-6.));
#7790=CARTESIAN_POINT('Ctrl Pts',(109.409972607926,-130.575279424032,-6.));
#7791=CARTESIAN_POINT('Ctrl Pts',(109.413863012089,-130.579350999,-6.));
#7792=CARTESIAN_POINT('Ctrl Pts',(109.417768260274,-130.583476597024,-6.));
#7793=CARTESIAN_POINT('Ctrl Pts',(109.41980412048,-130.585627328666,-6.));
#7794=CARTESIAN_POINT('Ctrl Pts',(109.421843540059,-130.587792169501,-6.));
#7795=CARTESIAN_POINT('Ctrl Pts',(109.423883220007,-130.58995729089,-6.));
#7796=CARTESIAN_POINT('Origin',(109.423883220007,-130.58995729089,-5.4));
#7797=CARTESIAN_POINT('Ctrl Pts',(183.465960793628,-55.0708827160436,-6.));
#7798=CARTESIAN_POINT('Ctrl Pts',(183.580694918072,-55.0754838844179,-5.98669006405319));
#7799=CARTESIAN_POINT('Ctrl Pts',(183.807768824121,-55.0876750381979,-5.96007000693858));
#7800=CARTESIAN_POINT('Ctrl Pts',(184.185947879296,-55.1168074498231,-5.92053811431622));
#7801=CARTESIAN_POINT('Ctrl Pts',(184.659658848863,-55.169958405309,-5.88228938306024));
#7802=CARTESIAN_POINT('Ctrl Pts',(185.316508981204,-55.2848618134711,-5.84784812277205));
#7803=CARTESIAN_POINT('Ctrl Pts',(186.226404547113,-55.5914071885238,-5.82593113770473));
#7804=CARTESIAN_POINT('Ctrl Pts',(186.773151627625,-55.9727947837268,-5.82426406871193));
#7805=CARTESIAN_POINT('Ctrl Pts',(187.049036593763,-56.2326957002972,-5.82426406871193));
#7806=CARTESIAN_POINT('Ctrl Pts',(183.465664987243,-55.0812971494001,-5.97176536210456));
#7807=CARTESIAN_POINT('Ctrl Pts',(183.575571442244,-55.0854079214764,-5.95956458748666));
#7808=CARTESIAN_POINT('Ctrl Pts',(183.797553198249,-55.096147504774,-5.93479060854361));
#7809=CARTESIAN_POINT('Ctrl Pts',(184.176545212413,-55.1226054428702,-5.89705142107664));
#7810=CARTESIAN_POINT('Ctrl Pts',(184.655959386986,-55.1737765698577,-5.85972665395235));
#7811=CARTESIAN_POINT('Ctrl Pts',(185.320078482983,-55.2912365146078,-5.82580136327648));
#7812=CARTESIAN_POINT('Ctrl Pts',(186.204853368272,-55.60013557978,-5.80389693407445));
#7813=CARTESIAN_POINT('Ctrl Pts',(186.746034314299,-55.9817798026475,-5.7991295488178));
#7814=CARTESIAN_POINT('Ctrl Pts',(187.029995878661,-56.2529074298684,-5.79649605034844));
#7815=CARTESIAN_POINT('Ctrl Pts',(183.464683515043,-55.1006298843849,-5.91479421181529));
#7816=CARTESIAN_POINT('Ctrl Pts',(183.569478986302,-55.1032594251845,-5.90361724011316));
#7817=CARTESIAN_POINT('Ctrl Pts',(183.787696397963,-55.1104647659019,-5.880639384192));
#7818=CARTESIAN_POINT('Ctrl Pts',(184.175522222764,-55.1315991189184,-5.84467721541903));
#7819=CARTESIAN_POINT('Ctrl Pts',(184.67311943105,-55.1805204992406,-5.80835100061314));
#7820=CARTESIAN_POINT('Ctrl Pts',(185.346084306067,-55.3064737659728,-5.77588306102787));
#7821=CARTESIAN_POINT('Ctrl Pts',(186.172639066515,-55.6206710364542,-5.75390880296724));
#7822=CARTESIAN_POINT('Ctrl Pts',(186.704968258068,-56.0079115309249,-5.74308781468405));
#7823=CARTESIAN_POINT('Ctrl Pts',(186.995665658036,-56.2893489779773,-5.73549102316014));
#7824=CARTESIAN_POINT('Ctrl Pts',(183.461923705616,-55.1196629685215,-5.80717791683685));
#7825=CARTESIAN_POINT('Ctrl Pts',(183.572765176263,-55.1162048803321,-5.79566822452552));
#7826=CARTESIAN_POINT('Ctrl Pts',(183.808006890474,-55.1109065722501,-5.77208371115613));
#7827=CARTESIAN_POINT('Ctrl Pts',(184.228774129903,-55.1193389423493,-5.73630913989845));
#7828=CARTESIAN_POINT('Ctrl Pts',(184.755014955275,-55.1715741729001,-5.70322858164007));
#7829=CARTESIAN_POINT('Ctrl Pts',(185.419816297423,-55.3283731235258,-5.67762337521225));
#7830=CARTESIAN_POINT('Ctrl Pts',(186.180754079185,-55.6789517722541,-5.65819720258778));
#7831=CARTESIAN_POINT('Ctrl Pts',(186.692843719386,-56.0743266259571,-5.64235616333789));
#7832=CARTESIAN_POINT('Ctrl Pts',(186.957400824278,-56.329967120094,-5.63109018228741));
#7833=CARTESIAN_POINT('Ctrl Pts',(183.455951741986,-55.0239926278592,-5.62489076735714));
#7834=CARTESIAN_POINT('Ctrl Pts',(183.585711714879,-55.0177374222844,-5.61546081350933));
#7835=CARTESIAN_POINT('Ctrl Pts',(183.86033340495,-55.0138992140816,-5.59799513242302));
#7836=CARTESIAN_POINT('Ctrl Pts',(184.347473624008,-55.0520334283488,-5.57785895335217));
#7837=CARTESIAN_POINT('Ctrl Pts',(184.934245824517,-55.1702057119013,-5.56467777134937));
#7838=CARTESIAN_POINT('Ctrl Pts',(185.606350720259,-55.4164960327418,-5.55531295035257));
#7839=CARTESIAN_POINT('Ctrl Pts',(186.291687135791,-55.8087057316025,-5.54251556950098));
#7840=CARTESIAN_POINT('Ctrl Pts',(186.726040529695,-56.1572032484536,-5.52708285670488));
#7841=CARTESIAN_POINT('Ctrl Pts',(186.933837538697,-56.3549795607212,-5.51780860420453));
#7842=CARTESIAN_POINT('Ctrl Pts',(183.454342641525,-55.0002084290548,-5.47853981633974));
#7843=CARTESIAN_POINT('Ctrl Pts',(183.629843303643,-54.9986120833903,-5.47545448096602));
#7844=CARTESIAN_POINT('Ctrl Pts',(183.997415294346,-55.0118024290624,-5.47079717190397));
#7845=CARTESIAN_POINT('Ctrl Pts',(184.602254795121,-55.1042657026512,-5.46644794777147));
#7846=CARTESIAN_POINT('Ctrl Pts',(185.236972630814,-55.2898548020876,-5.46253380960485));
#7847=CARTESIAN_POINT('Ctrl Pts',(185.859010618253,-55.5705776101893,-5.4572057083824));
#7848=CARTESIAN_POINT('Ctrl Pts',(186.430099420554,-55.9295899976208,-5.44959713566189));
#7849=CARTESIAN_POINT('Ctrl Pts',(186.767802158873,-56.2091912207491,-5.44299423742173));
#7850=CARTESIAN_POINT('Ctrl Pts',(186.928533295438,-56.3606100178634,-5.43926990816987));
#7851=CARTESIAN_POINT('Ctrl Pts',(183.45375336404,-55.0002138797082,-5.4));
#7852=CARTESIAN_POINT('Ctrl Pts',(183.682706269481,-54.9980961287854,-5.4));
#7853=CARTESIAN_POINT('Ctrl Pts',(184.141300501003,-55.0254080170141,-5.4));
#7854=CARTESIAN_POINT('Ctrl Pts',(184.813015976159,-55.1596232938524,-5.4));
#7855=CARTESIAN_POINT('Ctrl Pts',(185.443329102484,-55.3777453519716,-5.4));
#7856=CARTESIAN_POINT('Ctrl Pts',(186.010819262179,-55.661614873245,-5.4));
#7857=CARTESIAN_POINT('Ctrl Pts',(186.506096747221,-55.990821424069,-5.4));
#7858=CARTESIAN_POINT('Ctrl Pts',(186.792607847201,-56.2325597327157,-5.4));
#7859=CARTESIAN_POINT('Ctrl Pts',(186.928533295438,-56.3606100178634,-5.4));
#7860=CARTESIAN_POINT('',(183.465960793628,-55.0708827160436,-6.));
#7861=CARTESIAN_POINT('',(187.049036593763,-56.2326957002972,-5.82426406871193));
#7862=CARTESIAN_POINT('Ctrl Pts',(183.465960793628,-55.0708827160436,-6.));
#7863=CARTESIAN_POINT('Ctrl Pts',(183.580694918072,-55.0754838844179,-5.98669006405319));
#7864=CARTESIAN_POINT('Ctrl Pts',(183.807768824121,-55.0876750381979,-5.96007000693858));
#7865=CARTESIAN_POINT('Ctrl Pts',(184.185947879296,-55.1168074498231,-5.92053811431622));
#7866=CARTESIAN_POINT('Ctrl Pts',(184.659658848863,-55.169958405309,-5.88228938306024));
#7867=CARTESIAN_POINT('Ctrl Pts',(185.316508981204,-55.2848618134711,-5.84784812277205));
#7868=CARTESIAN_POINT('Ctrl Pts',(186.226404547113,-55.5914071885238,-5.82593113770473));
#7869=CARTESIAN_POINT('Ctrl Pts',(186.773151627625,-55.9727947837268,-5.82426406871193));
#7870=CARTESIAN_POINT('Ctrl Pts',(187.049036593763,-56.2326957002972,-5.82426406871193));
#7871=CARTESIAN_POINT('',(183.45375336404,-55.0002138797082,-5.4));
#7872=CARTESIAN_POINT('Ctrl Pts',(183.465960793628,-55.0708827160436,-6.));
#7873=CARTESIAN_POINT('Ctrl Pts',(183.465664987243,-55.0812971494001,-5.97176536210456));
#7874=CARTESIAN_POINT('Ctrl Pts',(183.464683515043,-55.1006298843849,-5.91479421181529));
#7875=CARTESIAN_POINT('Ctrl Pts',(183.461923705616,-55.1196629685215,-5.80717791683685));
#7876=CARTESIAN_POINT('Ctrl Pts',(183.455951741986,-55.0239926278592,-5.62489076735714));
#7877=CARTESIAN_POINT('Ctrl Pts',(183.454342641525,-55.0002084290548,-5.47853981633974));
#7878=CARTESIAN_POINT('Ctrl Pts',(183.45375336404,-55.0002138797082,-5.4));
#7879=CARTESIAN_POINT('',(186.928533295438,-56.3606100178634,-5.4));
#7880=CARTESIAN_POINT('Ctrl Pts',(183.45375336404,-55.0002138797082,-5.4));
#7881=CARTESIAN_POINT('Ctrl Pts',(183.543089912957,-54.9993875413897,-5.4));
#7882=CARTESIAN_POINT('Ctrl Pts',(183.632453352941,-55.0009563272265,-5.4));
#7883=CARTESIAN_POINT('Ctrl Pts',(183.721704909396,-55.004917725087,-5.4));
#7884=CARTESIAN_POINT('Ctrl Pts',(183.814341097839,-55.009029348607,-5.4));
#7885=CARTESIAN_POINT('Ctrl Pts',(183.906856064919,-55.0157195783832,-5.4));
#7886=CARTESIAN_POINT('Ctrl Pts',(183.999038908963,-55.0249663149541,-5.4));
#7887=CARTESIAN_POINT('Ctrl Pts',(184.094176748473,-55.0345094631288,-5.4));
#7888=CARTESIAN_POINT('Ctrl Pts',(184.188959695275,-55.0467765950784,-5.4));
#7889=CARTESIAN_POINT('Ctrl Pts',(184.283111900406,-55.0617072027427,-5.4));
#7890=CARTESIAN_POINT('Ctrl Pts',(184.379136887732,-55.0769347952325,-5.4));
#7891=CARTESIAN_POINT('Ctrl Pts',(184.474504260244,-55.0949334204915,-5.4));
#7892=CARTESIAN_POINT('Ctrl Pts',(184.568897056856,-55.1155902012787,-5.4));
#7893=CARTESIAN_POINT('Ctrl Pts',(184.66354713562,-55.1363032853137,-5.4));
#7894=CARTESIAN_POINT('Ctrl Pts',(184.757215661548,-55.1596889588635,-5.4));
#7895=CARTESIAN_POINT('Ctrl Pts',(184.849583235593,-55.1855815418467,-5.4));
#7896=CARTESIAN_POINT('Ctrl Pts',(184.940615442839,-55.2110997932962,-5.4));
#7897=CARTESIAN_POINT('Ctrl Pts',(185.030382629403,-55.2390523284129,-5.4));
#7898=CARTESIAN_POINT('Ctrl Pts',(185.118602049048,-55.2692360651984,-5.4));
#7899=CARTESIAN_POINT('Ctrl Pts',(185.204443710889,-55.2986062666426,-5.4));
#7900=CARTESIAN_POINT('Ctrl Pts',(185.288818959961,-55.3300880194098,-5.4));
#7901=CARTESIAN_POINT('Ctrl Pts',(185.371506362092,-55.3634642310612,-5.4));
#7902=CARTESIAN_POINT('Ctrl Pts',(185.450009857217,-55.3951516368947,-5.4));
#7903=CARTESIAN_POINT('Ctrl Pts',(185.526991652481,-55.4285455982094,-5.4));
#7904=CARTESIAN_POINT('Ctrl Pts',(185.602306656303,-55.4634477052653,-5.4));
#7905=CARTESIAN_POINT('Ctrl Pts',(185.675083069258,-55.4971733910807,-5.4));
#7906=CARTESIAN_POINT('Ctrl Pts',(185.746302987679,-55.5323063718735,-5.4));
#7907=CARTESIAN_POINT('Ctrl Pts',(185.815881750671,-55.568669306302,-5.4));
#7908=CARTESIAN_POINT('Ctrl Pts',(185.883214670995,-55.6038585287223,-5.4));
#7909=CARTESIAN_POINT('Ctrl Pts',(185.949010686393,-55.6401988091199,-5.4));
#7910=CARTESIAN_POINT('Ctrl Pts',(186.013238184561,-55.6775430797214,-5.4));
#7911=CARTESIAN_POINT('Ctrl Pts',(186.075528994828,-55.7137612875132,-5.4));
#7912=CARTESIAN_POINT('Ctrl Pts',(186.136344584834,-55.7509231963278,-5.4));
#7913=CARTESIAN_POINT('Ctrl Pts',(186.195698159225,-55.7889180209414,-5.4));
#7914=CARTESIAN_POINT('Ctrl Pts',(186.253399340501,-55.8258550762933,-5.4));
#7915=CARTESIAN_POINT('Ctrl Pts',(186.309718976777,-55.8635787718484,-5.4));
#7916=CARTESIAN_POINT('Ctrl Pts',(186.364707141578,-55.9020184245175,-5.4));
#7917=CARTESIAN_POINT('Ctrl Pts',(186.417591923491,-55.9389877006443,-5.4));
#7918=CARTESIAN_POINT('Ctrl Pts',(186.469245448797,-55.9766188546604,-5.4));
#7919=CARTESIAN_POINT('Ctrl Pts',(186.519744117002,-56.0148845101009,-5.4));
#7920=CARTESIAN_POINT('Ctrl Pts',(186.569244666175,-56.0523938351216,-5.4));
#7921=CARTESIAN_POINT('Ctrl Pts',(186.617635796649,-56.0905124397387,-5.4));
#7922=CARTESIAN_POINT('Ctrl Pts',(186.665016907227,-56.1292548550743,-5.4));
#7923=CARTESIAN_POINT('Ctrl Pts',(186.710965640535,-56.1668260493379,-5.4));
#7924=CARTESIAN_POINT('Ctrl Pts',(186.755964801669,-56.2049836681138,-5.4));
#7925=CARTESIAN_POINT('Ctrl Pts',(186.800127101999,-56.2437836709457,-5.4));
#7926=CARTESIAN_POINT('Ctrl Pts',(186.843701647541,-56.2820672856537,-5.4));
#7927=CARTESIAN_POINT('Ctrl Pts',(186.886461736899,-56.32097597481,-5.4));
#7928=CARTESIAN_POINT('Ctrl Pts',(186.928533295438,-56.3606100178634,-5.4));
#7929=CARTESIAN_POINT('Origin',(187.33995729089,-55.9238832200071,-5.4));
#7930=CARTESIAN_POINT('Ctrl Pts',(183.465960793628,-55.0708827160436,-6.));
#7931=CARTESIAN_POINT('Ctrl Pts',(183.465664987243,-55.0812971494001,-5.97176536210456));
#7932=CARTESIAN_POINT('Ctrl Pts',(183.464683515043,-55.1006298843849,-5.91479421181529));
#7933=CARTESIAN_POINT('Ctrl Pts',(183.461923705616,-55.1196629685215,-5.80717791683685));
#7934=CARTESIAN_POINT('Ctrl Pts',(183.455951741986,-55.0239926278592,-5.62489076735714));
#7935=CARTESIAN_POINT('Ctrl Pts',(183.454342641525,-55.0002084290548,-5.47853981633974));
#7936=CARTESIAN_POINT('Ctrl Pts',(183.45375336404,-55.0002138797082,-5.4));
#7937=CARTESIAN_POINT('Ctrl Pts',(183.350947780249,-55.0761003696008,-5.98669006405319));
#7938=CARTESIAN_POINT('Ctrl Pts',(183.35538128016,-55.0861434665557,-5.95956458748666));
#7939=CARTESIAN_POINT('Ctrl Pts',(183.359391266457,-55.1042733886989,-5.90361724011316));
#7940=CARTESIAN_POINT('Ctrl Pts',(183.350332193324,-55.117652801445,-5.79566822452552));
#7941=CARTESIAN_POINT('Ctrl Pts',(183.32579391168,-55.0199776395757,-5.61546081350933));
#7942=CARTESIAN_POINT('Ctrl Pts',(183.278795681395,-55.001805202963,-5.47545448096602));
#7943=CARTESIAN_POINT('Ctrl Pts',(183.224800458599,-55.002331630631,-5.4));
#7944=CARTESIAN_POINT('Ctrl Pts',(183.123285284892,-55.0899151663968,-5.96007000693858));
#7945=CARTESIAN_POINT('Ctrl Pts',(183.132631215449,-55.0987638681929,-5.93479060854361));
#7946=CARTESIAN_POINT('Ctrl Pts',(183.140144545081,-55.1138707673434,-5.880639384192));
#7947=CARTESIAN_POINT('Ctrl Pts',(183.113544655792,-55.1156255430736,-5.77208371115612));
#7948=CARTESIAN_POINT('Ctrl Pts',(183.050568964475,-55.0209822056269,-5.59799513242302));
#7949=CARTESIAN_POINT('Ctrl Pts',(182.911416367276,-55.0216985246422,-5.47079717190397));
#7950=CARTESIAN_POINT('Ctrl Pts',(182.766789904168,-55.0381218590996,-5.4));
#7951=CARTESIAN_POINT('Ctrl Pts',(182.744058301831,-55.1232650516898,-5.92053811431622));
#7952=CARTESIAN_POINT('Ctrl Pts',(182.752319767634,-55.1297974055721,-5.89705142107664));
#7953=CARTESIAN_POINT('Ctrl Pts',(182.750529473148,-55.1401382802237,-5.84467721541903));
#7954=CARTESIAN_POINT('Ctrl Pts',(182.690519936144,-55.1308039126938,-5.73630913989845));
#7955=CARTESIAN_POINT('Ctrl Pts',(182.563436204255,-55.0679446532765,-5.57785895335217));
#7956=CARTESIAN_POINT('Ctrl Pts',(182.308175762495,-55.1252492839224,-5.46644794777147));
#7957=CARTESIAN_POINT('Ctrl Pts',(182.097672055417,-55.1847394725824,-5.4));
#7958=CARTESIAN_POINT('Ctrl Pts',(182.269063458296,-55.1832897511776,-5.88228938306024));
#7959=CARTESIAN_POINT('Ctrl Pts',(182.271355061289,-55.1880401387511,-5.85972665395235));
#7960=CARTESIAN_POINT('Ctrl Pts',(182.250931758025,-55.1968708123545,-5.80835100061314));
#7961=CARTESIAN_POINT('Ctrl Pts',(182.162618770393,-55.1925256232634,-5.70322858164007));
#7962=CARTESIAN_POINT('Ctrl Pts',(181.97824975208,-55.1969034212093,-5.56467777134937));
#7963=CARTESIAN_POINT('Ctrl Pts',(181.676758895383,-55.3225314378958,-5.46253380960485));
#7964=CARTESIAN_POINT('Ctrl Pts',(181.471501567702,-55.4144836559066,-5.4));
#7965=CARTESIAN_POINT('Ctrl Pts',(181.610648310683,-55.3094408457837,-5.84784812277205));
#7966=CARTESIAN_POINT('Ctrl Pts',(181.605467752154,-55.3172496117251,-5.82580136327648));
#7967=CARTESIAN_POINT('Ctrl Pts',(181.576235076757,-55.3356102576386,-5.77588306102787));
#7968=CARTESIAN_POINT('Ctrl Pts',(181.498083676323,-55.3621136868585,-5.67762337521225));
#7969=CARTESIAN_POINT('Ctrl Pts',(181.310177090859,-55.4556973049806,-5.55531295035257));
#7970=CARTESIAN_POINT('Ctrl Pts',(181.059781923301,-55.6147655208586,-5.4572057083824));
#7971=CARTESIAN_POINT('Ctrl Pts',(180.909359485174,-55.7088019623515,-5.4));
#7972=CARTESIAN_POINT('Ctrl Pts',(180.699928980326,-55.635942954773,-5.82593113770473));
#7973=CARTESIAN_POINT('Ctrl Pts',(180.720414101818,-55.6454418403528,-5.80389693407445));
#7974=CARTESIAN_POINT('Ctrl Pts',(180.750813469651,-55.6673438935858,-5.75390880296724));
#7975=CARTESIAN_POINT('Ctrl Pts',(180.741309505917,-55.7279603688349,-5.65819720258777));
#7976=CARTESIAN_POINT('Ctrl Pts',(180.631683717772,-55.8607278411827,-5.54251556950099));
#7977=CARTESIAN_POINT('Ctrl Pts',(180.495231197552,-55.9843811851208,-5.44959713566189));
#7978=CARTESIAN_POINT('Ctrl Pts',(180.420256359866,-56.0471137610077,-5.4));
#7979=CARTESIAN_POINT('Ctrl Pts',(180.155547376516,-56.0314554789652,-5.82426406871193));
#7980=CARTESIAN_POINT('Ctrl Pts',(180.182283078768,-56.0404683573399,-5.7991295488178));
#7981=CARTESIAN_POINT('Ctrl Pts',(180.222918104025,-56.0667230426407,-5.74308781468405));
#7982=CARTESIAN_POINT('Ctrl Pts',(180.235506026188,-56.1336484841973,-5.64235616333789));
#7983=CARTESIAN_POINT('Ctrl Pts',(180.203544259702,-56.2174218714952,-5.52708285670488));
#7984=CARTESIAN_POINT('Ctrl Pts',(180.162667547675,-56.2702554651662,-5.44299423742173));
#7985=CARTESIAN_POINT('Ctrl Pts',(180.138265924103,-56.2941105513041,-5.4));
#7986=CARTESIAN_POINT('Ctrl Pts',(179.881883567637,-56.2989898794669,-5.82426406871193));
#7987=CARTESIAN_POINT('Ctrl Pts',(179.901294898676,-56.318845938268,-5.79649605034844));
#7988=CARTESIAN_POINT('Ctrl Pts',(179.936293336165,-56.3546462155032,-5.73549102316014));
#7989=CARTESIAN_POINT('Ctrl Pts',(179.975302971637,-56.3945495901957,-5.63109018228742));
#7990=CARTESIAN_POINT('Ctrl Pts',(179.99932490224,-56.419121880761,-5.51780860420453));
#7991=CARTESIAN_POINT('Ctrl Pts',(180.004732389368,-56.4246532573658,-5.43926990816987));
#7992=CARTESIAN_POINT('Ctrl Pts',(180.004732389368,-56.4246532573658,-5.4));
#7993=CARTESIAN_POINT('',(179.881883567637,-56.2989898794669,-5.82426406871193));
#7994=CARTESIAN_POINT('Ctrl Pts',(183.465960793628,-55.0708827160436,-6.));
#7995=CARTESIAN_POINT('Ctrl Pts',(183.350947780249,-55.0761003696008,-5.98669006405319));
#7996=CARTESIAN_POINT('Ctrl Pts',(183.123285284892,-55.0899151663968,-5.96007000693858));
#7997=CARTESIAN_POINT('Ctrl Pts',(182.744058301831,-55.1232650516898,-5.92053811431622));
#7998=CARTESIAN_POINT('Ctrl Pts',(182.269063458296,-55.1832897511776,-5.88228938306024));
#7999=CARTESIAN_POINT('Ctrl Pts',(181.610648310683,-55.3094408457837,-5.84784812277205));
#8000=CARTESIAN_POINT('Ctrl Pts',(180.699928980326,-55.635942954773,-5.82593113770473));
#8001=CARTESIAN_POINT('Ctrl Pts',(180.155547376516,-56.0314554789652,-5.82426406871193));
#8002=CARTESIAN_POINT('Ctrl Pts',(179.881883567637,-56.2989898794669,-5.82426406871193));
#8003=CARTESIAN_POINT('',(180.004732389368,-56.4246532573658,-5.4));
#8004=CARTESIAN_POINT('Origin',(179.585300276092,-55.9956116482497,-5.4));
#8005=CARTESIAN_POINT('Ctrl Pts',(180.004732389368,-56.4246532573658,-5.4));
#8006=CARTESIAN_POINT('Ctrl Pts',(180.046225127063,-56.384089856783,-5.4));
#8007=CARTESIAN_POINT('Ctrl Pts',(180.088425201494,-56.3442444971212,-5.4));
#8008=CARTESIAN_POINT('Ctrl Pts',(180.13145809154,-56.3050134762158,-5.4));
#8009=CARTESIAN_POINT('Ctrl Pts',(180.175489268284,-56.2648723652303,-5.4));
#8010=CARTESIAN_POINT('Ctrl Pts',(180.22039268338,-56.2253746931735,-5.4));
#8011=CARTESIAN_POINT('Ctrl Pts',(180.266284368917,-56.1864605394343,-5.4));
#8012=CARTESIAN_POINT('Ctrl Pts',(180.314741158442,-56.1453712890577,-5.4));
#8013=CARTESIAN_POINT('Ctrl Pts',(180.364300262303,-56.1049327008047,-5.4));
#8014=CARTESIAN_POINT('Ctrl Pts',(180.415071455545,-56.0651282262814,-5.4));
#8015=CARTESIAN_POINT('Ctrl Pts',(180.466347944053,-56.0249276016734,-5.4));
#8016=CARTESIAN_POINT('Ctrl Pts',(180.518861003989,-55.9853743256167,-5.4));
#8017=CARTESIAN_POINT('Ctrl Pts',(180.572691851662,-55.9464994135102,-5.4));
#8018=CARTESIAN_POINT('Ctrl Pts',(180.62806782957,-55.906508657892,-5.4));
#8019=CARTESIAN_POINT('Ctrl Pts',(180.684838620346,-55.8672362687919,-5.4));
#8020=CARTESIAN_POINT('Ctrl Pts',(180.743054872712,-55.8287587500696,-5.4));
#8021=CARTESIAN_POINT('Ctrl Pts',(180.803087259851,-55.7890808730815,-5.4));
#8022=CARTESIAN_POINT('Ctrl Pts',(180.864656948455,-55.750248852714,-5.4));
#8023=CARTESIAN_POINT('Ctrl Pts',(180.927775644779,-55.7123827285531,-5.4));
#8024=CARTESIAN_POINT('Ctrl Pts',(180.993013248225,-55.6732454311136,-5.4));
#8025=CARTESIAN_POINT('Ctrl Pts',(181.059905772916,-55.6351407322315,-5.4));
#8026=CARTESIAN_POINT('Ctrl Pts',(181.128416710365,-55.5982284588675,-5.4));
#8027=CARTESIAN_POINT('Ctrl Pts',(181.199344819897,-55.5600138632759,-5.4));
#8028=CARTESIAN_POINT('Ctrl Pts',(181.272007577959,-55.5230782443038,-5.4));
#8029=CARTESIAN_POINT('Ctrl Pts',(181.346310766508,-55.4876145238311,-5.4));
#8030=CARTESIAN_POINT('Ctrl Pts',(181.424775724873,-55.4501644573573,-5.4));
#8031=CARTESIAN_POINT('Ctrl Pts',(181.50506996476,-55.4143569407076,-5.4));
#8032=CARTESIAN_POINT('Ctrl Pts',(181.587023518685,-55.380419826225,-5.4));
#8033=CARTESIAN_POINT('Ctrl Pts',(181.671242770821,-55.3455444820271,-5.4));
#8034=CARTESIAN_POINT('Ctrl Pts',(181.757213650801,-55.3126456088813,-5.4));
#8035=CARTESIAN_POINT('Ctrl Pts',(181.844697229499,-55.2819524442868,-5.4));
#8036=CARTESIAN_POINT('Ctrl Pts',(181.933818823454,-55.2506845904463,-5.4));
#8037=CARTESIAN_POINT('Ctrl Pts',(182.024509118123,-55.2217068427833,-5.4));
#8038=CARTESIAN_POINT('Ctrl Pts',(182.116474250293,-55.1952256556734,-5.4));
#8039=CARTESIAN_POINT('Ctrl Pts',(182.208930020347,-55.1686031903063,-5.4));
#8040=CARTESIAN_POINT('Ctrl Pts',(182.302672725231,-55.1445045565541,-5.4));
#8041=CARTESIAN_POINT('Ctrl Pts',(182.397383263465,-55.1230915189731,-5.4));
#8042=CARTESIAN_POINT('Ctrl Pts',(182.490289263451,-55.1020864681488,-5.4));
#8043=CARTESIAN_POINT('Ctrl Pts',(182.584125007602,-55.0836655230385,-5.4));
#8044=CARTESIAN_POINT('Ctrl Pts',(182.678592789752,-55.0679324624502,-5.4));
#8045=CARTESIAN_POINT('Ctrl Pts',(182.770655410223,-55.0525999675738,-5.4));
#8046=CARTESIAN_POINT('Ctrl Pts',(182.863316999056,-55.0398196635967,-5.4));
#8047=CARTESIAN_POINT('Ctrl Pts',(182.956326192658,-55.0296460094667,-5.4));
#8048=CARTESIAN_POINT('Ctrl Pts',(183.044957823356,-55.0199511876886,-5.4));
#8049=CARTESIAN_POINT('Ctrl Pts',(183.133904331441,-55.0126225577238,-5.4));
#8050=CARTESIAN_POINT('Ctrl Pts',(183.222984956383,-55.0076796311124,-5.4));
#8051=CARTESIAN_POINT('Ctrl Pts',(183.299836445451,-55.0034152776609,-5.4));
#8052=CARTESIAN_POINT('Ctrl Pts',(183.376788004354,-55.0009257879549,-5.4));
#8053=CARTESIAN_POINT('Ctrl Pts',(183.45375336404,-55.0002138797082,-5.4));
#8054=CARTESIAN_POINT('Ctrl Pts',(183.465960793628,-55.0708827160436,-6.));
#8055=CARTESIAN_POINT('Ctrl Pts',(183.350947780249,-55.0761003696008,-5.98669006405319));
#8056=CARTESIAN_POINT('Ctrl Pts',(183.123285284892,-55.0899151663968,-5.96007000693858));
#8057=CARTESIAN_POINT('Ctrl Pts',(182.744058301831,-55.1232650516898,-5.92053811431622));
#8058=CARTESIAN_POINT('Ctrl Pts',(182.269063458296,-55.1832897511776,-5.88228938306024));
#8059=CARTESIAN_POINT('Ctrl Pts',(181.610648310683,-55.3094408457837,-5.84784812277205));
#8060=CARTESIAN_POINT('Ctrl Pts',(180.699928980326,-55.635942954773,-5.82593113770473));
#8061=CARTESIAN_POINT('Ctrl Pts',(180.155547376516,-56.0314554789652,-5.82426406871193));
#8062=CARTESIAN_POINT('Ctrl Pts',(179.881883567637,-56.2989898794669,-5.82426406871193));
#8063=CARTESIAN_POINT('Ctrl Pts',(183.141049275403,-55.0717545577503,-6.));
#8064=CARTESIAN_POINT('Ctrl Pts',(183.03995684466,-55.0799282946738,-5.98730263694025));
#8065=CARTESIAN_POINT('Ctrl Pts',(182.83214079338,-55.099209261843,-5.96251470963028));
#8066=CARTESIAN_POINT('Ctrl Pts',(182.466819303188,-55.1428566488513,-5.92733297778614));
#8067=CARTESIAN_POINT('Ctrl Pts',(181.998440041579,-55.2184815910278,-5.8950621328446));
#8068=CARTESIAN_POINT('Ctrl Pts',(181.352458689505,-55.3715320260138,-5.86839645151782));
#8069=CARTESIAN_POINT('Ctrl Pts',(180.53024240452,-55.7105081733098,-5.85453351122463));
#8070=CARTESIAN_POINT('Ctrl Pts',(180.076897654618,-56.0614772830867,-5.85777676190411));
#8071=CARTESIAN_POINT('Ctrl Pts',(179.856001792917,-56.2725151343988,-5.86128809319658));
#8072=CARTESIAN_POINT('Ctrl Pts',(182.535704574152,-55.089182467501,-6.));
#8073=CARTESIAN_POINT('Ctrl Pts',(182.448990595472,-55.1009959744068,-5.9893866442572));
#8074=CARTESIAN_POINT('Ctrl Pts',(182.257399397057,-55.1290377039355,-5.96952091194013));
#8075=CARTESIAN_POINT('Ctrl Pts',(181.890062670433,-55.1966472985866,-5.9442308976614));
#8076=CARTESIAN_POINT('Ctrl Pts',(181.413401743969,-55.3132974205994,-5.92414253736225));
#8077=CARTESIAN_POINT('Ctrl Pts',(180.808898817346,-55.5261578159736,-5.9110377234583));
#8078=CARTESIAN_POINT('Ctrl Pts',(180.201618530961,-55.8601695557044,-5.90971294874957));
#8079=CARTESIAN_POINT('Ctrl Pts',(179.92629744725,-56.1005444289743,-5.91932450946174));
#8080=CARTESIAN_POINT('Ctrl Pts',(179.797426111384,-56.2125974412503,-5.925584411001));
#8081=CARTESIAN_POINT('Ctrl Pts',(181.000723696361,-55.2961985740121,-6.));
#8082=CARTESIAN_POINT('Ctrl Pts',(180.923051021912,-55.3246437610936,-5.99472344597988));
#8083=CARTESIAN_POINT('Ctrl Pts',(180.761300453635,-55.3884336025251,-5.98590183540896));
#8084=CARTESIAN_POINT('Ctrl Pts',(180.503490693826,-55.5105414433194,-5.97699375689073));
#8085=CARTESIAN_POINT('Ctrl Pts',(180.240006094051,-55.6636231918237,-5.97223347989035));
#8086=CARTESIAN_POINT('Ctrl Pts',(180.007495342794,-55.8384540223131,-5.97252479804484));
#8087=CARTESIAN_POINT('Ctrl Pts',(179.848870685656,-55.9927217047033,-5.97831537831792));
#8088=CARTESIAN_POINT('Ctrl Pts',(179.748298401177,-56.0719694629155,-5.98359589363689));
#8089=CARTESIAN_POINT('Ctrl Pts',(179.695103917157,-56.1079309708726,-5.98621387532561));
#8090=CARTESIAN_POINT('Ctrl Pts',(179.991211704673,-55.5947842186822,-6.));
#8091=CARTESIAN_POINT('Ctrl Pts',(179.9858912818,-55.6152741972554,-6.));
#8092=CARTESIAN_POINT('Ctrl Pts',(179.96593811218,-55.6607640464825,-6.));
#8093=CARTESIAN_POINT('Ctrl Pts',(179.914804381602,-55.740213033169,-6.));
#8094=CARTESIAN_POINT('Ctrl Pts',(179.849669215874,-55.8241967938146,-6.));
#8095=CARTESIAN_POINT('Ctrl Pts',(179.776675929783,-55.9056213021448,-6.));
#8096=CARTESIAN_POINT('Ctrl Pts',(179.700170314169,-55.9757440074701,-6.));
#8097=CARTESIAN_POINT('Ctrl Pts',(179.647375746247,-56.0150944772578,-6.));
#8098=CARTESIAN_POINT('Ctrl Pts',(179.621902632918,-56.0330525917854,-6.));
#8099=CARTESIAN_POINT('Ctrl Pts',(179.672758064041,-55.7321410237341,-6.));
#8100=CARTESIAN_POINT('Ctrl Pts',(179.678451322306,-55.7475660655462,-6.));
#8101=CARTESIAN_POINT('Ctrl Pts',(179.686448576323,-55.7800260405594,-6.));
#8102=CARTESIAN_POINT('Ctrl Pts',(179.687288111548,-55.8292616105609,-6.));
#8103=CARTESIAN_POINT('Ctrl Pts',(179.676197758526,-55.8763978199,-6.));
#8104=CARTESIAN_POINT('Ctrl Pts',(179.654015865614,-55.9201428367729,-6.));
#8105=CARTESIAN_POINT('Ctrl Pts',(179.623040721768,-55.9587007220351,-6.));
#8106=CARTESIAN_POINT('Ctrl Pts',(179.597945564025,-55.9832495842261,-6.));
#8107=CARTESIAN_POINT('Ctrl Pts',(179.585300276092,-55.9956116482498,-6.));
#8108=CARTESIAN_POINT('',(179.672758064041,-55.7321410237341,-6.));
#8109=CARTESIAN_POINT('Ctrl Pts',(183.465960793628,-55.0708827160436,-6.));
#8110=CARTESIAN_POINT('Ctrl Pts',(183.141049275403,-55.0717545577503,-6.));
#8111=CARTESIAN_POINT('Ctrl Pts',(182.535704574152,-55.089182467501,-6.));
#8112=CARTESIAN_POINT('Ctrl Pts',(181.000723696361,-55.2961985740121,-6.));
#8113=CARTESIAN_POINT('Ctrl Pts',(179.991211704673,-55.5947842186822,-6.));
#8114=CARTESIAN_POINT('Ctrl Pts',(179.672758064041,-55.7321410237341,-6.));
#8115=CARTESIAN_POINT('',(179.585300276092,-55.9956116482497,-6.));
#8116=CARTESIAN_POINT('Ctrl Pts',(179.672758064041,-55.7321410237341,-6.));
#8117=CARTESIAN_POINT('Ctrl Pts',(179.676645034564,-55.7426721958756,-6.));
#8118=CARTESIAN_POINT('Ctrl Pts',(179.679737607142,-55.7535637787217,-6.));
#8119=CARTESIAN_POINT('Ctrl Pts',(179.681993301819,-55.7646210365088,-6.));
#8120=CARTESIAN_POINT('Ctrl Pts',(179.683969909239,-55.7743102280498,-6.));
#8121=CARTESIAN_POINT('Ctrl Pts',(179.68530281419,-55.7841206882562,-6.));
#8122=CARTESIAN_POINT('Ctrl Pts',(179.685952975257,-55.7939031318183,-6.));
#8123=CARTESIAN_POINT('Ctrl Pts',(179.686586451212,-55.8034345281061,-6.));
#8124=CARTESIAN_POINT('Ctrl Pts',(179.686570947001,-55.8129402456195,-6.));
#8125=CARTESIAN_POINT('Ctrl Pts',(179.685887511986,-55.8223427114013,-6.));
#8126=CARTESIAN_POINT('Ctrl Pts',(179.68511458744,-55.8329763436328,-6.));
#8127=CARTESIAN_POINT('Ctrl Pts',(179.68348586061,-55.8434804476211,-6.));
#8128=CARTESIAN_POINT('Ctrl Pts',(179.681013619073,-55.8537895494189,-6.));
#8129=CARTESIAN_POINT('Ctrl Pts',(179.678800485136,-55.8630181877671,-6.));
#8130=CARTESIAN_POINT('Ctrl Pts',(179.675911506167,-55.872093253088,-6.));
#8131=CARTESIAN_POINT('Ctrl Pts',(179.672392508039,-55.8809623781478,-6.));
#8132=CARTESIAN_POINT('Ctrl Pts',(179.669078931972,-55.8893137666589,-6.));
#8133=CARTESIAN_POINT('Ctrl Pts',(179.665207708823,-55.8974814702093,-6.));
#8134=CARTESIAN_POINT('Ctrl Pts',(179.660848216161,-55.9053974819696,-6.));
#8135=CARTESIAN_POINT('Ctrl Pts',(179.657085422395,-55.9122300017172,-6.));
#8136=CARTESIAN_POINT('Ctrl Pts',(179.652959527505,-55.9188731595424,-6.));
#8137=CARTESIAN_POINT('Ctrl Pts',(179.648507166162,-55.9253386772084,-6.));
#8138=CARTESIAN_POINT('Ctrl Pts',(179.643102688418,-55.9331868152275,-6.));
#8139=CARTESIAN_POINT('Ctrl Pts',(179.637214626881,-55.9407747208636,-6.));
#8140=CARTESIAN_POINT('Ctrl Pts',(179.630916744864,-55.9482006627384,-6.));
#8141=CARTESIAN_POINT('Ctrl Pts',(179.625292536007,-55.9548322649094,-6.));
#8142=CARTESIAN_POINT('Ctrl Pts',(179.619340111106,-55.9613382884694,-6.));
#8143=CARTESIAN_POINT('Ctrl Pts',(179.613146397635,-55.9677997923865,-6.));
#8144=CARTESIAN_POINT('Ctrl Pts',(179.607898089945,-55.9732750151031,-6.));
#8145=CARTESIAN_POINT('Ctrl Pts',(179.602476532128,-55.9787193397161,-6.));
#8146=CARTESIAN_POINT('Ctrl Pts',(179.596967349509,-55.9841643489667,-6.));
#8147=CARTESIAN_POINT('Ctrl Pts',(179.593106905715,-55.9879798246241,-6.));
#8148=CARTESIAN_POINT('Ctrl Pts',(179.589204061226,-55.9917952984743,-6.));
#8149=CARTESIAN_POINT('Ctrl Pts',(179.585300276092,-55.9956116482497,-6.));
#8150=CARTESIAN_POINT('Origin',(179.585300276092,-55.9956116482497,-5.4));
#8151=CARTESIAN_POINT('Ctrl Pts',(183.465960793628,-55.0708827160436,-6.));
#8152=CARTESIAN_POINT('Ctrl Pts',(183.141049275403,-55.0717545577503,-6.));
#8153=CARTESIAN_POINT('Ctrl Pts',(182.535704574152,-55.089182467501,-6.));
#8154=CARTESIAN_POINT('Ctrl Pts',(181.000723696361,-55.2961985740121,-6.));
#8155=CARTESIAN_POINT('Ctrl Pts',(179.991211704673,-55.5947842186822,-6.));
#8156=CARTESIAN_POINT('Ctrl Pts',(179.672758064041,-55.7321410237341,-6.));
#8157=CARTESIAN_POINT('Ctrl Pts',(183.293859606962,-55.0639809634822,-6.01996490392021));
#8158=CARTESIAN_POINT('Ctrl Pts',(182.986556488018,-55.0696840992268,-6.01904604458963));
#8159=CARTESIAN_POINT('Ctrl Pts',(182.398015291541,-55.0937114188056,-6.0159200336142));
#8160=CARTESIAN_POINT('Ctrl Pts',(180.870421810129,-55.3114717163053,-6.00791483103019));
#8161=CARTESIAN_POINT('Ctrl Pts',(179.961662217519,-55.5802369055382,-6.));
#8162=CARTESIAN_POINT('Ctrl Pts',(179.664218176644,-55.7090034610158,-6.));
#8163=CARTESIAN_POINT('Ctrl Pts',(182.940123997522,-55.057227260266,-6.05992398811545));
#8164=CARTESIAN_POINT('Ctrl Pts',(182.652629664391,-55.070480238899,-6.05580361679853));
#8165=CARTESIAN_POINT('Ctrl Pts',(182.077938073724,-55.1099799701353,-6.04470400444399));
#8166=CARTESIAN_POINT('Ctrl Pts',(180.589933918036,-55.3404813604065,-6.01984333822556));
#8167=CARTESIAN_POINT('Ctrl Pts',(179.882473302908,-55.5590559733256,-6.));
#8168=CARTESIAN_POINT('Ctrl Pts',(179.639429398138,-55.6663334478927,-6.));
#8169=CARTESIAN_POINT('Ctrl Pts',(182.269824660959,-55.072895563441,-6.1182668818059));
#8170=CARTESIAN_POINT('Ctrl Pts',(181.988223712816,-55.0988216564343,-6.10594732198144));
#8171=CARTESIAN_POINT('Ctrl Pts',(181.380447912738,-55.1710226299174,-6.0771840519021));
#8172=CARTESIAN_POINT('Ctrl Pts',(180.097651975587,-55.3864924400569,-6.02891212880267));
#8173=CARTESIAN_POINT('Ctrl Pts',(179.728065449552,-55.5369804242546,-6.));
#8174=CARTESIAN_POINT('Ctrl Pts',(179.582028764455,-55.6208805621907,-6.));
#8175=CARTESIAN_POINT('Ctrl Pts',(181.073942486024,-55.1541904168013,-6.16946471533169));
#8176=CARTESIAN_POINT('Ctrl Pts',(180.8182637828,-55.1865541238201,-6.14442913459332));
#8177=CARTESIAN_POINT('Ctrl Pts',(180.283424392211,-55.263813024164,-6.09472101737894));
#8178=CARTESIAN_POINT('Ctrl Pts',(179.681232961089,-55.4082849832249,-6.02605567206679));
#8179=CARTESIAN_POINT('Ctrl Pts',(179.57584375767,-55.5287785751772,-6.));
#8180=CARTESIAN_POINT('Ctrl Pts',(179.514623363113,-55.6003249202891,-6.));
#8181=CARTESIAN_POINT('Ctrl Pts',(180.033016556527,-55.1757359312881,-6.17573593128807));
#8182=CARTESIAN_POINT('Ctrl Pts',(179.900841686792,-55.207492958834,-6.14397890374213));
#8183=CARTESIAN_POINT('Ctrl Pts',(179.680911397814,-55.28160936794,-6.08380544130788));
#8184=CARTESIAN_POINT('Ctrl Pts',(179.523883724153,-55.4257190440991,-6.01771309720747));
#8185=CARTESIAN_POINT('Ctrl Pts',(179.480597097666,-55.5401914639365,-6.));
#8186=CARTESIAN_POINT('Ctrl Pts',(179.462514995005,-55.6,-6.));
#8187=CARTESIAN_POINT('Ctrl Pts',(179.435988991704,-55.1757359312881,-6.17573593128807));
#8188=CARTESIAN_POINT('Ctrl Pts',(179.435988991704,-55.2127599557727,-6.13871190680342));
#8189=CARTESIAN_POINT('Ctrl Pts',(179.435988991704,-55.2965527980642,-6.074415588999));
#8190=CARTESIAN_POINT('Ctrl Pts',(179.435988991704,-55.4429252731161,-6.01378612467439));
#8191=CARTESIAN_POINT('Ctrl Pts',(179.435988991704,-55.5476401224402,-6.));
#8192=CARTESIAN_POINT('Ctrl Pts',(179.435988991704,-55.6,-6.));
#8193=CARTESIAN_POINT('',(179.435988991704,-55.1757359312881,-6.17573593128807));
#8194=CARTESIAN_POINT('Ctrl Pts',(183.465960793628,-55.0708827160436,-6.));
#8195=CARTESIAN_POINT('Ctrl Pts',(183.293859606962,-55.0639809634822,-6.01996490392021));
#8196=CARTESIAN_POINT('Ctrl Pts',(182.940123997522,-55.057227260266,-6.05992398811545));
#8197=CARTESIAN_POINT('Ctrl Pts',(182.269824660959,-55.072895563441,-6.1182668818059));
#8198=CARTESIAN_POINT('Ctrl Pts',(181.073942486024,-55.1541904168013,-6.16946471533169));
#8199=CARTESIAN_POINT('Ctrl Pts',(180.033016556527,-55.1757359312881,-6.17573593128807));
#8200=CARTESIAN_POINT('Ctrl Pts',(179.435988991704,-55.1757359312881,-6.17573593128807));
#8201=CARTESIAN_POINT('',(179.435988991704,-55.6,-6.));
#8202=CARTESIAN_POINT('Origin',(179.435988991704,-55.6,-6.6));
#8203=CARTESIAN_POINT('Ctrl Pts',(179.435988991704,-55.6,-6.));
#8204=CARTESIAN_POINT('Ctrl Pts',(179.444205598878,-55.6,-6.));
#8205=CARTESIAN_POINT('Ctrl Pts',(179.452417694211,-55.6000015771167,-6.));
#8206=CARTESIAN_POINT('Ctrl Pts',(179.460530780599,-55.6001197680678,-6.));
#8207=CARTESIAN_POINT('Ctrl Pts',(179.469169141243,-55.6002456111824,-6.));
#8208=CARTESIAN_POINT('Ctrl Pts',(179.47769584171,-55.6005039547982,-6.));
#8209=CARTESIAN_POINT('Ctrl Pts',(179.486053527715,-55.6010095751281,-6.));
#8210=CARTESIAN_POINT('Ctrl Pts',(179.495091680839,-55.601556362117,-6.));
#8211=CARTESIAN_POINT('Ctrl Pts',(179.503933204474,-55.6023928331007,-6.));
#8212=CARTESIAN_POINT('Ctrl Pts',(179.512557287743,-55.6036302836266,-6.));
#8213=CARTESIAN_POINT('Ctrl Pts',(179.521890621182,-55.6049695028819,-6.));
#8214=CARTESIAN_POINT('Ctrl Pts',(179.530971338466,-55.60677909241,-6.));
#8215=CARTESIAN_POINT('Ctrl Pts',(179.539806686319,-55.6091519671083,-6.));
#8216=CARTESIAN_POINT('Ctrl Pts',(179.548080954904,-55.6113741549497,-6.));
#8217=CARTESIAN_POINT('Ctrl Pts',(179.556142204579,-55.6140899942005,-6.));
#8218=CARTESIAN_POINT('Ctrl Pts',(179.563992274003,-55.6173345090221,-6.));
#8219=CARTESIAN_POINT('Ctrl Pts',(179.571231434336,-55.6203265288031,-6.));
#8220=CARTESIAN_POINT('Ctrl Pts',(179.578292161724,-55.6237677728418,-6.));
#8221=CARTESIAN_POINT('Ctrl Pts',(179.585150230807,-55.6276545582491,-6.));
#8222=CARTESIAN_POINT('Ctrl Pts',(179.592436934403,-55.631784270688,-6.));
#8223=CARTESIAN_POINT('Ctrl Pts',(179.599495781687,-55.6364168907013,-6.));
#8224=CARTESIAN_POINT('Ctrl Pts',(179.606245613301,-55.6415115778927,-6.));
#8225=CARTESIAN_POINT('Ctrl Pts',(179.61453811458,-55.6477706525587,-6.));
#8226=CARTESIAN_POINT('Ctrl Pts',(179.622356187309,-55.6547245444479,-6.));
#8227=CARTESIAN_POINT('Ctrl Pts',(179.629577690781,-55.6622882225955,-6.));
#8228=CARTESIAN_POINT('Ctrl Pts',(179.637310229657,-55.6703871504082,-6.));
#8229=CARTESIAN_POINT('Ctrl Pts',(179.644359793582,-55.6791864218822,-6.));
#8230=CARTESIAN_POINT('Ctrl Pts',(179.650639319131,-55.6885732900193,-6.));
#8231=CARTESIAN_POINT('Ctrl Pts',(179.657217656553,-55.698406833247,-6.));
#8232=CARTESIAN_POINT('Ctrl Pts',(179.662952823425,-55.7088869079851,-6.));
#8233=CARTESIAN_POINT('Ctrl Pts',(179.667788107599,-55.7198522120907,-6.));
#8234=CARTESIAN_POINT('Ctrl Pts',(179.66956707016,-55.723886486968,-6.));
#8235=CARTESIAN_POINT('Ctrl Pts',(179.671224483151,-55.7279860129741,-6.));
#8236=CARTESIAN_POINT('Ctrl Pts',(179.672758064041,-55.7321410237341,-6.));
#8237=CARTESIAN_POINT('Ctrl Pts',(183.465960793628,-55.0708827160436,-6.));
#8238=CARTESIAN_POINT('Ctrl Pts',(183.293859606962,-55.0639809634822,-6.01996490392021));
#8239=CARTESIAN_POINT('Ctrl Pts',(182.940123997522,-55.057227260266,-6.05992398811545));
#8240=CARTESIAN_POINT('Ctrl Pts',(182.269824660959,-55.072895563441,-6.1182668818059));
#8241=CARTESIAN_POINT('Ctrl Pts',(181.073942486024,-55.1541904168013,-6.16946471533169));
#8242=CARTESIAN_POINT('Ctrl Pts',(180.033016556527,-55.1757359312881,-6.17573593128807));
#8243=CARTESIAN_POINT('Ctrl Pts',(179.435988991704,-55.1757359312881,-6.17573593128807));
#8244=CARTESIAN_POINT('Ctrl Pts',(183.466355202141,-55.0569968049016,-6.03764618386058));
#8245=CARTESIAN_POINT('Ctrl Pts',(183.300412925168,-55.0507081706456,-6.05539276512299));
#8246=CARTESIAN_POINT('Ctrl Pts',(182.94794871011,-55.0452391947507,-6.0919485087662));
#8247=CARTESIAN_POINT('Ctrl Pts',(182.260579897195,-55.0642700663,-6.14841449519058));
#8248=CARTESIAN_POINT('Ctrl Pts',(181.065217773106,-55.1345307858398,-6.19789556669788));
#8249=CARTESIAN_POINT('Ctrl Pts',(180.071377595231,-55.1439789037421,-6.20749295883401));
#8250=CARTESIAN_POINT('Ctrl Pts',(179.435988991704,-55.1387119068034,-6.21275995577272));
#8251=CARTESIAN_POINT('Ctrl Pts',(183.466597694818,-55.0276294640296,-6.11023375365859));
#8252=CARTESIAN_POINT('Ctrl Pts',(183.301144939072,-55.0245113200054,-6.12658037580853));
#8253=CARTESIAN_POINT('Ctrl Pts',(182.934090497516,-55.0247213857301,-6.16107551625945));
#8254=CARTESIAN_POINT('Ctrl Pts',(182.184266660608,-55.0510257354605,-6.2192126240516));
#8255=CARTESIAN_POINT('Ctrl Pts',(181.055288846108,-55.0933937720706,-6.26521786035916));
#8256=CARTESIAN_POINT('Ctrl Pts',(180.108471964254,-55.0838054413079,-6.28160936793998));
#8257=CARTESIAN_POINT('Ctrl Pts',(179.435988991704,-55.074415588999,-6.29655279806423));
#8258=CARTESIAN_POINT('Ctrl Pts',(183.463566734487,-55.0173878639655,-6.29608112022992));
#8259=CARTESIAN_POINT('Ctrl Pts',(183.268732219456,-55.0174037371998,-6.31416206276409));
#8260=CARTESIAN_POINT('Ctrl Pts',(182.855747700645,-55.0213545937337,-6.34953318602347));
#8261=CARTESIAN_POINT('Ctrl Pts',(182.06767965776,-55.0307919146693,-6.38668894462237));
#8262=CARTESIAN_POINT('Ctrl Pts',(180.978304675874,-55.0270652947714,-6.40402559765906));
#8263=CARTESIAN_POINT('Ctrl Pts',(179.992155110394,-55.0177130972075,-6.42571904409914));
#8264=CARTESIAN_POINT('Ctrl Pts',(179.435988991704,-55.0137861246744,-6.44292527311613));
#8265=CARTESIAN_POINT('Ctrl Pts',(183.463058837747,-55.,-6.49528024488034));
#8266=CARTESIAN_POINT('Ctrl Pts',(183.220827298446,-55.,-6.50145091562778));
#8267=CARTESIAN_POINT('Ctrl Pts',(182.692925963913,-55.,-6.50918861832992));
#8268=CARTESIAN_POINT('Ctrl Pts',(181.741208371331,-55.,-6.51617236179887));
#8269=CARTESIAN_POINT('Ctrl Pts',(180.647267359356,-55.,-6.52773674171023));
#8270=CARTESIAN_POINT('Ctrl Pts',(179.848282892657,-55.,-6.54019146393646));
#8271=CARTESIAN_POINT('Ctrl Pts',(179.435988991704,-55.,-6.54764012244017));
#8272=CARTESIAN_POINT('Ctrl Pts',(183.463058837747,-55.,-6.6));
#8273=CARTESIAN_POINT('Ctrl Pts',(183.12746968391,-55.,-6.6));
#8274=CARTESIAN_POINT('Ctrl Pts',(182.456291376236,-55.,-6.6));
#8275=CARTESIAN_POINT('Ctrl Pts',(181.449523914725,-55.,-6.6));
#8276=CARTESIAN_POINT('Ctrl Pts',(180.442756453214,-55.,-6.6));
#8277=CARTESIAN_POINT('Ctrl Pts',(179.771578145541,-55.,-6.6));
#8278=CARTESIAN_POINT('Ctrl Pts',(179.435988991704,-55.,-6.6));
#8279=CARTESIAN_POINT('',(183.463058837747,-55.,-6.6));
#8280=CARTESIAN_POINT('Ctrl Pts',(183.465960793628,-55.0708827160436,-6.));
#8281=CARTESIAN_POINT('Ctrl Pts',(183.466355202141,-55.0569968049016,-6.03764618386058));
#8282=CARTESIAN_POINT('Ctrl Pts',(183.466597694818,-55.0276294640296,-6.11023375365859));
#8283=CARTESIAN_POINT('Ctrl Pts',(183.463566734487,-55.0173878639655,-6.29608112022992));
#8284=CARTESIAN_POINT('Ctrl Pts',(183.463058837747,-55.,-6.49528024488034));
#8285=CARTESIAN_POINT('Ctrl Pts',(183.463058837747,-55.,-6.6));
#8286=CARTESIAN_POINT('',(179.435988991704,-55.,-6.6));
#8287=CARTESIAN_POINT('',(183.463058837747,-55.,-6.6));
#8288=CARTESIAN_POINT('Origin',(179.435988991704,-55.6,-6.6));
#8289=CARTESIAN_POINT('Ctrl Pts',(183.465960793628,-55.0708827160436,-6.));
#8290=CARTESIAN_POINT('Ctrl Pts',(183.466355202141,-55.0569968049016,-6.03764618386058));
#8291=CARTESIAN_POINT('Ctrl Pts',(183.466597694818,-55.0276294640296,-6.11023375365859));
#8292=CARTESIAN_POINT('Ctrl Pts',(183.463566734487,-55.0173878639655,-6.29608112022992));
#8293=CARTESIAN_POINT('Ctrl Pts',(183.463058837747,-55.,-6.49528024488034));
#8294=CARTESIAN_POINT('Ctrl Pts',(183.463058837747,-55.,-6.6));
#8295=CARTESIAN_POINT('Ctrl Pts',(183.638480313695,-55.0630562357079,-6.01996490392021));
#8296=CARTESIAN_POINT('Ctrl Pts',(183.632426123243,-55.0501066815052,-6.05539276512299));
#8297=CARTESIAN_POINT('Ctrl Pts',(183.631637211853,-55.0242766169262,-6.12658037580853));
#8298=CARTESIAN_POINT('Ctrl Pts',(183.658043619449,-55.0173758608968,-6.31416206276409));
#8299=CARTESIAN_POINT('Ctrl Pts',(183.705290377047,-55.,-6.50145091562778));
#8300=CARTESIAN_POINT('Ctrl Pts',(183.798647991584,-55.,-6.6));
#8301=CARTESIAN_POINT('Ctrl Pts',(183.993037742118,-55.0553416384513,-6.05992398811545));
#8302=CARTESIAN_POINT('Ctrl Pts',(183.985218873814,-55.0439560208977,-6.09194850876619));
#8303=CARTESIAN_POINT('Ctrl Pts',(183.997780374615,-55.0241903889028,-6.16107551625945));
#8304=CARTESIAN_POINT('Ctrl Pts',(184.070581917468,-55.0212792728348,-6.34953318602347));
#8305=CARTESIAN_POINT('Ctrl Pts',(184.233191711581,-55.,-6.50918861832992));
#8306=CARTESIAN_POINT('Ctrl Pts',(184.469826299258,-55.,-6.6));
#8307=CARTESIAN_POINT('Ctrl Pts',(184.664099475298,-55.0708356727366,-6.1182668818059));
#8308=CARTESIAN_POINT('Ctrl Pts',(184.672342420218,-55.0629202912846,-6.14841449519058));
#8309=CARTESIAN_POINT('Ctrl Pts',(184.746266538429,-55.0506123801789,-6.21921262405161));
#8310=CARTESIAN_POINT('Ctrl Pts',(184.858510460186,-55.0307102369657,-6.38668894462237));
#8311=CARTESIAN_POINT('Ctrl Pts',(185.184909304163,-55.,-6.51617236179887));
#8312=CARTESIAN_POINT('Ctrl Pts',(185.476593760768,-55.,-6.6));
#8313=CARTESIAN_POINT('Ctrl Pts',(185.860233175179,-55.1538167605003,-6.16946471533169));
#8314=CARTESIAN_POINT('Ctrl Pts',(185.867489576734,-55.134369797853,-6.19789556669788));
#8315=CARTESIAN_POINT('Ctrl Pts',(185.874058844392,-55.0933297691297,-6.26521786035917));
#8316=CARTESIAN_POINT('Ctrl Pts',(185.94756971132,-55.0271139706524,-6.40402559765906));
#8317=CARTESIAN_POINT('Ctrl Pts',(186.278850316138,-55.,-6.52773674171023));
#8318=CARTESIAN_POINT('Ctrl Pts',(186.483361222279,-55.,-6.6));
#8319=CARTESIAN_POINT('Ctrl Pts',(186.897097055959,-55.1757359312881,-6.17573593128807));
#8320=CARTESIAN_POINT('Ctrl Pts',(186.857319620994,-55.1439789037421,-6.20749295883401));
#8321=CARTESIAN_POINT('Ctrl Pts',(186.818255995077,-55.0838054413079,-6.28160936793999));
#8322=CARTESIAN_POINT('Ctrl Pts',(186.93390889237,-55.0177130972075,-6.42571904409914));
#8323=CARTESIAN_POINT('Ctrl Pts',(187.077834782836,-55.,-6.54019146393646));
#8324=CARTESIAN_POINT('Ctrl Pts',(187.154539529953,-55.,-6.6));
#8325=CARTESIAN_POINT('Ctrl Pts',(187.49012868379,-55.1757359312881,-6.17573593128807));
#8326=CARTESIAN_POINT('Ctrl Pts',(187.49012868379,-55.1387119068034,-6.21275995577272));
#8327=CARTESIAN_POINT('Ctrl Pts',(187.49012868379,-55.074415588999,-6.29655279806423));
#8328=CARTESIAN_POINT('Ctrl Pts',(187.49012868379,-55.0137861246744,-6.44292527311613));
#8329=CARTESIAN_POINT('Ctrl Pts',(187.49012868379,-55.,-6.54764012244017));
#8330=CARTESIAN_POINT('Ctrl Pts',(187.49012868379,-55.,-6.6));
#8331=CARTESIAN_POINT('',(187.49012868379,-55.1757359312881,-6.17573593128807));
#8332=CARTESIAN_POINT('Ctrl Pts',(183.465960793628,-55.0708827160436,-6.));
#8333=CARTESIAN_POINT('Ctrl Pts',(183.638480313695,-55.0630562357079,-6.01996490392021));
#8334=CARTESIAN_POINT('Ctrl Pts',(183.993037742118,-55.0553416384513,-6.05992398811545));
#8335=CARTESIAN_POINT('Ctrl Pts',(184.664099475298,-55.0708356727366,-6.1182668818059));
#8336=CARTESIAN_POINT('Ctrl Pts',(185.860233175179,-55.1538167605003,-6.16946471533169));
#8337=CARTESIAN_POINT('Ctrl Pts',(186.897097055959,-55.1757359312881,-6.17573593128807));
#8338=CARTESIAN_POINT('Ctrl Pts',(187.49012868379,-55.1757359312881,-6.17573593128807));
#8339=CARTESIAN_POINT('',(187.49012868379,-55.,-6.6));
#8340=CARTESIAN_POINT('Origin',(187.49012868379,-55.6,-6.6));
#8341=CARTESIAN_POINT('',(183.463058837747,-55.,-6.6));
#8342=CARTESIAN_POINT('Ctrl Pts',(183.465960793628,-55.0708827160436,-6.));
#8343=CARTESIAN_POINT('Ctrl Pts',(183.638480313695,-55.0630562357079,-6.01996490392021));
#8344=CARTESIAN_POINT('Ctrl Pts',(183.993037742118,-55.0553416384513,-6.05992398811545));
#8345=CARTESIAN_POINT('Ctrl Pts',(184.664099475298,-55.0708356727366,-6.1182668818059));
#8346=CARTESIAN_POINT('Ctrl Pts',(185.860233175179,-55.1538167605003,-6.16946471533169));
#8347=CARTESIAN_POINT('Ctrl Pts',(186.897097055959,-55.1757359312881,-6.17573593128807));
#8348=CARTESIAN_POINT('Ctrl Pts',(187.49012868379,-55.1757359312881,-6.17573593128807));
#8349=CARTESIAN_POINT('Ctrl Pts',(183.709644432296,-55.0702288347636,-6.));
#8350=CARTESIAN_POINT('Ctrl Pts',(183.869091775653,-55.0663133950142,-6.01927575942227));
#8351=CARTESIAN_POINT('Ctrl Pts',(184.209065222579,-55.0646273699779,-6.05683370962776));
#8352=CARTESIAN_POINT('Ctrl Pts',(184.876096298548,-55.0899760074472,-6.10902721193756));
#8353=CARTESIAN_POINT('Ctrl Pts',(186.052841753581,-55.1781302983959,-6.15068802977792));
#8354=CARTESIAN_POINT('Ctrl Pts',(186.996819579765,-55.1995537019475,-6.15191816062862));
#8355=CARTESIAN_POINT('Ctrl Pts',(187.49012868379,-55.2035039496516,-6.14796791292458));
#8356=CARTESIAN_POINT('Ctrl Pts',(184.202882862819,-55.0842625331136,-6.));
#8357=CARTESIAN_POINT('Ctrl Pts',(184.345252609024,-55.0858348089106,-6.01721052718185));
#8358=CARTESIAN_POINT('Ctrl Pts',(184.663899920825,-55.0944566579163,-6.04922662381539));
#8359=CARTESIAN_POINT('Ctrl Pts',(185.330148351619,-55.1403236395036,-6.08845206662576));
#8360=CARTESIAN_POINT('Ctrl Pts',(186.442100941815,-55.2333486104448,-6.11332560582578));
#8361=CARTESIAN_POINT('Ctrl Pts',(187.171637764147,-55.253113789554,-6.10618092422403));
#8362=CARTESIAN_POINT('Ctrl Pts',(187.49012868379,-55.2645089768398,-6.09790245100957));
#8363=CARTESIAN_POINT('Ctrl Pts',(185.06124290404,-55.1580036038147,-6.));
#8364=CARTESIAN_POINT('Ctrl Pts',(185.201885356647,-55.1700652061727,-6.01198441444122));
#8365=CARTESIAN_POINT('Ctrl Pts',(185.525744178215,-55.2000546090436,-6.03227801561587));
#8366=CARTESIAN_POINT('Ctrl Pts',(186.179629512951,-55.2681663529082,-6.05274664912783));
#8367=CARTESIAN_POINT('Ctrl Pts',(186.991855481128,-55.3355485108119,-6.05990480365934));
#8368=CARTESIAN_POINT('Ctrl Pts',(187.338524070132,-55.3520108461369,-6.04909873100727));
#8369=CARTESIAN_POINT('Ctrl Pts',(187.49012868379,-55.3689098177126,-6.04209894779045));
#8370=CARTESIAN_POINT('Ctrl Pts',(186.437740815243,-55.407333271625,-6.));
#8371=CARTESIAN_POINT('Ctrl Pts',(186.526577885346,-55.4128183110537,-6.00506721354076));
#8372=CARTESIAN_POINT('Ctrl Pts',(186.715738990217,-55.4230564182601,-6.01259461051502));
#8373=CARTESIAN_POINT('Ctrl Pts',(187.035822289277,-55.4418860414441,-6.01763419995079));
#8374=CARTESIAN_POINT('Ctrl Pts',(187.291267354944,-55.4512047811816,-6.01465255158362));
#8375=CARTESIAN_POINT('Ctrl Pts',(187.423071512422,-55.468280017045,-6.00993929044289));
#8376=CARTESIAN_POINT('Ctrl Pts',(187.49012868379,-55.4821913957955,-6.00773544078798));
#8377=CARTESIAN_POINT('Ctrl Pts',(187.036584458104,-55.6086494095956,-6.));
#8378=CARTESIAN_POINT('Ctrl Pts',(187.061373112082,-55.5951788728475,-6.));
#8379=CARTESIAN_POINT('Ctrl Pts',(187.12769169225,-55.5742280654127,-6.));
#8380=CARTESIAN_POINT('Ctrl Pts',(187.253217278119,-55.5538972888978,-6.));
#8381=CARTESIAN_POINT('Ctrl Pts',(187.378627170844,-55.5467107665977,-6.));
#8382=CARTESIAN_POINT('Ctrl Pts',(187.45460549808,-55.5551435979523,-6.));
#8383=CARTESIAN_POINT('Ctrl Pts',(187.49012868379,-55.5607300918301,-6.));
#8384=CARTESIAN_POINT('Ctrl Pts',(187.276064928537,-55.7089225960882,-6.));
#8385=CARTESIAN_POINT('Ctrl Pts',(187.285091760259,-55.6901068396945,-6.));
#8386=CARTESIAN_POINT('Ctrl Pts',(187.310066989714,-55.6545310418469,-6.));
#8387=CARTESIAN_POINT('Ctrl Pts',(187.361933513471,-55.6174696181236,-6.));
#8388=CARTESIAN_POINT('Ctrl Pts',(187.423397089673,-55.6003540783083,-6.));
#8389=CARTESIAN_POINT('Ctrl Pts',(187.467598617481,-55.6,-6.));
#8390=CARTESIAN_POINT('Ctrl Pts',(187.49012868379,-55.6,-6.));
#8391=CARTESIAN_POINT('',(187.276064928537,-55.7089225960882,-6.));
#8392=CARTESIAN_POINT('Ctrl Pts',(183.465960793628,-55.0708827160436,-6.));
#8393=CARTESIAN_POINT('Ctrl Pts',(183.709644432296,-55.0702288347636,-6.));
#8394=CARTESIAN_POINT('Ctrl Pts',(184.202882862819,-55.0842625331136,-6.));
#8395=CARTESIAN_POINT('Ctrl Pts',(185.06124290404,-55.1580036038147,-6.));
#8396=CARTESIAN_POINT('Ctrl Pts',(186.437740815243,-55.407333271625,-6.));
#8397=CARTESIAN_POINT('Ctrl Pts',(187.036584458104,-55.6086494095956,-6.));
#8398=CARTESIAN_POINT('Ctrl Pts',(187.276064928537,-55.7089225960882,-6.));
#8399=CARTESIAN_POINT('',(187.49012868379,-55.6,-6.));
#8400=CARTESIAN_POINT('Ctrl Pts',(187.276064928537,-55.7089225960882,-6.));
#8401=CARTESIAN_POINT('Ctrl Pts',(187.280584216678,-55.6995024775627,-6.));
#8402=CARTESIAN_POINT('Ctrl Pts',(187.285964787302,-55.6903690171612,-6.));
#8403=CARTESIAN_POINT('Ctrl Pts',(187.292086675863,-55.6816830818195,-6.));
#8404=CARTESIAN_POINT('Ctrl Pts',(187.297435373685,-55.6740941747401,-6.));
#8405=CARTESIAN_POINT('Ctrl Pts',(187.303348788208,-55.6668467898856,-6.));
#8406=CARTESIAN_POINT('Ctrl Pts',(187.309729517147,-55.6600887011792,-6.));
#8407=CARTESIAN_POINT('Ctrl Pts',(187.315285995002,-55.6542036102124,-6.));
#8408=CARTESIAN_POINT('Ctrl Pts',(187.321195248444,-55.6486944607638,-6.));
#8409=CARTESIAN_POINT('Ctrl Pts',(187.327412662757,-55.6436266021797,-6.));
#8410=CARTESIAN_POINT('Ctrl Pts',(187.334667429706,-55.6377131900903,-6.));
#8411=CARTESIAN_POINT('Ctrl Pts',(187.34234378992,-55.6324004690838,-6.));
#8412=CARTESIAN_POINT('Ctrl Pts',(187.35038771246,-55.6277237470371,-6.));
#8413=CARTESIAN_POINT('Ctrl Pts',(187.358223378661,-55.6231681048498,-6.));
#8414=CARTESIAN_POINT('Ctrl Pts',(187.366410484013,-55.6192137646199,-6.));
#8415=CARTESIAN_POINT('Ctrl Pts',(187.374876293008,-55.6158548102761,-6.));
#8416=CARTESIAN_POINT('Ctrl Pts',(187.382873730313,-55.6126816904012,-6.));
#8417=CARTESIAN_POINT('Ctrl Pts',(187.391117048727,-55.61003989349,-6.));
#8418=CARTESIAN_POINT('Ctrl Pts',(187.39951013181,-55.6079110488555,-6.));
#8419=CARTESIAN_POINT('Ctrl Pts',(187.406808391645,-55.6060598981953,-6.));
#8420=CARTESIAN_POINT('Ctrl Pts',(187.414220122078,-55.6045970254306,-6.));
#8421=CARTESIAN_POINT('Ctrl Pts',(187.421732928959,-55.6034746484469,-6.));
#8422=CARTESIAN_POINT('Ctrl Pts',(187.429881566947,-55.6022572813735,-6.));
#8423=CARTESIAN_POINT('Ctrl Pts',(187.438152730521,-55.6014409219785,-6.));
#8424=CARTESIAN_POINT('Ctrl Pts',(187.446551141426,-55.6009169647591,-6.));
#8425=CARTESIAN_POINT('Ctrl Pts',(187.453661370775,-55.6004733741749,-6.));
#8426=CARTESIAN_POINT('Ctrl Pts',(187.460864602685,-55.6002384599446,-6.));
#8427=CARTESIAN_POINT('Ctrl Pts',(187.468141453099,-55.6001201385552,-6.));
#8428=CARTESIAN_POINT('Ctrl Pts',(187.474940733354,-55.6000095824435,-6.));
#8429=CARTESIAN_POINT('Ctrl Pts',(187.481805328345,-55.6000005386721,-6.));
#8430=CARTESIAN_POINT('Ctrl Pts',(187.488680023848,-55.6000000353831,-6.));
#8431=CARTESIAN_POINT('Ctrl Pts',(187.489162891048,-55.6000000000329,-6.));
#8432=CARTESIAN_POINT('Ctrl Pts',(187.489645787358,-55.6,-6.));
#8433=CARTESIAN_POINT('Ctrl Pts',(187.49012868379,-55.6,-6.));
#8434=CARTESIAN_POINT('Origin',(187.49012868379,-55.6,-6.6));
#8435=CARTESIAN_POINT('Ctrl Pts',(108.570882716044,-60.0340392063723,-6.));
#8436=CARTESIAN_POINT('Ctrl Pts',(108.575483884418,-59.9193050819284,-5.98669006405319));
#8437=CARTESIAN_POINT('Ctrl Pts',(108.587675038198,-59.692231175879,-5.96007000693858));
#8438=CARTESIAN_POINT('Ctrl Pts',(108.616807449823,-59.3140521207037,-5.92053811431622));
#8439=CARTESIAN_POINT('Ctrl Pts',(108.669958405309,-58.8403411511372,-5.88228938306024));
#8440=CARTESIAN_POINT('Ctrl Pts',(108.784861813471,-58.1834910187963,-5.84784812277205));
#8441=CARTESIAN_POINT('Ctrl Pts',(109.091407188524,-57.273595452887,-5.82593113770473));
#8442=CARTESIAN_POINT('Ctrl Pts',(109.472794783727,-56.7268483723751,-5.82426406871193));
#8443=CARTESIAN_POINT('Ctrl Pts',(109.732695700297,-56.4509634062372,-5.82426406871193));
#8444=CARTESIAN_POINT('Ctrl Pts',(108.5812971494,-60.0343350127573,-5.97176536210456));
#8445=CARTESIAN_POINT('Ctrl Pts',(108.585407921476,-59.9244285577561,-5.95956458748666));
#8446=CARTESIAN_POINT('Ctrl Pts',(108.596147504774,-59.7024468017514,-5.93479060854361));
#8447=CARTESIAN_POINT('Ctrl Pts',(108.62260544287,-59.3234547875872,-5.89705142107664));
#8448=CARTESIAN_POINT('Ctrl Pts',(108.673776569858,-58.8440406130139,-5.85972665395235));
#8449=CARTESIAN_POINT('Ctrl Pts',(108.791236514608,-58.1799215170171,-5.82580136327648));
#8450=CARTESIAN_POINT('Ctrl Pts',(109.10013557978,-57.2951466317276,-5.80389693407445));
#8451=CARTESIAN_POINT('Ctrl Pts',(109.481779802648,-56.7539656857012,-5.7991295488178));
#8452=CARTESIAN_POINT('Ctrl Pts',(109.752907429868,-56.4700041213387,-5.79649605034844));
#8453=CARTESIAN_POINT('Ctrl Pts',(108.600629884385,-60.0353164849575,-5.91479421181529));
#8454=CARTESIAN_POINT('Ctrl Pts',(108.603259425185,-59.9305210136982,-5.90361724011316));
#8455=CARTESIAN_POINT('Ctrl Pts',(108.610464765902,-59.7123036020373,-5.880639384192));
#8456=CARTESIAN_POINT('Ctrl Pts',(108.631599118918,-59.3244777772356,-5.84467721541903));
#8457=CARTESIAN_POINT('Ctrl Pts',(108.680520499241,-58.82688056895,-5.80835100061314));
#8458=CARTESIAN_POINT('Ctrl Pts',(108.806473765973,-58.1539156939333,-5.77588306102787));
#8459=CARTESIAN_POINT('Ctrl Pts',(109.120671036454,-57.3273609334846,-5.75390880296724));
#8460=CARTESIAN_POINT('Ctrl Pts',(109.507911530925,-56.7950317419316,-5.74308781468405));
#8461=CARTESIAN_POINT('Ctrl Pts',(109.789348977977,-56.5043343419641,-5.73549102316014));
#8462=CARTESIAN_POINT('Ctrl Pts',(108.619662968522,-60.0380762943844,-5.80717791683685));
#8463=CARTESIAN_POINT('Ctrl Pts',(108.616204880332,-59.9272348237368,-5.79566822452552));
#8464=CARTESIAN_POINT('Ctrl Pts',(108.61090657225,-59.6919931095259,-5.77208371115612));
#8465=CARTESIAN_POINT('Ctrl Pts',(108.619338942349,-59.2712258700968,-5.73630913989845));
#8466=CARTESIAN_POINT('Ctrl Pts',(108.6715741729,-58.7449850447249,-5.70322858164007));
#8467=CARTESIAN_POINT('Ctrl Pts',(108.828373123526,-58.0801837025771,-5.67762337521225));
#8468=CARTESIAN_POINT('Ctrl Pts',(109.178951772254,-57.3192459208152,-5.65819720258778));
#8469=CARTESIAN_POINT('Ctrl Pts',(109.574326625957,-56.8071562806141,-5.64235616333789));
#8470=CARTESIAN_POINT('Ctrl Pts',(109.829967120094,-56.5425991757219,-5.63109018228741));
#8471=CARTESIAN_POINT('Ctrl Pts',(108.523992627859,-60.0440482580144,-5.62489076735714));
#8472=CARTESIAN_POINT('Ctrl Pts',(108.517737422284,-59.9142882851212,-5.61546081350933));
#8473=CARTESIAN_POINT('Ctrl Pts',(108.513899214082,-59.6396665950503,-5.59799513242302));
#8474=CARTESIAN_POINT('Ctrl Pts',(108.552033428349,-59.1525263759925,-5.57785895335217));
#8475=CARTESIAN_POINT('Ctrl Pts',(108.670205711901,-58.5657541754829,-5.56467777134937));
#8476=CARTESIAN_POINT('Ctrl Pts',(108.916496032742,-57.8936492797407,-5.55531295035257));
#8477=CARTESIAN_POINT('Ctrl Pts',(109.308705731603,-57.2083128642092,-5.54251556950098));
#8478=CARTESIAN_POINT('Ctrl Pts',(109.657203248454,-56.7739594703046,-5.52708285670488));
#8479=CARTESIAN_POINT('Ctrl Pts',(109.854979560721,-56.5661624613031,-5.51780860420453));
#8480=CARTESIAN_POINT('Ctrl Pts',(108.500208429055,-60.0456573584751,-5.47853981633974));
#8481=CARTESIAN_POINT('Ctrl Pts',(108.49861208339,-59.8701566963571,-5.47545448096602));
#8482=CARTESIAN_POINT('Ctrl Pts',(108.511802429062,-59.5025847056542,-5.47079717190397));
#8483=CARTESIAN_POINT('Ctrl Pts',(108.604265702651,-58.8977452048788,-5.46644794777147));
#8484=CARTESIAN_POINT('Ctrl Pts',(108.789854802088,-58.2630273691857,-5.46253380960485));
#8485=CARTESIAN_POINT('Ctrl Pts',(109.070577610189,-57.640989381747,-5.4572057083824));
#8486=CARTESIAN_POINT('Ctrl Pts',(109.429589997621,-57.0699005794458,-5.44959713566189));
#8487=CARTESIAN_POINT('Ctrl Pts',(109.709191220749,-56.7321978411269,-5.44299423742173));
#8488=CARTESIAN_POINT('Ctrl Pts',(109.860610017863,-56.5714667045624,-5.43926990816987));
#8489=CARTESIAN_POINT('Ctrl Pts',(108.500213879708,-60.04624663596,-5.4));
#8490=CARTESIAN_POINT('Ctrl Pts',(108.498096128785,-59.8172937305186,-5.4));
#8491=CARTESIAN_POINT('Ctrl Pts',(108.525408017014,-59.3586994989969,-5.4));
#8492=CARTESIAN_POINT('Ctrl Pts',(108.659623293852,-58.6869840238409,-5.4));
#8493=CARTESIAN_POINT('Ctrl Pts',(108.877745351972,-58.0566708975156,-5.4));
#8494=CARTESIAN_POINT('Ctrl Pts',(109.161614873245,-57.4891807378212,-5.4));
#8495=CARTESIAN_POINT('Ctrl Pts',(109.490821424069,-56.9939032527786,-5.4));
#8496=CARTESIAN_POINT('Ctrl Pts',(109.732559732716,-56.707392152799,-5.4));
#8497=CARTESIAN_POINT('Ctrl Pts',(109.860610017863,-56.5714667045624,-5.4));
#8498=CARTESIAN_POINT('',(108.570882716044,-60.0340392063723,-6.));
#8499=CARTESIAN_POINT('',(109.732695700297,-56.4509634062372,-5.82426406871193));
#8500=CARTESIAN_POINT('Ctrl Pts',(108.570882716044,-60.0340392063723,-6.));
#8501=CARTESIAN_POINT('Ctrl Pts',(108.575483884418,-59.9193050819284,-5.98669006405319));
#8502=CARTESIAN_POINT('Ctrl Pts',(108.587675038198,-59.692231175879,-5.96007000693858));
#8503=CARTESIAN_POINT('Ctrl Pts',(108.616807449823,-59.3140521207037,-5.92053811431622));
#8504=CARTESIAN_POINT('Ctrl Pts',(108.669958405309,-58.8403411511372,-5.88228938306024));
#8505=CARTESIAN_POINT('Ctrl Pts',(108.784861813471,-58.1834910187963,-5.84784812277205));
#8506=CARTESIAN_POINT('Ctrl Pts',(109.091407188524,-57.273595452887,-5.82593113770473));
#8507=CARTESIAN_POINT('Ctrl Pts',(109.472794783727,-56.7268483723751,-5.82426406871193));
#8508=CARTESIAN_POINT('Ctrl Pts',(109.732695700297,-56.4509634062372,-5.82426406871193));
#8509=CARTESIAN_POINT('',(108.500213879708,-60.04624663596,-5.4));
#8510=CARTESIAN_POINT('Ctrl Pts',(108.570882716044,-60.0340392063723,-6.));
#8511=CARTESIAN_POINT('Ctrl Pts',(108.5812971494,-60.0343350127573,-5.97176536210456));
#8512=CARTESIAN_POINT('Ctrl Pts',(108.600629884385,-60.0353164849575,-5.91479421181529));
#8513=CARTESIAN_POINT('Ctrl Pts',(108.619662968522,-60.0380762943844,-5.80717791683685));
#8514=CARTESIAN_POINT('Ctrl Pts',(108.523992627859,-60.0440482580144,-5.62489076735714));
#8515=CARTESIAN_POINT('Ctrl Pts',(108.500208429055,-60.0456573584751,-5.47853981633974));
#8516=CARTESIAN_POINT('Ctrl Pts',(108.500213879708,-60.04624663596,-5.4));
#8517=CARTESIAN_POINT('',(108.5,-60.,-5.4));
#8518=CARTESIAN_POINT('Ctrl Pts',(108.500213879708,-60.04624663596,-5.4));
#8519=CARTESIAN_POINT('Ctrl Pts',(108.500071294506,-60.0308315576528,-5.4));
#8520=CARTESIAN_POINT('Ctrl Pts',(108.5,-60.0154158154307,-5.4));
#8521=CARTESIAN_POINT('Ctrl Pts',(108.5,-60.,-5.4));
#8522=CARTESIAN_POINT('',(109.860610017863,-56.5714667045624,-5.4));
#8523=CARTESIAN_POINT('Ctrl Pts',(108.5,-60.,-5.4));
#8524=CARTESIAN_POINT('Ctrl Pts',(108.5,-59.9100576295117,-5.4));
#8525=CARTESIAN_POINT('Ctrl Pts',(108.502427846468,-59.8201082333647,-5.4));
#8526=CARTESIAN_POINT('Ctrl Pts',(108.507278934799,-59.7303031978259,-5.4));
#8527=CARTESIAN_POINT('Ctrl Pts',(108.512310927307,-59.6371492012239,-5.4));
#8528=CARTESIAN_POINT('Ctrl Pts',(108.519951341572,-59.5441512978622,-5.4));
#8529=CARTESIAN_POINT('Ctrl Pts',(108.53017267648,-59.4515327043516,-5.4));
#8530=CARTESIAN_POINT('Ctrl Pts',(108.540704699291,-59.3560988742003,-5.4));
#8531=CARTESIAN_POINT('Ctrl Pts',(108.553977824909,-59.2610689775526,-5.4));
#8532=CARTESIAN_POINT('Ctrl Pts',(108.569923094189,-59.1667283139413,-5.4));
#8533=CARTESIAN_POINT('Ctrl Pts',(108.586141629942,-59.070770861047,-5.4));
#8534=CARTESIAN_POINT('Ctrl Pts',(108.605125129982,-58.97552804643,-5.4));
#8535=CARTESIAN_POINT('Ctrl Pts',(108.626751007392,-58.8813203067698,-5.4));
#8536=CARTESIAN_POINT('Ctrl Pts',(108.648367093489,-58.7871552205245,-5.4));
#8537=CARTESIAN_POINT('Ctrl Pts',(108.672622974587,-58.6940259115823,-5.4));
#8538=CARTESIAN_POINT('Ctrl Pts',(108.699344931517,-58.6022479070132,-5.4));
#8539=CARTESIAN_POINT('Ctrl Pts',(108.725610779769,-58.5120364323388,-5.4));
#8540=CARTESIAN_POINT('Ctrl Pts',(108.754258492613,-58.4231318667632,-5.4));
#8541=CARTESIAN_POINT('Ctrl Pts',(108.785080784229,-58.3358074664412,-5.4));
#8542=CARTESIAN_POINT('Ctrl Pts',(108.815023973835,-58.2509737003903,-5.4));
#8543=CARTESIAN_POINT('Ctrl Pts',(108.847018440718,-58.167632117539,-5.4));
#8544=CARTESIAN_POINT('Ctrl Pts',(108.880847027626,-58.0859922106198,-5.4));
#8545=CARTESIAN_POINT('Ctrl Pts',(108.912947135451,-58.0085237126875,-5.4));
#8546=CARTESIAN_POINT('Ctrl Pts',(108.946697699559,-57.932587711878,-5.4));
#8547=CARTESIAN_POINT('Ctrl Pts',(108.981903220008,-57.8583180706208,-5.4));
#8548=CARTESIAN_POINT('Ctrl Pts',(109.015928158044,-57.7865389885509,-5.4));
#8549=CARTESIAN_POINT('Ctrl Pts',(109.051311231101,-57.7163165127756,-5.4));
#8550=CARTESIAN_POINT('Ctrl Pts',(109.087879934899,-57.6477252432733,-5.4));
#8551=CARTESIAN_POINT('Ctrl Pts',(109.123280951637,-57.5813241836909,-5.4));
#8552=CARTESIAN_POINT('Ctrl Pts',(109.159792335885,-57.5164517804565,-5.4));
#8553=CARTESIAN_POINT('Ctrl Pts',(109.197273132664,-57.4531310388831,-5.4));
#8554=CARTESIAN_POINT('Ctrl Pts',(109.233639114691,-57.3916936856791,-5.4));
#8555=CARTESIAN_POINT('Ctrl Pts',(109.270917065686,-57.3317169173426,-5.4));
#8556=CARTESIAN_POINT('Ctrl Pts',(109.309003130383,-57.2731803802128,-5.4));
#8557=CARTESIAN_POINT('Ctrl Pts',(109.346044427616,-57.2162496028243,-5.4));
#8558=CARTESIAN_POINT('Ctrl Pts',(109.383849583702,-57.1606809160807,-5.4));
#8559=CARTESIAN_POINT('Ctrl Pts',(109.422355359149,-57.1064184506154,-5.4));
#8560=CARTESIAN_POINT('Ctrl Pts',(109.459428438393,-57.0541749453543,-5.4));
#8561=CARTESIAN_POINT('Ctrl Pts',(109.497150627131,-57.0031419658465,-5.4));
#8562=CARTESIAN_POINT('Ctrl Pts',(109.535501978377,-56.9532385330403,-5.4));
#8563=CARTESIAN_POINT('Ctrl Pts',(109.573103459913,-56.9043108435009,-5.4));
#8564=CARTESIAN_POINT('Ctrl Pts',(109.611309362957,-56.8564687179024,-5.4));
#8565=CARTESIAN_POINT('Ctrl Pts',(109.650142027062,-56.8096091793937,-5.4));
#8566=CARTESIAN_POINT('Ctrl Pts',(109.687848536133,-56.7641085768848,-5.4));
#8567=CARTESIAN_POINT('Ctrl Pts',(109.726145740945,-56.7195340931803,-5.4));
#8568=CARTESIAN_POINT('Ctrl Pts',(109.765097627158,-56.6757701244736,-5.4));
#8569=CARTESIAN_POINT('Ctrl Pts',(109.796490223244,-56.6404993140907,-5.4));
#8570=CARTESIAN_POINT('Ctrl Pts',(109.828308772535,-56.6057544942762,-5.4));
#8571=CARTESIAN_POINT('Ctrl Pts',(109.860610017863,-56.5714667045624,-5.4));
#8572=CARTESIAN_POINT('Origin',(109.423883220007,-56.1600427091099,-5.4));
#8573=CARTESIAN_POINT('Ctrl Pts',(108.570882716044,-60.0340392063723,-6.));
#8574=CARTESIAN_POINT('Ctrl Pts',(108.5812971494,-60.0343350127573,-5.97176536210456));
#8575=CARTESIAN_POINT('Ctrl Pts',(108.600629884385,-60.0353164849575,-5.91479421181529));
#8576=CARTESIAN_POINT('Ctrl Pts',(108.619662968522,-60.0380762943844,-5.80717791683685));
#8577=CARTESIAN_POINT('Ctrl Pts',(108.523992627859,-60.0440482580144,-5.62489076735714));
#8578=CARTESIAN_POINT('Ctrl Pts',(108.500208429055,-60.0456573584751,-5.47853981633974));
#8579=CARTESIAN_POINT('Ctrl Pts',(108.500213879708,-60.04624663596,-5.4));
#8580=CARTESIAN_POINT('Ctrl Pts',(108.576100369601,-60.1490522197506,-5.98669006405319));
#8581=CARTESIAN_POINT('Ctrl Pts',(108.586143466556,-60.1446187198404,-5.95956458748666));
#8582=CARTESIAN_POINT('Ctrl Pts',(108.604273388699,-60.1406087335428,-5.90361724011316));
#8583=CARTESIAN_POINT('Ctrl Pts',(108.617652801445,-60.1496678066758,-5.79566822452552));
#8584=CARTESIAN_POINT('Ctrl Pts',(108.519977639576,-60.1742060883204,-5.61546081350933));
#8585=CARTESIAN_POINT('Ctrl Pts',(108.501805202963,-60.2212043186048,-5.47545448096602));
#8586=CARTESIAN_POINT('Ctrl Pts',(108.502331630631,-60.2751995414014,-5.4));
#8587=CARTESIAN_POINT('Ctrl Pts',(108.589915166397,-60.3767147151084,-5.96007000693858));
#8588=CARTESIAN_POINT('Ctrl Pts',(108.598763868193,-60.3673687845511,-5.93479060854361));
#8589=CARTESIAN_POINT('Ctrl Pts',(108.613870767343,-60.3598554549194,-5.880639384192));
#8590=CARTESIAN_POINT('Ctrl Pts',(108.615625543074,-60.3864553442076,-5.77208371115612));
#8591=CARTESIAN_POINT('Ctrl Pts',(108.520982205627,-60.4494310355256,-5.59799513242302));
#8592=CARTESIAN_POINT('Ctrl Pts',(108.521698524642,-60.5885836327239,-5.47079717190397));
#8593=CARTESIAN_POINT('Ctrl Pts',(108.5381218591,-60.7332100958319,-5.4));
#8594=CARTESIAN_POINT('Ctrl Pts',(108.62326505169,-60.7559416981691,-5.92053811431622));
#8595=CARTESIAN_POINT('Ctrl Pts',(108.629797405572,-60.747680232366,-5.89705142107664));
#8596=CARTESIAN_POINT('Ctrl Pts',(108.640138280224,-60.7494705268526,-5.84467721541903));
#8597=CARTESIAN_POINT('Ctrl Pts',(108.630803912694,-60.8094800638563,-5.73630913989845));
#8598=CARTESIAN_POINT('Ctrl Pts',(108.567944653276,-60.9365637957452,-5.57785895335217));
#8599=CARTESIAN_POINT('Ctrl Pts',(108.625249283922,-61.1918242375048,-5.46644794777147));
#8600=CARTESIAN_POINT('Ctrl Pts',(108.684739472582,-61.4023279445831,-5.4));
#8601=CARTESIAN_POINT('Ctrl Pts',(108.683289751178,-61.2309365417038,-5.88228938306024));
#8602=CARTESIAN_POINT('Ctrl Pts',(108.688040138751,-61.2286449387106,-5.85972665395235));
#8603=CARTESIAN_POINT('Ctrl Pts',(108.696870812355,-61.2490682419748,-5.80835100061314));
#8604=CARTESIAN_POINT('Ctrl Pts',(108.692525623263,-61.3373812296075,-5.70322858164007));
#8605=CARTESIAN_POINT('Ctrl Pts',(108.696903421209,-61.5217502479204,-5.56467777134937));
#8606=CARTESIAN_POINT('Ctrl Pts',(108.822531437896,-61.8232411046168,-5.46253380960485));
#8607=CARTESIAN_POINT('Ctrl Pts',(108.914483655907,-62.0284984322978,-5.4));
#8608=CARTESIAN_POINT('Ctrl Pts',(108.809440845784,-61.8893516893173,-5.84784812277205));
#8609=CARTESIAN_POINT('Ctrl Pts',(108.817249611725,-61.8945322478456,-5.82580136327648));
#8610=CARTESIAN_POINT('Ctrl Pts',(108.835610257639,-61.9237649232434,-5.77588306102787));
#8611=CARTESIAN_POINT('Ctrl Pts',(108.862113686858,-62.0019163236768,-5.67762337521225));
#8612=CARTESIAN_POINT('Ctrl Pts',(108.955697304981,-62.1898229091407,-5.55531295035257));
#8613=CARTESIAN_POINT('Ctrl Pts',(109.114765520859,-62.4402180766994,-5.4572057083824));
#8614=CARTESIAN_POINT('Ctrl Pts',(109.208801962352,-62.5906405148262,-5.4));
#8615=CARTESIAN_POINT('Ctrl Pts',(109.135942954773,-62.8000710196738,-5.82593113770473));
#8616=CARTESIAN_POINT('Ctrl Pts',(109.145441840353,-62.7795858981818,-5.80389693407445));
#8617=CARTESIAN_POINT('Ctrl Pts',(109.167343893586,-62.7491865303492,-5.75390880296724));
#8618=CARTESIAN_POINT('Ctrl Pts',(109.227960368835,-62.7586904940829,-5.65819720258777));
#8619=CARTESIAN_POINT('Ctrl Pts',(109.360727841183,-62.8683162822273,-5.54251556950099));
#8620=CARTESIAN_POINT('Ctrl Pts',(109.484381185121,-63.0047688024478,-5.44959713566189));
#8621=CARTESIAN_POINT('Ctrl Pts',(109.547113761008,-63.0797436401337,-5.4));
#8622=CARTESIAN_POINT('Ctrl Pts',(109.531455478965,-63.3444526234846,-5.82426406871193));
#8623=CARTESIAN_POINT('Ctrl Pts',(109.54046835734,-63.3177169212318,-5.7991295488178));
#8624=CARTESIAN_POINT('Ctrl Pts',(109.566723042641,-63.2770818959748,-5.74308781468405));
#8625=CARTESIAN_POINT('Ctrl Pts',(109.633648484197,-63.2644939738125,-5.64235616333789));
#8626=CARTESIAN_POINT('Ctrl Pts',(109.717421871495,-63.2964557402983,-5.52708285670488));
#8627=CARTESIAN_POINT('Ctrl Pts',(109.770255465166,-63.3373324523252,-5.44299423742173));
#8628=CARTESIAN_POINT('Ctrl Pts',(109.794110551304,-63.3617340758973,-5.4));
#8629=CARTESIAN_POINT('Ctrl Pts',(109.798989879467,-63.6181164323634,-5.82426406871193));
#8630=CARTESIAN_POINT('Ctrl Pts',(109.818845938268,-63.598705101324,-5.79649605034844));
#8631=CARTESIAN_POINT('Ctrl Pts',(109.854646215503,-63.5637066638354,-5.73549102316014));
#8632=CARTESIAN_POINT('Ctrl Pts',(109.894549590196,-63.5246970283631,-5.63109018228742));
#8633=CARTESIAN_POINT('Ctrl Pts',(109.919121880761,-63.5006750977604,-5.51780860420453));
#8634=CARTESIAN_POINT('Ctrl Pts',(109.924653257366,-63.4952676106323,-5.43926990816987));
#8635=CARTESIAN_POINT('Ctrl Pts',(109.924653257366,-63.4952676106323,-5.4));
#8636=CARTESIAN_POINT('',(109.798989879467,-63.6181164323634,-5.82426406871193));
#8637=CARTESIAN_POINT('Ctrl Pts',(108.570882716044,-60.0340392063723,-6.));
#8638=CARTESIAN_POINT('Ctrl Pts',(108.576100369601,-60.1490522197506,-5.98669006405319));
#8639=CARTESIAN_POINT('Ctrl Pts',(108.589915166397,-60.3767147151084,-5.96007000693858));
#8640=CARTESIAN_POINT('Ctrl Pts',(108.62326505169,-60.7559416981691,-5.92053811431622));
#8641=CARTESIAN_POINT('Ctrl Pts',(108.683289751178,-61.2309365417038,-5.88228938306024));
#8642=CARTESIAN_POINT('Ctrl Pts',(108.809440845784,-61.8893516893173,-5.84784812277205));
#8643=CARTESIAN_POINT('Ctrl Pts',(109.135942954773,-62.8000710196738,-5.82593113770473));
#8644=CARTESIAN_POINT('Ctrl Pts',(109.531455478965,-63.3444526234846,-5.82426406871193));
#8645=CARTESIAN_POINT('Ctrl Pts',(109.798989879467,-63.6181164323634,-5.82426406871193));
#8646=CARTESIAN_POINT('',(109.924653257366,-63.4952676106323,-5.4));
#8647=CARTESIAN_POINT('Origin',(109.49561164825,-63.9146997239082,-5.4));
#8648=CARTESIAN_POINT('Ctrl Pts',(109.924653257366,-63.4952676106323,-5.4));
#8649=CARTESIAN_POINT('Ctrl Pts',(109.884089856783,-63.4537748729363,-5.4));
#8650=CARTESIAN_POINT('Ctrl Pts',(109.844244497121,-63.4115747985049,-5.4));
#8651=CARTESIAN_POINT('Ctrl Pts',(109.805013476215,-63.3685419084592,-5.4));
#8652=CARTESIAN_POINT('Ctrl Pts',(109.764872365229,-63.3245107317148,-5.4));
#8653=CARTESIAN_POINT('Ctrl Pts',(109.725374693172,-63.2796073166182,-5.4));
#8654=CARTESIAN_POINT('Ctrl Pts',(109.686460539432,-63.2337156310804,-5.4));
#8655=CARTESIAN_POINT('Ctrl Pts',(109.645371289056,-63.1852588415563,-5.4));
#8656=CARTESIAN_POINT('Ctrl Pts',(109.604932700803,-63.1356997376951,-5.4));
#8657=CARTESIAN_POINT('Ctrl Pts',(109.56512822628,-63.0849285444527,-5.4));
#8658=CARTESIAN_POINT('Ctrl Pts',(109.524927601672,-63.0336520559453,-5.4));
#8659=CARTESIAN_POINT('Ctrl Pts',(109.485374325615,-62.9811389960083,-5.4));
#8660=CARTESIAN_POINT('Ctrl Pts',(109.446499413509,-62.9273081483358,-5.4));
#8661=CARTESIAN_POINT('Ctrl Pts',(109.40650865789,-62.8719321704274,-5.4));
#8662=CARTESIAN_POINT('Ctrl Pts',(109.36723626879,-62.8151613796515,-5.4));
#8663=CARTESIAN_POINT('Ctrl Pts',(109.328758750068,-62.7569451272852,-5.4));
#8664=CARTESIAN_POINT('Ctrl Pts',(109.289080873079,-62.696912740146,-5.4));
#8665=CARTESIAN_POINT('Ctrl Pts',(109.250248852712,-62.6353430515415,-5.4));
#8666=CARTESIAN_POINT('Ctrl Pts',(109.212382728551,-62.572224355217,-5.4));
#8667=CARTESIAN_POINT('Ctrl Pts',(109.173245431111,-62.5069867517711,-5.4));
#8668=CARTESIAN_POINT('Ctrl Pts',(109.135140732229,-62.4400942270804,-5.4));
#8669=CARTESIAN_POINT('Ctrl Pts',(109.098228458865,-62.3715832896309,-5.4));
#8670=CARTESIAN_POINT('Ctrl Pts',(109.060013863274,-62.3006551801004,-5.4));
#8671=CARTESIAN_POINT('Ctrl Pts',(109.023078244303,-62.2279924220397,-5.4));
#8672=CARTESIAN_POINT('Ctrl Pts',(108.987614523831,-62.1536892334923,-5.4));
#8673=CARTESIAN_POINT('Ctrl Pts',(108.950164457357,-62.0752242751271,-5.4));
#8674=CARTESIAN_POINT('Ctrl Pts',(108.914356940708,-61.9949300352406,-5.4));
#8675=CARTESIAN_POINT('Ctrl Pts',(108.880419826225,-61.9129764813156,-5.4));
#8676=CARTESIAN_POINT('Ctrl Pts',(108.845544482027,-61.8287572291795,-5.4));
#8677=CARTESIAN_POINT('Ctrl Pts',(108.812645608881,-61.7427863491997,-5.4));
#8678=CARTESIAN_POINT('Ctrl Pts',(108.781952444287,-61.6553027705015,-5.4));
#8679=CARTESIAN_POINT('Ctrl Pts',(108.750684590447,-61.5661811765472,-5.4));
#8680=CARTESIAN_POINT('Ctrl Pts',(108.721706842784,-61.4754908818781,-5.4));
#8681=CARTESIAN_POINT('Ctrl Pts',(108.695225655674,-61.3835257497081,-5.4));
#8682=CARTESIAN_POINT('Ctrl Pts',(108.668603190307,-61.291069979654,-5.4));
#8683=CARTESIAN_POINT('Ctrl Pts',(108.644504556554,-61.1973272747707,-5.4));
#8684=CARTESIAN_POINT('Ctrl Pts',(108.623091518973,-61.1026167365366,-5.4));
#8685=CARTESIAN_POINT('Ctrl Pts',(108.602086468149,-61.0097107365503,-5.4));
#8686=CARTESIAN_POINT('Ctrl Pts',(108.583665523039,-60.9158749923989,-5.4));
#8687=CARTESIAN_POINT('Ctrl Pts',(108.56793246245,-60.8214072102488,-5.4));
#8688=CARTESIAN_POINT('Ctrl Pts',(108.552599967574,-60.7293445897775,-5.4));
#8689=CARTESIAN_POINT('Ctrl Pts',(108.539819663597,-60.6366830009449,-5.4));
#8690=CARTESIAN_POINT('Ctrl Pts',(108.529646009467,-60.5436738073429,-5.4));
#8691=CARTESIAN_POINT('Ctrl Pts',(108.519951187689,-60.4550421766446,-5.4));
#8692=CARTESIAN_POINT('Ctrl Pts',(108.512622557724,-60.3660956685591,-5.4));
#8693=CARTESIAN_POINT('Ctrl Pts',(108.507679631112,-60.2770150436166,-5.4));
#8694=CARTESIAN_POINT('Ctrl Pts',(108.503415277661,-60.2001635545491,-5.4));
#8695=CARTESIAN_POINT('Ctrl Pts',(108.500925787955,-60.1232119956455,-5.4));
#8696=CARTESIAN_POINT('Ctrl Pts',(108.500213879708,-60.04624663596,-5.4));
#8697=CARTESIAN_POINT('Ctrl Pts',(108.570882716044,-60.0340392063723,-6.));
#8698=CARTESIAN_POINT('Ctrl Pts',(108.576100369601,-60.1490522197506,-5.98669006405319));
#8699=CARTESIAN_POINT('Ctrl Pts',(108.589915166397,-60.3767147151084,-5.96007000693858));
#8700=CARTESIAN_POINT('Ctrl Pts',(108.62326505169,-60.7559416981691,-5.92053811431622));
#8701=CARTESIAN_POINT('Ctrl Pts',(108.683289751178,-61.2309365417038,-5.88228938306024));
#8702=CARTESIAN_POINT('Ctrl Pts',(108.809440845784,-61.8893516893173,-5.84784812277205));
#8703=CARTESIAN_POINT('Ctrl Pts',(109.135942954773,-62.8000710196738,-5.82593113770473));
#8704=CARTESIAN_POINT('Ctrl Pts',(109.531455478965,-63.3444526234846,-5.82426406871193));
#8705=CARTESIAN_POINT('Ctrl Pts',(109.798989879467,-63.6181164323634,-5.82426406871193));
#8706=CARTESIAN_POINT('Ctrl Pts',(108.57175455775,-60.3589507245968,-6.));
#8707=CARTESIAN_POINT('Ctrl Pts',(108.579928294674,-60.4600431553402,-5.98730263694025));
#8708=CARTESIAN_POINT('Ctrl Pts',(108.599209261843,-60.66785920662,-5.96251470963028));
#8709=CARTESIAN_POINT('Ctrl Pts',(108.642856648851,-61.0331806968116,-5.92733297778614));
#8710=CARTESIAN_POINT('Ctrl Pts',(108.718481591028,-61.5015599584213,-5.8950621328446));
#8711=CARTESIAN_POINT('Ctrl Pts',(108.871532026014,-62.1475413104948,-5.86839645151782));
#8712=CARTESIAN_POINT('Ctrl Pts',(109.21050817331,-62.9697575954797,-5.85453351122463));
#8713=CARTESIAN_POINT('Ctrl Pts',(109.561477283087,-63.4231023453824,-5.85777676190411));
#8714=CARTESIAN_POINT('Ctrl Pts',(109.772515134399,-63.6439982070827,-5.86128809319658));
#8715=CARTESIAN_POINT('Ctrl Pts',(108.589182467501,-60.9642954258482,-6.));
#8716=CARTESIAN_POINT('Ctrl Pts',(108.600995974407,-61.0510094045279,-5.9893866442572));
#8717=CARTESIAN_POINT('Ctrl Pts',(108.629037703935,-61.2426006029435,-5.96952091194013));
#8718=CARTESIAN_POINT('Ctrl Pts',(108.696647298587,-61.6099373295672,-5.9442308976614));
#8719=CARTESIAN_POINT('Ctrl Pts',(108.813297420599,-62.0865982560307,-5.92414253736225));
#8720=CARTESIAN_POINT('Ctrl Pts',(109.026157815974,-62.6911011826541,-5.9110377234583));
#8721=CARTESIAN_POINT('Ctrl Pts',(109.360169555704,-63.2983814690393,-5.90971294874957));
#8722=CARTESIAN_POINT('Ctrl Pts',(109.600544428974,-63.5737025527498,-5.91932450946174));
#8723=CARTESIAN_POINT('Ctrl Pts',(109.71259744125,-63.7025738886156,-5.925584411001));
#8724=CARTESIAN_POINT('Ctrl Pts',(108.796198574012,-62.499276303639,-6.));
#8725=CARTESIAN_POINT('Ctrl Pts',(108.824643761094,-62.5769489780879,-5.99472344597988));
#8726=CARTESIAN_POINT('Ctrl Pts',(108.888433602525,-62.7386995463644,-5.98590183540896));
#8727=CARTESIAN_POINT('Ctrl Pts',(109.010541443319,-62.9965093061736,-5.97699375689073));
#8728=CARTESIAN_POINT('Ctrl Pts',(109.163623191824,-63.2599939059488,-5.97223347989035));
#8729=CARTESIAN_POINT('Ctrl Pts',(109.338454022313,-63.4925046572058,-5.97252479804484));
#8730=CARTESIAN_POINT('Ctrl Pts',(109.492721704703,-63.651129314344,-5.97831537831792));
#8731=CARTESIAN_POINT('Ctrl Pts',(109.571969462915,-63.7517015988233,-5.98359589363689));
#8732=CARTESIAN_POINT('Ctrl Pts',(109.607930970873,-63.804896082843,-5.98621387532561));
#8733=CARTESIAN_POINT('Ctrl Pts',(109.094784218682,-63.5087882953269,-6.));
#8734=CARTESIAN_POINT('Ctrl Pts',(109.115274197255,-63.5141087181999,-6.));
#8735=CARTESIAN_POINT('Ctrl Pts',(109.160764046482,-63.5340618878205,-6.));
#8736=CARTESIAN_POINT('Ctrl Pts',(109.240213033169,-63.5851956183979,-6.));
#8737=CARTESIAN_POINT('Ctrl Pts',(109.324196793815,-63.6503307841262,-6.));
#8738=CARTESIAN_POINT('Ctrl Pts',(109.405621302145,-63.7233240702166,-6.));
#8739=CARTESIAN_POINT('Ctrl Pts',(109.47574400747,-63.7998296858305,-6.));
#8740=CARTESIAN_POINT('Ctrl Pts',(109.515094477258,-63.8526242537533,-6.));
#8741=CARTESIAN_POINT('Ctrl Pts',(109.533052591785,-63.8780973670819,-6.));
#8742=CARTESIAN_POINT('Ctrl Pts',(109.232141023734,-63.8272419359587,-6.));
#8743=CARTESIAN_POINT('Ctrl Pts',(109.247566065546,-63.8215486776936,-6.));
#8744=CARTESIAN_POINT('Ctrl Pts',(109.280026040559,-63.8135514236771,-6.));
#8745=CARTESIAN_POINT('Ctrl Pts',(109.329261610561,-63.8127118884521,-6.));
#8746=CARTESIAN_POINT('Ctrl Pts',(109.3763978199,-63.8238022414741,-6.));
#8747=CARTESIAN_POINT('Ctrl Pts',(109.420142836773,-63.845984134386,-6.));
#8748=CARTESIAN_POINT('Ctrl Pts',(109.458700722035,-63.876959278232,-6.));
#8749=CARTESIAN_POINT('Ctrl Pts',(109.483249584226,-63.9020544359753,-6.));
#8750=CARTESIAN_POINT('Ctrl Pts',(109.49561164825,-63.9146997239082,-6.));
#8751=CARTESIAN_POINT('',(109.232141023734,-63.8272419359587,-6.));
#8752=CARTESIAN_POINT('Ctrl Pts',(108.570882716044,-60.0340392063723,-6.));
#8753=CARTESIAN_POINT('Ctrl Pts',(108.57175455775,-60.3589507245968,-6.));
#8754=CARTESIAN_POINT('Ctrl Pts',(108.589182467501,-60.9642954258482,-6.));
#8755=CARTESIAN_POINT('Ctrl Pts',(108.796198574012,-62.499276303639,-6.));
#8756=CARTESIAN_POINT('Ctrl Pts',(109.094784218682,-63.5087882953269,-6.));
#8757=CARTESIAN_POINT('Ctrl Pts',(109.232141023734,-63.8272419359587,-6.));
#8758=CARTESIAN_POINT('',(109.49561164825,-63.9146997239082,-6.));
#8759=CARTESIAN_POINT('Ctrl Pts',(109.232141023734,-63.8272419359587,-6.));
#8760=CARTESIAN_POINT('Ctrl Pts',(109.242672195879,-63.8233549654347,-6.));
#8761=CARTESIAN_POINT('Ctrl Pts',(109.253563778729,-63.8202623928563,-6.));
#8762=CARTESIAN_POINT('Ctrl Pts',(109.264621036519,-63.8180066981791,-6.));
#8763=CARTESIAN_POINT('Ctrl Pts',(109.274310228056,-63.8160300907606,-6.));
#8764=CARTESIAN_POINT('Ctrl Pts',(109.284120688258,-63.8146971858103,-6.));
#8765=CARTESIAN_POINT('Ctrl Pts',(109.293903131816,-63.8140470247432,-6.));
#8766=CARTESIAN_POINT('Ctrl Pts',(109.303434528103,-63.8134135487877,-6.));
#8767=CARTESIAN_POINT('Ctrl Pts',(109.312940245615,-63.8134290529987,-6.));
#8768=CARTESIAN_POINT('Ctrl Pts',(109.322342711395,-63.8141124880132,-6.));
#8769=CARTESIAN_POINT('Ctrl Pts',(109.332976343627,-63.8148854125596,-6.));
#8770=CARTESIAN_POINT('Ctrl Pts',(109.343480447616,-63.8165141393889,-6.));
#8771=CARTESIAN_POINT('Ctrl Pts',(109.353789549414,-63.8189863809254,-6.));
#8772=CARTESIAN_POINT('Ctrl Pts',(109.363018187762,-63.8211995148626,-6.));
#8773=CARTESIAN_POINT('Ctrl Pts',(109.372093253084,-63.8240884938319,-6.));
#8774=CARTESIAN_POINT('Ctrl Pts',(109.380962378144,-63.8276074919591,-6.));
#8775=CARTESIAN_POINT('Ctrl Pts',(109.389313766656,-63.8309210680262,-6.));
#8776=CARTESIAN_POINT('Ctrl Pts',(109.397481470208,-63.8347922911759,-6.));
#8777=CARTESIAN_POINT('Ctrl Pts',(109.405397481969,-63.8391517838389,-6.));
#8778=CARTESIAN_POINT('Ctrl Pts',(109.412230001716,-63.8429145776049,-6.));
#8779=CARTESIAN_POINT('Ctrl Pts',(109.418873159541,-63.8470404724939,-6.));
#8780=CARTESIAN_POINT('Ctrl Pts',(109.425338677207,-63.8514928338368,-6.));
#8781=CARTESIAN_POINT('Ctrl Pts',(109.433186815226,-63.8568973115815,-6.));
#8782=CARTESIAN_POINT('Ctrl Pts',(109.440774720863,-63.8627853731181,-6.));
#8783=CARTESIAN_POINT('Ctrl Pts',(109.448200662738,-63.8690832551358,-6.));
#8784=CARTESIAN_POINT('Ctrl Pts',(109.454832264909,-63.8747074639928,-6.));
#8785=CARTESIAN_POINT('Ctrl Pts',(109.46133828847,-63.8806598888945,-6.));
#8786=CARTESIAN_POINT('Ctrl Pts',(109.467799792388,-63.8868536023663,-6.));
#8787=CARTESIAN_POINT('Ctrl Pts',(109.473275015105,-63.8921019100563,-6.));
#8788=CARTESIAN_POINT('Ctrl Pts',(109.478719339718,-63.8975234678737,-6.));
#8789=CARTESIAN_POINT('Ctrl Pts',(109.484164348968,-63.9030326504921,-6.));
#8790=CARTESIAN_POINT('Ctrl Pts',(109.487979824625,-63.9068930942861,-6.));
#8791=CARTESIAN_POINT('Ctrl Pts',(109.491795298475,-63.9107959387745,-6.));
#8792=CARTESIAN_POINT('Ctrl Pts',(109.49561164825,-63.9146997239082,-6.));
#8793=CARTESIAN_POINT('Origin',(109.49561164825,-63.9146997239082,-5.4));
#8794=CARTESIAN_POINT('Ctrl Pts',(108.570882716044,-60.0340392063723,-6.));
#8795=CARTESIAN_POINT('Ctrl Pts',(108.57175455775,-60.3589507245968,-6.));
#8796=CARTESIAN_POINT('Ctrl Pts',(108.589182467501,-60.9642954258482,-6.));
#8797=CARTESIAN_POINT('Ctrl Pts',(108.796198574012,-62.499276303639,-6.));
#8798=CARTESIAN_POINT('Ctrl Pts',(109.094784218682,-63.5087882953269,-6.));
#8799=CARTESIAN_POINT('Ctrl Pts',(109.232141023734,-63.8272419359587,-6.));
#8800=CARTESIAN_POINT('Ctrl Pts',(108.563980963482,-60.2061403930381,-6.01996490392021));
#8801=CARTESIAN_POINT('Ctrl Pts',(108.569684099227,-60.5134435119823,-6.01904604458963));
#8802=CARTESIAN_POINT('Ctrl Pts',(108.593711418806,-61.1019847084593,-6.0159200336142));
#8803=CARTESIAN_POINT('Ctrl Pts',(108.811471716305,-62.629578189871,-6.00791483103019));
#8804=CARTESIAN_POINT('Ctrl Pts',(109.080236905538,-63.5383377824813,-6.));
#8805=CARTESIAN_POINT('Ctrl Pts',(109.209003461016,-63.8357818233563,-6.));
#8806=CARTESIAN_POINT('Ctrl Pts',(108.557227260266,-60.5598760024783,-6.05992398811545));
#8807=CARTESIAN_POINT('Ctrl Pts',(108.570480238899,-60.8473703356094,-6.05580361679853));
#8808=CARTESIAN_POINT('Ctrl Pts',(108.609979970135,-61.4220619262757,-6.04470400444398));
#8809=CARTESIAN_POINT('Ctrl Pts',(108.840481360406,-62.9100660819636,-6.01984333822556));
#8810=CARTESIAN_POINT('Ctrl Pts',(109.059055973326,-63.6175266970915,-6.));
#8811=CARTESIAN_POINT('Ctrl Pts',(109.166333447893,-63.860570601862,-6.));
#8812=CARTESIAN_POINT('Ctrl Pts',(108.572895563441,-61.2301753390413,-6.1182668818059));
#8813=CARTESIAN_POINT('Ctrl Pts',(108.598821656434,-61.5117762871845,-6.10594732198144));
#8814=CARTESIAN_POINT('Ctrl Pts',(108.671022629917,-62.1195520872622,-6.0771840519021));
#8815=CARTESIAN_POINT('Ctrl Pts',(108.886492440057,-63.4023480244129,-6.02891212880267));
#8816=CARTESIAN_POINT('Ctrl Pts',(109.036980424255,-63.7719345504486,-6.));
#8817=CARTESIAN_POINT('Ctrl Pts',(109.120880562191,-63.9179712355453,-6.));
#8818=CARTESIAN_POINT('Ctrl Pts',(108.654190416801,-62.4260575139757,-6.16946471533169));
#8819=CARTESIAN_POINT('Ctrl Pts',(108.68655412382,-62.6817362171999,-6.14442913459332));
#8820=CARTESIAN_POINT('Ctrl Pts',(108.763813024164,-63.216575607789,-6.09472101737894));
#8821=CARTESIAN_POINT('Ctrl Pts',(108.908284983225,-63.818767038911,-6.02605567206679));
#8822=CARTESIAN_POINT('Ctrl Pts',(109.028778575177,-63.92415624233,-6.));
#8823=CARTESIAN_POINT('Ctrl Pts',(109.100324920289,-63.9853766368873,-6.));
#8824=CARTESIAN_POINT('Ctrl Pts',(108.675735931288,-63.4669834434727,-6.17573593128807));
#8825=CARTESIAN_POINT('Ctrl Pts',(108.707492958834,-63.5991583132078,-6.14397890374213));
#8826=CARTESIAN_POINT('Ctrl Pts',(108.78160936794,-63.8190886021864,-6.08380544130788));
#8827=CARTESIAN_POINT('Ctrl Pts',(108.925719044099,-63.9761162758473,-6.01771309720747));
#8828=CARTESIAN_POINT('Ctrl Pts',(109.040191463936,-64.0194029023338,-6.));
#8829=CARTESIAN_POINT('Ctrl Pts',(109.1,-64.0374850049955,-6.));
#8830=CARTESIAN_POINT('Ctrl Pts',(108.675735931288,-64.0640110082964,-6.17573593128807));
#8831=CARTESIAN_POINT('Ctrl Pts',(108.712759955773,-64.0640110082964,-6.13871190680342));
#8832=CARTESIAN_POINT('Ctrl Pts',(108.796552798064,-64.0640110082964,-6.074415588999));
#8833=CARTESIAN_POINT('Ctrl Pts',(108.942925273116,-64.0640110082964,-6.01378612467439));
#8834=CARTESIAN_POINT('Ctrl Pts',(109.04764012244,-64.0640110082965,-6.));
#8835=CARTESIAN_POINT('Ctrl Pts',(109.1,-64.0640110082965,-6.));
#8836=CARTESIAN_POINT('',(108.675735931288,-64.0640110082964,-6.17573593128807));
#8837=CARTESIAN_POINT('Ctrl Pts',(108.570882716044,-60.0340392063723,-6.));
#8838=CARTESIAN_POINT('Ctrl Pts',(108.563980963482,-60.2061403930381,-6.01996490392021));
#8839=CARTESIAN_POINT('Ctrl Pts',(108.557227260266,-60.5598760024783,-6.05992398811545));
#8840=CARTESIAN_POINT('Ctrl Pts',(108.572895563441,-61.2301753390413,-6.1182668818059));
#8841=CARTESIAN_POINT('Ctrl Pts',(108.654190416801,-62.4260575139757,-6.16946471533169));
#8842=CARTESIAN_POINT('Ctrl Pts',(108.675735931288,-63.4669834434727,-6.17573593128807));
#8843=CARTESIAN_POINT('Ctrl Pts',(108.675735931288,-64.0640110082964,-6.17573593128807));
#8844=CARTESIAN_POINT('',(109.1,-64.0640110082964,-6.));
#8845=CARTESIAN_POINT('Origin',(109.1,-64.0640110082964,-6.6));
#8846=CARTESIAN_POINT('Ctrl Pts',(109.1,-64.0640110082964,-6.));
#8847=CARTESIAN_POINT('Ctrl Pts',(109.1,-64.0557944011224,-6.));
#8848=CARTESIAN_POINT('Ctrl Pts',(109.100001577117,-64.0475823057901,-6.));
#8849=CARTESIAN_POINT('Ctrl Pts',(109.100119768068,-64.0394692194019,-6.));
#8850=CARTESIAN_POINT('Ctrl Pts',(109.100245611182,-64.0308308587578,-6.));
#8851=CARTESIAN_POINT('Ctrl Pts',(109.100503954798,-64.0223041582913,-6.));
#8852=CARTESIAN_POINT('Ctrl Pts',(109.101009575128,-64.013946472286,-6.));
#8853=CARTESIAN_POINT('Ctrl Pts',(109.101556362117,-64.0049083191618,-6.));
#8854=CARTESIAN_POINT('Ctrl Pts',(109.102392833101,-63.9960667955263,-6.));
#8855=CARTESIAN_POINT('Ctrl Pts',(109.103630283627,-63.9874427122573,-6.));
#8856=CARTESIAN_POINT('Ctrl Pts',(109.104969502882,-63.9781093788184,-6.));
#8857=CARTESIAN_POINT('Ctrl Pts',(109.10677909241,-63.9690286615348,-6.));
#8858=CARTESIAN_POINT('Ctrl Pts',(109.109151967108,-63.9601933136817,-6.));
#8859=CARTESIAN_POINT('Ctrl Pts',(109.111374154949,-63.9519190450962,-6.));
#8860=CARTESIAN_POINT('Ctrl Pts',(109.1140899942,-63.9438577954218,-6.));
#8861=CARTESIAN_POINT('Ctrl Pts',(109.117334509022,-63.9360077259985,-6.));
#8862=CARTESIAN_POINT('Ctrl Pts',(109.120326528802,-63.928768565665,-6.));
#8863=CARTESIAN_POINT('Ctrl Pts',(109.123767772841,-63.9217078382777,-6.));
#8864=CARTESIAN_POINT('Ctrl Pts',(109.127654558248,-63.9148497691941,-6.));
#8865=CARTESIAN_POINT('Ctrl Pts',(109.131784270688,-63.9075630655973,-6.));
#8866=CARTESIAN_POINT('Ctrl Pts',(109.136416890702,-63.9005042183123,-6.));
#8867=CARTESIAN_POINT('Ctrl Pts',(109.141511577894,-63.8937543866975,-6.));
#8868=CARTESIAN_POINT('Ctrl Pts',(109.14777065256,-63.8854618854187,-6.));
#8869=CARTESIAN_POINT('Ctrl Pts',(109.154724544449,-63.8776438126907,-6.));
#8870=CARTESIAN_POINT('Ctrl Pts',(109.162288222596,-63.8704223092188,-6.));
#8871=CARTESIAN_POINT('Ctrl Pts',(109.170387150409,-63.862689770342,-6.));
#8872=CARTESIAN_POINT('Ctrl Pts',(109.179186421884,-63.8556402064172,-6.));
#8873=CARTESIAN_POINT('Ctrl Pts',(109.188573290022,-63.8493606808674,-6.));
#8874=CARTESIAN_POINT('Ctrl Pts',(109.198406833249,-63.8427823434457,-6.));
#8875=CARTESIAN_POINT('Ctrl Pts',(109.208886907988,-63.8370471765736,-6.));
#8876=CARTESIAN_POINT('Ctrl Pts',(109.219852212093,-63.8322118923997,-6.));
#8877=CARTESIAN_POINT('Ctrl Pts',(109.22388648697,-63.8304329298396,-6.));
#8878=CARTESIAN_POINT('Ctrl Pts',(109.227986012975,-63.8287755168484,-6.));
#8879=CARTESIAN_POINT('Ctrl Pts',(109.232141023734,-63.8272419359587,-6.));
#8880=CARTESIAN_POINT('Ctrl Pts',(108.570882716044,-60.0340392063723,-6.));
#8881=CARTESIAN_POINT('Ctrl Pts',(108.563980963482,-60.2061403930381,-6.01996490392021));
#8882=CARTESIAN_POINT('Ctrl Pts',(108.557227260266,-60.5598760024783,-6.05992398811545));
#8883=CARTESIAN_POINT('Ctrl Pts',(108.572895563441,-61.2301753390413,-6.1182668818059));
#8884=CARTESIAN_POINT('Ctrl Pts',(108.654190416801,-62.4260575139757,-6.16946471533169));
#8885=CARTESIAN_POINT('Ctrl Pts',(108.675735931288,-63.4669834434727,-6.17573593128807));
#8886=CARTESIAN_POINT('Ctrl Pts',(108.675735931288,-64.0640110082964,-6.17573593128807));
#8887=CARTESIAN_POINT('Ctrl Pts',(108.556996804902,-60.0336447978588,-6.03764618386058));
#8888=CARTESIAN_POINT('Ctrl Pts',(108.550708170646,-60.1995870748321,-6.05539276512299));
#8889=CARTESIAN_POINT('Ctrl Pts',(108.545239194751,-60.5520512898896,-6.09194850876619));
#8890=CARTESIAN_POINT('Ctrl Pts',(108.5642700663,-61.2394201028053,-6.14841449519058));
#8891=CARTESIAN_POINT('Ctrl Pts',(108.63453078584,-62.4347822268942,-6.19789556669788));
#8892=CARTESIAN_POINT('Ctrl Pts',(108.643978903742,-63.4286224047692,-6.20749295883401));
#8893=CARTESIAN_POINT('Ctrl Pts',(108.638711906803,-64.0640110082964,-6.21275995577272));
#8894=CARTESIAN_POINT('Ctrl Pts',(108.52762946403,-60.0334023051819,-6.11023375365859));
#8895=CARTESIAN_POINT('Ctrl Pts',(108.524511320005,-60.1988550609283,-6.12658037580853));
#8896=CARTESIAN_POINT('Ctrl Pts',(108.52472138573,-60.5659095024844,-6.16107551625945));
#8897=CARTESIAN_POINT('Ctrl Pts',(108.55102573546,-61.3157333393924,-6.21921262405161));
#8898=CARTESIAN_POINT('Ctrl Pts',(108.593393772071,-62.4447111538922,-6.26521786035916));
#8899=CARTESIAN_POINT('Ctrl Pts',(108.583805441308,-63.3915280357465,-6.28160936793998));
#8900=CARTESIAN_POINT('Ctrl Pts',(108.574415588999,-64.0640110082964,-6.29655279806423));
#8901=CARTESIAN_POINT('Ctrl Pts',(108.517387863965,-60.036433265513,-6.29608112022991));
#8902=CARTESIAN_POINT('Ctrl Pts',(108.5174037372,-60.231267780544,-6.31416206276408));
#8903=CARTESIAN_POINT('Ctrl Pts',(108.521354593734,-60.6442522993555,-6.34953318602347));
#8904=CARTESIAN_POINT('Ctrl Pts',(108.530791914669,-61.43232034224,-6.38668894462237));
#8905=CARTESIAN_POINT('Ctrl Pts',(108.527065294771,-62.5216953241259,-6.40402559765906));
#8906=CARTESIAN_POINT('Ctrl Pts',(108.517713097208,-63.5078448896058,-6.42571904409914));
#8907=CARTESIAN_POINT('Ctrl Pts',(108.513786124674,-64.0640110082964,-6.44292527311613));
#8908=CARTESIAN_POINT('Ctrl Pts',(108.5,-60.0369411622533,-6.49528024488034));
#8909=CARTESIAN_POINT('Ctrl Pts',(108.5,-60.2791727015536,-6.50145091562778));
#8910=CARTESIAN_POINT('Ctrl Pts',(108.5,-60.8070740360875,-6.50918861832992));
#8911=CARTESIAN_POINT('Ctrl Pts',(108.5,-61.7587916286692,-6.51617236179887));
#8912=CARTESIAN_POINT('Ctrl Pts',(108.5,-62.8527326406445,-6.52773674171023));
#8913=CARTESIAN_POINT('Ctrl Pts',(108.5,-63.6517171073428,-6.54019146393646));
#8914=CARTESIAN_POINT('Ctrl Pts',(108.5,-64.0640110082964,-6.54764012244017));
#8915=CARTESIAN_POINT('Ctrl Pts',(108.5,-60.0369411622533,-6.6));
#8916=CARTESIAN_POINT('Ctrl Pts',(108.5,-60.3725303160902,-6.6));
#8917=CARTESIAN_POINT('Ctrl Pts',(108.5,-61.0437086237641,-6.6));
#8918=CARTESIAN_POINT('Ctrl Pts',(108.5,-62.0504760852749,-6.6));
#8919=CARTESIAN_POINT('Ctrl Pts',(108.5,-63.0572435467856,-6.6));
#8920=CARTESIAN_POINT('Ctrl Pts',(108.5,-63.7284218544595,-6.6));
#8921=CARTESIAN_POINT('Ctrl Pts',(108.5,-64.0640110082964,-6.6));
#8922=CARTESIAN_POINT('',(108.5,-60.0369411622533,-6.6));
#8923=CARTESIAN_POINT('Ctrl Pts',(108.570882716044,-60.0340392063723,-6.));
#8924=CARTESIAN_POINT('Ctrl Pts',(108.556996804902,-60.0336447978588,-6.03764618386058));
#8925=CARTESIAN_POINT('Ctrl Pts',(108.52762946403,-60.0334023051819,-6.11023375365859));
#8926=CARTESIAN_POINT('Ctrl Pts',(108.517387863965,-60.036433265513,-6.29608112022991));
#8927=CARTESIAN_POINT('Ctrl Pts',(108.5,-60.0369411622533,-6.49528024488034));
#8928=CARTESIAN_POINT('Ctrl Pts',(108.5,-60.0369411622533,-6.6));
#8929=CARTESIAN_POINT('',(108.5,-64.0640110082964,-6.6));
#8930=CARTESIAN_POINT('',(108.5,-60.0369411622533,-6.6));
#8931=CARTESIAN_POINT('Origin',(109.1,-64.0640110082964,-6.6));
#8932=CARTESIAN_POINT('Ctrl Pts',(108.570882716044,-60.0340392063723,-6.));
#8933=CARTESIAN_POINT('Ctrl Pts',(108.556996804902,-60.0336447978588,-6.03764618386058));
#8934=CARTESIAN_POINT('Ctrl Pts',(108.52762946403,-60.0334023051819,-6.11023375365859));
#8935=CARTESIAN_POINT('Ctrl Pts',(108.517387863965,-60.036433265513,-6.29608112022991));
#8936=CARTESIAN_POINT('Ctrl Pts',(108.5,-60.0369411622533,-6.49528024488034));
#8937=CARTESIAN_POINT('Ctrl Pts',(108.5,-60.0369411622533,-6.6));
#8938=CARTESIAN_POINT('Ctrl Pts',(108.563056235708,-59.8615196863048,-6.01996490392021));
#8939=CARTESIAN_POINT('Ctrl Pts',(108.550106681505,-59.8675738767571,-6.05539276512299));
#8940=CARTESIAN_POINT('Ctrl Pts',(108.524276616926,-59.8683627881465,-6.12658037580853));
#8941=CARTESIAN_POINT('Ctrl Pts',(108.517375860897,-59.8419563805509,-6.31416206276408));
#8942=CARTESIAN_POINT('Ctrl Pts',(108.5,-59.7947096229529,-6.50145091562778));
#8943=CARTESIAN_POINT('Ctrl Pts',(108.5,-59.7013520084163,-6.6));
#8944=CARTESIAN_POINT('Ctrl Pts',(108.555341638451,-59.5069622578815,-6.05992398811545));
#8945=CARTESIAN_POINT('Ctrl Pts',(108.543956020898,-59.5147811261855,-6.0919485087662));
#8946=CARTESIAN_POINT('Ctrl Pts',(108.524190388903,-59.5022196253856,-6.16107551625945));
#8947=CARTESIAN_POINT('Ctrl Pts',(108.521279272835,-59.4294180825319,-6.34953318602347));
#8948=CARTESIAN_POINT('Ctrl Pts',(108.5,-59.2668082884191,-6.50918861832992));
#8949=CARTESIAN_POINT('Ctrl Pts',(108.5,-59.0301737007425,-6.6));
#8950=CARTESIAN_POINT('Ctrl Pts',(108.570835672737,-58.8359005247017,-6.1182668818059));
#8951=CARTESIAN_POINT('Ctrl Pts',(108.562920291285,-58.8276575797823,-6.14841449519058));
#8952=CARTESIAN_POINT('Ctrl Pts',(108.550612380179,-58.7537334615711,-6.21921262405161));
#8953=CARTESIAN_POINT('Ctrl Pts',(108.530710236966,-58.6414895398141,-6.38668894462236));
#8954=CARTESIAN_POINT('Ctrl Pts',(108.5,-58.3150906958373,-6.51617236179887));
#8955=CARTESIAN_POINT('Ctrl Pts',(108.5,-58.0234062392317,-6.6));
#8956=CARTESIAN_POINT('Ctrl Pts',(108.6538167605,-57.6397668248213,-6.16946471533169));
#8957=CARTESIAN_POINT('Ctrl Pts',(108.634369797853,-57.6325104232657,-6.19789556669788));
#8958=CARTESIAN_POINT('Ctrl Pts',(108.59332976913,-57.6259411556077,-6.26521786035916));
#8959=CARTESIAN_POINT('Ctrl Pts',(108.527113970652,-57.5524302886796,-6.40402559765906));
#8960=CARTESIAN_POINT('Ctrl Pts',(108.5,-57.221149683862,-6.52773674171023));
#8961=CARTESIAN_POINT('Ctrl Pts',(108.5,-57.0166387777209,-6.6));
#8962=CARTESIAN_POINT('Ctrl Pts',(108.675735931288,-56.6029029440415,-6.17573593128807));
#8963=CARTESIAN_POINT('Ctrl Pts',(108.643978903742,-56.6426803790064,-6.20749295883401));
#8964=CARTESIAN_POINT('Ctrl Pts',(108.583805441308,-56.681744004923,-6.28160936793998));
#8965=CARTESIAN_POINT('Ctrl Pts',(108.517713097207,-56.5660911076305,-6.42571904409914));
#8966=CARTESIAN_POINT('Ctrl Pts',(108.5,-56.4221652171638,-6.54019146393646));
#8967=CARTESIAN_POINT('Ctrl Pts',(108.5,-56.345460470047,-6.6));
#8968=CARTESIAN_POINT('Ctrl Pts',(108.675735931288,-56.0098713162101,-6.17573593128807));
#8969=CARTESIAN_POINT('Ctrl Pts',(108.638711906803,-56.0098713162101,-6.21275995577272));
#8970=CARTESIAN_POINT('Ctrl Pts',(108.574415588999,-56.0098713162101,-6.29655279806422));
#8971=CARTESIAN_POINT('Ctrl Pts',(108.513786124674,-56.0098713162101,-6.44292527311613));
#8972=CARTESIAN_POINT('Ctrl Pts',(108.5,-56.0098713162101,-6.54764012244017));
#8973=CARTESIAN_POINT('Ctrl Pts',(108.5,-56.0098713162101,-6.6));
#8974=CARTESIAN_POINT('',(108.675735931288,-56.0098713162101,-6.17573593128807));
#8975=CARTESIAN_POINT('Ctrl Pts',(108.570882716044,-60.0340392063723,-6.));
#8976=CARTESIAN_POINT('Ctrl Pts',(108.563056235708,-59.8615196863048,-6.01996490392021));
#8977=CARTESIAN_POINT('Ctrl Pts',(108.555341638451,-59.5069622578815,-6.05992398811545));
#8978=CARTESIAN_POINT('Ctrl Pts',(108.570835672737,-58.8359005247017,-6.1182668818059));
#8979=CARTESIAN_POINT('Ctrl Pts',(108.6538167605,-57.6397668248213,-6.16946471533169));
#8980=CARTESIAN_POINT('Ctrl Pts',(108.675735931288,-56.6029029440415,-6.17573593128807));
#8981=CARTESIAN_POINT('Ctrl Pts',(108.675735931288,-56.0098713162101,-6.17573593128807));
#8982=CARTESIAN_POINT('',(108.5,-56.0098713162101,-6.6));
#8983=CARTESIAN_POINT('Origin',(109.1,-56.0098713162101,-6.6));
#8984=CARTESIAN_POINT('',(108.5,-60.0369411622533,-6.6));
#8985=CARTESIAN_POINT('Ctrl Pts',(108.570882716044,-60.0340392063723,-6.));
#8986=CARTESIAN_POINT('Ctrl Pts',(108.563056235708,-59.8615196863048,-6.01996490392021));
#8987=CARTESIAN_POINT('Ctrl Pts',(108.555341638451,-59.5069622578815,-6.05992398811545));
#8988=CARTESIAN_POINT('Ctrl Pts',(108.570835672737,-58.8359005247017,-6.1182668818059));
#8989=CARTESIAN_POINT('Ctrl Pts',(108.6538167605,-57.6397668248213,-6.16946471533169));
#8990=CARTESIAN_POINT('Ctrl Pts',(108.675735931288,-56.6029029440415,-6.17573593128807));
#8991=CARTESIAN_POINT('Ctrl Pts',(108.675735931288,-56.0098713162101,-6.17573593128807));
#8992=CARTESIAN_POINT('Ctrl Pts',(108.570228834764,-59.7903555677039,-6.));
#8993=CARTESIAN_POINT('Ctrl Pts',(108.566313395014,-59.6309082243474,-6.01927575942227));
#8994=CARTESIAN_POINT('Ctrl Pts',(108.564627369978,-59.2909347774207,-6.05683370962776));
#8995=CARTESIAN_POINT('Ctrl Pts',(108.589976007447,-58.623903701452,-6.10902721193756));
#8996=CARTESIAN_POINT('Ctrl Pts',(108.678130298396,-57.4471582464192,-6.15068802977792));
#8997=CARTESIAN_POINT('Ctrl Pts',(108.699553701948,-56.5031804202348,-6.15191816062862));
#8998=CARTESIAN_POINT('Ctrl Pts',(108.703503949652,-56.0098713162101,-6.14796791292458));
#8999=CARTESIAN_POINT('Ctrl Pts',(108.584262533114,-59.2971171371813,-6.));
#9000=CARTESIAN_POINT('Ctrl Pts',(108.585834808911,-59.1547473909757,-6.01721052718185));
#9001=CARTESIAN_POINT('Ctrl Pts',(108.594456657916,-58.8361000791748,-6.04922662381538));
#9002=CARTESIAN_POINT('Ctrl Pts',(108.640323639504,-58.1698516483811,-6.08845206662576));
#9003=CARTESIAN_POINT('Ctrl Pts',(108.733348610445,-57.057899058185,-6.11332560582578));
#9004=CARTESIAN_POINT('Ctrl Pts',(108.753113789554,-56.3283622358527,-6.10618092422402));
#9005=CARTESIAN_POINT('Ctrl Pts',(108.76450897684,-56.0098713162101,-6.09790245100957));
#9006=CARTESIAN_POINT('Ctrl Pts',(108.658003603815,-58.4387570959595,-6.));
#9007=CARTESIAN_POINT('Ctrl Pts',(108.670065206173,-58.2981146433524,-6.01198441444122));
#9008=CARTESIAN_POINT('Ctrl Pts',(108.700054609044,-57.9742558217847,-6.03227801561587));
#9009=CARTESIAN_POINT('Ctrl Pts',(108.768166352908,-57.3203704870494,-6.05274664912782));
#9010=CARTESIAN_POINT('Ctrl Pts',(108.835548510812,-56.5081445188725,-6.05990480365934));
#9011=CARTESIAN_POINT('Ctrl Pts',(108.852010846137,-56.1614759298677,-6.04909873100727));
#9012=CARTESIAN_POINT('Ctrl Pts',(108.868909817713,-56.0098713162101,-6.04209894779046));
#9013=CARTESIAN_POINT('Ctrl Pts',(108.907333271625,-57.0622591847572,-6.));
#9014=CARTESIAN_POINT('Ctrl Pts',(108.912818311054,-56.9734221146537,-6.00506721354076));
#9015=CARTESIAN_POINT('Ctrl Pts',(108.92305641826,-56.7842610097828,-6.01259461051502));
#9016=CARTESIAN_POINT('Ctrl Pts',(108.941886041444,-56.4641777107232,-6.01763419995079));
#9017=CARTESIAN_POINT('Ctrl Pts',(108.951204781182,-56.2087326450552,-6.01465255158362));
#9018=CARTESIAN_POINT('Ctrl Pts',(108.968280017045,-56.0769284875775,-6.00993929044289));
#9019=CARTESIAN_POINT('Ctrl Pts',(108.982191395795,-56.0098713162101,-6.00773544078798));
#9020=CARTESIAN_POINT('Ctrl Pts',(109.108649409596,-56.463415541896,-6.));
#9021=CARTESIAN_POINT('Ctrl Pts',(109.095178872847,-56.4386268879185,-6.));
#9022=CARTESIAN_POINT('Ctrl Pts',(109.074228065413,-56.3723083077496,-6.));
#9023=CARTESIAN_POINT('Ctrl Pts',(109.053897288898,-56.2467827218814,-6.));
#9024=CARTESIAN_POINT('Ctrl Pts',(109.046710766598,-56.121372829156,-6.));
#9025=CARTESIAN_POINT('Ctrl Pts',(109.055143597952,-56.0453945019203,-6.));
#9026=CARTESIAN_POINT('Ctrl Pts',(109.06073009183,-56.0098713162101,-6.));
#9027=CARTESIAN_POINT('Ctrl Pts',(109.208922596088,-56.2239350714632,-6.));
#9028=CARTESIAN_POINT('Ctrl Pts',(109.190106839695,-56.2149082397409,-6.));
#9029=CARTESIAN_POINT('Ctrl Pts',(109.154531041847,-56.1899330102863,-6.));
#9030=CARTESIAN_POINT('Ctrl Pts',(109.117469618124,-56.1380664865293,-6.));
#9031=CARTESIAN_POINT('Ctrl Pts',(109.100354078308,-56.0766029103272,-6.));
#9032=CARTESIAN_POINT('Ctrl Pts',(109.1,-56.0324013825187,-6.));
#9033=CARTESIAN_POINT('Ctrl Pts',(109.1,-56.0098713162101,-6.));
#9034=CARTESIAN_POINT('',(109.208922596088,-56.2239350714632,-6.));
#9035=CARTESIAN_POINT('Ctrl Pts',(108.570882716044,-60.0340392063723,-6.));
#9036=CARTESIAN_POINT('Ctrl Pts',(108.570228834764,-59.7903555677039,-6.));
#9037=CARTESIAN_POINT('Ctrl Pts',(108.584262533114,-59.2971171371813,-6.));
#9038=CARTESIAN_POINT('Ctrl Pts',(108.658003603815,-58.4387570959595,-6.));
#9039=CARTESIAN_POINT('Ctrl Pts',(108.907333271625,-57.0622591847572,-6.));
#9040=CARTESIAN_POINT('Ctrl Pts',(109.108649409596,-56.463415541896,-6.));
#9041=CARTESIAN_POINT('Ctrl Pts',(109.208922596088,-56.2239350714632,-6.));
#9042=CARTESIAN_POINT('',(109.1,-56.0098713162101,-6.));
#9043=CARTESIAN_POINT('Ctrl Pts',(109.208922596088,-56.2239350714632,-6.));
#9044=CARTESIAN_POINT('Ctrl Pts',(109.199502477563,-56.2194157833223,-6.));
#9045=CARTESIAN_POINT('Ctrl Pts',(109.190369017161,-56.2140352126984,-6.));
#9046=CARTESIAN_POINT('Ctrl Pts',(109.18168308182,-56.2079133241371,-6.));
#9047=CARTESIAN_POINT('Ctrl Pts',(109.17409417474,-56.2025646263152,-6.));
#9048=CARTESIAN_POINT('Ctrl Pts',(109.166846789886,-56.1966512117924,-6.));
#9049=CARTESIAN_POINT('Ctrl Pts',(109.160088701179,-56.1902704828535,-6.));
#9050=CARTESIAN_POINT('Ctrl Pts',(109.154203610213,-56.1847140049987,-6.));
#9051=CARTESIAN_POINT('Ctrl Pts',(109.148694460765,-56.1788047515571,-6.));
#9052=CARTESIAN_POINT('Ctrl Pts',(109.143626602181,-56.1725873372445,-6.));
#9053=CARTESIAN_POINT('Ctrl Pts',(109.137713190091,-56.1653325702945,-6.));
#9054=CARTESIAN_POINT('Ctrl Pts',(109.132400469084,-56.1576562100812,-6.));
#9055=CARTESIAN_POINT('Ctrl Pts',(109.127723747037,-56.1496122875407,-6.));
#9056=CARTESIAN_POINT('Ctrl Pts',(109.12316810485,-56.1417766213388,-6.));
#9057=CARTESIAN_POINT('Ctrl Pts',(109.11921376462,-56.1335895159865,-6.));
#9058=CARTESIAN_POINT('Ctrl Pts',(109.115854810276,-56.1251237069915,-6.));
#9059=CARTESIAN_POINT('Ctrl Pts',(109.112681690402,-56.1171262696885,-6.));
#9060=CARTESIAN_POINT('Ctrl Pts',(109.110039893492,-56.1088829512774,-6.));
#9061=CARTESIAN_POINT('Ctrl Pts',(109.107911048857,-56.1004898681976,-6.));
#9062=CARTESIAN_POINT('Ctrl Pts',(109.106059898197,-56.0931916083641,-6.));
#9063=CARTESIAN_POINT('Ctrl Pts',(109.104597025432,-56.0857798779317,-6.));
#9064=CARTESIAN_POINT('Ctrl Pts',(109.103474648449,-56.0782670710521,-6.));
#9065=CARTESIAN_POINT('Ctrl Pts',(109.102257281375,-56.0701184330639,-6.));
#9066=CARTESIAN_POINT('Ctrl Pts',(109.101440921979,-56.0618472694901,-6.));
#9067=CARTESIAN_POINT('Ctrl Pts',(109.10091696476,-56.0534488585848,-6.));
#9068=CARTESIAN_POINT('Ctrl Pts',(109.100473374175,-56.0463386292334,-6.));
#9069=CARTESIAN_POINT('Ctrl Pts',(109.100238459945,-56.0391353973222,-6.));
#9070=CARTESIAN_POINT('Ctrl Pts',(109.100120138555,-56.0318585469067,-6.));
#9071=CARTESIAN_POINT('Ctrl Pts',(109.100009582444,-56.0250592666521,-6.));
#9072=CARTESIAN_POINT('Ctrl Pts',(109.100000538672,-56.018194671661,-6.));
#9073=CARTESIAN_POINT('Ctrl Pts',(109.100000035383,-56.0113199761593,-6.));
#9074=CARTESIAN_POINT('Ctrl Pts',(109.100000000033,-56.0108371089565,-6.));
#9075=CARTESIAN_POINT('Ctrl Pts',(109.1,-56.0103542126438,-6.));
#9076=CARTESIAN_POINT('Ctrl Pts',(109.1,-56.0098713162101,-6.));
#9077=CARTESIAN_POINT('Origin',(109.1,-56.0098713162101,-6.6));
#9078=CARTESIAN_POINT('Ctrl Pts',(113.534006683443,-55.0709353487172,-6.));
#9079=CARTESIAN_POINT('Ctrl Pts',(113.419022117038,-55.0657095188659,-6.0133099359468));
#9080=CARTESIAN_POINT('Ctrl Pts',(113.186806394045,-55.0586001293132,-6.03992999306142));
#9081=CARTESIAN_POINT('Ctrl Pts',(112.787629171926,-55.0599258063917,-6.07946188568378));
#9082=CARTESIAN_POINT('Ctrl Pts',(112.280816519414,-55.0781017373067,-6.11771061693976));
#9083=CARTESIAN_POINT('Ctrl Pts',(111.579861848189,-55.1203578075506,-6.15215187722795));
#9084=CARTESIAN_POINT('Ctrl Pts',(110.586718096741,-55.1719730930162,-6.17406886229527));
#9085=CARTESIAN_POINT('Ctrl Pts',(109.905225734764,-55.1757359312881,-6.17573593128807));
#9086=CARTESIAN_POINT('Ctrl Pts',(109.50987131621,-55.1757359312881,-6.17573593128807));
#9087=CARTESIAN_POINT('Ctrl Pts',(113.533771469729,-55.060510274523,-6.02823463789543));
#9088=CARTESIAN_POINT('Ctrl Pts',(113.422014654553,-55.0557434247034,-6.04043541251334));
#9089=CARTESIAN_POINT('Ctrl Pts',(113.19221753441,-55.0495492745663,-6.06520939145639));
#9090=CARTESIAN_POINT('Ctrl Pts',(112.78972035947,-55.0522151003358,-6.10294857892335));
#9091=CARTESIAN_POINT('Ctrl Pts',(112.27660426771,-55.0708360130652,-6.14027334604765));
#9092=CARTESIAN_POINT('Ctrl Pts',(111.570095196507,-55.1101575827957,-6.17419863672352));
#9093=CARTESIAN_POINT('Ctrl Pts',(110.605203321333,-55.1512173441616,-6.19610306592555));
#9094=CARTESIAN_POINT('Ctrl Pts',(109.925114452247,-55.1506014113939,-6.2008704511822));
#9095=CARTESIAN_POINT('Ctrl Pts',(109.50987131621,-55.1479679129246,-6.20350394965156));
#9096=CARTESIAN_POINT('Ctrl Pts',(113.533734065393,-55.0399305272626,-6.08520578818471));
#9097=CARTESIAN_POINT('Ctrl Pts',(113.424280829746,-55.0366918611881,-6.09638275988684));
#9098=CARTESIAN_POINT('Ctrl Pts',(113.193328938094,-55.0332974389465,-6.119360615808));
#9099=CARTESIAN_POINT('Ctrl Pts',(112.777174875176,-55.0391934769492,-6.15532278458097));
#9100=CARTESIAN_POINT('Ctrl Pts',(112.245343393369,-55.0582407505696,-6.19164899938687));
#9101=CARTESIAN_POINT('Ctrl Pts',(111.535118542034,-55.0891861655643,-6.22411693897213));
#9102=CARTESIAN_POINT('Ctrl Pts',(110.635301680486,-55.1105746014099,-6.24609119703276));
#9103=CARTESIAN_POINT('Ctrl Pts',(109.949992286354,-55.1034214331526,-6.25691218531595));
#9104=CARTESIAN_POINT('Ctrl Pts',(109.50987131621,-55.0979024510096,-6.26450897683986));
#9105=CARTESIAN_POINT('Ctrl Pts',(113.534595006582,-55.0177124273851,-6.19282208316316));
#9106=CARTESIAN_POINT('Ctrl Pts',(113.414768397718,-55.0169435089939,-6.20433177547448));
#9107=CARTESIAN_POINT('Ctrl Pts',(113.159501400163,-55.017953812898,-6.22791628884388));
#9108=CARTESIAN_POINT('Ctrl Pts',(112.708932511126,-55.0266527508027,-6.26369086010155));
#9109=CARTESIAN_POINT('Ctrl Pts',(112.160476894514,-55.0408004228173,-6.29677141835993));
#9110=CARTESIAN_POINT('Ctrl Pts',(111.474997762641,-55.0543074012749,-6.32237662478775));
#9111=CARTESIAN_POINT('Ctrl Pts',(110.628187294716,-55.0553510602252,-6.34180279741222));
#9112=CARTESIAN_POINT('Ctrl Pts',(109.925273021392,-55.046765469935,-6.35764383666211));
#9113=CARTESIAN_POINT('Ctrl Pts',(109.50987131621,-55.0420989477904,-6.36890981771258));
#9114=CARTESIAN_POINT('Ctrl Pts',(113.536964948209,-55.0160859115002,-6.37510923264286));
#9115=CARTESIAN_POINT('Ctrl Pts',(113.399297530295,-55.015714731063,-6.38453918649066));
#9116=CARTESIAN_POINT('Ctrl Pts',(113.110992673592,-55.0160182743937,-6.40200486757698));
#9117=CARTESIAN_POINT('Ctrl Pts',(112.614156623776,-55.0178089793877,-6.42214104664783));
#9118=CARTESIAN_POINT('Ctrl Pts',(112.022289914895,-55.0188398159859,-6.43532222865063));
#9119=CARTESIAN_POINT('Ctrl Pts',(111.310412510371,-55.0169043164086,-6.44468704964743));
#9120=CARTESIAN_POINT('Ctrl Pts',(110.480738567007,-55.0120841523685,-6.45748443049901));
#9121=CARTESIAN_POINT('Ctrl Pts',(109.844150458984,-55.0092046738913,-6.47291714329512));
#9122=CARTESIAN_POINT('Ctrl Pts',(109.50987131621,-55.007735440788,-6.48219139579547));
#9123=CARTESIAN_POINT('Ctrl Pts',(113.536941162253,-55.,-6.52146018366026));
#9124=CARTESIAN_POINT('Ctrl Pts',(113.359893866964,-55.,-6.52454551903398));
#9125=CARTESIAN_POINT('Ctrl Pts',(112.991531974055,-55.,-6.52920282809603));
#9126=CARTESIAN_POINT('Ctrl Pts',(112.388062817738,-55.,-6.53355205222853));
#9127=CARTESIAN_POINT('Ctrl Pts',(111.732248469546,-55.,-6.53746619039515));
#9128=CARTESIAN_POINT('Ctrl Pts',(111.029293229648,-55.,-6.5427942916176));
#9129=CARTESIAN_POINT('Ctrl Pts',(110.287578049069,-55.,-6.55040286433811));
#9130=CARTESIAN_POINT('Ctrl Pts',(109.771949792326,-55.,-6.55700576257827));
#9131=CARTESIAN_POINT('Ctrl Pts',(109.50987131621,-55.,-6.56073009183013));
#9132=CARTESIAN_POINT('Ctrl Pts',(113.536941162253,-55.,-6.6));
#9133=CARTESIAN_POINT('Ctrl Pts',(113.313215059695,-55.,-6.6));
#9134=CARTESIAN_POINT('Ctrl Pts',(112.865762854579,-55.,-6.6));
#9135=CARTESIAN_POINT('Ctrl Pts',(112.194584546906,-55.,-6.6));
#9136=CARTESIAN_POINT('Ctrl Pts',(111.523406239232,-55.,-6.6));
#9137=CARTESIAN_POINT('Ctrl Pts',(110.852227931558,-55.,-6.6));
#9138=CARTESIAN_POINT('Ctrl Pts',(110.181049623884,-55.,-6.6));
#9139=CARTESIAN_POINT('Ctrl Pts',(109.733597418768,-55.,-6.6));
#9140=CARTESIAN_POINT('Ctrl Pts',(109.50987131621,-55.,-6.6));
#9141=CARTESIAN_POINT('',(113.534006683443,-55.0709353487172,-6.));
#9142=CARTESIAN_POINT('',(109.50987131621,-55.1757359312881,-6.17573593128807));
#9143=CARTESIAN_POINT('Ctrl Pts',(113.534006683443,-55.0709353487172,-6.));
#9144=CARTESIAN_POINT('Ctrl Pts',(113.419022117038,-55.0657095188659,-6.0133099359468));
#9145=CARTESIAN_POINT('Ctrl Pts',(113.186806394045,-55.0586001293132,-6.03992999306142));
#9146=CARTESIAN_POINT('Ctrl Pts',(112.787629171926,-55.0599258063917,-6.07946188568378));
#9147=CARTESIAN_POINT('Ctrl Pts',(112.280816519414,-55.0781017373067,-6.11771061693976));
#9148=CARTESIAN_POINT('Ctrl Pts',(111.579861848189,-55.1203578075506,-6.15215187722795));
#9149=CARTESIAN_POINT('Ctrl Pts',(110.586718096741,-55.1719730930162,-6.17406886229527));
#9150=CARTESIAN_POINT('Ctrl Pts',(109.905225734764,-55.1757359312881,-6.17573593128807));
#9151=CARTESIAN_POINT('Ctrl Pts',(109.50987131621,-55.1757359312881,-6.17573593128807));
#9152=CARTESIAN_POINT('',(113.536941162253,-55.,-6.6));
#9153=CARTESIAN_POINT('Ctrl Pts',(113.534006683443,-55.0709353487172,-6.));
#9154=CARTESIAN_POINT('Ctrl Pts',(113.533771469729,-55.060510274523,-6.02823463789543));
#9155=CARTESIAN_POINT('Ctrl Pts',(113.533734065393,-55.0399305272626,-6.08520578818471));
#9156=CARTESIAN_POINT('Ctrl Pts',(113.534595006582,-55.0177124273851,-6.19282208316316));
#9157=CARTESIAN_POINT('Ctrl Pts',(113.536964948209,-55.0160859115002,-6.37510923264286));
#9158=CARTESIAN_POINT('Ctrl Pts',(113.536941162253,-55.,-6.52146018366026));
#9159=CARTESIAN_POINT('Ctrl Pts',(113.536941162253,-55.,-6.6));
#9160=CARTESIAN_POINT('',(109.50987131621,-55.,-6.6));
#9161=CARTESIAN_POINT('',(113.536941162253,-55.,-6.6));
#9162=CARTESIAN_POINT('Origin',(109.50987131621,-55.6,-6.6));
#9163=CARTESIAN_POINT('Ctrl Pts',(113.534006683443,-55.0709353487172,-6.));
#9164=CARTESIAN_POINT('Ctrl Pts',(113.533771469729,-55.060510274523,-6.02823463789543));
#9165=CARTESIAN_POINT('Ctrl Pts',(113.533734065393,-55.0399305272626,-6.08520578818471));
#9166=CARTESIAN_POINT('Ctrl Pts',(113.534595006582,-55.0177124273851,-6.19282208316316));
#9167=CARTESIAN_POINT('Ctrl Pts',(113.536964948209,-55.0160859115002,-6.37510923264286));
#9168=CARTESIAN_POINT('Ctrl Pts',(113.536941162253,-55.,-6.52146018366026));
#9169=CARTESIAN_POINT('Ctrl Pts',(113.536941162253,-55.,-6.6));
#9170=CARTESIAN_POINT('Ctrl Pts',(113.648769488232,-55.066332324359,-6.0133099359468));
#9171=CARTESIAN_POINT('Ctrl Pts',(113.645460658095,-55.0562091945744,-6.04043541251334));
#9172=CARTESIAN_POINT('Ctrl Pts',(113.643294824776,-55.0369089449422,-6.09638275988684));
#9173=CARTESIAN_POINT('Ctrl Pts',(113.654733948044,-55.0170258809594,-6.20433177547448));
#9174=CARTESIAN_POINT('Ctrl Pts',(113.674721014839,-55.0157325230251,-6.38453918649066));
#9175=CARTESIAN_POINT('Ctrl Pts',(113.713988457543,-55.,-6.52454551903398));
#9176=CARTESIAN_POINT('Ctrl Pts',(113.760667264811,-55.,-6.6));
#9177=CARTESIAN_POINT('Ctrl Pts',(113.880590887016,-55.0600911363272,-6.03992999306142));
#9178=CARTESIAN_POINT('Ctrl Pts',(113.875128830003,-55.0506483315181,-6.06520939145639));
#9179=CARTESIAN_POINT('Ctrl Pts',(113.874416925345,-55.0338102413911,-6.119360615808));
#9180=CARTESIAN_POINT('Ctrl Pts',(113.910597841402,-55.0181816039276,-6.22791628884388));
#9181=CARTESIAN_POINT('Ctrl Pts',(113.963130828623,-55.0160581749515,-6.40200486757698));
#9182=CARTESIAN_POINT('Ctrl Pts',(114.082350350452,-55.,-6.52920282809603));
#9183=CARTESIAN_POINT('Ctrl Pts',(114.208119469927,-55.,-6.6));
#9184=CARTESIAN_POINT('Ctrl Pts',(114.279231888837,-55.0618254870486,-6.07946188568378));
#9185=CARTESIAN_POINT('Ctrl Pts',(114.277402020027,-55.0535891090109,-6.10294857892336));
#9186=CARTESIAN_POINT('Ctrl Pts',(114.290753539647,-55.039934221521,-6.15532278458098));
#9187=CARTESIAN_POINT('Ctrl Pts',(114.362007173509,-55.02698936492,-6.26369086010155));
#9188=CARTESIAN_POINT('Ctrl Pts',(114.4599598747,-55.0178440024487,-6.42214104664783));
#9189=CARTESIAN_POINT('Ctrl Pts',(114.685819506769,-55.,-6.53355205222853));
#9190=CARTESIAN_POINT('Ctrl Pts',(114.879297777601,-55.,-6.6));
#9191=CARTESIAN_POINT('Ctrl Pts',(114.785416596195,-55.0798031467936,-6.11771061693976));
#9192=CARTESIAN_POINT('Ctrl Pts',(114.790166873848,-55.0721287871976,-6.14027334604765));
#9193=CARTESIAN_POINT('Ctrl Pts',(114.822925994298,-55.059033400305,-6.19164899938686));
#9194=CARTESIAN_POINT('Ctrl Pts',(114.911268051929,-55.0410829746225,-6.29677141835993));
#9195=CARTESIAN_POINT('Ctrl Pts',(115.051730951836,-55.0188470373661,-6.43532222865063));
#9196=CARTESIAN_POINT('Ctrl Pts',(115.34163385496,-55.,-6.53746619039514));
#9197=CARTESIAN_POINT('Ctrl Pts',(115.550476085275,-55.,-6.6));
#9198=CARTESIAN_POINT('Ctrl Pts',(115.486085430852,-55.12160241423,-6.15215187722795));
#9199=CARTESIAN_POINT('Ctrl Pts',(115.49694693221,-55.1110941949889,-6.17419863672351));
#9200=CARTESIAN_POINT('Ctrl Pts',(115.534232748012,-55.0896414298861,-6.22411693897213));
#9201=CARTESIAN_POINT('Ctrl Pts',(115.597407248621,-55.0544194015813,-6.32237662478775));
#9202=CARTESIAN_POINT('Ctrl Pts',(115.763559377571,-55.0168833319006,-6.44468704964743));
#9203=CARTESIAN_POINT('Ctrl Pts',(116.044589094858,-55.,-6.5427942916176));
#9204=CARTESIAN_POINT('Ctrl Pts',(116.221654392949,-55.,-6.6));
#9205=CARTESIAN_POINT('Ctrl Pts',(116.481056726964,-55.1720489908686,-6.17406886229527));
#9206=CARTESIAN_POINT('Ctrl Pts',(116.463702857378,-55.1512255231237,-6.19610306592555));
#9207=CARTESIAN_POINT('Ctrl Pts',(116.435668110298,-55.1105441950708,-6.24609119703276));
#9208=CARTESIAN_POINT('Ctrl Pts',(116.445066053031,-55.0553182698134,-6.34180279741223));
#9209=CARTESIAN_POINT('Ctrl Pts',(116.593196618995,-55.0120850791733,-6.45748443049901));
#9210=CARTESIAN_POINT('Ctrl Pts',(116.786304275438,-55.,-6.55040286433811));
#9211=CARTESIAN_POINT('Ctrl Pts',(116.892832700623,-55.,-6.6));
#9212=CARTESIAN_POINT('Ctrl Pts',(117.165992631747,-55.1757359312881,-6.17573593128807));
#9213=CARTESIAN_POINT('Ctrl Pts',(117.146812112396,-55.1506014113939,-6.2008704511822));
#9214=CARTESIAN_POINT('Ctrl Pts',(117.12303369204,-55.1034214331525,-6.25691218531595));
#9215=CARTESIAN_POINT('Ctrl Pts',(117.148482910204,-55.046765469935,-6.35764383666211));
#9216=CARTESIAN_POINT('Ctrl Pts',(117.229741652987,-55.0092046738913,-6.47291714329512));
#9217=CARTESIAN_POINT('Ctrl Pts',(117.30193253218,-55.,-6.55700576257827));
#9218=CARTESIAN_POINT('Ctrl Pts',(117.340284905738,-55.,-6.6));
#9219=CARTESIAN_POINT('Ctrl Pts',(117.564011008296,-55.1757359312881,-6.17573593128807));
#9220=CARTESIAN_POINT('Ctrl Pts',(117.564011008296,-55.1479679129246,-6.20350394965156));
#9221=CARTESIAN_POINT('Ctrl Pts',(117.564011008296,-55.0979024510096,-6.26450897683986));
#9222=CARTESIAN_POINT('Ctrl Pts',(117.564011008296,-55.0420989477905,-6.36890981771259));
#9223=CARTESIAN_POINT('Ctrl Pts',(117.564011008296,-55.007735440788,-6.48219139579547));
#9224=CARTESIAN_POINT('Ctrl Pts',(117.564011008296,-55.,-6.56073009183013));
#9225=CARTESIAN_POINT('Ctrl Pts',(117.564011008296,-55.,-6.6));
#9226=CARTESIAN_POINT('',(117.564011008296,-55.1757359312881,-6.17573593128807));
#9227=CARTESIAN_POINT('Ctrl Pts',(113.534006683443,-55.0709353487172,-6.));
#9228=CARTESIAN_POINT('Ctrl Pts',(113.648769488232,-55.066332324359,-6.0133099359468));
#9229=CARTESIAN_POINT('Ctrl Pts',(113.880590887016,-55.0600911363272,-6.03992999306142));
#9230=CARTESIAN_POINT('Ctrl Pts',(114.279231888837,-55.0618254870486,-6.07946188568378));
#9231=CARTESIAN_POINT('Ctrl Pts',(114.785416596195,-55.0798031467936,-6.11771061693976));
#9232=CARTESIAN_POINT('Ctrl Pts',(115.486085430852,-55.12160241423,-6.15215187722795));
#9233=CARTESIAN_POINT('Ctrl Pts',(116.481056726964,-55.1720489908686,-6.17406886229527));
#9234=CARTESIAN_POINT('Ctrl Pts',(117.165992631747,-55.1757359312881,-6.17573593128807));
#9235=CARTESIAN_POINT('Ctrl Pts',(117.564011008296,-55.1757359312881,-6.17573593128807));
#9236=CARTESIAN_POINT('',(117.564011008296,-55.,-6.6));
#9237=CARTESIAN_POINT('Origin',(117.564011008296,-55.6,-6.6));
#9238=CARTESIAN_POINT('',(113.536941162253,-55.,-6.6));
#9239=CARTESIAN_POINT('Ctrl Pts',(113.534006683443,-55.0709353487172,-6.));
#9240=CARTESIAN_POINT('Ctrl Pts',(113.648769488232,-55.066332324359,-6.0133099359468));
#9241=CARTESIAN_POINT('Ctrl Pts',(113.880590887016,-55.0600911363272,-6.03992999306142));
#9242=CARTESIAN_POINT('Ctrl Pts',(114.279231888837,-55.0618254870486,-6.07946188568378));
#9243=CARTESIAN_POINT('Ctrl Pts',(114.785416596195,-55.0798031467936,-6.11771061693976));
#9244=CARTESIAN_POINT('Ctrl Pts',(115.486085430852,-55.12160241423,-6.15215187722795));
#9245=CARTESIAN_POINT('Ctrl Pts',(116.481056726964,-55.1720489908686,-6.17406886229527));
#9246=CARTESIAN_POINT('Ctrl Pts',(117.165992631747,-55.1757359312881,-6.17573593128807));
#9247=CARTESIAN_POINT('Ctrl Pts',(117.564011008296,-55.1757359312881,-6.17573593128807));
#9248=CARTESIAN_POINT('Ctrl Pts',(113.777690569639,-55.0715959336985,-6.));
#9249=CARTESIAN_POINT('Ctrl Pts',(113.883649140483,-55.0694112490022,-6.01285050628151));
#9250=CARTESIAN_POINT('Ctrl Pts',(114.103282095614,-55.0673184544468,-6.03809646604264));
#9251=CARTESIAN_POINT('Ctrl Pts',(114.493243878306,-55.0748343366755,-6.07436573808134));
#9252=CARTESIAN_POINT('Ctrl Pts',(114.994495454141,-55.0986173627796,-6.10813105460149));
#9253=CARTESIAN_POINT('Ctrl Pts',(115.687907577409,-55.1452860387947,-6.13674063066862));
#9254=CARTESIAN_POINT('Ctrl Pts',(116.625186814924,-55.1948597889049,-6.15261708215534));
#9255=CARTESIAN_POINT('Ctrl Pts',(117.232080066615,-55.2008704511822,-6.15060141139394));
#9256=CARTESIAN_POINT('Ctrl Pts',(117.564011008296,-55.2035039496516,-6.14796791292458));
#9257=CARTESIAN_POINT('Ctrl Pts',(114.270266771673,-55.0882770787064,-6.));
#9258=CARTESIAN_POINT('Ctrl Pts',(114.364712550468,-55.0894368486765,-6.0114736847879));
#9259=CARTESIAN_POINT('Ctrl Pts',(114.567710712105,-55.0939842671505,-6.03333496316164));
#9260=CARTESIAN_POINT('Ctrl Pts',(114.945640197449,-55.1123967472423,-6.06252717010973));
#9261=CARTESIAN_POINT('Ctrl Pts',(115.439088851646,-55.1477043171587,-6.08718865990102));
#9262=CARTESIAN_POINT('Ctrl Pts',(116.106311083298,-55.2015309705635,-6.10507868643039));
#9263=CARTESIAN_POINT('Ctrl Pts',(116.901763447454,-55.2464061733485,-6.11090194865009));
#9264=CARTESIAN_POINT('Ctrl Pts',(117.347919786795,-55.2569121853159,-6.10342143315254));
#9265=CARTESIAN_POINT('Ctrl Pts',(117.564011008296,-55.2645089768399,-6.09790245100958));
#9266=CARTESIAN_POINT('Ctrl Pts',(115.125519924357,-55.1667246152095,-6.));
#9267=CARTESIAN_POINT('Ctrl Pts',(115.218506849325,-55.1743939563696,-6.00798960962748));
#9268=CARTESIAN_POINT('Ctrl Pts',(115.423742746896,-55.1923175315455,-6.02235554483305));
#9269=CARTESIAN_POINT('Ctrl Pts',(115.799720009981,-55.2276933836193,-6.0392658369967));
#9270=CARTESIAN_POINT('Ctrl Pts',(116.254261689484,-55.2715288621276,-6.05151759355556));
#9271=CARTESIAN_POINT('Ctrl Pts',(116.774261699482,-55.3159455356332,-6.05783320456758));
#9272=CARTESIAN_POINT('Ctrl Pts',(117.242012200985,-55.342958089381,-6.05488899628311));
#9273=CARTESIAN_POINT('Ctrl Pts',(117.458802688769,-55.3576438366621,-6.046765469935));
#9274=CARTESIAN_POINT('Ctrl Pts',(117.564011008296,-55.3689098177126,-6.04209894779045));
#9275=CARTESIAN_POINT('Ctrl Pts',(116.492224835988,-55.4230228073081,-6.));
#9276=CARTESIAN_POINT('Ctrl Pts',(116.550899528722,-55.4254035493266,-6.0033781423605));
#9277=CARTESIAN_POINT('Ctrl Pts',(116.673974650896,-55.4297336306782,-6.00895907410289));
#9278=CARTESIAN_POINT('Ctrl Pts',(116.87484936016,-55.4370913909634,-6.01439712141061));
#9279=CARTESIAN_POINT('Ctrl Pts',(117.082914792917,-55.4453880616638,-6.01686450990437));
#9280=CARTESIAN_POINT('Ctrl Pts',(117.270795576542,-55.450941901591,-6.01592880087374));
#9281=CARTESIAN_POINT('Ctrl Pts',(117.414946670195,-55.4578120349958,-6.01214422830338));
#9282=CARTESIAN_POINT('Ctrl Pts',(117.515619840706,-55.4729171432951,-6.00920467389125));
#9283=CARTESIAN_POINT('Ctrl Pts',(117.564011008296,-55.4821913957955,-6.00773544078798));
#9284=CARTESIAN_POINT('Ctrl Pts',(117.088340946388,-55.6293447818373,-6.));
#9285=CARTESIAN_POINT('Ctrl Pts',(117.104660559752,-55.6182448851557,-6.));
#9286=CARTESIAN_POINT('Ctrl Pts',(117.14493663351,-55.5988174152614,-6.));
#9287=CARTESIAN_POINT('Ctrl Pts',(117.221873543437,-55.5760833553828,-6.));
#9288=CARTESIAN_POINT('Ctrl Pts',(117.307871336046,-55.5596504793816,-6.));
#9289=CARTESIAN_POINT('Ctrl Pts',(117.396665325891,-55.5501832094259,-6.));
#9290=CARTESIAN_POINT('Ctrl Pts',(117.481690814922,-55.5505265702771,-6.));
#9291=CARTESIAN_POINT('Ctrl Pts',(117.537285954765,-55.5570057625783,-6.));
#9292=CARTESIAN_POINT('Ctrl Pts',(117.564011008296,-55.5607300918302,-6.));
#9293=CARTESIAN_POINT('Ctrl Pts',(117.327181176862,-55.7323623856262,-6.));
#9294=CARTESIAN_POINT('Ctrl Pts',(117.33301615064,-55.7169723431203,-6.));
#9295=CARTESIAN_POINT('Ctrl Pts',(117.348258737919,-55.6873559359422,-6.));
#9296=CARTESIAN_POINT('Ctrl Pts',(117.379563578095,-55.6504534413952,-6.));
#9297=CARTESIAN_POINT('Ctrl Pts',(117.418434306989,-55.6234445372859,-6.));
#9298=CARTESIAN_POINT('Ctrl Pts',(117.463374009471,-55.6067066530651,-6.));
#9299=CARTESIAN_POINT('Ctrl Pts',(117.511302811841,-55.6000629265473,-6.));
#9300=CARTESIAN_POINT('Ctrl Pts',(117.546327006096,-55.6,-6.));
#9301=CARTESIAN_POINT('Ctrl Pts',(117.564011008296,-55.6,-6.));
#9302=CARTESIAN_POINT('',(117.327181176862,-55.7323623856262,-6.));
#9303=CARTESIAN_POINT('Ctrl Pts',(113.534006683443,-55.0709353487172,-6.));
#9304=CARTESIAN_POINT('Ctrl Pts',(113.777690569639,-55.0715959336985,-6.));
#9305=CARTESIAN_POINT('Ctrl Pts',(114.270266771673,-55.0882770787064,-6.));
#9306=CARTESIAN_POINT('Ctrl Pts',(115.125519924357,-55.1667246152095,-6.));
#9307=CARTESIAN_POINT('Ctrl Pts',(116.492224835988,-55.4230228073081,-6.));
#9308=CARTESIAN_POINT('Ctrl Pts',(117.088340946388,-55.6293447818373,-6.));
#9309=CARTESIAN_POINT('Ctrl Pts',(117.327181176862,-55.7323623856262,-6.));
#9310=CARTESIAN_POINT('',(117.564011008296,-55.6,-6.));
#9311=CARTESIAN_POINT('Ctrl Pts',(117.327181176862,-55.7323623856262,-6.));
#9312=CARTESIAN_POINT('Ctrl Pts',(117.33082693677,-55.7227465069457,-6.));
#9313=CARTESIAN_POINT('Ctrl Pts',(117.335162747928,-55.7133696774501,-6.));
#9314=CARTESIAN_POINT('Ctrl Pts',(117.340111201075,-55.7043709188511,-6.));
#9315=CARTESIAN_POINT('Ctrl Pts',(117.344609811892,-55.6961901982165,-6.));
#9316=CARTESIAN_POINT('Ctrl Pts',(117.349611120203,-55.6883265324761,-6.));
#9317=CARTESIAN_POINT('Ctrl Pts',(117.355051047752,-55.6809015472146,-6.));
#9318=CARTESIAN_POINT('Ctrl Pts',(117.360537759155,-55.6734127064302,-6.));
#9319=CARTESIAN_POINT('Ctrl Pts',(117.36647193785,-55.6663701727021,-6.));
#9320=CARTESIAN_POINT('Ctrl Pts',(117.372823586668,-55.6598456490032,-6.));
#9321=CARTESIAN_POINT('Ctrl Pts',(117.379906570801,-55.6525698849986,-6.));
#9322=CARTESIAN_POINT('Ctrl Pts',(117.387511809703,-55.6459375259983,-6.));
#9323=CARTESIAN_POINT('Ctrl Pts',(117.395604652245,-55.6399910270927,-6.));
#9324=CARTESIAN_POINT('Ctrl Pts',(117.402699855497,-55.6347775785225,-6.));
#9325=CARTESIAN_POINT('Ctrl Pts',(117.410171585133,-55.6300895510071,-6.));
#9326=CARTESIAN_POINT('Ctrl Pts',(117.417967605743,-55.6259356127264,-6.));
#9327=CARTESIAN_POINT('Ctrl Pts',(117.427604881648,-55.6208006020186,-6.));
#9328=CARTESIAN_POINT('Ctrl Pts',(117.437739667003,-55.6164814791092,-6.));
#9329=CARTESIAN_POINT('Ctrl Pts',(117.448168124088,-55.6129861078453,-6.));
#9330=CARTESIAN_POINT('Ctrl Pts',(117.455267644602,-55.6106065170975,-6.));
#9331=CARTESIAN_POINT('Ctrl Pts',(117.462501549855,-55.6086089951211,-6.));
#9332=CARTESIAN_POINT('Ctrl Pts',(117.469858660221,-55.6069674972198,-6.));
#9333=CARTESIAN_POINT('Ctrl Pts',(117.478558530634,-55.6050264064499,-6.));
#9334=CARTESIAN_POINT('Ctrl Pts',(117.487433981,-55.6035841306532,-6.));
#9335=CARTESIAN_POINT('Ctrl Pts',(117.496515340776,-55.6025474004675,-6.));
#9336=CARTESIAN_POINT('Ctrl Pts',(117.504375549315,-55.6016500771965,-6.));
#9337=CARTESIAN_POINT('Ctrl Pts',(117.51239312204,-55.6010555560204,-6.));
#9338=CARTESIAN_POINT('Ctrl Pts',(117.520571705238,-55.6006738011311,-6.));
#9339=CARTESIAN_POINT('Ctrl Pts',(117.52762133521,-55.6003447428279,-6.));
#9340=CARTESIAN_POINT('Ctrl Pts',(117.534791368076,-55.6001732584275,-6.));
#9341=CARTESIAN_POINT('Ctrl Pts',(117.542049973489,-55.6000870960379,-6.));
#9342=CARTESIAN_POINT('Ctrl Pts',(117.549308578902,-55.6000009336482,-6.));
#9343=CARTESIAN_POINT('Ctrl Pts',(117.556657096111,-55.6,-6.));
#9344=CARTESIAN_POINT('Ctrl Pts',(117.564011008296,-55.6,-6.));
#9345=CARTESIAN_POINT('Origin',(117.564011008296,-55.6,-6.6));
#9346=CARTESIAN_POINT('Ctrl Pts',(113.534006683443,-55.0709353487172,-6.));
#9347=CARTESIAN_POINT('Ctrl Pts',(113.777690569639,-55.0715959336985,-6.));
#9348=CARTESIAN_POINT('Ctrl Pts',(114.270266771673,-55.0882770787064,-6.));
#9349=CARTESIAN_POINT('Ctrl Pts',(115.125519924357,-55.1667246152095,-6.));
#9350=CARTESIAN_POINT('Ctrl Pts',(116.492224835988,-55.4230228073081,-6.));
#9351=CARTESIAN_POINT('Ctrl Pts',(117.088340946388,-55.6293447818373,-6.));
#9352=CARTESIAN_POINT('Ctrl Pts',(117.327181176862,-55.7323623856262,-6.));
#9353=CARTESIAN_POINT('Ctrl Pts',(113.648991249848,-55.0761611785685,-5.98669006405319));
#9354=CARTESIAN_POINT('Ctrl Pts',(113.882234241939,-55.0790363705673,-5.98714949371848));
#9355=CARTESIAN_POINT('Ctrl Pts',(114.360348984034,-55.0992357523699,-5.9885263152121));
#9356=CARTESIAN_POINT('Ctrl Pts',(115.212042174745,-55.1856244178804,-5.99201039037252));
#9357=CARTESIAN_POINT('Ctrl Pts',(116.538577181194,-55.4504025030113,-5.9966218576395));
#9358=CARTESIAN_POINT('Ctrl Pts',(117.090786393757,-55.6485385058767,-6.));
#9359=CARTESIAN_POINT('Ctrl Pts',(117.321346203085,-55.7477524281321,-6.));
#9360=CARTESIAN_POINT('Ctrl Pts',(113.876602178025,-55.0899745136106,-5.96007000693859));
#9361=CARTESIAN_POINT('Ctrl Pts',(114.094957091276,-55.0969408773807,-5.96190353395736));
#9362=CARTESIAN_POINT('Ctrl Pts',(114.552220771197,-55.1245187964134,-5.96666503683836));
#9363=CARTESIAN_POINT('Ctrl Pts',(115.402549636732,-55.2299761980379,-5.97764445516695));
#9364=CARTESIAN_POINT('Ctrl Pts',(116.63456941508,-55.5101344207024,-5.99104092589711));
#9365=CARTESIAN_POINT('Ctrl Pts',(117.103605098289,-55.6904305704861,-6.));
#9366=CARTESIAN_POINT('Ctrl Pts',(117.31322886426,-55.7797459514847,-6.));
#9367=CARTESIAN_POINT('Ctrl Pts',(114.255823614029,-55.1232126199764,-5.92053811431622));
#9368=CARTESIAN_POINT('Ctrl Pts',(114.463748543264,-55.1378826206495,-5.92563426191866));
#9369=CARTESIAN_POINT('Ctrl Pts',(114.90680066449,-55.1817136842918,-5.93747282989027));
#9370=CARTESIAN_POINT('Ctrl Pts',(115.747293068717,-55.3271691195343,-5.96073416300329));
#9371=CARTESIAN_POINT('Ctrl Pts',(116.788398143352,-55.6169805560998,-5.98560287858939));
#9372=CARTESIAN_POINT('Ctrl Pts',(117.142038315009,-55.7619910052721,-6.));
#9373=CARTESIAN_POINT('Ctrl Pts',(117.312761027881,-55.828925112381,-6.));
#9374=CARTESIAN_POINT('Ctrl Pts',(114.730916974172,-55.1831870693371,-5.88228938306025));
#9375=CARTESIAN_POINT('Ctrl Pts',(114.933891258978,-55.2095692794713,-5.89186894539852));
#9376=CARTESIAN_POINT('Ctrl Pts',(115.368075178186,-55.2792152823815,-5.91281134009897));
#9377=CARTESIAN_POINT('Ctrl Pts',(116.155578477918,-55.4718385146562,-5.94848240644445));
#9378=CARTESIAN_POINT('Ctrl Pts',(116.946086764204,-55.7416781377994,-5.98313549009563));
#9379=CARTESIAN_POINT('Ctrl Pts',(117.193914955827,-55.8376689361667,-6.));
#9380=CARTESIAN_POINT('Ctrl Pts',(117.323947194613,-55.8768178820755,-6.));
#9381=CARTESIAN_POINT('Ctrl Pts',(115.38942615891,-55.3096650670512,-5.84784812277205));
#9382=CARTESIAN_POINT('Ctrl Pts',(115.583071331432,-55.3562546237367,-5.86325936933138));
#9383=CARTESIAN_POINT('Ctrl Pts',(115.981779771456,-55.4654108730281,-5.89492131356961));
#9384=CARTESIAN_POINT('Ctrl Pts',(116.605560415696,-55.6833095988927,-5.94216679543242));
#9385=CARTESIAN_POINT('Ctrl Pts',(117.086855770491,-55.872149139571,-5.98407119912626));
#9386=CARTESIAN_POINT('Ctrl Pts',(117.253754961932,-55.9091206643814,-6.));
#9387=CARTESIAN_POINT('Ctrl Pts',(117.345730038893,-55.919922157284,-6.));
#9388=CARTESIAN_POINT('Ctrl Pts',(116.29990869952,-55.635763403086,-5.82593113770474));
#9389=CARTESIAN_POINT('Ctrl Pts',(116.427155877388,-55.6916638023602,-5.84738291784466));
#9390=CARTESIAN_POINT('Ctrl Pts',(116.671763040965,-55.8012078195604,-5.8890980513499));
#9391=CARTESIAN_POINT('Ctrl Pts',(116.990303133706,-55.9374484180584,-5.94511100371689));
#9392=CARTESIAN_POINT('Ctrl Pts',(117.200611626296,-55.9853871628729,-5.98785577169662));
#9393=CARTESIAN_POINT('Ctrl Pts',(117.319006472031,-55.9713232914038,-6.));
#9394=CARTESIAN_POINT('Ctrl Pts',(117.37689233333,-55.9586008070146,-6.));
#9395=CARTESIAN_POINT('Ctrl Pts',(116.844452623485,-56.0314554789652,-5.82426406871193));
#9396=CARTESIAN_POINT('Ctrl Pts',(116.903439914908,-56.0539718320563,-5.84939858860606));
#9397=CARTESIAN_POINT('Ctrl Pts',(117.017772205667,-56.0873709093116,-5.89657856684746));
#9398=CARTESIAN_POINT('Ctrl Pts',(117.165436764416,-56.0908583732135,-5.953234530065));
#9399=CARTESIAN_POINT('Ctrl Pts',(117.289081314144,-56.050527811271,-5.99079532610875));
#9400=CARTESIAN_POINT('Ctrl Pts',(117.364981799309,-56.0071332539998,-6.));
#9401=CARTESIAN_POINT('Ctrl Pts',(117.402054435975,-55.9832495842261,-6.));
#9402=CARTESIAN_POINT('Ctrl Pts',(117.118116432363,-56.2989898794669,-5.82426406871193));
#9403=CARTESIAN_POINT('Ctrl Pts',(117.137527763403,-56.2791338206659,-5.85203208707542));
#9404=CARTESIAN_POINT('Ctrl Pts',(117.180173542526,-56.2355109956174,-5.90209754899043));
#9405=CARTESIAN_POINT('Ctrl Pts',(117.253155318051,-56.160857154349,-5.95790105220955));
#9406=CARTESIAN_POINT('Ctrl Pts',(117.332345204202,-56.0798529701091,-5.99226455921202));
#9407=CARTESIAN_POINT('Ctrl Pts',(117.387247956288,-56.0236923559015,-6.));
#9408=CARTESIAN_POINT('Ctrl Pts',(117.414699723908,-55.9956116482497,-6.));
#9409=CARTESIAN_POINT('',(117.118116432363,-56.2989898794669,-5.82426406871193));
#9410=CARTESIAN_POINT('Ctrl Pts',(113.534006683443,-55.0709353487172,-6.));
#9411=CARTESIAN_POINT('Ctrl Pts',(113.648991249848,-55.0761611785685,-5.98669006405319));
#9412=CARTESIAN_POINT('Ctrl Pts',(113.876602178025,-55.0899745136106,-5.96007000693859));
#9413=CARTESIAN_POINT('Ctrl Pts',(114.255823614029,-55.1232126199764,-5.92053811431622));
#9414=CARTESIAN_POINT('Ctrl Pts',(114.730916974172,-55.1831870693371,-5.88228938306025));
#9415=CARTESIAN_POINT('Ctrl Pts',(115.38942615891,-55.3096650670512,-5.84784812277205));
#9416=CARTESIAN_POINT('Ctrl Pts',(116.29990869952,-55.635763403086,-5.82593113770474));
#9417=CARTESIAN_POINT('Ctrl Pts',(116.844452623485,-56.0314554789652,-5.82426406871193));
#9418=CARTESIAN_POINT('Ctrl Pts',(117.118116432363,-56.2989898794669,-5.82426406871193));
#9419=CARTESIAN_POINT('',(117.414699723908,-55.9956116482497,-6.));
#9420=CARTESIAN_POINT('Origin',(117.414699723908,-55.9956116482497,-5.4));
#9421=CARTESIAN_POINT('Ctrl Pts',(117.414699723908,-55.9956116482497,-6.));
#9422=CARTESIAN_POINT('Ctrl Pts',(117.408373427704,-55.9894270458015,-6.));
#9423=CARTESIAN_POINT('Ctrl Pts',(117.402051211315,-55.9832449297283,-6.));
#9424=CARTESIAN_POINT('Ctrl Pts',(117.395886044679,-55.9770384127027,-6.));
#9425=CARTESIAN_POINT('Ctrl Pts',(117.389265441215,-55.9703734041891,-6.));
#9426=CARTESIAN_POINT('Ctrl Pts',(117.382825828233,-55.963679323697,-6.));
#9427=CARTESIAN_POINT('Ctrl Pts',(117.376700851433,-55.9568961135054,-6.));
#9428=CARTESIAN_POINT('Ctrl Pts',(117.370087034521,-55.9495715289811,-6.));
#9429=CARTESIAN_POINT('Ctrl Pts',(117.363839702089,-55.9421413274857,-6.));
#9430=CARTESIAN_POINT('Ctrl Pts',(117.358068090156,-55.9345207364956,-6.));
#9431=CARTESIAN_POINT('Ctrl Pts',(117.352375309639,-55.9270042311544,-6.));
#9432=CARTESIAN_POINT('Ctrl Pts',(117.347144068072,-55.9193006193363,-6.));
#9433=CARTESIAN_POINT('Ctrl Pts',(117.342438004015,-55.9113476280147,-6.));
#9434=CARTESIAN_POINT('Ctrl Pts',(117.338089352088,-55.9039986436788,-6.));
#9435=CARTESIAN_POINT('Ctrl Pts',(117.334188008342,-55.8964357720176,-6.));
#9436=CARTESIAN_POINT('Ctrl Pts',(117.330766055317,-55.8886453398803,-6.));
#9437=CARTESIAN_POINT('Ctrl Pts',(117.327483785155,-55.8811729103148,-6.));
#9438=CARTESIAN_POINT('Ctrl Pts',(117.324641859657,-55.8734903467749,-6.));
#9439=CARTESIAN_POINT('Ctrl Pts',(117.322263759805,-55.8656317170298,-6.));
#9440=CARTESIAN_POINT('Ctrl Pts',(117.319011632353,-55.8548847900235,-6.));
#9441=CARTESIAN_POINT('Ctrl Pts',(117.31662902259,-55.8438157327564,-6.));
#9442=CARTESIAN_POINT('Ctrl Pts',(117.31517366458,-55.8326219166624,-6.));
#9443=CARTESIAN_POINT('Ctrl Pts',(117.31370546709,-55.8213293463265,-6.));
#9444=CARTESIAN_POINT('Ctrl Pts',(117.313181336868,-55.8099091738579,-6.));
#9445=CARTESIAN_POINT('Ctrl Pts',(117.31361779332,-55.7985149959753,-6.));
#9446=CARTESIAN_POINT('Ctrl Pts',(117.314069353874,-55.7867265088194,-6.));
#9447=CARTESIAN_POINT('Ctrl Pts',(117.315549361014,-55.7749633237002,-6.));
#9448=CARTESIAN_POINT('Ctrl Pts',(117.318027115462,-55.7633740307632,-6.));
#9449=CARTESIAN_POINT('Ctrl Pts',(117.320276284655,-55.7528539081275,-6.));
#9450=CARTESIAN_POINT('Ctrl Pts',(117.323346969052,-55.7424753053106,-6.));
#9451=CARTESIAN_POINT('Ctrl Pts',(117.327181176862,-55.7323623856262,-6.));
#9452=CARTESIAN_POINT('Ctrl Pts',(113.534006683443,-55.0709353487172,-6.));
#9453=CARTESIAN_POINT('Ctrl Pts',(113.648991249848,-55.0761611785685,-5.98669006405319));
#9454=CARTESIAN_POINT('Ctrl Pts',(113.876602178025,-55.0899745136106,-5.96007000693859));
#9455=CARTESIAN_POINT('Ctrl Pts',(114.255823614029,-55.1232126199764,-5.92053811431622));
#9456=CARTESIAN_POINT('Ctrl Pts',(114.730916974172,-55.1831870693371,-5.88228938306025));
#9457=CARTESIAN_POINT('Ctrl Pts',(115.38942615891,-55.3096650670512,-5.84784812277205));
#9458=CARTESIAN_POINT('Ctrl Pts',(116.29990869952,-55.635763403086,-5.82593113770474));
#9459=CARTESIAN_POINT('Ctrl Pts',(116.844452623485,-56.0314554789652,-5.82426406871193));
#9460=CARTESIAN_POINT('Ctrl Pts',(117.118116432363,-56.2989898794669,-5.82426406871193));
#9461=CARTESIAN_POINT('Ctrl Pts',(113.534241897157,-55.0813604229114,-5.97176536210456));
#9462=CARTESIAN_POINT('Ctrl Pts',(113.644505361568,-55.0862046637368,-5.95956458748666));
#9463=CARTESIAN_POINT('Ctrl Pts',(113.867232635415,-55.0987892868027,-5.93479060854361));
#9464=CARTESIAN_POINT('Ctrl Pts',(114.247591183065,-55.1297007109226,-5.89705142107664));
#9465=CARTESIAN_POINT('Ctrl Pts',(114.728675074908,-55.1880302489253,-5.85972665395235));
#9466=CARTESIAN_POINT('Ctrl Pts',(115.394560877343,-55.3174389964296,-5.82580136327648));
#9467=CARTESIAN_POINT('Ctrl Pts',(116.279456624697,-55.6452730798725,-5.80389693407445));
#9468=CARTESIAN_POINT('Ctrl Pts',(116.817716921232,-56.0404683573399,-5.7991295488178));
#9469=CARTESIAN_POINT('Ctrl Pts',(117.098705101324,-56.318845938268,-5.79649605034844));
#9470=CARTESIAN_POINT('Ctrl Pts',(113.535173589133,-55.1006492355105,-5.91479421181529));
#9471=CARTESIAN_POINT('Ctrl Pts',(113.640486761987,-55.1042614827461,-5.90361724011316));
#9472=CARTESIAN_POINT('Ctrl Pts',(113.85978852516,-55.113805691211,-5.880639384192));
#9473=CARTESIAN_POINT('Ctrl Pts',(114.249491459328,-55.140132786933,-5.84467721541903));
#9474=CARTESIAN_POINT('Ctrl Pts',(114.749137945174,-55.1970672097587,-5.80835100061314));
#9475=CARTESIAN_POINT('Ctrl Pts',(115.423686648291,-55.3355661839777,-5.77588306102787));
#9476=CARTESIAN_POINT('Ctrl Pts',(116.249145892132,-55.6672844565087,-5.75390880296725));
#9477=CARTESIAN_POINT('Ctrl Pts',(116.777081895975,-56.0667230426407,-5.74308781468405));
#9478=CARTESIAN_POINT('Ctrl Pts',(117.063706663835,-56.3546462155033,-5.73549102316014));
#9479=CARTESIAN_POINT('Ctrl Pts',(113.538127351057,-55.1196487135247,-5.80717791683685));
#9480=CARTESIAN_POINT('Ctrl Pts',(113.649722931282,-55.1176538049643,-5.79566822452552));
#9481=CARTESIAN_POINT('Ctrl Pts',(113.886511505828,-55.115670478623,-5.77208371115612));
#9482=CARTESIAN_POINT('Ctrl Pts',(114.309507123139,-55.1308749901533,-5.73630913989845));
#9483=CARTESIAN_POINT('Ctrl Pts',(114.83734454085,-55.1924890796267,-5.70322858164007));
#9484=CARTESIAN_POINT('Ctrl Pts',(115.501886642915,-55.3620724650035,-5.67762337521225));
#9485=CARTESIAN_POINT('Ctrl Pts',(116.258690656894,-55.7279609926047,-5.65819720258778));
#9486=CARTESIAN_POINT('Ctrl Pts',(116.764493973812,-56.1336484841973,-5.64235616333789));
#9487=CARTESIAN_POINT('Ctrl Pts',(117.024697028363,-56.3945495901957,-5.63109018228741));
#9488=CARTESIAN_POINT('Ctrl Pts',(113.544032677643,-55.0239936503059,-5.62489076735714));
#9489=CARTESIAN_POINT('Ctrl Pts',(113.674188494954,-55.0199751688579,-5.61546081350933));
#9490=CARTESIAN_POINT('Ctrl Pts',(113.949409836066,-55.0209655474369,-5.59799513242303));
#9491=CARTESIAN_POINT('Ctrl Pts',(114.436546499319,-55.0679147989096,-5.57785895335217));
#9492=CARTESIAN_POINT('Ctrl Pts',(115.021751369815,-55.1969031363431,-5.56467777134937));
#9493=CARTESIAN_POINT('Ctrl Pts',(115.689826719805,-55.455703345914,-5.55531295035257));
#9494=CARTESIAN_POINT('Ctrl Pts',(116.368316090872,-55.8607274613157,-5.54251556950099));
#9495=CARTESIAN_POINT('Ctrl Pts',(116.796455740298,-56.2174218714952,-5.52708285670488));
#9496=CARTESIAN_POINT('Ctrl Pts',(117.00067509776,-56.419121880761,-5.51780860420453));
#9497=CARTESIAN_POINT('Ctrl Pts',(113.545657358475,-55.0002084290548,-5.47853981633975));
#9498=CARTESIAN_POINT('Ctrl Pts',(113.721204318605,-55.001805202963,-5.47545448096602));
#9499=CARTESIAN_POINT('Ctrl Pts',(114.088583632724,-55.0216985246422,-5.47079717190397));
#9500=CARTESIAN_POINT('Ctrl Pts',(114.691824237505,-55.1252492839224,-5.46644794777147));
#9501=CARTESIAN_POINT('Ctrl Pts',(115.323241104617,-55.3225314378958,-5.46253380960485));
#9502=CARTESIAN_POINT('Ctrl Pts',(115.940218076699,-55.6147655208586,-5.4572057083824));
#9503=CARTESIAN_POINT('Ctrl Pts',(116.504768802448,-55.9843811851207,-5.44959713566189));
#9504=CARTESIAN_POINT('Ctrl Pts',(116.837332452325,-56.2702554651662,-5.44299423742173));
#9505=CARTESIAN_POINT('Ctrl Pts',(116.995267610632,-56.4246532573658,-5.43926990816987));
#9506=CARTESIAN_POINT('Ctrl Pts',(113.54624663596,-55.0002138797082,-5.4));
#9507=CARTESIAN_POINT('Ctrl Pts',(113.775199541401,-55.002331630631,-5.4));
#9508=CARTESIAN_POINT('Ctrl Pts',(114.233210095832,-55.0381218590996,-5.4));
#9509=CARTESIAN_POINT('Ctrl Pts',(114.902327944583,-55.1847394725824,-5.4));
#9510=CARTESIAN_POINT('Ctrl Pts',(115.528498432298,-55.4144836559066,-5.4));
#9511=CARTESIAN_POINT('Ctrl Pts',(116.090640514826,-55.7088019623515,-5.4));
#9512=CARTESIAN_POINT('Ctrl Pts',(116.579743640134,-56.0471137610077,-5.4));
#9513=CARTESIAN_POINT('Ctrl Pts',(116.861734075897,-56.2941105513041,-5.4));
#9514=CARTESIAN_POINT('Ctrl Pts',(116.995267610632,-56.4246532573658,-5.4));
#9515=CARTESIAN_POINT('',(113.54624663596,-55.0002138797082,-5.4));
#9516=CARTESIAN_POINT('Ctrl Pts',(113.534006683443,-55.0709353487172,-6.));
#9517=CARTESIAN_POINT('Ctrl Pts',(113.534241897157,-55.0813604229114,-5.97176536210456));
#9518=CARTESIAN_POINT('Ctrl Pts',(113.535173589133,-55.1006492355105,-5.91479421181529));
#9519=CARTESIAN_POINT('Ctrl Pts',(113.538127351057,-55.1196487135247,-5.80717791683685));
#9520=CARTESIAN_POINT('Ctrl Pts',(113.544032677643,-55.0239936503059,-5.62489076735714));
#9521=CARTESIAN_POINT('Ctrl Pts',(113.545657358475,-55.0002084290548,-5.47853981633975));
#9522=CARTESIAN_POINT('Ctrl Pts',(113.54624663596,-55.0002138797082,-5.4));
#9523=CARTESIAN_POINT('',(116.995267610632,-56.4246532573658,-5.4));
#9524=CARTESIAN_POINT('Ctrl Pts',(113.54624663596,-55.0002138797082,-5.4));
#9525=CARTESIAN_POINT('Ctrl Pts',(113.635583184877,-55.0010402180267,-5.4));
#9526=CARTESIAN_POINT('Ctrl Pts',(113.724902315582,-55.0042617681219,-5.4));
#9527=CARTESIAN_POINT('Ctrl Pts',(113.81406532369,-55.0098734512584,-5.4));
#9528=CARTESIAN_POINT('Ctrl Pts',(113.906609605823,-55.0156979428099,-5.4));
#9529=CARTESIAN_POINT('Ctrl Pts',(113.998984988627,-55.0240983570816,-5.4));
#9530=CARTESIAN_POINT('Ctrl Pts',(114.090981015311,-55.035048697163,-5.4));
#9531=CARTESIAN_POINT('Ctrl Pts',(114.185926048878,-55.0463500592336,-5.4));
#9532=CARTESIAN_POINT('Ctrl Pts',(114.28046586258,-55.0603683742486,-5.4));
#9533=CARTESIAN_POINT('Ctrl Pts',(114.374325773922,-55.0770380418842,-5.4));
#9534=CARTESIAN_POINT('Ctrl Pts',(114.470052653442,-55.0940392859997,-5.4));
#9535=CARTESIAN_POINT('Ctrl Pts',(114.56507077248,-55.1137989242917,-5.4));
#9536=CARTESIAN_POINT('Ctrl Pts',(114.659065312172,-55.1361982357296,-5.4));
#9537=CARTESIAN_POINT('Ctrl Pts',(114.753316048505,-55.1586585999518,-5.4));
#9538=CARTESIAN_POINT('Ctrl Pts',(114.84653596275,-55.1837729397786,-5.4));
#9539=CARTESIAN_POINT('Ctrl Pts',(114.938408775238,-55.2113696952764,-5.4));
#9540=CARTESIAN_POINT('Ctrl Pts',(115.028953373742,-55.2385674818564,-5.4));
#9541=CARTESIAN_POINT('Ctrl Pts',(115.118188138964,-55.2681757354182,-5.4));
#9542=CARTESIAN_POINT('Ctrl Pts',(115.205834129626,-55.2999861785094,-5.4));
#9543=CARTESIAN_POINT('Ctrl Pts',(115.291117817984,-55.3309392420166,-5.4));
#9544=CARTESIAN_POINT('Ctrl Pts',(115.374896285289,-55.3639763700576,-5.4));
#9545=CARTESIAN_POINT('Ctrl Pts',(115.456952151003,-55.3988764112791,-5.4));
#9546=CARTESIAN_POINT('Ctrl Pts',(115.534856064877,-55.4320105422987,-5.4));
#9547=CARTESIAN_POINT('Ctrl Pts',(115.611206971623,-55.4668227886121,-5.4));
#9548=CARTESIAN_POINT('Ctrl Pts',(115.685863474643,-55.5031120905428,-5.4));
#9549=CARTESIAN_POINT('Ctrl Pts',(115.758003582427,-55.5381782140124,-5.4));
#9550=CARTESIAN_POINT('Ctrl Pts',(115.828561430044,-55.5746225998484,-5.4));
#9551=CARTESIAN_POINT('Ctrl Pts',(115.897455651519,-55.6122663710064,-5.4));
#9552=CARTESIAN_POINT('Ctrl Pts',(115.964126125755,-55.6486950876885,-5.4));
#9553=CARTESIAN_POINT('Ctrl Pts',(116.029238665916,-55.6862462359447,-5.4));
#9554=CARTESIAN_POINT('Ctrl Pts',(116.092764385548,-55.724772188405,-5.4));
#9555=CARTESIAN_POINT('Ctrl Pts',(116.154374578401,-55.7621364461376,-5.4));
#9556=CARTESIAN_POINT('Ctrl Pts',(116.214492346953,-55.8004169550032,-5.4));
#9557=CARTESIAN_POINT('Ctrl Pts',(116.273132942877,-55.8395031929911,-5.4));
#9558=CARTESIAN_POINT('Ctrl Pts',(116.330140994882,-55.8775012769601,-5.4));
#9559=CARTESIAN_POINT('Ctrl Pts',(116.385753187107,-55.9162603109077,-5.4));
#9560=CARTESIAN_POINT('Ctrl Pts',(116.440020891994,-55.955710550092,-5.4));
#9561=CARTESIAN_POINT('Ctrl Pts',(116.492212772707,-55.9936517562269,-5.4));
#9562=CARTESIAN_POINT('Ctrl Pts',(116.543161364155,-56.0322319513875,-5.4));
#9563=CARTESIAN_POINT('Ctrl Pts',(116.592943559177,-56.0714251770208,-5.4));
#9564=CARTESIAN_POINT('Ctrl Pts',(116.641741796443,-56.1098437385733,-5.4));
#9565=CARTESIAN_POINT('Ctrl Pts',(116.689419534459,-56.1488509535992,-5.4));
#9566=CARTESIAN_POINT('Ctrl Pts',(116.73607588623,-56.1884631893997,-5.4));
#9567=CARTESIAN_POINT('Ctrl Pts',(116.781321770897,-56.2268779086057,-5.4));
#9568=CARTESIAN_POINT('Ctrl Pts',(116.825607398262,-56.2658613869307,-5.4));
#9569=CARTESIAN_POINT('Ctrl Pts',(116.869044425277,-56.305471659263,-5.4));
#9570=CARTESIAN_POINT('Ctrl Pts',(116.911903350147,-56.3445547596179,-5.4));
#9571=CARTESIAN_POINT('Ctrl Pts',(116.953936395644,-56.3842477617718,-5.4));
#9572=CARTESIAN_POINT('Ctrl Pts',(116.995267610632,-56.4246532573658,-5.4));
#9573=CARTESIAN_POINT('Origin',(117.414699723908,-55.9956116482497,-5.4));
#9574=CARTESIAN_POINT('Ctrl Pts',(113.534006683443,-55.0709353487172,-6.));
#9575=CARTESIAN_POINT('Ctrl Pts',(113.534241897157,-55.0813604229114,-5.97176536210456));
#9576=CARTESIAN_POINT('Ctrl Pts',(113.535173589133,-55.1006492355105,-5.91479421181529));
#9577=CARTESIAN_POINT('Ctrl Pts',(113.538127351057,-55.1196487135247,-5.80717791683685));
#9578=CARTESIAN_POINT('Ctrl Pts',(113.544032677643,-55.0239936503059,-5.62489076735714));
#9579=CARTESIAN_POINT('Ctrl Pts',(113.545657358475,-55.0002084290548,-5.47853981633975));
#9580=CARTESIAN_POINT('Ctrl Pts',(113.54624663596,-55.0002138797082,-5.4));
#9581=CARTESIAN_POINT('Ctrl Pts',(113.419243878654,-55.0755383730753,-5.98669006405319));
#9582=CARTESIAN_POINT('Ctrl Pts',(113.4243173689,-55.0854678183685,-5.95956458748666));
#9583=CARTESIAN_POINT('Ctrl Pts',(113.430397070097,-55.1032905226724,-5.90361724011316));
#9584=CARTESIAN_POINT('Ctrl Pts',(113.427291131383,-55.1161764097165,-5.79566822452552));
#9585=CARTESIAN_POINT('Ctrl Pts',(113.414268167502,-55.0177428927351,-5.61546081350933));
#9586=CARTESIAN_POINT('Ctrl Pts',(113.370156696357,-54.9986120833903,-5.47545448096602));
#9587=CARTESIAN_POINT('Ctrl Pts',(113.317293730519,-54.9980961287854,-5.4));
#9588=CARTESIAN_POINT('Ctrl Pts',(113.192125764004,-55.0877319058508,-5.96007000693859));
#9589=CARTESIAN_POINT('Ctrl Pts',(113.202319145555,-55.0962079627885,-5.93479060854361));
#9590=CARTESIAN_POINT('Ctrl Pts',(113.212224268787,-55.1105313904384,-5.880639384192));
#9591=CARTESIAN_POINT('Ctrl Pts',(113.192055638096,-55.1108313409438,-5.77208371115612));
#9592=CARTESIAN_POINT('Ctrl Pts',(113.13963714661,-55.0139224986092,-5.59799513242302));
#9593=CARTESIAN_POINT('Ctrl Pts',(113.002584705654,-55.0118024290624,-5.47079717190397));
#9594=CARTESIAN_POINT('Ctrl Pts',(112.858699498997,-55.025408017014,-5.4));
#9595=CARTESIAN_POINT('Ctrl Pts',(112.813934195293,-55.1169064785083,-5.92053811431622));
#9596=CARTESIAN_POINT('Ctrl Pts',(112.823352173858,-55.1227184915184,-5.89705142107664));
#9597=CARTESIAN_POINT('Ctrl Pts',(112.824496864282,-55.1315902134344,-5.84467721541903));
#9598=CARTESIAN_POINT('Ctrl Pts',(112.771250743214,-55.1192472463661,-5.73630913989845));
#9599=CARTESIAN_POINT('Ctrl Pts',(112.652497190017,-55.0520740513586,-5.57785895335217));
#9600=CARTESIAN_POINT('Ctrl Pts',(112.397745204879,-55.1042657026513,-5.46644794777147));
#9601=CARTESIAN_POINT('Ctrl Pts',(112.186984023841,-55.1596232938524,-5.4));
#9602=CARTESIAN_POINT('Ctrl Pts',(112.340300826153,-55.1700673531581,-5.88228938306025));
#9603=CARTESIAN_POINT('Ctrl Pts',(112.344065877064,-55.1737707897909,-5.85972665395235));
#9604=CARTESIAN_POINT('Ctrl Pts',(112.326976122329,-55.1802814323316,-5.80835100061314));
#9605=CARTESIAN_POINT('Ctrl Pts',(112.244909455919,-55.1716155526634,-5.70322858164007));
#9606=CARTESIAN_POINT('Ctrl Pts',(112.065753242332,-55.170213171624,-5.56467777134937));
#9607=CARTESIAN_POINT('Ctrl Pts',(111.763027369186,-55.2898548020876,-5.46253380960485));
#9608=CARTESIAN_POINT('Ctrl Pts',(111.556670897516,-55.3777453519716,-5.4));
#9609=CARTESIAN_POINT('Ctrl Pts',(111.683597892051,-55.2845669092453,-5.84784812277204));
#9610=CARTESIAN_POINT('Ctrl Pts',(111.679955823299,-55.2909965799803,-5.82580136327648));
#9611=CARTESIAN_POINT('Ctrl Pts',(111.653757854951,-55.3065350427171,-5.77588306102787));
#9612=CARTESIAN_POINT('Ctrl Pts',(111.580102826994,-55.3284575417123,-5.67762337521225));
#9613=CARTESIAN_POINT('Ctrl Pts',(111.393660826475,-55.4164830164096,-5.55531295035257));
#9614=CARTESIAN_POINT('Ctrl Pts',(111.140989381747,-55.5705776101893,-5.4572057083824));
#9615=CARTESIAN_POINT('Ctrl Pts',(110.989180737821,-55.661614873245,-5.4));
#9616=CARTESIAN_POINT('Ctrl Pts',(110.773226973984,-55.5917314696443,-5.82593113770474));
#9617=CARTESIAN_POINT('Ctrl Pts',(110.794844623454,-55.6004361376,-5.80389693407445));
#9618=CARTESIAN_POINT('Ctrl Pts',(110.827250224405,-55.6207956920604,-5.75390880296724));
#9619=CARTESIAN_POINT('Ctrl Pts',(110.819248022514,-55.6789490922047,-5.65819720258778));
#9620=CARTESIAN_POINT('Ctrl Pts',(110.708311873422,-55.8087069623705,-5.54251556950099));
#9621=CARTESIAN_POINT('Ctrl Pts',(110.569900579446,-55.9295899976208,-5.44959713566189));
#9622=CARTESIAN_POINT('Ctrl Pts',(110.493903252779,-55.990821424069,-5.4));
#9623=CARTESIAN_POINT('Ctrl Pts',(110.226848372375,-55.9727947837268,-5.82426406871193));
#9624=CARTESIAN_POINT('Ctrl Pts',(110.253965685701,-55.9817798026475,-5.7991295488178));
#9625=CARTESIAN_POINT('Ctrl Pts',(110.295031741932,-56.0079115309249,-5.74308781468405));
#9626=CARTESIAN_POINT('Ctrl Pts',(110.307156280614,-56.0743266259571,-5.64235616333789));
#9627=CARTESIAN_POINT('Ctrl Pts',(110.273959470305,-56.1572032484536,-5.52708285670489));
#9628=CARTESIAN_POINT('Ctrl Pts',(110.232197841127,-56.2091912207491,-5.44299423742173));
#9629=CARTESIAN_POINT('Ctrl Pts',(110.207392152799,-56.2325597327157,-5.4));
#9630=CARTESIAN_POINT('Ctrl Pts',(109.950963406237,-56.2326957002972,-5.82426406871193));
#9631=CARTESIAN_POINT('Ctrl Pts',(109.970004121339,-56.2529074298684,-5.79649605034844));
#9632=CARTESIAN_POINT('Ctrl Pts',(110.004334341964,-56.2893489779773,-5.73549102316014));
#9633=CARTESIAN_POINT('Ctrl Pts',(110.042599175722,-56.3299671200941,-5.63109018228741));
#9634=CARTESIAN_POINT('Ctrl Pts',(110.066162461303,-56.3549795607212,-5.51780860420453));
#9635=CARTESIAN_POINT('Ctrl Pts',(110.071466704562,-56.3606100178635,-5.43926990816987));
#9636=CARTESIAN_POINT('Ctrl Pts',(110.071466704562,-56.3606100178635,-5.4));
#9637=CARTESIAN_POINT('',(109.950963406237,-56.2326957002972,-5.82426406871193));
#9638=CARTESIAN_POINT('Ctrl Pts',(113.534006683443,-55.0709353487172,-6.));
#9639=CARTESIAN_POINT('Ctrl Pts',(113.419243878654,-55.0755383730753,-5.98669006405319));
#9640=CARTESIAN_POINT('Ctrl Pts',(113.192125764004,-55.0877319058508,-5.96007000693859));
#9641=CARTESIAN_POINT('Ctrl Pts',(112.813934195293,-55.1169064785083,-5.92053811431622));
#9642=CARTESIAN_POINT('Ctrl Pts',(112.340300826153,-55.1700673531581,-5.88228938306025));
#9643=CARTESIAN_POINT('Ctrl Pts',(111.683597892051,-55.2845669092453,-5.84784812277204));
#9644=CARTESIAN_POINT('Ctrl Pts',(110.773226973984,-55.5917314696443,-5.82593113770474));
#9645=CARTESIAN_POINT('Ctrl Pts',(110.226848372375,-55.9727947837268,-5.82426406871193));
#9646=CARTESIAN_POINT('Ctrl Pts',(109.950963406237,-56.2326957002972,-5.82426406871193));
#9647=CARTESIAN_POINT('',(110.071466704562,-56.3606100178635,-5.4));
#9648=CARTESIAN_POINT('Origin',(109.66004270911,-55.9238832200071,-5.4));
#9649=CARTESIAN_POINT('Ctrl Pts',(110.071466704562,-56.3606100178635,-5.4));
#9650=CARTESIAN_POINT('Ctrl Pts',(110.113702679077,-56.3208210846635,-5.4));
#9651=CARTESIAN_POINT('Ctrl Pts',(110.156632587079,-56.2817631537459,-5.4));
#9652=CARTESIAN_POINT('Ctrl Pts',(110.200383804245,-56.2433348617805,-5.4));
#9653=CARTESIAN_POINT('Ctrl Pts',(110.245149972026,-56.204015101622,-5.4));
#9654=CARTESIAN_POINT('Ctrl Pts',(110.290776326673,-56.1653548048455,-5.4));
#9655=CARTESIAN_POINT('Ctrl Pts',(110.337379988827,-56.1272962074378,-5.4));
#9656=CARTESIAN_POINT('Ctrl Pts',(110.386588550717,-56.0871103344946,-5.4));
#9657=CARTESIAN_POINT('Ctrl Pts',(110.436887202479,-56.0475954028064,-5.4));
#9658=CARTESIAN_POINT('Ctrl Pts',(110.488386006485,-56.0087368974143,-5.4));
#9659=CARTESIAN_POINT('Ctrl Pts',(110.540397347229,-55.9694916566015,-5.4));
#9660=CARTESIAN_POINT('Ctrl Pts',(110.593633073261,-55.9309165275076,-5.4));
#9661=CARTESIAN_POINT('Ctrl Pts',(110.648173813271,-55.8930440225529,-5.4));
#9662=CARTESIAN_POINT('Ctrl Pts',(110.704280059866,-55.8540844466148,-5.4));
#9663=CARTESIAN_POINT('Ctrl Pts',(110.76176759243,-55.8158689153398,-5.4));
#9664=CARTESIAN_POINT('Ctrl Pts',(110.820685635862,-55.7784748563907,-5.4));
#9665=CARTESIAN_POINT('Ctrl Pts',(110.88144170739,-55.7399142391696,-5.4));
#9666=CARTESIAN_POINT('Ctrl Pts',(110.94371917081,-55.7022277706352,-5.4));
#9667=CARTESIAN_POINT('Ctrl Pts',(111.007527509899,-55.665535686375,-5.4));
#9668=CARTESIAN_POINT('Ctrl Pts',(111.073477907554,-55.6276118415873,-5.4));
#9669=CARTESIAN_POINT('Ctrl Pts',(111.141063842431,-55.5907510311859,-5.4));
#9670=CARTESIAN_POINT('Ctrl Pts',(111.210245855832,-55.5551123794562,-5.4));
#9671=CARTESIAN_POINT('Ctrl Pts',(111.281868717913,-55.5182163408456,-5.4));
#9672=CARTESIAN_POINT('Ctrl Pts',(111.355202273391,-55.4826311473126,-5.4));
#9673=CARTESIAN_POINT('Ctrl Pts',(111.430148751701,-55.4485479448955,-5.4));
#9674=CARTESIAN_POINT('Ctrl Pts',(111.509293030906,-55.4125557201891,-5.4));
#9675=CARTESIAN_POINT('Ctrl Pts',(111.59023589498,-55.3782396020654,-5.4));
#9676=CARTESIAN_POINT('Ctrl Pts',(111.67280319074,-55.3458242598467,-5.4));
#9677=CARTESIAN_POINT('Ctrl Pts',(111.757653152296,-55.3125127590192,-5.4));
#9678=CARTESIAN_POINT('Ctrl Pts',(111.8442178815,-55.2812097924415,-5.4));
#9679=CARTESIAN_POINT('Ctrl Pts',(111.932254249705,-55.2521401387117,-5.4));
#9680=CARTESIAN_POINT('Ctrl Pts',(112.021938983425,-55.2225261938475,-5.4));
#9681=CARTESIAN_POINT('Ctrl Pts',(112.113149787384,-55.1952309809344,-5.4));
#9682=CARTESIAN_POINT('Ctrl Pts',(112.205589029684,-55.1704554831822,-5.4));
#9683=CARTESIAN_POINT('Ctrl Pts',(112.298521439265,-55.1455478070978,-5.4));
#9684=CARTESIAN_POINT('Ctrl Pts',(112.392693877989,-55.1231873363447,-5.4));
#9685=CARTESIAN_POINT('Ctrl Pts',(112.487784306678,-55.103529905106,-5.4));
#9686=CARTESIAN_POINT('Ctrl Pts',(112.581062958991,-55.0842470107159,-5.4));
#9687=CARTESIAN_POINT('Ctrl Pts',(112.675223395957,-55.0675649781793,-5.4));
#9688=CARTESIAN_POINT('Ctrl Pts',(112.76996604266,-55.0535820616196,-5.4));
#9689=CARTESIAN_POINT('Ctrl Pts',(112.862296529598,-55.0399551518837,-5.4));
#9690=CARTESIAN_POINT('Ctrl Pts',(112.955178672336,-55.0288910760017,-5.4));
#9691=CARTESIAN_POINT('Ctrl Pts',(113.048360142917,-55.0204396339141,-5.4));
#9692=CARTESIAN_POINT('Ctrl Pts',(113.137155942219,-55.0123859666908,-5.4));
#9693=CARTESIAN_POINT('Ctrl Pts',(113.226222795541,-55.006703910984,-5.4));
#9694=CARTESIAN_POINT('Ctrl Pts',(113.315379612359,-55.0034096313118,-5.4));
#9695=CARTESIAN_POINT('Ctrl Pts',(113.392296833553,-55.0005675958146,-5.4));
#9696=CARTESIAN_POINT('Ctrl Pts',(113.469281276276,-54.9995019714615,-5.4));
#9697=CARTESIAN_POINT('Ctrl Pts',(113.54624663596,-55.0002138797082,-5.4));
#9698=CARTESIAN_POINT('Ctrl Pts',(113.534006683443,-55.0709353487172,-6.));
#9699=CARTESIAN_POINT('Ctrl Pts',(113.419243878654,-55.0755383730753,-5.98669006405319));
#9700=CARTESIAN_POINT('Ctrl Pts',(113.192125764004,-55.0877319058508,-5.96007000693859));
#9701=CARTESIAN_POINT('Ctrl Pts',(112.813934195293,-55.1169064785083,-5.92053811431622));
#9702=CARTESIAN_POINT('Ctrl Pts',(112.340300826153,-55.1700673531581,-5.88228938306025));
#9703=CARTESIAN_POINT('Ctrl Pts',(111.683597892051,-55.2845669092453,-5.84784812277204));
#9704=CARTESIAN_POINT('Ctrl Pts',(110.773226973984,-55.5917314696443,-5.82593113770474));
#9705=CARTESIAN_POINT('Ctrl Pts',(110.226848372375,-55.9727947837268,-5.82426406871193));
#9706=CARTESIAN_POINT('Ctrl Pts',(109.950963406237,-56.2326957002972,-5.82426406871193));
#9707=CARTESIAN_POINT('Ctrl Pts',(113.290322797246,-55.0702747637358,-6.));
#9708=CARTESIAN_POINT('Ctrl Pts',(113.185893718055,-55.0770087578206,-5.98714949371848));
#9709=CARTESIAN_POINT('Ctrl Pts',(112.973464514155,-55.0931301398528,-5.96190353395736));
#9710=CARTESIAN_POINT('Ctrl Pts',(112.605415341116,-55.1297173609768,-5.92563426191866));
#9711=CARTESIAN_POINT('Ctrl Pts',(112.13644205715,-55.1942362869412,-5.89186894539852));
#9712=CARTESIAN_POINT('Ctrl Pts',(111.488721591571,-55.3285700323724,-5.86325936933138));
#9713=CARTESIAN_POINT('Ctrl Pts',(110.644576804172,-55.6457499958925,-5.84738291784466));
#9714=CARTESIAN_POINT('Ctrl Pts',(110.167217703985,-55.9944393815633,-5.84939858860606));
#9715=CARTESIAN_POINT('Ctrl Pts',(109.931922691136,-56.212483970726,-5.85203208707542));
#9716=CARTESIAN_POINT('Ctrl Pts',(112.797082287112,-55.0842972349906,-6.));
#9717=CARTESIAN_POINT('Ctrl Pts',(112.706963315382,-55.0943676716991,-5.9885263152121));
#9718=CARTESIAN_POINT('Ctrl Pts',(112.515078593719,-55.1174852037389,-5.96666503683836));
#9719=CARTESIAN_POINT('Ctrl Pts',(112.160741512341,-55.1696404298336,-5.93747282989027));
#9720=CARTESIAN_POINT('Ctrl Pts',(111.700128844141,-55.25914733554,-5.91281134009898));
#9721=CARTESIAN_POINT('Ctrl Pts',(111.087301598025,-55.4323708891979,-5.89492131356961));
#9722=CARTESIAN_POINT('Ctrl Pts',(110.397257323479,-55.751678722616,-5.88909805134991));
#9723=CARTESIAN_POINT('Ctrl Pts',(110.051917153801,-56.026066413891,-5.89657856684746));
#9724=CARTESIAN_POINT('Ctrl Pts',(109.890091137755,-56.1680797537642,-5.90209754899043));
#9725=CARTESIAN_POINT('Ctrl Pts',(111.93871408844,-55.1580235123204,-6.));
#9726=CARTESIAN_POINT('Ctrl Pts',(111.851841808403,-55.1756370878451,-5.99201039037252));
#9727=CARTESIAN_POINT('Ctrl Pts',(111.660675259706,-55.2169351576436,-5.97764445516695));
#9728=CARTESIAN_POINT('Ctrl Pts',(111.315368474661,-55.3076829239993,-5.96073416300329));
#9729=CARTESIAN_POINT('Ctrl Pts',(110.907405173161,-55.4430246930252,-5.94848240644445));
#9730=CARTESIAN_POINT('Ctrl Pts',(110.458445543143,-55.6417675162795,-5.94216679543242));
#9731=CARTESIAN_POINT('Ctrl Pts',(110.075717864651,-55.8828011635144,-5.94511100371688));
#9732=CARTESIAN_POINT('Ctrl Pts',(109.904188470158,-56.0268452405202,-5.953234530065));
#9733=CARTESIAN_POINT('Ctrl Pts',(109.818502785954,-56.0920886788845,-5.95790105220954));
#9734=CARTESIAN_POINT('Ctrl Pts',(110.56219366485,-55.4073299141577,-6.));
#9735=CARTESIAN_POINT('Ctrl Pts',(110.51559099008,-55.4328319925956,-5.9966218576395));
#9736=CARTESIAN_POINT('Ctrl Pts',(110.41938903675,-55.4884258587848,-5.99104092589711));
#9737=CARTESIAN_POINT('Ctrl Pts',(110.266493306126,-55.5878383123258,-5.9856028785894));
#9738=CARTESIAN_POINT('Ctrl Pts',(110.111399194204,-55.7026943780415,-5.98313549009563));
#9739=CARTESIAN_POINT('Ctrl Pts',(109.974081316169,-55.8225565958744,-5.98407119912626));
#9740=CARTESIAN_POINT('Ctrl Pts',(109.865601253314,-55.9258672694541,-5.98785577169663));
#9741=CARTESIAN_POINT('Ctrl Pts',(109.781831715836,-55.983743971401,-5.99079532610875));
#9742=CARTESIAN_POINT('Ctrl Pts',(109.740824853511,-56.0096335107974,-5.99226455921202));
#9743=CARTESIAN_POINT('Ctrl Pts',(109.963346209274,-55.6086385783976,-6.));
#9744=CARTESIAN_POINT('Ctrl Pts',(109.960982169283,-55.6255615825331,-6.));
#9745=CARTESIAN_POINT('Ctrl Pts',(109.948661754303,-55.662629819353,-6.));
#9746=CARTESIAN_POINT('Ctrl Pts',(109.912468311719,-55.7260264724917,-6.));
#9747=CARTESIAN_POINT('Ctrl Pts',(109.86437911039,-55.7916057055747,-6.));
#9748=CARTESIAN_POINT('Ctrl Pts',(109.808607163982,-55.8543456948075,-6.));
#9749=CARTESIAN_POINT('Ctrl Pts',(109.74918958325,-55.9080014457185,-6.));
#9750=CARTESIAN_POINT('Ctrl Pts',(109.707295332103,-55.9384362072219,-6.));
#9751=CARTESIAN_POINT('Ctrl Pts',(109.686970346644,-55.9524669220856,-6.));
#9752=CARTESIAN_POINT('Ctrl Pts',(109.723865738841,-55.7089117648903,-6.));
#9753=CARTESIAN_POINT('Ctrl Pts',(109.729796832896,-55.7215307309044,-6.));
#9754=CARTESIAN_POINT('Ctrl Pts',(109.738643277643,-55.7479549585575,-6.));
#9755=CARTESIAN_POINT('Ctrl Pts',(109.742119661244,-55.7882785517003,-6.));
#9756=CARTESIAN_POINT('Ctrl Pts',(109.735211588292,-55.8264755912211,-6.));
#9757=CARTESIAN_POINT('Ctrl Pts',(109.717850403465,-55.8620518495891,-6.));
#9758=CARTESIAN_POINT('Ctrl Pts',(109.69250015933,-55.8932978781511,-6.));
#9759=CARTESIAN_POINT('Ctrl Pts',(109.670975468793,-55.9135838756754,-6.));
#9760=CARTESIAN_POINT('Ctrl Pts',(109.66004270911,-55.923883220007,-6.));
#9761=CARTESIAN_POINT('',(109.723865738841,-55.7089117648903,-6.));
#9762=CARTESIAN_POINT('Ctrl Pts',(113.534006683443,-55.0709353487172,-6.));
#9763=CARTESIAN_POINT('Ctrl Pts',(113.290322797246,-55.0702747637358,-6.));
#9764=CARTESIAN_POINT('Ctrl Pts',(112.797082287112,-55.0842972349906,-6.));
#9765=CARTESIAN_POINT('Ctrl Pts',(111.93871408844,-55.1580235123204,-6.));
#9766=CARTESIAN_POINT('Ctrl Pts',(110.56219366485,-55.4073299141577,-6.));
#9767=CARTESIAN_POINT('Ctrl Pts',(109.963346209274,-55.6086385783976,-6.));
#9768=CARTESIAN_POINT('Ctrl Pts',(109.723865738841,-55.7089117648903,-6.));
#9769=CARTESIAN_POINT('',(109.66004270911,-55.9238832200071,-6.));
#9770=CARTESIAN_POINT('Ctrl Pts',(109.723865738841,-55.7089117648903,-6.));
#9771=CARTESIAN_POINT('Ctrl Pts',(109.728866292046,-55.7195509168521,-6.));
#9772=CARTESIAN_POINT('Ctrl Pts',(109.732797418019,-55.7306051473725,-6.));
#9773=CARTESIAN_POINT('Ctrl Pts',(109.735578267285,-55.7418045194757,-6.));
#9774=CARTESIAN_POINT('Ctrl Pts',(109.737767066956,-55.7506195179252,-6.));
#9775=CARTESIAN_POINT('Ctrl Pts',(109.739244197734,-55.7595236632569,-6.));
#9776=CARTESIAN_POINT('Ctrl Pts',(109.739981531133,-55.7683648919423,-6.));
#9777=CARTESIAN_POINT('Ctrl Pts',(109.740612776244,-55.775934035543,-6.));
#9778=CARTESIAN_POINT('Ctrl Pts',(109.740702024956,-55.7834516780895,-6.));
#9779=CARTESIAN_POINT('Ctrl Pts',(109.74023233836,-55.7908560163526,-6.));
#9780=CARTESIAN_POINT('Ctrl Pts',(109.73969063486,-55.7993956595865,-6.));
#9781=CARTESIAN_POINT('Ctrl Pts',(109.738402927461,-55.8077870043782,-6.));
#9782=CARTESIAN_POINT('Ctrl Pts',(109.736365380605,-55.8159930456885,-6.));
#9783=CARTESIAN_POINT('Ctrl Pts',(109.734611861274,-55.8230551910444,-6.));
#9784=CARTESIAN_POINT('Ctrl Pts',(109.73230242247,-55.8299827924464,-6.));
#9785=CARTESIAN_POINT('Ctrl Pts',(109.729469114982,-55.836751872084,-6.));
#9786=CARTESIAN_POINT('Ctrl Pts',(109.72607003091,-55.8448726534936,-6.));
#9787=CARTESIAN_POINT('Ctrl Pts',(109.721916078254,-55.8527649266342,-6.));
#9788=CARTESIAN_POINT('Ctrl Pts',(109.71714662085,-55.860340436311,-6.));
#9789=CARTESIAN_POINT('Ctrl Pts',(109.713821514655,-55.8656218283087,-6.));
#9790=CARTESIAN_POINT('Ctrl Pts',(109.710197906666,-55.8707494022742,-6.));
#9791=CARTESIAN_POINT('Ctrl Pts',(109.706299449564,-55.8757586169147,-6.));
#9792=CARTESIAN_POINT('Ctrl Pts',(109.701810369066,-55.8815267367545,-6.));
#9793=CARTESIAN_POINT('Ctrl Pts',(109.696952992267,-55.8871414847203,-6.));
#9794=CARTESIAN_POINT('Ctrl Pts',(109.691768243771,-55.8927071966052,-6.));
#9795=CARTESIAN_POINT('Ctrl Pts',(109.687597635733,-55.8971842513262,-6.));
#9796=CARTESIAN_POINT('Ctrl Pts',(109.683214295009,-55.9016318459524,-6.));
#9797=CARTESIAN_POINT('Ctrl Pts',(109.678671179741,-55.906093147637,-6.));
#9798=CARTESIAN_POINT('Ctrl Pts',(109.674720575963,-55.9099726079311,-6.));
#9799=CARTESIAN_POINT('Ctrl Pts',(109.670649000995,-55.9138630120937,-6.));
#9800=CARTESIAN_POINT('Ctrl Pts',(109.666523402971,-55.9177682602787,-6.));
#9801=CARTESIAN_POINT('Ctrl Pts',(109.664372671331,-55.9198041204832,-6.));
#9802=CARTESIAN_POINT('Ctrl Pts',(109.662207830497,-55.9218435400605,-6.));
#9803=CARTESIAN_POINT('Ctrl Pts',(109.66004270911,-55.9238832200071,-6.));
#9804=CARTESIAN_POINT('Origin',(109.66004270911,-55.9238832200071,-5.4));
#9805=CARTESIAN_POINT('Origin',(200.5,-93.375,-6.));
#9806=CARTESIAN_POINT('',(200.5,-90.875,-7.));
#9807=CARTESIAN_POINT('',(200.5,-90.875,-9.));
#9808=CARTESIAN_POINT('',(200.5,-90.875,-6.));
#9809=CARTESIAN_POINT('',(200.5,-95.875,-9.));
#9810=CARTESIAN_POINT('Origin',(200.5,-93.375,-9.));
#9811=CARTESIAN_POINT('',(200.5,-95.875,-7.));
#9812=CARTESIAN_POINT('',(200.5,-95.875,-6.));
#9813=CARTESIAN_POINT('Origin',(200.5,-93.375,-7.));
#9814=CARTESIAN_POINT('Origin',(148.5,-93.375,-9.));
#9815=CARTESIAN_POINT('',(103.5,-101.775,-9.));
#9816=CARTESIAN_POINT('',(109.1,-107.375,-9.));
#9817=CARTESIAN_POINT('Origin',(103.5,-107.375,-9.));
#9818=CARTESIAN_POINT('',(96.5,-101.775,-9.));
#9819=CARTESIAN_POINT('',(122.5,-101.775,-9.));
#9820=CARTESIAN_POINT('',(96.5,-84.975,-9.));
#9821=CARTESIAN_POINT('Origin',(96.5,-93.375,-9.));
#9822=CARTESIAN_POINT('',(103.5,-84.975,-9.));
#9823=CARTESIAN_POINT('',(128.5,-84.975,-9.));
#9824=CARTESIAN_POINT('',(109.1,-79.375,-9.));
#9825=CARTESIAN_POINT('Origin',(103.5,-79.375,-9.));
#9826=CARTESIAN_POINT('',(109.1,-55.6,-9.));
#9827=CARTESIAN_POINT('',(109.1,-74.1875,-9.));
#9828=CARTESIAN_POINT('',(187.9,-55.6,-9.));
#9829=CARTESIAN_POINT('',(168.5,-55.6,-9.));
#9830=CARTESIAN_POINT('',(187.9,-79.375,-9.));
#9831=CARTESIAN_POINT('',(187.9,-112.5625,-9.));
#9832=CARTESIAN_POINT('',(193.5,-84.975,-9.));
#9833=CARTESIAN_POINT('Origin',(193.5,-79.375,-9.));
#9834=CARTESIAN_POINT('',(200.5,-84.9749999999999,-9.));
#9835=CARTESIAN_POINT('',(174.5,-84.975,-9.));
#9836=CARTESIAN_POINT('',(200.5,-101.775,-9.));
#9837=CARTESIAN_POINT('Origin',(200.5,-93.3749999999999,-9.));
#9838=CARTESIAN_POINT('',(193.5,-101.775,-9.));
#9839=CARTESIAN_POINT('',(168.5,-101.775,-9.));
#9840=CARTESIAN_POINT('',(187.9,-107.375,-9.));
#9841=CARTESIAN_POINT('Origin',(193.5,-107.375,-9.));
#9842=CARTESIAN_POINT('',(187.9,-131.15,-9.));
#9843=CARTESIAN_POINT('',(187.9,-112.5625,-9.));
#9844=CARTESIAN_POINT('',(109.1,-131.15,-9.));
#9845=CARTESIAN_POINT('',(128.5,-131.15,-9.));
#9846=CARTESIAN_POINT('',(109.1,-74.1875,-9.));
#9847=CARTESIAN_POINT('',(196.5,-90.875,-9.));
#9848=CARTESIAN_POINT('',(172.5,-90.875,-9.));
#9849=CARTESIAN_POINT('',(196.5,-95.875,-9.));
#9850=CARTESIAN_POINT('Origin',(196.5,-93.375,-9.));
#9851=CARTESIAN_POINT('',(174.5,-95.875,-9.));
#9852=CARTESIAN_POINT('',(96.,-93.375,-9.));
#9853=CARTESIAN_POINT('Origin',(98.5,-93.375,-9.));
#9854=CARTESIAN_POINT('Origin',(200.5,-95.875,-6.));
#9855=CARTESIAN_POINT('',(196.5,-95.875,-7.));
#9856=CARTESIAN_POINT('',(198.5,-95.875,-7.));
#9857=CARTESIAN_POINT('',(196.5,-95.875,-6.));
#9858=CARTESIAN_POINT('Origin',(196.5,-90.875,-6.));
#9859=CARTESIAN_POINT('',(196.5,-90.875,-7.));
#9860=CARTESIAN_POINT('',(196.5,-90.875,-7.));
#9861=CARTESIAN_POINT('',(196.5,-90.875,-6.));
#9862=CARTESIAN_POINT('Origin',(196.5,-93.375,-6.));
#9863=CARTESIAN_POINT('Origin',(196.5,-93.375,-7.));
#9864=CARTESIAN_POINT('Origin',(200.5,-93.375,-6.));
#9865=CARTESIAN_POINT('',(200.5,-87.375,-6.));
#9866=CARTESIAN_POINT('',(200.5,-87.375,-7.));
#9867=CARTESIAN_POINT('',(200.5,-87.375,-6.));
#9868=CARTESIAN_POINT('',(200.5,-99.375,-7.));
#9869=CARTESIAN_POINT('Origin',(200.5,-93.375,-7.));
#9870=CARTESIAN_POINT('',(200.5,-99.375,-6.));
#9871=CARTESIAN_POINT('',(200.5,-99.375,-6.));
#9872=CARTESIAN_POINT('Origin',(200.5,-93.375,-6.));
#9873=CARTESIAN_POINT('Origin',(148.5,-93.375,-6.));
#9874=CARTESIAN_POINT('Origin',(183.5,-126.75,-6.));
#9875=CARTESIAN_POINT('',(187.9,-107.375,-6.));
#9876=CARTESIAN_POINT('',(187.9,-112.5625,-6.));
#9877=CARTESIAN_POINT('',(193.5,-101.775,-6.));
#9878=CARTESIAN_POINT('Origin',(193.5,-107.375,-6.));
#9879=CARTESIAN_POINT('',(200.5,-101.775,-6.));
#9880=CARTESIAN_POINT('',(168.5,-101.775,-6.));
#9881=CARTESIAN_POINT('',(200.5,-84.9749999999999,-6.));
#9882=CARTESIAN_POINT('Origin',(200.5,-93.3749999999999,-6.));
#9883=CARTESIAN_POINT('',(193.5,-84.975,-6.));
#9884=CARTESIAN_POINT('',(174.5,-84.975,-6.));
#9885=CARTESIAN_POINT('',(187.9,-79.375,-6.));
#9886=CARTESIAN_POINT('Origin',(193.5,-79.375,-6.));
#9887=CARTESIAN_POINT('',(187.9,-112.5625,-6.));
#9888=CARTESIAN_POINT('Origin',(183.5,-60.,-6.));
#9889=CARTESIAN_POINT('',(168.5,-55.6,-6.));
#9890=CARTESIAN_POINT('Origin',(113.5,-60.,-6.));
#9891=CARTESIAN_POINT('',(109.1,-79.375,-6.));
#9892=CARTESIAN_POINT('',(109.1,-74.1875,-6.));
#9893=CARTESIAN_POINT('',(103.5,-84.975,-6.));
#9894=CARTESIAN_POINT('Origin',(103.5,-79.375,-6.));
#9895=CARTESIAN_POINT('',(96.5,-84.975,-6.));
#9896=CARTESIAN_POINT('',(128.5,-84.975,-6.));
#9897=CARTESIAN_POINT('',(96.5,-101.775,-6.));
#9898=CARTESIAN_POINT('Origin',(96.5,-93.375,-6.));
#9899=CARTESIAN_POINT('',(103.5,-101.775,-6.));
#9900=CARTESIAN_POINT('',(122.5,-101.775,-6.));
#9901=CARTESIAN_POINT('',(109.1,-107.375,-6.));
#9902=CARTESIAN_POINT('Origin',(103.5,-107.375,-6.));
#9903=CARTESIAN_POINT('',(109.1,-74.1875,-6.));
#9904=CARTESIAN_POINT('Origin',(113.5,-126.75,-6.));
#9905=CARTESIAN_POINT('',(128.5,-131.15,-6.));
#9906=CARTESIAN_POINT('',(196.5,-99.375,-6.));
#9907=CARTESIAN_POINT('',(174.5,-99.375,-6.));
#9908=CARTESIAN_POINT('',(196.5,-87.375,-6.));
#9909=CARTESIAN_POINT('Origin',(196.5,-93.375,-6.));
#9910=CARTESIAN_POINT('',(172.5,-87.375,-6.));
#9911=CARTESIAN_POINT('',(92.5,-93.375,-6.));
#9912=CARTESIAN_POINT('Origin',(98.5,-93.375,-6.));
#9913=CARTESIAN_POINT('',(139.1,-77.45,-6.));
#9914=CARTESIAN_POINT('Origin',(134.5,-77.45,-6.));
#9915=CARTESIAN_POINT('',(150.,-98.8,-6.));
#9916=CARTESIAN_POINT('',(139.,-98.8,-6.));
#9917=CARTESIAN_POINT('',(149.25,-98.8,-6.));
#9918=CARTESIAN_POINT('',(150.,-105.,-6.));
#9919=CARTESIAN_POINT('Origin',(150.,-101.9,-6.));
#9920=CARTESIAN_POINT('',(139.,-105.,-6.));
#9921=CARTESIAN_POINT('',(143.75,-105.,-6.));
#9922=CARTESIAN_POINT('Origin',(139.,-101.9,-6.));
#9923=CARTESIAN_POINT('',(167.1,-77.45,-6.));
#9924=CARTESIAN_POINT('Origin',(162.5,-77.45,-6.));
#9925=CARTESIAN_POINT('Origin',(200.5,-99.375,-6.));
#9926=CARTESIAN_POINT('',(196.5,-99.375,-7.));
#9927=CARTESIAN_POINT('',(196.5,-99.375,-7.));
#9928=CARTESIAN_POINT('',(196.5,-99.375,-6.));
#9929=CARTESIAN_POINT('Origin',(196.5,-87.375,-6.));
#9930=CARTESIAN_POINT('',(196.5,-87.375,-7.));
#9931=CARTESIAN_POINT('',(196.5,-87.375,-6.));
#9932=CARTESIAN_POINT('',(200.5,-87.375,-7.));
#9933=CARTESIAN_POINT('Origin',(196.5,-93.375,-6.));
#9934=CARTESIAN_POINT('Origin',(196.5,-93.375,-7.));
#9935=CARTESIAN_POINT('Origin',(196.5,-93.375,-7.));
#9936=CARTESIAN_POINT('Origin',(98.5,-93.375,-6.));
#9937=CARTESIAN_POINT('',(96.,-93.375,-7.));
#9938=CARTESIAN_POINT('Origin',(98.5,-93.375,-7.));
#9939=CARTESIAN_POINT('',(96.,-93.375,-6.));
#9940=CARTESIAN_POINT('Origin',(98.5,-93.375,-6.));
#9941=CARTESIAN_POINT('',(92.5,-93.375,-7.));
#9942=CARTESIAN_POINT('',(92.5,-93.375,-6.));
#9943=CARTESIAN_POINT('Origin',(98.5,-93.375,-7.));
#9944=CARTESIAN_POINT('Origin',(98.5,-93.375,-7.));
#9945=CARTESIAN_POINT('Origin',(183.5,-126.75,-0.5));
#9946=CARTESIAN_POINT('',(185.8,-126.75,0.));
#9947=CARTESIAN_POINT('Origin',(183.5,-126.75,0.));
#9948=CARTESIAN_POINT('',(185.3,-126.75,-0.5));
#9949=CARTESIAN_POINT('Origin',(185.8,-126.75,-0.5));
#9950=CARTESIAN_POINT('',(181.7,-126.75,-0.5));
#9951=CARTESIAN_POINT('Origin',(183.5,-126.75,-0.5));
#9952=CARTESIAN_POINT('Origin',(183.5,-126.75,-0.5));
#9953=CARTESIAN_POINT('Origin',(183.5,-126.75,0.));
#9954=CARTESIAN_POINT('',(181.7,-126.75,-5.));
#9955=CARTESIAN_POINT('',(181.7,-126.75,0.));
#9956=CARTESIAN_POINT('Origin',(183.5,-126.75,-5.));
#9957=CARTESIAN_POINT('Origin',(183.5,-126.75,0.));
#9958=CARTESIAN_POINT('',(178.5,-126.75,0.));
#9959=CARTESIAN_POINT('Origin',(183.5,-126.75,0.));
#9960=CARTESIAN_POINT('Origin',(113.5,-126.75,-0.5));
#9961=CARTESIAN_POINT('',(115.8,-126.75,0.));
#9962=CARTESIAN_POINT('Origin',(113.5,-126.75,0.));
#9963=CARTESIAN_POINT('',(115.3,-126.75,-0.5));
#9964=CARTESIAN_POINT('Origin',(115.8,-126.75,-0.5));
#9965=CARTESIAN_POINT('',(111.7,-126.75,-0.5));
#9966=CARTESIAN_POINT('Origin',(113.5,-126.75,-0.5));
#9967=CARTESIAN_POINT('Origin',(113.5,-126.75,-0.5));
#9968=CARTESIAN_POINT('Origin',(113.5,-126.75,0.));
#9969=CARTESIAN_POINT('',(111.7,-126.75,-5.));
#9970=CARTESIAN_POINT('',(111.7,-126.75,0.));
#9971=CARTESIAN_POINT('Origin',(113.5,-126.75,-5.));
#9972=CARTESIAN_POINT('Origin',(113.5,-126.75,0.));
#9973=CARTESIAN_POINT('',(108.5,-126.75,0.));
#9974=CARTESIAN_POINT('Origin',(113.5,-126.75,0.));
#9975=CARTESIAN_POINT('Origin',(183.5,-60.,-0.5));
#9976=CARTESIAN_POINT('',(185.8,-60.,0.));
#9977=CARTESIAN_POINT('Origin',(183.5,-60.,0.));
#9978=CARTESIAN_POINT('',(185.3,-60.,-0.5));
#9979=CARTESIAN_POINT('Origin',(185.8,-60.,-0.5));
#9980=CARTESIAN_POINT('',(181.7,-60.,-0.5));
#9981=CARTESIAN_POINT('Origin',(183.5,-60.,-0.5));
#9982=CARTESIAN_POINT('Origin',(183.5,-60.,-0.5));
#9983=CARTESIAN_POINT('Origin',(183.5,-60.,0.));
#9984=CARTESIAN_POINT('',(181.7,-60.,-5.));
#9985=CARTESIAN_POINT('',(181.7,-60.,0.));
#9986=CARTESIAN_POINT('Origin',(183.5,-60.,-5.));
#9987=CARTESIAN_POINT('Origin',(183.5,-60.,0.));
#9988=CARTESIAN_POINT('',(178.5,-60.,0.));
#9989=CARTESIAN_POINT('Origin',(183.5,-60.,0.));
#9990=CARTESIAN_POINT('Origin',(113.5,-60.,-0.5));
#9991=CARTESIAN_POINT('',(115.8,-60.,0.));
#9992=CARTESIAN_POINT('Origin',(113.5,-60.,0.));
#9993=CARTESIAN_POINT('',(115.3,-60.,-0.5));
#9994=CARTESIAN_POINT('Origin',(115.8,-60.,-0.5));
#9995=CARTESIAN_POINT('',(111.7,-60.,-0.5));
#9996=CARTESIAN_POINT('Origin',(113.5,-60.,-0.5));
#9997=CARTESIAN_POINT('Origin',(113.5,-60.,-0.5));
#9998=CARTESIAN_POINT('Origin',(113.5,-60.,0.));
#9999=CARTESIAN_POINT('',(111.7,-60.,-5.));
#10000=CARTESIAN_POINT('',(111.7,-60.,0.));
#10001=CARTESIAN_POINT('Origin',(113.5,-60.,-5.));
#10002=CARTESIAN_POINT('Origin',(113.5,-60.,0.));
#10003=CARTESIAN_POINT('',(108.5,-60.,0.));
#10004=CARTESIAN_POINT('Origin',(113.5,-60.,0.));
#10005=CARTESIAN_POINT('Origin',(183.5,-126.75,0.));
#10006=CARTESIAN_POINT('',(181.8,-126.75,-5.));
#10007=CARTESIAN_POINT('Origin',(183.5,-126.75,-5.));
#10008=CARTESIAN_POINT('',(181.8,-126.75,-7.));
#10009=CARTESIAN_POINT('',(181.8,-126.75,0.));
#10010=CARTESIAN_POINT('Origin',(183.5,-126.75,-7.));
#10011=CARTESIAN_POINT('Origin',(183.5,-126.75,-7.));
#10012=CARTESIAN_POINT('Origin',(183.5,-126.75,-5.));
#10013=CARTESIAN_POINT('Origin',(113.5,-126.75,0.));
#10014=CARTESIAN_POINT('',(111.8,-126.75,-5.));
#10015=CARTESIAN_POINT('Origin',(113.5,-126.75,-5.));
#10016=CARTESIAN_POINT('',(111.8,-126.75,-7.));
#10017=CARTESIAN_POINT('',(111.8,-126.75,0.));
#10018=CARTESIAN_POINT('Origin',(113.5,-126.75,-7.));
#10019=CARTESIAN_POINT('Origin',(113.5,-126.75,-7.));
#10020=CARTESIAN_POINT('Origin',(113.5,-126.75,-5.));
#10021=CARTESIAN_POINT('Origin',(183.5,-60.,0.));
#10022=CARTESIAN_POINT('',(181.8,-60.,-5.));
#10023=CARTESIAN_POINT('Origin',(183.5,-60.,-5.));
#10024=CARTESIAN_POINT('',(181.8,-60.,-7.));
#10025=CARTESIAN_POINT('',(181.8,-60.,0.));
#10026=CARTESIAN_POINT('Origin',(183.5,-60.,-7.));
#10027=CARTESIAN_POINT('Origin',(183.5,-60.,-7.));
#10028=CARTESIAN_POINT('Origin',(183.5,-60.,-5.));
#10029=CARTESIAN_POINT('Origin',(113.5,-60.,0.));
#10030=CARTESIAN_POINT('',(111.8,-60.,-5.));
#10031=CARTESIAN_POINT('Origin',(113.5,-60.,-5.));
#10032=CARTESIAN_POINT('',(111.8,-60.,-7.));
#10033=CARTESIAN_POINT('',(111.8,-60.,0.));
#10034=CARTESIAN_POINT('Origin',(113.5,-60.,-7.));
#10035=CARTESIAN_POINT('Origin',(113.5,-60.,-7.));
#10036=CARTESIAN_POINT('Origin',(113.5,-60.,-5.));
#10037=CARTESIAN_POINT('Origin',(109.1,-55.6,-8.4));
#10038=CARTESIAN_POINT('',(109.1,-55.,-8.4));
#10039=CARTESIAN_POINT('Origin',(109.1,-55.6,-8.4));
#10040=CARTESIAN_POINT('',(108.5,-55.6,-8.4));
#10041=CARTESIAN_POINT('Origin',(109.1,-55.6,-8.4));
#10042=CARTESIAN_POINT('Origin',(109.1,-55.6,-8.4));
#10043=CARTESIAN_POINT('Origin',(109.1,-55.6,-6.6));
#10044=CARTESIAN_POINT('',(109.1,-55.,-6.6));
#10045=CARTESIAN_POINT('',(109.1,-55.6,-6.));
#10046=CARTESIAN_POINT('Origin',(109.1,-55.6,-6.6));
#10047=CARTESIAN_POINT('',(108.5,-55.6,-6.6));
#10048=CARTESIAN_POINT('Origin',(109.1,-55.6,-6.6));
#10049=CARTESIAN_POINT('Origin',(109.1,-55.6,-6.6));
#10050=CARTESIAN_POINT('Origin',(109.1,-55.6,-9.));
#10051=CARTESIAN_POINT('',(109.1,-55.,-9.));
#10052=CARTESIAN_POINT('',(108.5,-55.6,-9.));
#10053=CARTESIAN_POINT('Origin',(109.1,-74.1875,-8.4));
#10054=CARTESIAN_POINT('',(108.5,-79.375,-8.4));
#10055=CARTESIAN_POINT('Origin',(109.1,-79.375,-8.4));
#10056=CARTESIAN_POINT('',(108.5,-74.1875,-8.4));
#10057=CARTESIAN_POINT('Origin',(103.5,-79.375,-8.4));
#10058=CARTESIAN_POINT('',(103.5,-84.375,-8.4));
#10059=CARTESIAN_POINT('Origin',(103.5,-84.975,-8.4));
#10060=CARTESIAN_POINT('Origin',(103.5,-79.375,-8.4));
#10061=CARTESIAN_POINT('Origin',(128.5,-84.975,-8.4));
#10062=CARTESIAN_POINT('',(96.5,-84.375,-8.4));
#10063=CARTESIAN_POINT('Origin',(96.5,-84.975,-8.4));
#10064=CARTESIAN_POINT('',(128.5,-84.375,-8.4));
#10065=CARTESIAN_POINT('Origin',(96.5,-93.375,-8.4));
#10066=CARTESIAN_POINT('',(96.5,-102.375,-8.4));
#10067=CARTESIAN_POINT('Origin',(96.5,-101.775,-8.4));
#10068=CARTESIAN_POINT('Origin',(96.5,-93.375,-8.4));
#10069=CARTESIAN_POINT('Origin',(187.9,-55.6,-8.4));
#10070=CARTESIAN_POINT('',(188.5,-55.6,-8.4));
#10071=CARTESIAN_POINT('',(187.9,-55.,-8.4));
#10072=CARTESIAN_POINT('Origin',(187.9,-55.6,-8.4));
#10073=CARTESIAN_POINT('Origin',(187.9,-55.6,-8.4));
#10074=CARTESIAN_POINT('Origin',(187.9,-55.6,-8.4));
#10075=CARTESIAN_POINT('Ctrl Pts',(113.534006683443,-55.0709353487172,-6.));
#10076=CARTESIAN_POINT('Ctrl Pts',(113.290322797246,-55.0702747637358,-6.));
#10077=CARTESIAN_POINT('Ctrl Pts',(112.797082287112,-55.0842972349906,-6.));
#10078=CARTESIAN_POINT('Ctrl Pts',(111.93871408844,-55.1580235123204,-6.));
#10079=CARTESIAN_POINT('Ctrl Pts',(110.56219366485,-55.4073299141577,-6.));
#10080=CARTESIAN_POINT('Ctrl Pts',(109.963346209274,-55.6086385783976,-6.));
#10081=CARTESIAN_POINT('Ctrl Pts',(109.723865738841,-55.7089117648903,-6.));
#10082=CARTESIAN_POINT('Ctrl Pts',(113.419022117038,-55.0657095188659,-6.0133099359468));
#10083=CARTESIAN_POINT('Ctrl Pts',(113.184050605724,-55.0676547117528,-6.01285050628151));
#10084=CARTESIAN_POINT('Ctrl Pts',(112.702193796113,-55.0853317382316,-6.0114736847879));
#10085=CARTESIAN_POINT('Ctrl Pts',(111.84498209563,-55.1660412987741,-6.00798960962748));
#10086=CARTESIAN_POINT('Ctrl Pts',(110.503024742053,-55.41093759161,-6.00337814236051));
#10087=CARTESIAN_POINT('Ctrl Pts',(109.946894886531,-55.5995937798333,-6.));
#10088=CARTESIAN_POINT('Ctrl Pts',(109.717934644787,-55.6962927988762,-6.));
#10089=CARTESIAN_POINT('Ctrl Pts',(113.186806394045,-55.0586001293132,-6.03992999306142));
#10090=CARTESIAN_POINT('Ctrl Pts',(112.963844809498,-55.0649857154509,-6.03809646604265));
#10091=CARTESIAN_POINT('Ctrl Pts',(112.498345080052,-55.0898402590353,-6.03333496316164));
#10092=CARTESIAN_POINT('Ctrl Pts',(111.638305125298,-55.1848707120012,-6.02235554483305));
#10093=CARTESIAN_POINT('Ctrl Pts',(110.379292636157,-55.4179143537904,-6.00895907410288));
#10094=CARTESIAN_POINT('Ctrl Pts',(109.906731331505,-55.5844208586629,-6.));
#10095=CARTESIAN_POINT('Ctrl Pts',(109.703061535316,-55.6722274161989,-6.));
#10096=CARTESIAN_POINT('Ctrl Pts',(112.787629171926,-55.0599258063917,-6.07946188568378));
#10097=CARTESIAN_POINT('Ctrl Pts',(112.573091621339,-55.0724150997433,-6.07436573808134));
#10098=CARTESIAN_POINT('Ctrl Pts',(112.11918457511,-55.1088516085442,-6.06252717010973));
#10099=CARTESIAN_POINT('Ctrl Pts',(111.260514430277,-55.2222383917252,-6.0392658369967));
#10100=CARTESIAN_POINT('Ctrl Pts',(110.178291510818,-55.4293843985409,-6.01439712141061));
#10101=CARTESIAN_POINT('Ctrl Pts',(109.830578523426,-55.5674178831996,-6.));
#10102=CARTESIAN_POINT('Ctrl Pts',(109.672923812484,-55.6418860754721,-6.));
#10103=CARTESIAN_POINT('Ctrl Pts',(112.280816519414,-55.0781017373067,-6.11771061693975));
#10104=CARTESIAN_POINT('Ctrl Pts',(112.070961592403,-55.0966342081998,-6.10813105460149));
#10105=CARTESIAN_POINT('Ctrl Pts',(111.624425076386,-55.1451373476785,-6.08718865990103));
#10106=CARTESIAN_POINT('Ctrl Pts',(110.804504955427,-55.2680482118415,-6.05151759355556));
#10107=CARTESIAN_POINT('Ctrl Pts',(109.970922781382,-55.4408655411823,-6.01686450990436));
#10108=CARTESIAN_POINT('Ctrl Pts',(109.746625860413,-55.5550375370605,-6.));
#10109=CARTESIAN_POINT('Ctrl Pts',(109.637002333036,-55.6192315072247,-6.));
#10110=CARTESIAN_POINT('Ctrl Pts',(111.579861848189,-55.1203578075506,-6.15215187722795));
#10111=CARTESIAN_POINT('Ctrl Pts',(111.377170064116,-55.1439462374934,-6.13674063066862));
#10112=CARTESIAN_POINT('Ctrl Pts',(110.956843126224,-55.2000234924147,-6.10507868643039));
#10113=CARTESIAN_POINT('Ctrl Pts',(110.285436887089,-55.3142325508398,-6.05783320456758));
#10114=CARTESIAN_POINT('Ctrl Pts',(109.787348623089,-55.4491683482476,-6.01592880087374));
#10115=CARTESIAN_POINT('Ctrl Pts',(109.663120322883,-55.5487463482666,-6.));
#10116=CARTESIAN_POINT('Ctrl Pts',(109.597444433029,-55.6055364325332,-6.));
#10117=CARTESIAN_POINT('Ctrl Pts',(110.586718096741,-55.1719730930161,-6.17406886229527));
#10118=CARTESIAN_POINT('Ctrl Pts',(110.44193269269,-55.1948074903226,-6.15261708215534));
#10119=CARTESIAN_POINT('Ctrl Pts',(110.163992046591,-55.2464040191786,-6.11090194865009));
#10120=CARTESIAN_POINT('Ctrl Pts',(109.822024103232,-55.3430080733758,-6.05488899628311));
#10121=CARTESIAN_POINT('Ctrl Pts',(109.64915892001,-55.4578391348628,-6.01214422830339));
#10122=CARTESIAN_POINT('Ctrl Pts',(109.583630498423,-55.5505388075037,-6.));
#10123=CARTESIAN_POINT('Ctrl Pts',(109.554859888854,-55.6000673325687,-6.));
#10124=CARTESIAN_POINT('Ctrl Pts',(109.905225734764,-55.1757359312881,-6.17573593128807));
#10125=CARTESIAN_POINT('Ctrl Pts',(109.838744052227,-55.2008704511822,-6.15060141139394));
#10126=CARTESIAN_POINT('Ctrl Pts',(109.722198595972,-55.2569121853159,-6.10342143315254));
#10127=CARTESIAN_POINT('Ctrl Pts',(109.610941058649,-55.3576438366622,-6.046765469935));
#10128=CARTESIAN_POINT('Ctrl Pts',(109.554576097122,-55.4729171432951,-6.00920467389125));
#10129=CARTESIAN_POINT('Ctrl Pts',(109.533553440017,-55.5570057625783,-6.));
#10130=CARTESIAN_POINT('Ctrl Pts',(109.524891360416,-55.6,-6.));
#10131=CARTESIAN_POINT('Ctrl Pts',(109.50987131621,-55.1757359312881,-6.17573593128807));
#10132=CARTESIAN_POINT('Ctrl Pts',(109.50987131621,-55.2035039496516,-6.14796791292458));
#10133=CARTESIAN_POINT('Ctrl Pts',(109.50987131621,-55.2645089768398,-6.09790245100957));
#10134=CARTESIAN_POINT('Ctrl Pts',(109.50987131621,-55.3689098177126,-6.04209894779045));
#10135=CARTESIAN_POINT('Ctrl Pts',(109.50987131621,-55.4821913957955,-6.00773544078798));
#10136=CARTESIAN_POINT('Ctrl Pts',(109.50987131621,-55.5607300918301,-6.));
#10137=CARTESIAN_POINT('Ctrl Pts',(109.50987131621,-55.6,-6.));
#10138=CARTESIAN_POINT('',(109.50987131621,-55.6,-6.));
#10139=CARTESIAN_POINT('Origin',(109.50987131621,-55.6,-6.6));
#10140=CARTESIAN_POINT('Ctrl Pts',(109.50987131621,-55.6,-6.));
#10141=CARTESIAN_POINT('Ctrl Pts',(109.518163211735,-55.6,-6.));
#10142=CARTESIAN_POINT('Ctrl Pts',(109.526451778498,-55.6000031328198,-6.));
#10143=CARTESIAN_POINT('Ctrl Pts',(109.534660855649,-55.6001694362426,-6.));
#10144=CARTESIAN_POINT('Ctrl Pts',(109.543238168532,-55.6003431995616,-6.));
#10145=CARTESIAN_POINT('Ctrl Pts',(109.551729385033,-55.6006952976714,-6.));
#10146=CARTESIAN_POINT('Ctrl Pts',(109.560085432158,-55.6013654464884,-6.));
#10147=CARTESIAN_POINT('Ctrl Pts',(109.568965162298,-55.602077594297,-6.));
#10148=CARTESIAN_POINT('Ctrl Pts',(109.577693229496,-55.6031492737213,-6.));
#10149=CARTESIAN_POINT('Ctrl Pts',(109.586239523525,-55.6046961476391,-6.));
#10150=CARTESIAN_POINT('Ctrl Pts',(109.594877434526,-55.6062596041717,-6.));
#10151=CARTESIAN_POINT('Ctrl Pts',(109.603331071136,-55.6083084278427,-6.));
#10152=CARTESIAN_POINT('Ctrl Pts',(109.611578930342,-55.6109088487204,-6.));
#10153=CARTESIAN_POINT('Ctrl Pts',(109.619656870352,-55.6134556967359,-6.));
#10154=CARTESIAN_POINT('Ctrl Pts',(109.627538739919,-55.6165313270746,-6.));
#10155=CARTESIAN_POINT('Ctrl Pts',(109.635193169239,-55.6201505446968,-6.));
#10156=CARTESIAN_POINT('Ctrl Pts',(109.642550166818,-55.623629128687,-6.));
#10157=CARTESIAN_POINT('Ctrl Pts',(109.64969802001,-55.6276094827843,-6.));
#10158=CARTESIAN_POINT('Ctrl Pts',(109.65658219848,-55.632065853244,-6.));
#10159=CARTESIAN_POINT('Ctrl Pts',(109.665960290237,-55.6381366213472,-6.));
#10160=CARTESIAN_POINT('Ctrl Pts',(109.674842050989,-55.6450883056155,-6.));
#10161=CARTESIAN_POINT('Ctrl Pts',(109.683028770196,-55.6527787720086,-6.));
#10162=CARTESIAN_POINT('Ctrl Pts',(109.69155154554,-55.6607849238878,-6.));
#10163=CARTESIAN_POINT('Ctrl Pts',(109.699320846804,-55.6695920141774,-6.));
#10164=CARTESIAN_POINT('Ctrl Pts',(109.706172791356,-55.6790143782961,-6.));
#10165=CARTESIAN_POINT('Ctrl Pts',(109.713024735909,-55.6884367424148,-6.));
#10166=CARTESIAN_POINT('Ctrl Pts',(109.718960221648,-55.6984748110715,-6.));
#10167=CARTESIAN_POINT('Ctrl Pts',(109.723865738841,-55.7089117648903,-6.));
#10168=CARTESIAN_POINT('Origin',(168.5,-55.6,-6.6));
#10169=CARTESIAN_POINT('',(168.5,-55.6,-6.));
#10170=CARTESIAN_POINT('',(168.5,-55.,-6.6));
#10171=CARTESIAN_POINT('Ctrl Pts',(108.570882716044,-60.0340392063723,-6.));
#10172=CARTESIAN_POINT('Ctrl Pts',(108.570228834764,-59.7903555677039,-6.));
#10173=CARTESIAN_POINT('Ctrl Pts',(108.584262533114,-59.2971171371813,-6.));
#10174=CARTESIAN_POINT('Ctrl Pts',(108.658003603815,-58.4387570959596,-6.));
#10175=CARTESIAN_POINT('Ctrl Pts',(108.907333271625,-57.0622591847572,-6.));
#10176=CARTESIAN_POINT('Ctrl Pts',(109.108649409596,-56.463415541896,-6.));
#10177=CARTESIAN_POINT('Ctrl Pts',(109.208922596088,-56.2239350714632,-6.));
#10178=CARTESIAN_POINT('Ctrl Pts',(108.575483884418,-59.9193050819284,-5.98669006405319));
#10179=CARTESIAN_POINT('Ctrl Pts',(108.576958099821,-59.6859532118067,-5.98714949371848));
#10180=CARTESIAN_POINT('Ctrl Pts',(108.594322804691,-59.2070241719861,-5.9885263152121));
#10181=CARTESIAN_POINT('Ctrl Pts',(108.675596808872,-58.3519170954773,-5.99201039037252));
#10182=CARTESIAN_POINT('Ctrl Pts',(108.932788122418,-57.0157137716142,-5.9966218576395));
#10183=CARTESIAN_POINT('Ctrl Pts',(109.125507972999,-56.4611259484806,-6.));
#10184=CARTESIAN_POINT('Ctrl Pts',(109.221466433684,-56.2299529592781,-6.));
#10185=CARTESIAN_POINT('Ctrl Pts',(108.587675038198,-59.692231175879,-5.96007000693858));
#10186=CARTESIAN_POINT('Ctrl Pts',(108.593065856002,-59.4735693972738,-5.96190353395736));
#10187=CARTESIAN_POINT('Ctrl Pts',(108.617407309158,-59.0151882933275,-5.96666503683836));
#10188=CARTESIAN_POINT('Ctrl Pts',(108.716828440007,-58.1608151610248,-5.97764445516695));
#10189=CARTESIAN_POINT('Ctrl Pts',(108.988227961047,-56.9196131262751,-5.99104092589711));
#10190=CARTESIAN_POINT('Ctrl Pts',(109.162337770019,-56.4489274909915,-6.));
#10191=CARTESIAN_POINT('Ctrl Pts',(109.247568823675,-56.2389258105795,-6.));
#10192=CARTESIAN_POINT('Ctrl Pts',(108.616807449823,-59.3140521207037,-5.92053811431622));
#10193=CARTESIAN_POINT('Ctrl Pts',(108.629593073688,-59.1055384953105,-5.92563426191866));
#10194=CARTESIAN_POINT('Ctrl Pts',(108.669461170438,-58.660877158378,-5.93747282989027));
#10195=CARTESIAN_POINT('Ctrl Pts',(108.807370722689,-57.8155399980274,-5.96073416300329));
#10196=CARTESIAN_POINT('Ctrl Pts',(109.087328924524,-56.7666861113156,-5.9856028785894));
#10197=CARTESIAN_POINT('Ctrl Pts',(109.225548526354,-56.4125677645938,-6.));
#10198=CARTESIAN_POINT('Ctrl Pts',(109.287974648287,-56.2421161518707,-6.));
#10199=CARTESIAN_POINT('Ctrl Pts',(108.669958405309,-58.8403411511372,-5.88228938306024));
#10200=CARTESIAN_POINT('Ctrl Pts',(108.694117115188,-58.6364772831643,-5.89186894539851));
#10201=CARTESIAN_POINT('Ctrl Pts',(108.759015384451,-58.2001447495746,-5.91281134009898));
#10202=CARTESIAN_POINT('Ctrl Pts',(108.94295888241,-57.4073365443826,-5.94848240644445));
#10203=CARTESIAN_POINT('Ctrl Pts',(109.202941753352,-56.6111659448793,-5.98313549009562));
#10204=CARTESIAN_POINT('Ctrl Pts',(109.292156625701,-56.3641007842898,-6.));
#10205=CARTESIAN_POINT('Ctrl Pts',(109.327011635462,-56.2350344792128,-6.));
#10206=CARTESIAN_POINT('Ctrl Pts',(108.784861813471,-58.1834910187963,-5.84784812277205));
#10207=CARTESIAN_POINT('Ctrl Pts',(108.828892186706,-57.9886114416762,-5.86325936933138));
#10208=CARTESIAN_POINT('Ctrl Pts',(108.932746694357,-57.5871915481586,-5.8949213135696));
#10209=CARTESIAN_POINT('Ctrl Pts',(109.142173567187,-56.9584127833218,-5.94216679543242));
#10210=CARTESIAN_POINT('Ctrl Pts',(109.322738839263,-56.4743115854305,-5.98407119912626));
#10211=CARTESIAN_POINT('Ctrl Pts',(109.354108553386,-56.3091095988957,-6.));
#10212=CARTESIAN_POINT('Ctrl Pts',(109.361661795338,-56.2184156502042,-6.));
#10213=CARTESIAN_POINT('Ctrl Pts',(109.091407188524,-57.273595452887,-5.82593113770473));
#10214=CARTESIAN_POINT('Ctrl Pts',(109.145383305423,-57.1449869503888,-5.84738291784466));
#10215=CARTESIAN_POINT('Ctrl Pts',(109.251219193223,-56.8977527394675,-5.8890980513499));
#10216=CARTESIAN_POINT('Ctrl Pts',(109.382217233384,-56.5762979659955,-5.94511100371688));
#10217=CARTESIAN_POINT('Ctrl Pts',(109.425329932875,-56.3660867058782,-5.98785577169662));
#10218=CARTESIAN_POINT('Ctrl Pts',(109.40767873419,-56.2494710995215,-6.));
#10219=CARTESIAN_POINT('Ctrl Pts',(109.393086876677,-56.1926835655527,-6.));
#10220=CARTESIAN_POINT('Ctrl Pts',(109.472794783727,-56.7268483723751,-5.82426406871193));
#10221=CARTESIAN_POINT('Ctrl Pts',(109.494439381563,-56.6672177039851,-5.84939858860606));
#10222=CARTESIAN_POINT('Ctrl Pts',(109.526066413891,-56.5519171538014,-5.89657856684746));
#10223=CARTESIAN_POINT('Ctrl Pts',(109.52684524052,-56.4041884701581,-5.953234530065));
#10224=CARTESIAN_POINT('Ctrl Pts',(109.483743971401,-56.2818317158359,-5.99079532610875));
#10225=CARTESIAN_POINT('Ctrl Pts',(109.438436207222,-56.207295332103,-6.));
#10226=CARTESIAN_POINT('Ctrl Pts',(109.413583875675,-56.1709754687926,-6.));
#10227=CARTESIAN_POINT('Ctrl Pts',(109.732695700297,-56.4509634062372,-5.82426406871193));
#10228=CARTESIAN_POINT('Ctrl Pts',(109.712483970726,-56.4319226911357,-5.85203208707542));
#10229=CARTESIAN_POINT('Ctrl Pts',(109.668079753764,-56.3900911377548,-5.90209754899043));
#10230=CARTESIAN_POINT('Ctrl Pts',(109.592088678884,-56.3185027859542,-5.95790105220955));
#10231=CARTESIAN_POINT('Ctrl Pts',(109.509633510797,-56.2408248535107,-5.99226455921202));
#10232=CARTESIAN_POINT('Ctrl Pts',(109.452466922086,-56.1869703466437,-6.));
#10233=CARTESIAN_POINT('Ctrl Pts',(109.423883220007,-56.1600427091099,-6.));
#10234=CARTESIAN_POINT('',(109.423883220007,-56.1600427091099,-6.));
#10235=CARTESIAN_POINT('Origin',(109.423883220007,-56.1600427091099,-5.4));
#10236=CARTESIAN_POINT('Ctrl Pts',(109.423883220007,-56.1600427091099,-6.));
#10237=CARTESIAN_POINT('Ctrl Pts',(109.419014496517,-56.1652108617767,-6.));
#10238=CARTESIAN_POINT('Ctrl Pts',(109.414148393373,-56.1703750240608,-6.));
#10239=CARTESIAN_POINT('Ctrl Pts',(109.409283899936,-56.1753974590036,-6.));
#10240=CARTESIAN_POINT('Ctrl Pts',(109.404093339215,-56.1807565480579,-6.));
#10241=CARTESIAN_POINT('Ctrl Pts',(109.398903997013,-56.1859544204347,-6.));
#10242=CARTESIAN_POINT('Ctrl Pts',(109.393683866248,-56.1908772878796,-6.));
#10243=CARTESIAN_POINT('Ctrl Pts',(109.388004378227,-56.196233354219,-6.));
#10244=CARTESIAN_POINT('Ctrl Pts',(109.382287350143,-56.2012641477568,-6.));
#10245=CARTESIAN_POINT('Ctrl Pts',(109.376469774985,-56.2058816153504,-6.));
#10246=CARTESIAN_POINT('Ctrl Pts',(109.3700507578,-56.2109764534975,-6.));
#10247=CARTESIAN_POINT('Ctrl Pts',(109.36350708145,-56.2155688188425,-6.));
#10248=CARTESIAN_POINT('Ctrl Pts',(109.356755552679,-56.2196012073664,-6.));
#10249=CARTESIAN_POINT('Ctrl Pts',(109.350501687194,-56.2233363636938,-6.));
#10250=CARTESIAN_POINT('Ctrl Pts',(109.344067899335,-56.2265929094487,-6.));
#10251=CARTESIAN_POINT('Ctrl Pts',(109.337417252121,-56.2293527683049,-6.));
#10252=CARTESIAN_POINT('Ctrl Pts',(109.331341215802,-56.2318741774409,-6.));
#10253=CARTESIAN_POINT('Ctrl Pts',(109.325083517639,-56.2339820647617,-6.));
#10254=CARTESIAN_POINT('Ctrl Pts',(109.318655605003,-56.2356675622427,-6.));
#10255=CARTESIAN_POINT('Ctrl Pts',(109.312206762731,-56.2373585477957,-6.));
#10256=CARTESIAN_POINT('Ctrl Pts',(109.305585620306,-56.2386251785753,-6.));
#10257=CARTESIAN_POINT('Ctrl Pts',(109.298858833405,-56.2394502922939,-6.));
#10258=CARTESIAN_POINT('Ctrl Pts',(109.290380559675,-56.2404902449588,-6.));
#10259=CARTESIAN_POINT('Ctrl Pts',(109.281745277179,-56.2408244549433,-6.));
#10260=CARTESIAN_POINT('Ctrl Pts',(109.273093571547,-56.2404322381263,-6.));
#10261=CARTESIAN_POINT('Ctrl Pts',(109.263777511661,-56.2400099034433,-6.));
#10262=CARTESIAN_POINT('Ctrl Pts',(109.254441187838,-56.2387451867273,-6.));
#10263=CARTESIAN_POINT('Ctrl Pts',(109.245212432194,-56.2366551435303,-6.));
#10264=CARTESIAN_POINT('Ctrl Pts',(109.234898334662,-56.2343193021438,-6.));
#10265=CARTESIAN_POINT('Ctrl Pts',(109.224716132882,-56.2309522813857,-6.));
#10266=CARTESIAN_POINT('Ctrl Pts',(109.214816008401,-56.2266335661529,-6.));
#10267=CARTESIAN_POINT('Ctrl Pts',(109.212839891848,-56.2257715280366,-6.));
#10268=CARTESIAN_POINT('Ctrl Pts',(109.210875009992,-56.2248717391895,-6.));
#10269=CARTESIAN_POINT('Ctrl Pts',(109.208922596088,-56.2239350714632,-6.));
#10270=CARTESIAN_POINT('Origin',(109.1,-131.15,-8.4));
#10271=CARTESIAN_POINT('',(108.5,-131.15,-8.4));
#10272=CARTESIAN_POINT('',(109.1,-131.75,-8.4));
#10273=CARTESIAN_POINT('Origin',(109.1,-131.15,-8.4));
#10274=CARTESIAN_POINT('Origin',(109.1,-131.15,-8.4));
#10275=CARTESIAN_POINT('Origin',(109.1,-131.15,-8.4));
#10276=CARTESIAN_POINT('Origin',(103.5,-107.375,-8.4));
#10277=CARTESIAN_POINT('',(103.5,-102.375,-8.4));
#10278=CARTESIAN_POINT('Origin',(103.5,-101.775,-8.4));
#10279=CARTESIAN_POINT('',(108.5,-107.375,-8.4));
#10280=CARTESIAN_POINT('Origin',(109.1,-107.375,-8.4));
#10281=CARTESIAN_POINT('Origin',(103.5,-107.375,-8.4));
#10282=CARTESIAN_POINT('Origin',(109.1,-74.1875,-8.4));
#10283=CARTESIAN_POINT('',(108.5,-74.1875,-8.4));
#10284=CARTESIAN_POINT('Origin',(187.9,-55.6,-6.6));
#10285=CARTESIAN_POINT('',(188.5,-55.6,-6.6));
#10286=CARTESIAN_POINT('',(187.9,-55.6,-6.));
#10287=CARTESIAN_POINT('Origin',(187.9,-55.6,-6.6));
#10288=CARTESIAN_POINT('',(187.9,-55.,-6.6));
#10289=CARTESIAN_POINT('Origin',(187.9,-55.6,-6.6));
#10290=CARTESIAN_POINT('Origin',(187.9,-55.6,-6.6));
#10291=CARTESIAN_POINT('Origin',(187.9,-55.6,-9.));
#10292=CARTESIAN_POINT('',(188.5,-55.6,-9.));
#10293=CARTESIAN_POINT('',(187.9,-55.,-9.));
#10294=CARTESIAN_POINT('Ctrl Pts',(183.465960793628,-55.0708827160436,-6.));
#10295=CARTESIAN_POINT('Ctrl Pts',(183.709644432296,-55.0702288347636,-6.));
#10296=CARTESIAN_POINT('Ctrl Pts',(184.202882862819,-55.0842625331136,-6.));
#10297=CARTESIAN_POINT('Ctrl Pts',(185.06124290404,-55.1580036038147,-6.));
#10298=CARTESIAN_POINT('Ctrl Pts',(186.437740815243,-55.407333271625,-6.));
#10299=CARTESIAN_POINT('Ctrl Pts',(187.036584458104,-55.6086494095956,-6.));
#10300=CARTESIAN_POINT('Ctrl Pts',(187.276064928537,-55.7089225960882,-6.));
#10301=CARTESIAN_POINT('Ctrl Pts',(183.580694918072,-55.0754838844179,-5.98669006405319));
#10302=CARTESIAN_POINT('Ctrl Pts',(183.814046788193,-55.0769580998212,-5.98714949371848));
#10303=CARTESIAN_POINT('Ctrl Pts',(184.292975828014,-55.0943228046912,-5.9885263152121));
#10304=CARTESIAN_POINT('Ctrl Pts',(185.148082904523,-55.1755968088723,-5.99201039037252));
#10305=CARTESIAN_POINT('Ctrl Pts',(186.484286228386,-55.4327881224181,-5.9966218576395));
#10306=CARTESIAN_POINT('Ctrl Pts',(187.038874051519,-55.6255079729988,-6.));
#10307=CARTESIAN_POINT('Ctrl Pts',(187.270047040722,-55.721466433684,-6.));
#10308=CARTESIAN_POINT('Ctrl Pts',(183.807768824121,-55.0876750381979,-5.96007000693858));
#10309=CARTESIAN_POINT('Ctrl Pts',(184.026430602726,-55.0930658560023,-5.96190353395736));
#10310=CARTESIAN_POINT('Ctrl Pts',(184.484811706672,-55.1174073091579,-5.96666503683835));
#10311=CARTESIAN_POINT('Ctrl Pts',(185.339184838975,-55.2168284400074,-5.97764445516695));
#10312=CARTESIAN_POINT('Ctrl Pts',(186.580386873725,-55.4882279610471,-5.99104092589711));
#10313=CARTESIAN_POINT('Ctrl Pts',(187.051072509008,-55.6623377700192,-6.));
#10314=CARTESIAN_POINT('Ctrl Pts',(187.26107418942,-55.7475688236752,-6.));
#10315=CARTESIAN_POINT('Ctrl Pts',(184.185947879296,-55.1168074498231,-5.92053811431622));
#10316=CARTESIAN_POINT('Ctrl Pts',(184.394461504689,-55.1295930736877,-5.92563426191866));
#10317=CARTESIAN_POINT('Ctrl Pts',(184.839122841622,-55.1694611704382,-5.93747282989027));
#10318=CARTESIAN_POINT('Ctrl Pts',(185.684460001972,-55.307370722689,-5.96073416300329));
#10319=CARTESIAN_POINT('Ctrl Pts',(186.733313888684,-55.5873289245238,-5.9856028785894));
#10320=CARTESIAN_POINT('Ctrl Pts',(187.087432235406,-55.7255485263542,-6.));
#10321=CARTESIAN_POINT('Ctrl Pts',(187.257883848129,-55.7879746482873,-6.));
#10322=CARTESIAN_POINT('Ctrl Pts',(184.659658848863,-55.169958405309,-5.88228938306025));
#10323=CARTESIAN_POINT('Ctrl Pts',(184.863522716836,-55.1941171151876,-5.89186894539851));
#10324=CARTESIAN_POINT('Ctrl Pts',(185.299855250425,-55.2590153844511,-5.91281134009897));
#10325=CARTESIAN_POINT('Ctrl Pts',(186.092663455617,-55.4429588824105,-5.94848240644445));
#10326=CARTESIAN_POINT('Ctrl Pts',(186.88883405512,-55.7029417533515,-5.98313549009562));
#10327=CARTESIAN_POINT('Ctrl Pts',(187.13589921571,-55.7921566257007,-6.));
#10328=CARTESIAN_POINT('Ctrl Pts',(187.264965520787,-55.8270116354617,-6.));
#10329=CARTESIAN_POINT('Ctrl Pts',(185.316508981204,-55.2848618134711,-5.84784812277205));
#10330=CARTESIAN_POINT('Ctrl Pts',(185.511388558324,-55.3288921867058,-5.86325936933138));
#10331=CARTESIAN_POINT('Ctrl Pts',(185.912808451841,-55.4327466943576,-5.89492131356961));
#10332=CARTESIAN_POINT('Ctrl Pts',(186.541587216678,-55.6421735671873,-5.94216679543242));
#10333=CARTESIAN_POINT('Ctrl Pts',(187.02568841457,-55.8227388392626,-5.98407119912626));
#10334=CARTESIAN_POINT('Ctrl Pts',(187.190890401104,-55.854108553386,-6.));
#10335=CARTESIAN_POINT('Ctrl Pts',(187.281584349796,-55.8616617953378,-6.));
#10336=CARTESIAN_POINT('Ctrl Pts',(186.226404547113,-55.5914071885238,-5.82593113770473));
#10337=CARTESIAN_POINT('Ctrl Pts',(186.355013049611,-55.6453833054226,-5.84738291784466));
#10338=CARTESIAN_POINT('Ctrl Pts',(186.602247260532,-55.751219193223,-5.88909805134991));
#10339=CARTESIAN_POINT('Ctrl Pts',(186.923702034004,-55.8822172333844,-5.94511100371688));
#10340=CARTESIAN_POINT('Ctrl Pts',(187.133913294122,-55.9253299328748,-5.98785577169662));
#10341=CARTESIAN_POINT('Ctrl Pts',(187.250528900478,-55.9076787341899,-6.));
#10342=CARTESIAN_POINT('Ctrl Pts',(187.307316434447,-55.8930868766767,-6.));
#10343=CARTESIAN_POINT('Ctrl Pts',(186.773151627625,-55.9727947837268,-5.82426406871193));
#10344=CARTESIAN_POINT('Ctrl Pts',(186.832782296015,-55.9944393815633,-5.84939858860606));
#10345=CARTESIAN_POINT('Ctrl Pts',(186.948082846199,-56.026066413891,-5.89657856684746));
#10346=CARTESIAN_POINT('Ctrl Pts',(187.095811529842,-56.0268452405202,-5.953234530065));
#10347=CARTESIAN_POINT('Ctrl Pts',(187.218168284164,-55.9837439714009,-5.99079532610875));
#10348=CARTESIAN_POINT('Ctrl Pts',(187.292704667897,-55.9384362072219,-6.));
#10349=CARTESIAN_POINT('Ctrl Pts',(187.329024531207,-55.9135838756754,-6.));
#10350=CARTESIAN_POINT('Ctrl Pts',(187.049036593763,-56.2326957002972,-5.82426406871193));
#10351=CARTESIAN_POINT('Ctrl Pts',(187.068077308864,-56.212483970726,-5.85203208707542));
#10352=CARTESIAN_POINT('Ctrl Pts',(187.109908862245,-56.1680797537642,-5.90209754899043));
#10353=CARTESIAN_POINT('Ctrl Pts',(187.181497214046,-56.0920886788845,-5.95790105220955));
#10354=CARTESIAN_POINT('Ctrl Pts',(187.259175146489,-56.0096335107973,-5.99226455921202));
#10355=CARTESIAN_POINT('Ctrl Pts',(187.313029653356,-55.9524669220856,-6.));
#10356=CARTESIAN_POINT('Ctrl Pts',(187.33995729089,-55.9238832200071,-6.));
#10357=CARTESIAN_POINT('',(187.33995729089,-55.9238832200071,-6.));
#10358=CARTESIAN_POINT('Origin',(187.33995729089,-55.9238832200071,-5.4));
#10359=CARTESIAN_POINT('Ctrl Pts',(187.33995729089,-55.9238832200071,-6.));
#10360=CARTESIAN_POINT('Ctrl Pts',(187.334789138223,-55.9190144965174,-6.));
#10361=CARTESIAN_POINT('Ctrl Pts',(187.329624975939,-55.9141483933733,-6.));
#10362=CARTESIAN_POINT('Ctrl Pts',(187.324602540996,-55.9092838999357,-6.));
#10363=CARTESIAN_POINT('Ctrl Pts',(187.319243451942,-55.9040933392152,-6.));
#10364=CARTESIAN_POINT('Ctrl Pts',(187.314045579566,-55.8989039970136,-6.));
#10365=CARTESIAN_POINT('Ctrl Pts',(187.309122712121,-55.8936838662483,-6.));
#10366=CARTESIAN_POINT('Ctrl Pts',(187.303766645782,-55.8880043782279,-6.));
#10367=CARTESIAN_POINT('Ctrl Pts',(187.298735852244,-55.8822873501443,-6.));
#10368=CARTESIAN_POINT('Ctrl Pts',(187.294118384651,-55.8764697749868,-6.));
#10369=CARTESIAN_POINT('Ctrl Pts',(187.289023546503,-55.8700507578011,-6.));
#10370=CARTESIAN_POINT('Ctrl Pts',(187.284431181158,-55.8635070814514,-6.));
#10371=CARTESIAN_POINT('Ctrl Pts',(187.280398792634,-55.8567555526801,-6.));
#10372=CARTESIAN_POINT('Ctrl Pts',(187.276663636307,-55.8505016871957,-6.));
#10373=CARTESIAN_POINT('Ctrl Pts',(187.273407090552,-55.8440678993362,-6.));
#10374=CARTESIAN_POINT('Ctrl Pts',(187.270647231695,-55.8374172521222,-6.));
#10375=CARTESIAN_POINT('Ctrl Pts',(187.26812582256,-55.8313412158035,-6.));
#10376=CARTESIAN_POINT('Ctrl Pts',(187.266017935239,-55.8250835176407,-6.));
#10377=CARTESIAN_POINT('Ctrl Pts',(187.264332437758,-55.8186556050047,-6.));
#10378=CARTESIAN_POINT('Ctrl Pts',(187.262641452205,-55.8122067627342,-6.));
#10379=CARTESIAN_POINT('Ctrl Pts',(187.261374821425,-55.8055856203102,-6.));
#10380=CARTESIAN_POINT('Ctrl Pts',(187.260549707707,-55.7988588334102,-6.));
#10381=CARTESIAN_POINT('Ctrl Pts',(187.259509755041,-55.7903805596806,-6.));
#10382=CARTESIAN_POINT('Ctrl Pts',(187.259175545057,-55.7817452771843,-6.));
#10383=CARTESIAN_POINT('Ctrl Pts',(187.259567761873,-55.7730935715521,-6.));
#10384=CARTESIAN_POINT('Ctrl Pts',(187.259990096556,-55.7637775116671,-6.));
#10385=CARTESIAN_POINT('Ctrl Pts',(187.261254813271,-55.7544411878455,-6.));
#10386=CARTESIAN_POINT('Ctrl Pts',(187.263344856468,-55.7452124322021,-6.));
#10387=CARTESIAN_POINT('Ctrl Pts',(187.265680697854,-55.7348983346707,-6.));
#10388=CARTESIAN_POINT('Ctrl Pts',(187.269047718611,-55.7247161328913,-6.));
#10389=CARTESIAN_POINT('Ctrl Pts',(187.273366433843,-55.714816008411,-6.));
#10390=CARTESIAN_POINT('Ctrl Pts',(187.27422847196,-55.7128398918547,-6.));
#10391=CARTESIAN_POINT('Ctrl Pts',(187.275128260809,-55.7108750099951,-6.));
#10392=CARTESIAN_POINT('Ctrl Pts',(187.276064928537,-55.7089225960882,-6.));
#10393=CARTESIAN_POINT('Origin',(168.5,-55.6,-6.6));
#10394=CARTESIAN_POINT('',(168.5,-55.,-6.6));
#10395=CARTESIAN_POINT('Origin',(109.1,-131.15,-6.6));
#10396=CARTESIAN_POINT('',(108.5,-131.15,-6.6));
#10397=CARTESIAN_POINT('',(109.1,-131.15,-6.));
#10398=CARTESIAN_POINT('Origin',(109.1,-131.15,-6.6));
#10399=CARTESIAN_POINT('',(109.1,-131.75,-6.6));
#10400=CARTESIAN_POINT('Origin',(109.1,-131.15,-6.6));
#10401=CARTESIAN_POINT('Origin',(109.1,-131.15,-6.6));
#10402=CARTESIAN_POINT('Origin',(109.1,-131.15,-9.));
#10403=CARTESIAN_POINT('',(108.5,-131.15,-9.));
#10404=CARTESIAN_POINT('',(109.1,-131.75,-9.));
#10405=CARTESIAN_POINT('Ctrl Pts',(108.570935348717,-126.715993316557,-5.99999999999999));
#10406=CARTESIAN_POINT('Ctrl Pts',(108.570274763736,-126.959677202754,-5.99999999999999));
#10407=CARTESIAN_POINT('Ctrl Pts',(108.584297234991,-127.452917712888,-5.99999999999999));
#10408=CARTESIAN_POINT('Ctrl Pts',(108.65802351232,-128.31128591156,-5.99999999999999));
#10409=CARTESIAN_POINT('Ctrl Pts',(108.907329914158,-129.68780633515,-6.));
#10410=CARTESIAN_POINT('Ctrl Pts',(109.108638578398,-130.286653790726,-6.));
#10411=CARTESIAN_POINT('Ctrl Pts',(109.20891176489,-130.526134261159,-6.));
#10412=CARTESIAN_POINT('Ctrl Pts',(108.565709518866,-126.830977882962,-6.0133099359468));
#10413=CARTESIAN_POINT('Ctrl Pts',(108.567654711753,-127.065949394276,-6.0128505062815));
#10414=CARTESIAN_POINT('Ctrl Pts',(108.585331738232,-127.547806203887,-6.01147368478789));
#10415=CARTESIAN_POINT('Ctrl Pts',(108.666041298774,-128.40501790437,-6.00798960962747));
#10416=CARTESIAN_POINT('Ctrl Pts',(108.91093759161,-129.746975257947,-6.00337814236051));
#10417=CARTESIAN_POINT('Ctrl Pts',(109.099593779833,-130.303105113469,-6.));
#10418=CARTESIAN_POINT('Ctrl Pts',(109.196292798876,-130.532065355213,-6.));
#10419=CARTESIAN_POINT('Ctrl Pts',(108.558600129313,-127.063193605955,-6.03992999306141));
#10420=CARTESIAN_POINT('Ctrl Pts',(108.564985715451,-127.286155190502,-6.03809646604264));
#10421=CARTESIAN_POINT('Ctrl Pts',(108.589840259035,-127.751654919948,-6.03333496316163));
#10422=CARTESIAN_POINT('Ctrl Pts',(108.684870712001,-128.611694874702,-6.02235554483305));
#10423=CARTESIAN_POINT('Ctrl Pts',(108.917914353791,-129.870707363843,-6.00895907410288));
#10424=CARTESIAN_POINT('Ctrl Pts',(109.084420858663,-130.343268668495,-6.));
#10425=CARTESIAN_POINT('Ctrl Pts',(109.172227416199,-130.546938464684,-6.));
#10426=CARTESIAN_POINT('Ctrl Pts',(108.559925806392,-127.462370828074,-6.07946188568377));
#10427=CARTESIAN_POINT('Ctrl Pts',(108.572415099743,-127.676908378661,-6.07436573808133));
#10428=CARTESIAN_POINT('Ctrl Pts',(108.608851608544,-128.130815424891,-6.06252717010973));
#10429=CARTESIAN_POINT('Ctrl Pts',(108.722238391725,-128.989485569723,-6.03926583699669));
#10430=CARTESIAN_POINT('Ctrl Pts',(108.929384398541,-130.071708489182,-6.01439712141061));
#10431=CARTESIAN_POINT('Ctrl Pts',(109.0674178832,-130.419421476574,-6.));
#10432=CARTESIAN_POINT('Ctrl Pts',(109.141886075472,-130.577076187516,-6.));
#10433=CARTESIAN_POINT('Ctrl Pts',(108.578101737307,-127.969183480586,-6.11771061693975));
#10434=CARTESIAN_POINT('Ctrl Pts',(108.5966342082,-128.179038407597,-6.10813105460148));
#10435=CARTESIAN_POINT('Ctrl Pts',(108.645137347679,-128.625574923614,-6.08718865990102));
#10436=CARTESIAN_POINT('Ctrl Pts',(108.768048211842,-129.445495044573,-6.05151759355556));
#10437=CARTESIAN_POINT('Ctrl Pts',(108.940865541182,-130.279077218618,-6.01686450990436));
#10438=CARTESIAN_POINT('Ctrl Pts',(109.055037537061,-130.503374139587,-6.));
#10439=CARTESIAN_POINT('Ctrl Pts',(109.119231507225,-130.612997666964,-6.));
#10440=CARTESIAN_POINT('Ctrl Pts',(108.620357807551,-128.670138151811,-6.15215187722795));
#10441=CARTESIAN_POINT('Ctrl Pts',(108.643946237493,-128.872829935885,-6.13674063066862));
#10442=CARTESIAN_POINT('Ctrl Pts',(108.700023492415,-129.293156873776,-6.10507868643039));
#10443=CARTESIAN_POINT('Ctrl Pts',(108.81423255084,-129.964563112911,-6.05783320456758));
#10444=CARTESIAN_POINT('Ctrl Pts',(108.949168348248,-130.462651376911,-6.01592880087374));
#10445=CARTESIAN_POINT('Ctrl Pts',(109.048746348267,-130.586879677118,-6.));
#10446=CARTESIAN_POINT('Ctrl Pts',(109.105536432533,-130.652555566971,-6.));
#10447=CARTESIAN_POINT('Ctrl Pts',(108.671973093016,-129.663281903259,-6.17406886229527));
#10448=CARTESIAN_POINT('Ctrl Pts',(108.694807490323,-129.80806730731,-6.15261708215534));
#10449=CARTESIAN_POINT('Ctrl Pts',(108.746404019178,-130.086007953409,-6.11090194865009));
#10450=CARTESIAN_POINT('Ctrl Pts',(108.843008073376,-130.427975896768,-6.05488899628311));
#10451=CARTESIAN_POINT('Ctrl Pts',(108.957839134863,-130.60084107999,-6.01214422830339));
#10452=CARTESIAN_POINT('Ctrl Pts',(109.050538807504,-130.666369501577,-6.));
#10453=CARTESIAN_POINT('Ctrl Pts',(109.100067332569,-130.695140111146,-6.));
#10454=CARTESIAN_POINT('Ctrl Pts',(108.675735931288,-130.344774265236,-6.17573593128807));
#10455=CARTESIAN_POINT('Ctrl Pts',(108.700870451182,-130.411255947773,-6.15060141139394));
#10456=CARTESIAN_POINT('Ctrl Pts',(108.756912185316,-130.527801404028,-6.10342143315254));
#10457=CARTESIAN_POINT('Ctrl Pts',(108.857643836662,-130.639058941351,-6.046765469935));
#10458=CARTESIAN_POINT('Ctrl Pts',(108.972917143295,-130.695423902878,-6.00920467389125));
#10459=CARTESIAN_POINT('Ctrl Pts',(109.057005762578,-130.716446559983,-6.));
#10460=CARTESIAN_POINT('Ctrl Pts',(109.1,-130.725108639584,-6.));
#10461=CARTESIAN_POINT('Ctrl Pts',(108.675735931288,-130.74012868379,-6.17573593128807));
#10462=CARTESIAN_POINT('Ctrl Pts',(108.703503949652,-130.74012868379,-6.14796791292458));
#10463=CARTESIAN_POINT('Ctrl Pts',(108.76450897684,-130.74012868379,-6.09790245100957));
#10464=CARTESIAN_POINT('Ctrl Pts',(108.868909817713,-130.74012868379,-6.04209894779045));
#10465=CARTESIAN_POINT('Ctrl Pts',(108.982191395795,-130.74012868379,-6.00773544078798));
#10466=CARTESIAN_POINT('Ctrl Pts',(109.06073009183,-130.74012868379,-6.));
#10467=CARTESIAN_POINT('Ctrl Pts',(109.1,-130.74012868379,-6.));
#10468=CARTESIAN_POINT('',(109.1,-130.74012868379,-6.));
#10469=CARTESIAN_POINT('Origin',(109.1,-130.74012868379,-6.6));
#10470=CARTESIAN_POINT('Ctrl Pts',(109.1,-130.74012868379,-6.));
#10471=CARTESIAN_POINT('Ctrl Pts',(109.1,-130.731836788265,-6.));
#10472=CARTESIAN_POINT('Ctrl Pts',(109.10000313282,-130.723548221502,-6.));
#10473=CARTESIAN_POINT('Ctrl Pts',(109.100169436243,-130.715339144352,-6.));
#10474=CARTESIAN_POINT('Ctrl Pts',(109.100343199562,-130.706761831469,-6.));
#10475=CARTESIAN_POINT('Ctrl Pts',(109.100695297671,-130.698270614968,-6.));
#10476=CARTESIAN_POINT('Ctrl Pts',(109.101365446488,-130.689914567843,-6.));
#10477=CARTESIAN_POINT('Ctrl Pts',(109.102077594297,-130.681034837703,-6.));
#10478=CARTESIAN_POINT('Ctrl Pts',(109.103149273721,-130.672306770505,-6.));
#10479=CARTESIAN_POINT('Ctrl Pts',(109.104696147639,-130.663760476476,-6.));
#10480=CARTESIAN_POINT('Ctrl Pts',(109.106259604171,-130.655122565476,-6.));
#10481=CARTESIAN_POINT('Ctrl Pts',(109.108308427842,-130.646668928866,-6.));
#10482=CARTESIAN_POINT('Ctrl Pts',(109.11090884872,-130.63842106966,-6.));
#10483=CARTESIAN_POINT('Ctrl Pts',(109.113455696735,-130.63034312965,-6.));
#10484=CARTESIAN_POINT('Ctrl Pts',(109.116531327074,-130.622461260082,-6.));
#10485=CARTESIAN_POINT('Ctrl Pts',(109.120150544696,-130.614806830763,-6.));
#10486=CARTESIAN_POINT('Ctrl Pts',(109.123629128686,-130.607449833183,-6.));
#10487=CARTESIAN_POINT('Ctrl Pts',(109.127609482784,-130.600301979991,-6.));
#10488=CARTESIAN_POINT('Ctrl Pts',(109.132065853244,-130.593417801521,-6.));
#10489=CARTESIAN_POINT('Ctrl Pts',(109.138136621346,-130.584039709764,-6.));
#10490=CARTESIAN_POINT('Ctrl Pts',(109.145088305614,-130.575157949014,-6.));
#10491=CARTESIAN_POINT('Ctrl Pts',(109.152778772006,-130.566971229807,-6.));
#10492=CARTESIAN_POINT('Ctrl Pts',(109.160784923885,-130.558448454462,-6.));
#10493=CARTESIAN_POINT('Ctrl Pts',(109.169592014175,-130.550679153198,-6.));
#10494=CARTESIAN_POINT('Ctrl Pts',(109.179014378295,-130.543827208645,-6.));
#10495=CARTESIAN_POINT('Ctrl Pts',(109.188436742414,-130.536975264092,-6.));
#10496=CARTESIAN_POINT('Ctrl Pts',(109.198474811071,-130.531039778352,-6.));
#10497=CARTESIAN_POINT('Ctrl Pts',(109.20891176489,-130.526134261159,-6.));
#10498=CARTESIAN_POINT('Origin',(109.1,-74.1875,-6.6));
#10499=CARTESIAN_POINT('',(109.1,-74.1875,-6.));
#10500=CARTESIAN_POINT('',(108.5,-74.1875,-6.6));
#10501=CARTESIAN_POINT('Origin',(187.9,-131.15,-8.4));
#10502=CARTESIAN_POINT('',(187.9,-131.75,-8.4));
#10503=CARTESIAN_POINT('',(188.5,-131.15,-8.4));
#10504=CARTESIAN_POINT('Origin',(187.9,-131.15,-8.4));
#10505=CARTESIAN_POINT('Origin',(187.9,-131.15,-8.4));
#10506=CARTESIAN_POINT('Origin',(187.9,-131.15,-8.4));
#10507=CARTESIAN_POINT('Origin',(128.5,-131.15,-8.4));
#10508=CARTESIAN_POINT('',(128.5,-131.75,-8.4));
#10509=CARTESIAN_POINT('Origin',(187.9,-112.5625,-8.4));
#10510=CARTESIAN_POINT('',(188.5,-107.375,-8.4));
#10511=CARTESIAN_POINT('Origin',(187.9,-107.375,-8.4));
#10512=CARTESIAN_POINT('',(188.5,-112.5625,-8.4));
#10513=CARTESIAN_POINT('Ctrl Pts',(188.429064651283,-60.0340066834426,-5.99999999999999));
#10514=CARTESIAN_POINT('Ctrl Pts',(188.429725236264,-59.790322797246,-5.99999999999999));
#10515=CARTESIAN_POINT('Ctrl Pts',(188.415702765009,-59.2970822871119,-5.99999999999998));
#10516=CARTESIAN_POINT('Ctrl Pts',(188.34197648768,-58.4387140884397,-5.99999999999999));
#10517=CARTESIAN_POINT('Ctrl Pts',(188.092670085842,-57.0621936648497,-6.));
#10518=CARTESIAN_POINT('Ctrl Pts',(187.891361421602,-56.4633462092742,-6.));
#10519=CARTESIAN_POINT('Ctrl Pts',(187.79108823511,-56.2238657388414,-6.));
#10520=CARTESIAN_POINT('Ctrl Pts',(188.434290481134,-59.9190221170375,-6.01330993594679));
#10521=CARTESIAN_POINT('Ctrl Pts',(188.432345288247,-59.6840506057244,-6.0128505062815));
#10522=CARTESIAN_POINT('Ctrl Pts',(188.414668261768,-59.2021937961133,-6.01147368478788));
#10523=CARTESIAN_POINT('Ctrl Pts',(188.333958701226,-58.3449820956301,-6.00798960962747));
#10524=CARTESIAN_POINT('Ctrl Pts',(188.08906240839,-57.0030247420527,-6.00337814236051));
#10525=CARTESIAN_POINT('Ctrl Pts',(187.900406220167,-56.4468948865314,-6.));
#10526=CARTESIAN_POINT('Ctrl Pts',(187.803707201124,-56.2179346447869,-6.));
#10527=CARTESIAN_POINT('Ctrl Pts',(188.441399870687,-59.6868063940454,-6.0399299930614));
#10528=CARTESIAN_POINT('Ctrl Pts',(188.435014284549,-59.4638448094983,-6.03809646604263));
#10529=CARTESIAN_POINT('Ctrl Pts',(188.410159740965,-58.9983450800515,-6.03333496316163));
#10530=CARTESIAN_POINT('Ctrl Pts',(188.315129287999,-58.1383051252979,-6.02235554483305));
#10531=CARTESIAN_POINT('Ctrl Pts',(188.082085646209,-56.879292636157,-6.00895907410288));
#10532=CARTESIAN_POINT('Ctrl Pts',(187.915579141337,-56.4067313315053,-6.));
#10533=CARTESIAN_POINT('Ctrl Pts',(187.827772583801,-56.2030615353158,-6.));
#10534=CARTESIAN_POINT('Ctrl Pts',(188.440074193608,-59.2876291719264,-6.07946188568377));
#10535=CARTESIAN_POINT('Ctrl Pts',(188.427584900257,-59.073091621339,-6.07436573808133));
#10536=CARTESIAN_POINT('Ctrl Pts',(188.391148391456,-58.6191845751095,-6.06252717010973));
#10537=CARTESIAN_POINT('Ctrl Pts',(188.277761608275,-57.760514430277,-6.03926583699669));
#10538=CARTESIAN_POINT('Ctrl Pts',(188.070615601459,-56.6782915108178,-6.01439712141061));
#10539=CARTESIAN_POINT('Ctrl Pts',(187.9325821168,-56.3305785234258,-6.));
#10540=CARTESIAN_POINT('Ctrl Pts',(187.858113924528,-56.1729238124837,-6.));
#10541=CARTESIAN_POINT('Ctrl Pts',(188.421898262693,-58.7808165194143,-6.11771061693975));
#10542=CARTESIAN_POINT('Ctrl Pts',(188.4033657918,-58.5709615924031,-6.10813105460148));
#10543=CARTESIAN_POINT('Ctrl Pts',(188.354862652321,-58.124425076386,-6.08718865990102));
#10544=CARTESIAN_POINT('Ctrl Pts',(188.231951788159,-57.3045049554271,-6.05151759355556));
#10545=CARTESIAN_POINT('Ctrl Pts',(188.059134458818,-56.4709227813823,-6.01686450990436));
#10546=CARTESIAN_POINT('Ctrl Pts',(187.94496246294,-56.2466258604127,-6.));
#10547=CARTESIAN_POINT('Ctrl Pts',(187.880768492775,-56.1370023330356,-6.));
#10548=CARTESIAN_POINT('Ctrl Pts',(188.379642192449,-58.0798618481892,-6.15215187722795));
#10549=CARTESIAN_POINT('Ctrl Pts',(188.356053762507,-57.8771700641155,-6.13674063066862));
#10550=CARTESIAN_POINT('Ctrl Pts',(188.299976507585,-57.4568431262237,-6.10507868643039));
#10551=CARTESIAN_POINT('Ctrl Pts',(188.18576744916,-56.7854368870885,-6.05783320456758));
#10552=CARTESIAN_POINT('Ctrl Pts',(188.050831651753,-56.2873486230888,-6.01592880087374));
#10553=CARTESIAN_POINT('Ctrl Pts',(187.951253651733,-56.1631203228825,-6.));
#10554=CARTESIAN_POINT('Ctrl Pts',(187.894463567467,-56.0974444330287,-6.));
#10555=CARTESIAN_POINT('Ctrl Pts',(188.328026906984,-57.0867180967405,-6.17406886229527));
#10556=CARTESIAN_POINT('Ctrl Pts',(188.305192509678,-56.9419326926898,-6.15261708215534));
#10557=CARTESIAN_POINT('Ctrl Pts',(188.253595980821,-56.6639920465913,-6.11090194865009));
#10558=CARTESIAN_POINT('Ctrl Pts',(188.156991926624,-56.322024103232,-6.05488899628311));
#10559=CARTESIAN_POINT('Ctrl Pts',(188.042160865137,-56.14915892001,-6.01214422830339));
#10560=CARTESIAN_POINT('Ctrl Pts',(187.949461192496,-56.083630498423,-6.));
#10561=CARTESIAN_POINT('Ctrl Pts',(187.899932667431,-56.0548598888542,-6.));
#10562=CARTESIAN_POINT('Ctrl Pts',(188.324264068712,-56.4052257347644,-6.17573593128807));
#10563=CARTESIAN_POINT('Ctrl Pts',(188.299129548818,-56.3387440522266,-6.15060141139394));
#10564=CARTESIAN_POINT('Ctrl Pts',(188.243087814684,-56.2221985959718,-6.10342143315254));
#10565=CARTESIAN_POINT('Ctrl Pts',(188.142356163338,-56.1109410586485,-6.046765469935));
#10566=CARTESIAN_POINT('Ctrl Pts',(188.027082856705,-56.0545760971217,-6.00920467389125));
#10567=CARTESIAN_POINT('Ctrl Pts',(187.942994237422,-56.0335534400169,-6.));
#10568=CARTESIAN_POINT('Ctrl Pts',(187.9,-56.0248913604158,-6.));
#10569=CARTESIAN_POINT('Ctrl Pts',(188.324264068712,-56.0098713162101,-6.17573593128807));
#10570=CARTESIAN_POINT('Ctrl Pts',(188.296496050349,-56.0098713162101,-6.14796791292458));
#10571=CARTESIAN_POINT('Ctrl Pts',(188.23549102316,-56.0098713162101,-6.09790245100957));
#10572=CARTESIAN_POINT('Ctrl Pts',(188.131090182287,-56.0098713162101,-6.04209894779045));
#10573=CARTESIAN_POINT('Ctrl Pts',(188.017808604205,-56.0098713162101,-6.00773544078798));
#10574=CARTESIAN_POINT('Ctrl Pts',(187.93926990817,-56.0098713162101,-6.));
#10575=CARTESIAN_POINT('Ctrl Pts',(187.9,-56.0098713162101,-6.));
#10576=CARTESIAN_POINT('',(187.9,-56.0098713162101,-6.));
#10577=CARTESIAN_POINT('Origin',(187.9,-56.0098713162101,-6.6));
#10578=CARTESIAN_POINT('Ctrl Pts',(187.9,-56.0098713162101,-6.));
#10579=CARTESIAN_POINT('Ctrl Pts',(187.9,-56.0181632117351,-6.));
#10580=CARTESIAN_POINT('Ctrl Pts',(187.89999686718,-56.0264517784987,-6.));
#10581=CARTESIAN_POINT('Ctrl Pts',(187.899830563757,-56.0346608556492,-6.));
#10582=CARTESIAN_POINT('Ctrl Pts',(187.899656800438,-56.0432381685327,-6.));
#10583=CARTESIAN_POINT('Ctrl Pts',(187.899304702329,-56.0517293850333,-6.));
#10584=CARTESIAN_POINT('Ctrl Pts',(187.898634553512,-56.0600854321589,-6.));
#10585=CARTESIAN_POINT('Ctrl Pts',(187.897922405703,-56.0689651622986,-6.));
#10586=CARTESIAN_POINT('Ctrl Pts',(187.896850726279,-56.0776932294969,-6.));
#10587=CARTESIAN_POINT('Ctrl Pts',(187.895303852361,-56.0862395235263,-6.));
#10588=CARTESIAN_POINT('Ctrl Pts',(187.893740395828,-56.0948774345262,-6.));
#10589=CARTESIAN_POINT('Ctrl Pts',(187.891691572157,-56.1033310711359,-6.));
#10590=CARTESIAN_POINT('Ctrl Pts',(187.88909115128,-56.1115789303417,-6.));
#10591=CARTESIAN_POINT('Ctrl Pts',(187.886544303264,-56.1196568703515,-6.));
#10592=CARTESIAN_POINT('Ctrl Pts',(187.883468672925,-56.1275387399194,-6.));
#10593=CARTESIAN_POINT('Ctrl Pts',(187.879849455303,-56.1351931692387,-6.));
#10594=CARTESIAN_POINT('Ctrl Pts',(187.876370871313,-56.1425501668185,-6.));
#10595=CARTESIAN_POINT('Ctrl Pts',(187.872390517215,-56.1496980200111,-6.));
#10596=CARTESIAN_POINT('Ctrl Pts',(187.867934146755,-56.1565821984818,-6.));
#10597=CARTESIAN_POINT('Ctrl Pts',(187.861863378652,-56.165960290238,-6.));
#10598=CARTESIAN_POINT('Ctrl Pts',(187.854911694384,-56.1748420509889,-6.));
#10599=CARTESIAN_POINT('Ctrl Pts',(187.847221227992,-56.1830287701954,-6.));
#10600=CARTESIAN_POINT('Ctrl Pts',(187.839215076112,-56.1915515455402,-6.));
#10601=CARTESIAN_POINT('Ctrl Pts',(187.830407985823,-56.1993208468036,-6.));
#10602=CARTESIAN_POINT('Ctrl Pts',(187.820985621704,-56.206172791356,-6.));
#10603=CARTESIAN_POINT('Ctrl Pts',(187.811563257585,-56.2130247359085,-6.));
#10604=CARTESIAN_POINT('Ctrl Pts',(187.801525188929,-56.2189602216482,-6.));
#10605=CARTESIAN_POINT('Ctrl Pts',(187.79108823511,-56.2238657388413,-6.));
#10606=CARTESIAN_POINT('Origin',(187.9,-112.5625,-6.6));
#10607=CARTESIAN_POINT('',(187.9,-112.5625,-6.));
#10608=CARTESIAN_POINT('',(188.5,-112.5625,-6.6));
#10609=CARTESIAN_POINT('Origin',(183.5,-60.,-5.4));
#10610=CARTESIAN_POINT('Origin',(183.5,-60.,-6.));
#10611=CARTESIAN_POINT('Origin',(183.5,-60.,-5.4));
#10612=CARTESIAN_POINT('Origin',(183.5,-60.,-5.4));
#10613=CARTESIAN_POINT('',(178.5,-60.,-5.4));
#10614=CARTESIAN_POINT('Origin',(183.5,-60.,-5.4));
#10615=CARTESIAN_POINT('Origin',(183.5,-60.,-5.4));
#10616=CARTESIAN_POINT('Ctrl Pts',(113.534039206372,-131.679117283956,-6.));
#10617=CARTESIAN_POINT('Ctrl Pts',(113.290355567704,-131.679771165236,-6.));
#10618=CARTESIAN_POINT('Ctrl Pts',(112.797117137181,-131.665737466886,-6.));
#10619=CARTESIAN_POINT('Ctrl Pts',(111.93875709596,-131.591996396185,-6.));
#10620=CARTESIAN_POINT('Ctrl Pts',(110.562259184757,-131.342666728375,-6.));
#10621=CARTESIAN_POINT('Ctrl Pts',(109.963415541896,-131.141350590404,-6.));
#10622=CARTESIAN_POINT('Ctrl Pts',(109.723935071463,-131.041077403912,-6.));
#10623=CARTESIAN_POINT('Ctrl Pts',(113.419305081928,-131.674516115582,-5.98669006405319));
#10624=CARTESIAN_POINT('Ctrl Pts',(113.185953211807,-131.673041900179,-5.98714949371848));
#10625=CARTESIAN_POINT('Ctrl Pts',(112.707024171986,-131.655677195309,-5.9885263152121));
#10626=CARTESIAN_POINT('Ctrl Pts',(111.851917095477,-131.574403191128,-5.99201039037252));
#10627=CARTESIAN_POINT('Ctrl Pts',(110.515713771614,-131.317211877582,-5.9966218576395));
#10628=CARTESIAN_POINT('Ctrl Pts',(109.961125948481,-131.124492027001,-6.));
#10629=CARTESIAN_POINT('Ctrl Pts',(109.729952959278,-131.028533566316,-6.));
#10630=CARTESIAN_POINT('Ctrl Pts',(113.192231175879,-131.662324961802,-5.96007000693858));
#10631=CARTESIAN_POINT('Ctrl Pts',(112.973569397274,-131.656934143998,-5.96190353395736));
#10632=CARTESIAN_POINT('Ctrl Pts',(112.515188293328,-131.632592690842,-5.96666503683835));
#10633=CARTESIAN_POINT('Ctrl Pts',(111.660815161025,-131.533171559993,-5.97764445516695));
#10634=CARTESIAN_POINT('Ctrl Pts',(110.419613126275,-131.261772038953,-5.99104092589711));
#10635=CARTESIAN_POINT('Ctrl Pts',(109.948927490992,-131.087662229981,-6.));
#10636=CARTESIAN_POINT('Ctrl Pts',(109.73892581058,-131.002431176325,-6.));
#10637=CARTESIAN_POINT('Ctrl Pts',(112.814052120704,-131.633192550177,-5.92053811431622));
#10638=CARTESIAN_POINT('Ctrl Pts',(112.605538495311,-131.620406926312,-5.92563426191866));
#10639=CARTESIAN_POINT('Ctrl Pts',(112.160877158378,-131.580538829562,-5.93747282989027));
#10640=CARTESIAN_POINT('Ctrl Pts',(111.315539998027,-131.442629277311,-5.96073416300329));
#10641=CARTESIAN_POINT('Ctrl Pts',(110.266686111316,-131.162671075476,-5.9856028785894));
#10642=CARTESIAN_POINT('Ctrl Pts',(109.912567764594,-131.024451473646,-6.));
#10643=CARTESIAN_POINT('Ctrl Pts',(109.742116151871,-130.962025351713,-6.));
#10644=CARTESIAN_POINT('Ctrl Pts',(112.340341151137,-131.580041594691,-5.88228938306024));
#10645=CARTESIAN_POINT('Ctrl Pts',(112.136477283164,-131.555882884812,-5.89186894539851));
#10646=CARTESIAN_POINT('Ctrl Pts',(111.700144749575,-131.490984615549,-5.91281134009898));
#10647=CARTESIAN_POINT('Ctrl Pts',(110.907336544383,-131.30704111759,-5.94848240644445));
#10648=CARTESIAN_POINT('Ctrl Pts',(110.111165944879,-131.047058246648,-5.98313549009562));
#10649=CARTESIAN_POINT('Ctrl Pts',(109.86410078429,-130.957843374299,-6.));
#10650=CARTESIAN_POINT('Ctrl Pts',(109.735034479213,-130.922988364538,-6.));
#10651=CARTESIAN_POINT('Ctrl Pts',(111.683491018796,-131.465138186529,-5.84784812277205));
#10652=CARTESIAN_POINT('Ctrl Pts',(111.488611441676,-131.421107813294,-5.86325936933138));
#10653=CARTESIAN_POINT('Ctrl Pts',(111.087191548159,-131.317253305642,-5.8949213135696));
#10654=CARTESIAN_POINT('Ctrl Pts',(110.458412783322,-131.107826432813,-5.94216679543242));
#10655=CARTESIAN_POINT('Ctrl Pts',(109.97431158543,-130.927261160737,-5.98407119912626));
#10656=CARTESIAN_POINT('Ctrl Pts',(109.809109598896,-130.895891446614,-6.));
#10657=CARTESIAN_POINT('Ctrl Pts',(109.718415650204,-130.888338204662,-6.));
#10658=CARTESIAN_POINT('Ctrl Pts',(110.773595452887,-131.158592811476,-5.82593113770473));
#10659=CARTESIAN_POINT('Ctrl Pts',(110.644986950389,-131.104616694577,-5.84738291784466));
#10660=CARTESIAN_POINT('Ctrl Pts',(110.397752739468,-130.998780806777,-5.8890980513499));
#10661=CARTESIAN_POINT('Ctrl Pts',(110.076297965996,-130.867782766615,-5.94511100371688));
#10662=CARTESIAN_POINT('Ctrl Pts',(109.866086705878,-130.824670067125,-5.98785577169662));
#10663=CARTESIAN_POINT('Ctrl Pts',(109.749471099521,-130.84232126581,-6.));
#10664=CARTESIAN_POINT('Ctrl Pts',(109.692683565553,-130.856913123323,-6.));
#10665=CARTESIAN_POINT('Ctrl Pts',(110.226848372375,-130.777205216273,-5.82426406871193));
#10666=CARTESIAN_POINT('Ctrl Pts',(110.167217703985,-130.755560618437,-5.84939858860606));
#10667=CARTESIAN_POINT('Ctrl Pts',(110.051917153801,-130.723933586109,-5.89657856684746));
#10668=CARTESIAN_POINT('Ctrl Pts',(109.904188470158,-130.72315475948,-5.953234530065));
#10669=CARTESIAN_POINT('Ctrl Pts',(109.781831715836,-130.766256028599,-5.99079532610875));
#10670=CARTESIAN_POINT('Ctrl Pts',(109.707295332103,-130.811563792778,-6.));
#10671=CARTESIAN_POINT('Ctrl Pts',(109.670975468793,-130.836416124325,-6.));
#10672=CARTESIAN_POINT('Ctrl Pts',(109.950963406237,-130.517304299703,-5.82426406871193));
#10673=CARTESIAN_POINT('Ctrl Pts',(109.931922691136,-130.537516029274,-5.85203208707542));
#10674=CARTESIAN_POINT('Ctrl Pts',(109.890091137755,-130.581920246236,-5.90209754899043));
#10675=CARTESIAN_POINT('Ctrl Pts',(109.818502785954,-130.657911321116,-5.95790105220955));
#10676=CARTESIAN_POINT('Ctrl Pts',(109.740824853511,-130.740366489203,-5.99226455921202));
#10677=CARTESIAN_POINT('Ctrl Pts',(109.686970346644,-130.797533077914,-6.));
#10678=CARTESIAN_POINT('Ctrl Pts',(109.66004270911,-130.826116779993,-6.));
#10679=CARTESIAN_POINT('',(109.66004270911,-130.826116779993,-6.));
#10680=CARTESIAN_POINT('Origin',(109.66004270911,-130.826116779993,-5.4));
#10681=CARTESIAN_POINT('Ctrl Pts',(109.66004270911,-130.826116779993,-6.));
#10682=CARTESIAN_POINT('Ctrl Pts',(109.665210861777,-130.830985503483,-6.));
#10683=CARTESIAN_POINT('Ctrl Pts',(109.670375024061,-130.835851606627,-6.));
#10684=CARTESIAN_POINT('Ctrl Pts',(109.675397459003,-130.840716100064,-6.));
#10685=CARTESIAN_POINT('Ctrl Pts',(109.680756548057,-130.845906660785,-6.));
#10686=CARTESIAN_POINT('Ctrl Pts',(109.685954420434,-130.851096002986,-6.));
#10687=CARTESIAN_POINT('Ctrl Pts',(109.690877287878,-130.856316133751,-6.));
#10688=CARTESIAN_POINT('Ctrl Pts',(109.696233354218,-130.861995621772,-6.));
#10689=CARTESIAN_POINT('Ctrl Pts',(109.701264147757,-130.867712649857,-6.));
#10690=CARTESIAN_POINT('Ctrl Pts',(109.705881615351,-130.873530225015,-6.));
#10691=CARTESIAN_POINT('Ctrl Pts',(109.710976453498,-130.8799492422,-6.));
#10692=CARTESIAN_POINT('Ctrl Pts',(109.715568818843,-130.88649291855,-6.));
#10693=CARTESIAN_POINT('Ctrl Pts',(109.719601207366,-130.893244447321,-6.));
#10694=CARTESIAN_POINT('Ctrl Pts',(109.723336363694,-130.899498312805,-6.));
#10695=CARTESIAN_POINT('Ctrl Pts',(109.726592909449,-130.905932100665,-6.));
#10696=CARTESIAN_POINT('Ctrl Pts',(109.729352768305,-130.912582747879,-6.));
#10697=CARTESIAN_POINT('Ctrl Pts',(109.731874177441,-130.918658784197,-6.));
#10698=CARTESIAN_POINT('Ctrl Pts',(109.733982064761,-130.92491648236,-6.));
#10699=CARTESIAN_POINT('Ctrl Pts',(109.735667562242,-130.931344394996,-6.));
#10700=CARTESIAN_POINT('Ctrl Pts',(109.737358547795,-130.937793237267,-6.));
#10701=CARTESIAN_POINT('Ctrl Pts',(109.738625178575,-130.944414379692,-6.));
#10702=CARTESIAN_POINT('Ctrl Pts',(109.739450292294,-130.951141166593,-6.));
#10703=CARTESIAN_POINT('Ctrl Pts',(109.740490244959,-130.959619440323,-6.));
#10704=CARTESIAN_POINT('Ctrl Pts',(109.740824454943,-130.968254722819,-6.));
#10705=CARTESIAN_POINT('Ctrl Pts',(109.740432238126,-130.976906428451,-6.));
#10706=CARTESIAN_POINT('Ctrl Pts',(109.740009903444,-130.986222488337,-6.));
#10707=CARTESIAN_POINT('Ctrl Pts',(109.738745186728,-130.995558812159,-6.));
#10708=CARTESIAN_POINT('Ctrl Pts',(109.736655143531,-131.004787567803,-6.));
#10709=CARTESIAN_POINT('Ctrl Pts',(109.734319302145,-131.015101665334,-6.));
#10710=CARTESIAN_POINT('Ctrl Pts',(109.730952281388,-131.025283867113,-6.));
#10711=CARTESIAN_POINT('Ctrl Pts',(109.726633566156,-131.035183991593,-6.));
#10712=CARTESIAN_POINT('Ctrl Pts',(109.725771528038,-131.037160108148,-6.));
#10713=CARTESIAN_POINT('Ctrl Pts',(109.724871739191,-131.039124990006,-6.));
#10714=CARTESIAN_POINT('Ctrl Pts',(109.723935071463,-131.041077403912,-6.));
#10715=CARTESIAN_POINT('Origin',(187.9,-131.15,-6.6));
#10716=CARTESIAN_POINT('',(187.9,-131.75,-6.6));
#10717=CARTESIAN_POINT('',(187.9,-131.15,-6.));
#10718=CARTESIAN_POINT('Origin',(187.9,-131.15,-6.6));
#10719=CARTESIAN_POINT('',(188.5,-131.15,-6.6));
#10720=CARTESIAN_POINT('Origin',(187.9,-131.15,-6.6));
#10721=CARTESIAN_POINT('Origin',(187.9,-131.15,-6.6));
#10722=CARTESIAN_POINT('Origin',(187.9,-131.15,-9.));
#10723=CARTESIAN_POINT('',(187.9,-131.75,-9.));
#10724=CARTESIAN_POINT('',(188.5,-131.15,-9.));
#10725=CARTESIAN_POINT('Ctrl Pts',(188.429117283956,-126.715960793628,-6.));
#10726=CARTESIAN_POINT('Ctrl Pts',(188.429771165236,-126.959644432296,-6.));
#10727=CARTESIAN_POINT('Ctrl Pts',(188.415737466886,-127.452882862819,-6.));
#10728=CARTESIAN_POINT('Ctrl Pts',(188.341996396185,-128.31124290404,-6.));
#10729=CARTESIAN_POINT('Ctrl Pts',(188.092666728375,-129.687740815243,-6.));
#10730=CARTESIAN_POINT('Ctrl Pts',(187.891350590405,-130.286584458104,-6.));
#10731=CARTESIAN_POINT('Ctrl Pts',(187.791077403912,-130.526064928537,-6.));
#10732=CARTESIAN_POINT('Ctrl Pts',(188.424516115582,-126.830694918072,-5.9866900640532));
#10733=CARTESIAN_POINT('Ctrl Pts',(188.423041900179,-127.064046788193,-5.98714949371849));
#10734=CARTESIAN_POINT('Ctrl Pts',(188.405677195309,-127.542975828014,-5.9885263152121));
#10735=CARTESIAN_POINT('Ctrl Pts',(188.324403191128,-128.398082904523,-5.99201039037252));
#10736=CARTESIAN_POINT('Ctrl Pts',(188.067211877582,-129.734286228386,-5.9966218576395));
#10737=CARTESIAN_POINT('Ctrl Pts',(187.874492027001,-130.288874051519,-6.));
#10738=CARTESIAN_POINT('Ctrl Pts',(187.778533566316,-130.520047040722,-6.));
#10739=CARTESIAN_POINT('Ctrl Pts',(188.412324961802,-127.057768824121,-5.96007000693859));
#10740=CARTESIAN_POINT('Ctrl Pts',(188.406934143998,-127.276430602726,-5.96190353395736));
#10741=CARTESIAN_POINT('Ctrl Pts',(188.382592690842,-127.734811706673,-5.96666503683836));
#10742=CARTESIAN_POINT('Ctrl Pts',(188.283171559993,-128.589184838975,-5.97764445516695));
#10743=CARTESIAN_POINT('Ctrl Pts',(188.011772038953,-129.830386873725,-5.99104092589711));
#10744=CARTESIAN_POINT('Ctrl Pts',(187.837662229981,-130.301072509008,-6.));
#10745=CARTESIAN_POINT('Ctrl Pts',(187.752431176325,-130.51107418942,-6.));
#10746=CARTESIAN_POINT('Ctrl Pts',(188.383192550177,-127.435947879296,-5.92053811431622));
#10747=CARTESIAN_POINT('Ctrl Pts',(188.370406926312,-127.644461504689,-5.92563426191866));
#10748=CARTESIAN_POINT('Ctrl Pts',(188.330538829562,-128.089122841622,-5.93747282989027));
#10749=CARTESIAN_POINT('Ctrl Pts',(188.192629277311,-128.934460001972,-5.96073416300329));
#10750=CARTESIAN_POINT('Ctrl Pts',(187.912671075476,-129.983313888684,-5.9856028785894));
#10751=CARTESIAN_POINT('Ctrl Pts',(187.774451473646,-130.337432235406,-6.));
#10752=CARTESIAN_POINT('Ctrl Pts',(187.712025351713,-130.507883848129,-6.));
#10753=CARTESIAN_POINT('Ctrl Pts',(188.330041594691,-127.909658848863,-5.88228938306024));
#10754=CARTESIAN_POINT('Ctrl Pts',(188.305882884812,-128.113522716836,-5.89186894539851));
#10755=CARTESIAN_POINT('Ctrl Pts',(188.240984615549,-128.549855250425,-5.91281134009898));
#10756=CARTESIAN_POINT('Ctrl Pts',(188.05704111759,-129.342663455618,-5.94848240644445));
#10757=CARTESIAN_POINT('Ctrl Pts',(187.797058246649,-130.13883405512,-5.98313549009563));
#10758=CARTESIAN_POINT('Ctrl Pts',(187.707843374299,-130.38589921571,-6.));
#10759=CARTESIAN_POINT('Ctrl Pts',(187.672988364538,-130.514965520787,-6.));
#10760=CARTESIAN_POINT('Ctrl Pts',(188.215138186529,-128.566508981204,-5.84784812277205));
#10761=CARTESIAN_POINT('Ctrl Pts',(188.171107813294,-128.761388558324,-5.86325936933138));
#10762=CARTESIAN_POINT('Ctrl Pts',(188.067253305642,-129.162808451842,-5.89492131356961));
#10763=CARTESIAN_POINT('Ctrl Pts',(187.857826432813,-129.791587216678,-5.94216679543242));
#10764=CARTESIAN_POINT('Ctrl Pts',(187.677261160737,-130.27568841457,-5.98407119912626));
#10765=CARTESIAN_POINT('Ctrl Pts',(187.645891446614,-130.440890401104,-6.));
#10766=CARTESIAN_POINT('Ctrl Pts',(187.638338204662,-130.531584349796,-6.));
#10767=CARTESIAN_POINT('Ctrl Pts',(187.908592811476,-129.476404547113,-5.82593113770473));
#10768=CARTESIAN_POINT('Ctrl Pts',(187.854616694577,-129.605013049611,-5.84738291784466));
#10769=CARTESIAN_POINT('Ctrl Pts',(187.748780806777,-129.852247260532,-5.88909805134991));
#10770=CARTESIAN_POINT('Ctrl Pts',(187.617782766615,-130.173702034004,-5.94511100371688));
#10771=CARTESIAN_POINT('Ctrl Pts',(187.574670067125,-130.383913294122,-5.98785577169662));
#10772=CARTESIAN_POINT('Ctrl Pts',(187.59232126581,-130.500528900478,-6.));
#10773=CARTESIAN_POINT('Ctrl Pts',(187.606913123323,-130.557316434447,-6.));
#10774=CARTESIAN_POINT('Ctrl Pts',(187.527205216273,-130.023151627625,-5.82426406871193));
#10775=CARTESIAN_POINT('Ctrl Pts',(187.505560618437,-130.082782296015,-5.84939858860606));
#10776=CARTESIAN_POINT('Ctrl Pts',(187.473933586109,-130.198082846199,-5.89657856684746));
#10777=CARTESIAN_POINT('Ctrl Pts',(187.47315475948,-130.345811529842,-5.953234530065));
#10778=CARTESIAN_POINT('Ctrl Pts',(187.516256028599,-130.468168284164,-5.99079532610875));
#10779=CARTESIAN_POINT('Ctrl Pts',(187.561563792778,-130.542704667897,-6.));
#10780=CARTESIAN_POINT('Ctrl Pts',(187.586416124325,-130.579024531207,-6.));
#10781=CARTESIAN_POINT('Ctrl Pts',(187.267304299703,-130.299036593763,-5.82426406871193));
#10782=CARTESIAN_POINT('Ctrl Pts',(187.287516029274,-130.318077308864,-5.85203208707542));
#10783=CARTESIAN_POINT('Ctrl Pts',(187.331920246236,-130.359908862245,-5.90209754899043));
#10784=CARTESIAN_POINT('Ctrl Pts',(187.407911321116,-130.431497214046,-5.95790105220955));
#10785=CARTESIAN_POINT('Ctrl Pts',(187.490366489203,-130.509175146489,-5.99226455921202));
#10786=CARTESIAN_POINT('Ctrl Pts',(187.547533077914,-130.563029653356,-6.));
#10787=CARTESIAN_POINT('Ctrl Pts',(187.576116779993,-130.58995729089,-6.));
#10788=CARTESIAN_POINT('',(187.576116779993,-130.58995729089,-6.));
#10789=CARTESIAN_POINT('Origin',(187.576116779993,-130.58995729089,-5.4));
#10790=CARTESIAN_POINT('Ctrl Pts',(187.576116779993,-130.58995729089,-6.));
#10791=CARTESIAN_POINT('Ctrl Pts',(187.580985503483,-130.584789138223,-6.));
#10792=CARTESIAN_POINT('Ctrl Pts',(187.585851606627,-130.579624975939,-6.));
#10793=CARTESIAN_POINT('Ctrl Pts',(187.590716100064,-130.574602540997,-6.));
#10794=CARTESIAN_POINT('Ctrl Pts',(187.595906660784,-130.569243451943,-6.));
#10795=CARTESIAN_POINT('Ctrl Pts',(187.601096002986,-130.564045579566,-6.));
#10796=CARTESIAN_POINT('Ctrl Pts',(187.606316133751,-130.559122712122,-6.));
#10797=CARTESIAN_POINT('Ctrl Pts',(187.611995621772,-130.553766645782,-6.));
#10798=CARTESIAN_POINT('Ctrl Pts',(187.617712649856,-130.548735852244,-6.));
#10799=CARTESIAN_POINT('Ctrl Pts',(187.623530225015,-130.54411838465,-6.));
#10800=CARTESIAN_POINT('Ctrl Pts',(187.6299492422,-130.539023546502,-6.));
#10801=CARTESIAN_POINT('Ctrl Pts',(187.63649291855,-130.534431181157,-6.));
#10802=CARTESIAN_POINT('Ctrl Pts',(187.643244447321,-130.530398792633,-6.));
#10803=CARTESIAN_POINT('Ctrl Pts',(187.649498312806,-130.526663636306,-6.));
#10804=CARTESIAN_POINT('Ctrl Pts',(187.655932100665,-130.523407090551,-6.));
#10805=CARTESIAN_POINT('Ctrl Pts',(187.662582747879,-130.520647231695,-6.));
#10806=CARTESIAN_POINT('Ctrl Pts',(187.668658784198,-130.518125822559,-6.));
#10807=CARTESIAN_POINT('Ctrl Pts',(187.674916482361,-130.516017935238,-6.));
#10808=CARTESIAN_POINT('Ctrl Pts',(187.681344394997,-130.514332437757,-6.));
#10809=CARTESIAN_POINT('Ctrl Pts',(187.687793237268,-130.512641452204,-6.));
#10810=CARTESIAN_POINT('Ctrl Pts',(187.694414379693,-130.511374821425,-6.));
#10811=CARTESIAN_POINT('Ctrl Pts',(187.701141166593,-130.510549707706,-6.));
#10812=CARTESIAN_POINT('Ctrl Pts',(187.709619440322,-130.509509755041,-6.));
#10813=CARTESIAN_POINT('Ctrl Pts',(187.718254722819,-130.509175545057,-6.));
#10814=CARTESIAN_POINT('Ctrl Pts',(187.726906428451,-130.509567761873,-6.));
#10815=CARTESIAN_POINT('Ctrl Pts',(187.736222488336,-130.509990096556,-6.));
#10816=CARTESIAN_POINT('Ctrl Pts',(187.745558812158,-130.511254813272,-6.));
#10817=CARTESIAN_POINT('Ctrl Pts',(187.754787567802,-130.513344856469,-6.));
#10818=CARTESIAN_POINT('Ctrl Pts',(187.765101665334,-130.515680697855,-6.));
#10819=CARTESIAN_POINT('Ctrl Pts',(187.775283867115,-130.519047718613,-6.));
#10820=CARTESIAN_POINT('Ctrl Pts',(187.785183991596,-130.523366433846,-6.));
#10821=CARTESIAN_POINT('Ctrl Pts',(187.78716010815,-130.524228471962,-6.));
#10822=CARTESIAN_POINT('Ctrl Pts',(187.789124990007,-130.52512826081,-6.));
#10823=CARTESIAN_POINT('Ctrl Pts',(187.791077403912,-130.526064928537,-6.));
#10824=CARTESIAN_POINT('Origin',(187.9,-112.5625,-6.6));
#10825=CARTESIAN_POINT('',(188.5,-107.375,-6.6));
#10826=CARTESIAN_POINT('Origin',(187.9,-107.375,-6.6));
#10827=CARTESIAN_POINT('',(188.5,-112.5625,-6.6));
#10828=CARTESIAN_POINT('Origin',(193.5,-107.375,-6.6));
#10829=CARTESIAN_POINT('',(193.5,-102.375,-6.6));
#10830=CARTESIAN_POINT('Origin',(193.5,-101.775,-6.6));
#10831=CARTESIAN_POINT('Origin',(193.5,-107.375,-6.6));
#10832=CARTESIAN_POINT('Origin',(168.5,-101.775,-6.6));
#10833=CARTESIAN_POINT('',(200.5,-102.375,-6.6));
#10834=CARTESIAN_POINT('Origin',(200.5,-101.775,-6.6));
#10835=CARTESIAN_POINT('',(168.5,-102.375,-6.6));
#10836=CARTESIAN_POINT('Origin',(200.5,-93.3749999999999,-6.6));
#10837=CARTESIAN_POINT('',(200.5,-84.375,-6.6));
#10838=CARTESIAN_POINT('Origin',(200.5,-84.9749999999999,-6.6));
#10839=CARTESIAN_POINT('Origin',(200.5,-93.3749999999999,-6.6));
#10840=CARTESIAN_POINT('Origin',(174.5,-84.975,-6.6));
#10841=CARTESIAN_POINT('',(193.5,-84.375,-6.6));
#10842=CARTESIAN_POINT('Origin',(193.5,-84.975,-6.6));
#10843=CARTESIAN_POINT('',(174.5,-84.375,-6.6));
#10844=CARTESIAN_POINT('Origin',(193.5,-79.375,-6.6));
#10845=CARTESIAN_POINT('',(188.5,-79.375,-6.6));
#10846=CARTESIAN_POINT('Origin',(187.9,-79.375,-6.6));
#10847=CARTESIAN_POINT('Origin',(193.5,-79.375,-6.6));
#10848=CARTESIAN_POINT('Origin',(187.9,-112.5625,-6.6));
#10849=CARTESIAN_POINT('',(188.5,-112.5625,-6.6));
#10850=CARTESIAN_POINT('Ctrl Pts',(183.465993316557,-131.679064651283,-5.99999999999999));
#10851=CARTESIAN_POINT('Ctrl Pts',(183.709677202754,-131.679725236264,-5.99999999999999));
#10852=CARTESIAN_POINT('Ctrl Pts',(184.202917712888,-131.665702765009,-5.99999999999999));
#10853=CARTESIAN_POINT('Ctrl Pts',(185.06128591156,-131.59197648768,-5.99999999999999));
#10854=CARTESIAN_POINT('Ctrl Pts',(186.43780633515,-131.342670085842,-6.));
#10855=CARTESIAN_POINT('Ctrl Pts',(187.036653790726,-131.141361421602,-6.));
#10856=CARTESIAN_POINT('Ctrl Pts',(187.276134261159,-131.04108823511,-6.));
#10857=CARTESIAN_POINT('Ctrl Pts',(183.580977882962,-131.684290481134,-6.0133099359468));
#10858=CARTESIAN_POINT('Ctrl Pts',(183.815949394276,-131.682345288247,-6.01285050628151));
#10859=CARTESIAN_POINT('Ctrl Pts',(184.297806203887,-131.664668261768,-6.01147368478789));
#10860=CARTESIAN_POINT('Ctrl Pts',(185.15501790437,-131.583958701226,-6.00798960962747));
#10861=CARTESIAN_POINT('Ctrl Pts',(186.496975257947,-131.33906240839,-6.00337814236051));
#10862=CARTESIAN_POINT('Ctrl Pts',(187.053105113469,-131.150406220167,-6.));
#10863=CARTESIAN_POINT('Ctrl Pts',(187.282065355213,-131.053707201124,-6.));
#10864=CARTESIAN_POINT('Ctrl Pts',(183.813193605955,-131.691399870687,-6.03992999306141));
#10865=CARTESIAN_POINT('Ctrl Pts',(184.036155190502,-131.685014284549,-6.03809646604264));
#10866=CARTESIAN_POINT('Ctrl Pts',(184.501654919948,-131.660159740965,-6.03333496316163));
#10867=CARTESIAN_POINT('Ctrl Pts',(185.361694874702,-131.565129287999,-6.02235554483306));
#10868=CARTESIAN_POINT('Ctrl Pts',(186.620707363843,-131.33208564621,-6.00895907410288));
#10869=CARTESIAN_POINT('Ctrl Pts',(187.093268668495,-131.165579141337,-6.));
#10870=CARTESIAN_POINT('Ctrl Pts',(187.296938464684,-131.077772583801,-6.));
#10871=CARTESIAN_POINT('Ctrl Pts',(184.212370828074,-131.690074193608,-6.07946188568377));
#10872=CARTESIAN_POINT('Ctrl Pts',(184.426908378661,-131.677584900257,-6.07436573808133));
#10873=CARTESIAN_POINT('Ctrl Pts',(184.88081542489,-131.641148391456,-6.06252717010973));
#10874=CARTESIAN_POINT('Ctrl Pts',(185.739485569723,-131.527761608275,-6.03926583699669));
#10875=CARTESIAN_POINT('Ctrl Pts',(186.821708489182,-131.320615601459,-6.01439712141061));
#10876=CARTESIAN_POINT('Ctrl Pts',(187.169421476574,-131.1825821168,-6.));
#10877=CARTESIAN_POINT('Ctrl Pts',(187.327076187516,-131.108113924528,-6.));
#10878=CARTESIAN_POINT('Ctrl Pts',(184.719183480586,-131.671898262693,-6.11771061693975));
#10879=CARTESIAN_POINT('Ctrl Pts',(184.929038407597,-131.6533657918,-6.10813105460148));
#10880=CARTESIAN_POINT('Ctrl Pts',(185.375574923614,-131.604862652322,-6.08718865990102));
#10881=CARTESIAN_POINT('Ctrl Pts',(186.195495044573,-131.481951788159,-6.05151759355556));
#10882=CARTESIAN_POINT('Ctrl Pts',(187.029077218617,-131.309134458818,-6.01686450990436));
#10883=CARTESIAN_POINT('Ctrl Pts',(187.253374139587,-131.19496246294,-6.));
#10884=CARTESIAN_POINT('Ctrl Pts',(187.362997666964,-131.130768492775,-6.));
#10885=CARTESIAN_POINT('Ctrl Pts',(185.420138151811,-131.629642192449,-6.15215187722795));
#10886=CARTESIAN_POINT('Ctrl Pts',(185.622829935885,-131.606053762507,-6.13674063066862));
#10887=CARTESIAN_POINT('Ctrl Pts',(186.043156873776,-131.549976507585,-6.10507868643039));
#10888=CARTESIAN_POINT('Ctrl Pts',(186.714563112911,-131.43576744916,-6.05783320456758));
#10889=CARTESIAN_POINT('Ctrl Pts',(187.212651376912,-131.300831651752,-6.01592880087374));
#10890=CARTESIAN_POINT('Ctrl Pts',(187.336879677118,-131.201253651733,-6.));
#10891=CARTESIAN_POINT('Ctrl Pts',(187.402555566971,-131.144463567467,-6.));
#10892=CARTESIAN_POINT('Ctrl Pts',(186.41328190326,-131.578026906984,-6.17406886229527));
#10893=CARTESIAN_POINT('Ctrl Pts',(186.55806730731,-131.555192509677,-6.15261708215534));
#10894=CARTESIAN_POINT('Ctrl Pts',(186.836007953409,-131.503595980821,-6.11090194865009));
#10895=CARTESIAN_POINT('Ctrl Pts',(187.177975896768,-131.406991926624,-6.05488899628311));
#10896=CARTESIAN_POINT('Ctrl Pts',(187.35084107999,-131.292160865137,-6.01214422830339));
#10897=CARTESIAN_POINT('Ctrl Pts',(187.416369501577,-131.199461192496,-6.));
#10898=CARTESIAN_POINT('Ctrl Pts',(187.445140111146,-131.149932667431,-6.));
#10899=CARTESIAN_POINT('Ctrl Pts',(187.094774265236,-131.574264068712,-6.17573593128807));
#10900=CARTESIAN_POINT('Ctrl Pts',(187.161255947773,-131.549129548818,-6.15060141139394));
#10901=CARTESIAN_POINT('Ctrl Pts',(187.277801404028,-131.493087814684,-6.10342143315254));
#10902=CARTESIAN_POINT('Ctrl Pts',(187.389058941351,-131.392356163338,-6.046765469935));
#10903=CARTESIAN_POINT('Ctrl Pts',(187.445423902878,-131.277082856705,-6.00920467389125));
#10904=CARTESIAN_POINT('Ctrl Pts',(187.466446559983,-131.192994237422,-6.));
#10905=CARTESIAN_POINT('Ctrl Pts',(187.475108639584,-131.15,-6.));
#10906=CARTESIAN_POINT('Ctrl Pts',(187.49012868379,-131.574264068712,-6.17573593128807));
#10907=CARTESIAN_POINT('Ctrl Pts',(187.49012868379,-131.546496050348,-6.14796791292458));
#10908=CARTESIAN_POINT('Ctrl Pts',(187.49012868379,-131.48549102316,-6.09790245100957));
#10909=CARTESIAN_POINT('Ctrl Pts',(187.49012868379,-131.381090182287,-6.04209894779045));
#10910=CARTESIAN_POINT('Ctrl Pts',(187.49012868379,-131.267808604205,-6.00773544078798));
#10911=CARTESIAN_POINT('Ctrl Pts',(187.49012868379,-131.18926990817,-6.));
#10912=CARTESIAN_POINT('Ctrl Pts',(187.49012868379,-131.15,-6.));
#10913=CARTESIAN_POINT('',(187.49012868379,-131.15,-6.));
#10914=CARTESIAN_POINT('Origin',(187.49012868379,-131.15,-6.6));
#10915=CARTESIAN_POINT('Ctrl Pts',(187.49012868379,-131.15,-6.));
#10916=CARTESIAN_POINT('Ctrl Pts',(187.481836788265,-131.15,-6.));
#10917=CARTESIAN_POINT('Ctrl Pts',(187.473548221502,-131.14999686718,-6.));
#10918=CARTESIAN_POINT('Ctrl Pts',(187.465339144351,-131.149830563757,-6.));
#10919=CARTESIAN_POINT('Ctrl Pts',(187.456761831467,-131.149656800438,-6.));
#10920=CARTESIAN_POINT('Ctrl Pts',(187.448270614965,-131.149304702329,-6.));
#10921=CARTESIAN_POINT('Ctrl Pts',(187.439914567838,-131.148634553511,-6.));
#10922=CARTESIAN_POINT('Ctrl Pts',(187.431034837699,-131.147922405703,-6.));
#10923=CARTESIAN_POINT('Ctrl Pts',(187.4223067705,-131.146850726278,-6.));
#10924=CARTESIAN_POINT('Ctrl Pts',(187.413760476471,-131.14530385236,-6.));
#10925=CARTESIAN_POINT('Ctrl Pts',(187.405122565471,-131.143740395828,-6.));
#10926=CARTESIAN_POINT('Ctrl Pts',(187.396668928862,-131.141691572157,-6.));
#10927=CARTESIAN_POINT('Ctrl Pts',(187.388421069656,-131.139091151279,-6.));
#10928=CARTESIAN_POINT('Ctrl Pts',(187.380343129646,-131.136544303263,-6.));
#10929=CARTESIAN_POINT('Ctrl Pts',(187.372461260078,-131.133468672924,-6.));
#10930=CARTESIAN_POINT('Ctrl Pts',(187.364806830759,-131.129849455302,-6.));
#10931=CARTESIAN_POINT('Ctrl Pts',(187.357449833179,-131.126370871312,-6.));
#10932=CARTESIAN_POINT('Ctrl Pts',(187.350301979987,-131.122390517214,-6.));
#10933=CARTESIAN_POINT('Ctrl Pts',(187.343417801517,-131.117934146754,-6.));
#10934=CARTESIAN_POINT('Ctrl Pts',(187.334039709761,-131.111863378651,-6.));
#10935=CARTESIAN_POINT('Ctrl Pts',(187.325157949011,-131.104911694384,-6.));
#10936=CARTESIAN_POINT('Ctrl Pts',(187.316971229805,-131.097221227992,-6.));
#10937=CARTESIAN_POINT('Ctrl Pts',(187.30844845446,-131.089215076113,-6.));
#10938=CARTESIAN_POINT('Ctrl Pts',(187.300679153197,-131.080407985823,-6.));
#10939=CARTESIAN_POINT('Ctrl Pts',(187.293827208644,-131.070985621704,-6.));
#10940=CARTESIAN_POINT('Ctrl Pts',(187.286975264092,-131.061563257585,-6.));
#10941=CARTESIAN_POINT('Ctrl Pts',(187.281039778352,-131.051525188929,-6.));
#10942=CARTESIAN_POINT('Ctrl Pts',(187.276134261159,-131.04108823511,-6.));
#10943=CARTESIAN_POINT('Origin',(128.5,-131.15,-6.6));
#10944=CARTESIAN_POINT('',(128.5,-131.15,-6.));
#10945=CARTESIAN_POINT('',(128.5,-131.75,-6.6));
#10946=CARTESIAN_POINT('Origin',(183.5,-126.75,-5.4));
#10947=CARTESIAN_POINT('Origin',(183.5,-126.75,-6.));
#10948=CARTESIAN_POINT('Origin',(183.5,-126.75,-5.4));
#10949=CARTESIAN_POINT('Origin',(183.5,-126.75,-5.4));
#10950=CARTESIAN_POINT('',(178.5,-126.75,-5.4));
#10951=CARTESIAN_POINT('Origin',(183.5,-126.75,-5.4));
#10952=CARTESIAN_POINT('Origin',(183.5,-126.75,-5.4));
#10953=CARTESIAN_POINT('Origin',(128.5,-131.15,-6.6));
#10954=CARTESIAN_POINT('',(128.5,-131.75,-6.6));
#10955=CARTESIAN_POINT('Origin',(187.9,-112.5625,-6.6));
#10956=CARTESIAN_POINT('',(187.9,-112.5625,-6.));
#10957=CARTESIAN_POINT('',(188.5,-112.5625,-6.6));
#10958=CARTESIAN_POINT('Origin',(113.5,-126.75,-5.4));
#10959=CARTESIAN_POINT('Origin',(113.5,-126.75,-5.4));
#10960=CARTESIAN_POINT('Origin',(113.5,-126.75,-5.4));
#10961=CARTESIAN_POINT('Origin',(113.5,-126.75,-6.));
#10962=CARTESIAN_POINT('Origin',(113.5,-126.75,-5.4));
#10963=CARTESIAN_POINT('Origin',(128.5,-131.15,-6.6));
#10964=CARTESIAN_POINT('',(128.5,-131.15,-6.));
#10965=CARTESIAN_POINT('',(128.5,-131.75,-6.6));
#10966=CARTESIAN_POINT('Origin',(109.1,-74.1875,-6.6));
#10967=CARTESIAN_POINT('',(108.5,-79.375,-6.6));
#10968=CARTESIAN_POINT('Origin',(109.1,-79.375,-6.6));
#10969=CARTESIAN_POINT('',(108.5,-74.1875,-6.6));
#10970=CARTESIAN_POINT('Origin',(103.5,-79.375,-6.6));
#10971=CARTESIAN_POINT('',(103.5,-84.375,-6.6));
#10972=CARTESIAN_POINT('Origin',(103.5,-84.975,-6.6));
#10973=CARTESIAN_POINT('Origin',(103.5,-79.375,-6.6));
#10974=CARTESIAN_POINT('Origin',(128.5,-84.975,-6.6));
#10975=CARTESIAN_POINT('',(96.5,-84.375,-6.6));
#10976=CARTESIAN_POINT('Origin',(96.5,-84.975,-6.6));
#10977=CARTESIAN_POINT('',(128.5,-84.375,-6.6));
#10978=CARTESIAN_POINT('Origin',(96.5,-93.375,-6.6));
#10979=CARTESIAN_POINT('',(96.5,-102.375,-6.6));
#10980=CARTESIAN_POINT('Origin',(96.5,-101.775,-6.6));
#10981=CARTESIAN_POINT('Origin',(96.5,-93.375,-6.6));
#10982=CARTESIAN_POINT('Origin',(122.5,-101.775,-6.6));
#10983=CARTESIAN_POINT('',(103.5,-102.375,-6.6));
#10984=CARTESIAN_POINT('Origin',(103.5,-101.775,-6.6));
#10985=CARTESIAN_POINT('',(122.5,-102.375,-6.6));
#10986=CARTESIAN_POINT('Origin',(103.5,-107.375,-6.6));
#10987=CARTESIAN_POINT('',(108.5,-107.375,-6.6));
#10988=CARTESIAN_POINT('Origin',(109.1,-107.375,-6.6));
#10989=CARTESIAN_POINT('Origin',(103.5,-107.375,-6.6));
#10990=CARTESIAN_POINT('Origin',(109.1,-74.1875,-6.6));
#10991=CARTESIAN_POINT('',(108.5,-74.1875,-6.6));
#10992=CARTESIAN_POINT('Origin',(168.5,-55.6,-6.6));
#10993=CARTESIAN_POINT('',(168.5,-55.6,-6.));
#10994=CARTESIAN_POINT('',(168.5,-55.,-6.6));
#10995=CARTESIAN_POINT('Origin',(193.5,-107.375,-8.4));
#10996=CARTESIAN_POINT('',(193.5,-102.375,-8.4));
#10997=CARTESIAN_POINT('Origin',(193.5,-101.775,-8.4));
#10998=CARTESIAN_POINT('Origin',(193.5,-107.375,-8.4));
#10999=CARTESIAN_POINT('Origin',(168.5,-101.775,-8.4));
#11000=CARTESIAN_POINT('',(200.5,-102.375,-8.4));
#11001=CARTESIAN_POINT('Origin',(200.5,-101.775,-8.4));
#11002=CARTESIAN_POINT('',(168.5,-102.375,-8.4));
#11003=CARTESIAN_POINT('Origin',(200.5,-93.3749999999999,-8.4));
#11004=CARTESIAN_POINT('',(200.5,-84.375,-8.4));
#11005=CARTESIAN_POINT('Origin',(200.5,-84.9749999999999,-8.4));
#11006=CARTESIAN_POINT('Origin',(200.5,-93.3749999999999,-8.4));
#11007=CARTESIAN_POINT('Origin',(174.5,-84.975,-8.4));
#11008=CARTESIAN_POINT('',(193.5,-84.375,-8.4));
#11009=CARTESIAN_POINT('Origin',(193.5,-84.975,-8.4));
#11010=CARTESIAN_POINT('',(174.5,-84.375,-8.4));
#11011=CARTESIAN_POINT('Origin',(193.5,-79.375,-8.4));
#11012=CARTESIAN_POINT('',(188.5,-79.375,-8.4));
#11013=CARTESIAN_POINT('Origin',(187.9,-79.375,-8.4));
#11014=CARTESIAN_POINT('Origin',(193.5,-79.375,-8.4));
#11015=CARTESIAN_POINT('Origin',(187.9,-112.5625,-8.4));
#11016=CARTESIAN_POINT('',(188.5,-112.5625,-8.4));
#11017=CARTESIAN_POINT('Origin',(113.5,-60.,-5.4));
#11018=CARTESIAN_POINT('Origin',(113.5,-60.,-5.4));
#11019=CARTESIAN_POINT('Origin',(113.5,-60.,-5.4));
#11020=CARTESIAN_POINT('Origin',(113.5,-60.,-6.));
#11021=CARTESIAN_POINT('Origin',(113.5,-60.,-5.4));
#11022=CARTESIAN_POINT('Origin',(109.1,-74.1875,-6.6));
#11023=CARTESIAN_POINT('',(109.1,-74.1875,-6.));
#11024=CARTESIAN_POINT('',(108.5,-74.1875,-6.6));
#11025=CARTESIAN_POINT('Origin',(168.5,-55.6,-8.4));
#11026=CARTESIAN_POINT('',(168.5,-55.,-8.4));
#11027=CARTESIAN_POINT('Origin',(122.5,-101.775,-8.4));
#11028=CARTESIAN_POINT('',(122.5,-102.375,-8.4));
#11029=CARTESIAN_POINT('Origin',(103.5,-79.375,-9.));
#11030=CARTESIAN_POINT('',(103.5,-84.375,-9.));
#11031=CARTESIAN_POINT('',(108.5,-79.375,-9.));
#11032=CARTESIAN_POINT('Origin',(108.5,-84.375,-9.));
#11033=CARTESIAN_POINT('',(96.5,-84.375,-9.));
#11034=CARTESIAN_POINT('Origin',(96.5,-93.375,-9.));
#11035=CARTESIAN_POINT('',(96.5,-102.375,-9.));
#11036=CARTESIAN_POINT('Origin',(108.5,-55.,-9.));
#11037=CARTESIAN_POINT('',(108.5,-107.375,-9.));
#11038=CARTESIAN_POINT('Origin',(96.5,-102.375,-9.));
#11039=CARTESIAN_POINT('',(103.5,-102.375,-9.));
#11040=CARTESIAN_POINT('Origin',(103.5,-107.375,-9.));
#11041=CARTESIAN_POINT('Origin',(188.5,-131.75,-9.));
#11042=CARTESIAN_POINT('',(188.5,-79.375,-9.));
#11043=CARTESIAN_POINT('Origin',(113.5,-60.,-6.));
#11044=CARTESIAN_POINT('',(108.5,-60.,-6.));
#11045=CARTESIAN_POINT('Origin',(148.5,-93.375,-6.));
#11046=CARTESIAN_POINT('Origin',(188.5,-55.,-9.));
#11047=CARTESIAN_POINT('Origin',(183.5,-60.,-6.));
#11048=CARTESIAN_POINT('',(178.5,-60.,-6.));
#11049=CARTESIAN_POINT('Origin',(148.5,-93.375,-6.));
#11050=CARTESIAN_POINT('Origin',(113.5,-126.75,-6.));
#11051=CARTESIAN_POINT('',(108.5,-126.75,-6.));
#11052=CARTESIAN_POINT('Origin',(148.5,-93.375,-6.));
#11053=CARTESIAN_POINT('Origin',(183.5,-126.75,-6.));
#11054=CARTESIAN_POINT('',(178.5,-126.75,-6.));
#11055=CARTESIAN_POINT('Origin',(148.5,-93.375,-6.));
#11056=CARTESIAN_POINT('Origin',(108.5,-131.75,-9.));
#11057=CARTESIAN_POINT('Origin',(134.5,-77.45,-5.4));
#11058=CARTESIAN_POINT('',(130.5,-77.45,-5.4));
#11059=CARTESIAN_POINT('',(138.5,-77.45,-5.4));
#11060=CARTESIAN_POINT('Origin',(134.5,-77.45,-5.4));
#11061=CARTESIAN_POINT('Origin',(139.1,-77.45,-5.4));
#11062=CARTESIAN_POINT('Origin',(134.5,-77.45,-5.4));
#11063=CARTESIAN_POINT('Origin',(134.5,-77.45,-6.));
#11064=CARTESIAN_POINT('',(130.5,-77.45,-0.200000000000001));
#11065=CARTESIAN_POINT('Origin',(134.5,-77.45,-0.200000000000001));
#11066=CARTESIAN_POINT('',(130.5,-77.45,-6.));
#11067=CARTESIAN_POINT('Origin',(162.5,-77.45,-5.4));
#11068=CARTESIAN_POINT('',(158.5,-77.45,-5.4));
#11069=CARTESIAN_POINT('',(166.5,-77.45,-5.4));
#11070=CARTESIAN_POINT('Origin',(162.5,-77.45,-5.4));
#11071=CARTESIAN_POINT('Origin',(167.1,-77.45,-5.4));
#11072=CARTESIAN_POINT('Origin',(162.5,-77.45,-5.4));
#11073=CARTESIAN_POINT('Origin',(162.5,-77.45,-6.));
#11074=CARTESIAN_POINT('',(158.5,-77.45,-0.200000000000001));
#11075=CARTESIAN_POINT('Origin',(162.5,-77.45,-0.200000000000001));
#11076=CARTESIAN_POINT('',(158.5,-77.45,-6.));
#11077=CARTESIAN_POINT('Origin',(149.25,-98.8,-5.4));
#11078=CARTESIAN_POINT('',(139.,-99.4,-5.4));
#11079=CARTESIAN_POINT('Origin',(139.,-98.8,-5.4));
#11080=CARTESIAN_POINT('',(150.,-99.4,-5.4));
#11081=CARTESIAN_POINT('',(149.25,-99.4,-5.4));
#11082=CARTESIAN_POINT('Origin',(150.,-98.8,-5.4));
#11083=CARTESIAN_POINT('Origin',(150.,-101.9,-5.4));
#11084=CARTESIAN_POINT('',(150.,-104.4,-5.4));
#11085=CARTESIAN_POINT('Origin',(150.,-105.,-5.4));
#11086=CARTESIAN_POINT('Origin',(150.,-101.9,-5.4));
#11087=CARTESIAN_POINT('Origin',(143.75,-105.,-5.4));
#11088=CARTESIAN_POINT('',(139.,-104.4,-5.4));
#11089=CARTESIAN_POINT('Origin',(139.,-105.,-5.4));
#11090=CARTESIAN_POINT('',(143.75,-104.4,-5.4));
#11091=CARTESIAN_POINT('Origin',(139.,-101.9,-5.4));
#11092=CARTESIAN_POINT('Origin',(139.,-101.9,-5.4));
#11093=CARTESIAN_POINT('Origin',(150.,-101.9,-6.));
#11094=CARTESIAN_POINT('',(150.,-99.4,-0.200000000000001));
#11095=CARTESIAN_POINT('',(150.,-99.4,-6.));
#11096=CARTESIAN_POINT('',(150.,-104.4,-0.200000000000001));
#11097=CARTESIAN_POINT('Origin',(150.,-101.9,-0.200000000000001));
#11098=CARTESIAN_POINT('',(150.,-104.4,-6.));
#11099=CARTESIAN_POINT('Origin',(150.,-99.4,-6.));
#11100=CARTESIAN_POINT('',(139.,-99.4,-0.200000000000001));
#11101=CARTESIAN_POINT('',(139.,-99.4,-6.));
#11102=CARTESIAN_POINT('',(150.,-99.4,-0.200000000000001));
#11103=CARTESIAN_POINT('Origin',(139.,-104.4,-6.));
#11104=CARTESIAN_POINT('',(139.,-104.4,-0.200000000000001));
#11105=CARTESIAN_POINT('',(139.,-104.4,-0.200000000000001));
#11106=CARTESIAN_POINT('',(139.,-104.4,-6.));
#11107=CARTESIAN_POINT('Origin',(139.,-101.9,-6.));
#11108=CARTESIAN_POINT('Origin',(139.,-101.9,-0.200000000000001));
#11109=CARTESIAN_POINT('Origin',(144.5,-101.9,-0.200000000000001));
#11110=CARTESIAN_POINT('Origin',(162.5,-77.45,-0.200000000000001));
#11111=CARTESIAN_POINT('Origin',(134.5,-77.45,-0.200000000000001));
#11112=CARTESIAN_POINT('Origin',(193.5,-107.375,-9.));
#11113=CARTESIAN_POINT('',(193.5,-102.375,-9.));
#11114=CARTESIAN_POINT('',(188.5,-107.375,-9.));
#11115=CARTESIAN_POINT('Origin',(188.5,-102.375,-9.));
#11116=CARTESIAN_POINT('',(200.5,-102.375,-9.));
#11117=CARTESIAN_POINT('Origin',(193.5,-79.375,-9.));
#11118=CARTESIAN_POINT('',(193.5,-84.375,-9.));
#11119=CARTESIAN_POINT('Origin',(200.5,-84.375,-9.));
#11120=CARTESIAN_POINT('',(200.5,-84.375,-9.));
#11121=CARTESIAN_POINT('Origin',(200.5,-93.3749999999999,-9.));
#11122=CARTESIAN_POINT('Origin',(188.5,-131.75,-9.));
#11123=CARTESIAN_POINT('Origin',(108.5,-55.,-9.));
#11124=UNCERTAINTY_MEASURE_WITH_UNIT(LENGTH_MEASURE(0.01),#11128,
'DISTANCE_ACCURACY_VALUE',
'Maximum model space distance between geometric entities at asserted c
onnectivities');
#11125=UNCERTAINTY_MEASURE_WITH_UNIT(LENGTH_MEASURE(0.01),#11128,
'DISTANCE_ACCURACY_VALUE',
'Maximum model space distance between geometric entities at asserted c
onnectivities');
#11126=(
GEOMETRIC_REPRESENTATION_CONTEXT(3)
GLOBAL_UNCERTAINTY_ASSIGNED_CONTEXT((#11124))
GLOBAL_UNIT_ASSIGNED_CONTEXT((#11128,#11129,#11130))
REPRESENTATION_CONTEXT('','3D')
);
#11127=(
GEOMETRIC_REPRESENTATION_CONTEXT(3)
GLOBAL_UNCERTAINTY_ASSIGNED_CONTEXT((#11125))
GLOBAL_UNIT_ASSIGNED_CONTEXT((#11128,#11129,#11130))
REPRESENTATION_CONTEXT('','3D')
);
#11128=(
LENGTH_UNIT()
NAMED_UNIT(*)
SI_UNIT(.MILLI.,.METRE.)
);
#11129=(
NAMED_UNIT(*)
PLANE_ANGLE_UNIT()
SI_UNIT($,.RADIAN.)
);
#11130=(
NAMED_UNIT(*)
SI_UNIT($,.STERADIAN.)
SOLID_ANGLE_UNIT()
);
#11131=SHAPE_DEFINITION_REPRESENTATION(#11132,#11133);
#11132=PRODUCT_DEFINITION_SHAPE('',$,#11135);
#11133=SHAPE_REPRESENTATION('',(#3132),#11126);
#11134=PRODUCT_DEFINITION_CONTEXT('part definition',#11139,'design');
#11135=PRODUCT_DEFINITION('.step 1','controller v2',#11136,#11134);
#11136=PRODUCT_DEFINITION_FORMATION('',$,#11141);
#11137=PRODUCT_RELATED_PRODUCT_CATEGORY('controller v2','controller v2',
(#11141));
#11138=APPLICATION_PROTOCOL_DEFINITION('international standard',
'automotive_design',2009,#11139);
#11139=APPLICATION_CONTEXT(
'Core Data for Automotive Mechanical Design Process');
#11140=PRODUCT_CONTEXT('part definition',#11139,'mechanical');
#11141=PRODUCT('.step 1','controller v2','KiCad electronic assembly',(#11140));
#11142=PRESENTATION_STYLE_ASSIGNMENT((#11143));
#11143=SURFACE_STYLE_USAGE(.BOTH.,#11144);
#11144=SURFACE_SIDE_STYLE('',(#11145));
#11145=SURFACE_STYLE_FILL_AREA(#11146);
#11146=FILL_AREA_STYLE('Steel - Satin',(#11147));
#11147=FILL_AREA_STYLE_COLOUR('Steel - Satin',#11148);
#11148=COLOUR_RGB('Steel - Satin',0.627450980392157,0.627450980392157,0.627450980392157);
ENDSEC;
END-ISO-10303-21;
