ISO-10303-21;
HEADER;
/* Generated by software containing ST-Developer
 * from STEP Tools, Inc. (www.steptools.com) 
 */

FILE_DESCRIPTION(
/* description */ ('KiCad electronic assembly'),
/* implementation_level */ '2;1');

FILE_NAME(
/* name */ 'input-board-front-plate.step',
/* time_stamp */ '2026-08-04T01:31:12+09:00',
/* author */ (''),
/* organization */ (''),
/* preprocessor_version */ 'ST-DEVELOPER v20.1',
/* originating_system */ 'Autodesk Translation Framework v15.8.0.0',
/* authorisation */ '');

FILE_SCHEMA (('AUTOMOTIVE_DESIGN { 1 0 10303 214 3 1 1 }'));
ENDSEC;

DATA;
#10=MECHANICAL_DESIGN_GEOMETRIC_PRESENTATION_REPRESENTATION('',(#13),#3973);
#11=SHAPE_REPRESENTATION_RELATIONSHIP('SRR','None',#3979,#12);
#12=ADVANCED_BREP_SHAPE_REPRESENTATION('',(#14),#3972);
#13=STYLED_ITEM('',(#3988),#14);
#14=MANIFOLD_SOLID_BREP('InputEnclosure_FrontPlate',#2253);
#15=FACE_BOUND('',#602,.T.);
#16=FACE_BOUND('',#603,.T.);
#17=FACE_BOUND('',#604,.T.);
#18=FACE_BOUND('',#605,.T.);
#19=FACE_BOUND('',#606,.T.);
#20=FACE_BOUND('',#607,.T.);
#21=FACE_BOUND('',#608,.T.);
#22=FACE_BOUND('',#609,.T.);
#23=FACE_BOUND('',#610,.T.);
#24=FACE_BOUND('',#611,.T.);
#25=FACE_BOUND('',#612,.T.);
#26=FACE_BOUND('',#687,.T.);
#27=FACE_BOUND('',#691,.T.);
#28=FACE_BOUND('',#695,.T.);
#29=FACE_BOUND('',#699,.T.);
#30=FACE_BOUND('',#707,.T.);
#31=FACE_BOUND('',#708,.T.);
#32=FACE_BOUND('',#709,.T.);
#33=FACE_BOUND('',#710,.T.);
#34=FACE_BOUND('',#711,.T.);
#35=FACE_BOUND('',#712,.T.);
#36=FACE_BOUND('',#713,.T.);
#37=FACE_BOUND('',#714,.T.);
#38=FACE_BOUND('',#715,.T.);
#39=FACE_BOUND('',#716,.T.);
#40=FACE_BOUND('',#717,.T.);
#41=PLANE('',#2267);
#42=PLANE('',#2270);
#43=PLANE('',#2325);
#44=PLANE('',#2328);
#45=PLANE('',#2351);
#46=PLANE('',#2354);
#47=PLANE('',#2377);
#48=PLANE('',#2380);
#49=PLANE('',#2403);
#50=PLANE('',#2406);
#51=PLANE('',#2429);
#52=PLANE('',#2432);
#53=PLANE('',#2455);
#54=PLANE('',#2458);
#55=PLANE('',#2461);
#56=PLANE('',#2467);
#57=PLANE('',#2473);
#58=PLANE('',#2479);
#59=PLANE('',#2483);
#60=PLANE('',#2486);
#61=PLANE('',#2491);
#62=PLANE('',#2506);
#63=PLANE('',#2507);
#64=PLANE('',#2509);
#65=PLANE('',#2511);
#66=PLANE('',#2513);
#67=PLANE('',#2515);
#68=PLANE('',#2517);
#69=PLANE('',#2519);
#70=PLANE('',#2521);
#71=PLANE('',#2523);
#72=PLANE('',#2525);
#73=PLANE('',#2547);
#74=PLANE('',#2549);
#75=PLANE('',#2551);
#76=PLANE('',#2554);
#77=LINE('',#3329,#235);
#78=LINE('',#3330,#236);
#79=LINE('',#3338,#237);
#80=LINE('',#3339,#238);
#81=LINE('',#3342,#239);
#82=LINE('',#3344,#240);
#83=LINE('',#3345,#241);
#84=LINE('',#3348,#242);
#85=LINE('',#3355,#243);
#86=LINE('',#3359,#244);
#87=LINE('',#3363,#245);
#88=LINE('',#3366,#246);
#89=LINE('',#3369,#247);
#90=LINE('',#3373,#248);
#91=LINE('',#3377,#249);
#92=LINE('',#3381,#250);
#93=LINE('',#3385,#251);
#94=LINE('',#3389,#252);
#95=LINE('',#3393,#253);
#96=LINE('',#3397,#254);
#97=LINE('',#3401,#255);
#98=LINE('',#3405,#256);
#99=LINE('',#3409,#257);
#100=LINE('',#3413,#258);
#101=LINE('',#3425,#259);
#102=LINE('',#3429,#260);
#103=LINE('',#3433,#261);
#104=LINE('',#3437,#262);
#105=LINE('',#3441,#263);
#106=LINE('',#3445,#264);
#107=LINE('',#3449,#265);
#108=LINE('',#3453,#266);
#109=LINE('',#3457,#267);
#110=LINE('',#3461,#268);
#111=LINE('',#3465,#269);
#112=LINE('',#3469,#270);
#113=LINE('',#3475,#271);
#114=LINE('',#3484,#272);
#115=LINE('',#3492,#273);
#116=LINE('',#3500,#274);
#117=LINE('',#3505,#275);
#118=LINE('',#3508,#276);
#119=LINE('',#3511,#277);
#120=LINE('',#3512,#278);
#121=LINE('',#3515,#279);
#122=LINE('',#3519,#280);
#123=LINE('',#3520,#281);
#124=LINE('',#3525,#282);
#125=LINE('',#3534,#283);
#126=LINE('',#3542,#284);
#127=LINE('',#3550,#285);
#128=LINE('',#3555,#286);
#129=LINE('',#3558,#287);
#130=LINE('',#3561,#288);
#131=LINE('',#3562,#289);
#132=LINE('',#3565,#290);
#133=LINE('',#3569,#291);
#134=LINE('',#3570,#292);
#135=LINE('',#3575,#293);
#136=LINE('',#3584,#294);
#137=LINE('',#3592,#295);
#138=LINE('',#3600,#296);
#139=LINE('',#3605,#297);
#140=LINE('',#3608,#298);
#141=LINE('',#3611,#299);
#142=LINE('',#3612,#300);
#143=LINE('',#3615,#301);
#144=LINE('',#3619,#302);
#145=LINE('',#3620,#303);
#146=LINE('',#3625,#304);
#147=LINE('',#3634,#305);
#148=LINE('',#3642,#306);
#149=LINE('',#3650,#307);
#150=LINE('',#3655,#308);
#151=LINE('',#3658,#309);
#152=LINE('',#3661,#310);
#153=LINE('',#3662,#311);
#154=LINE('',#3665,#312);
#155=LINE('',#3669,#313);
#156=LINE('',#3670,#314);
#157=LINE('',#3675,#315);
#158=LINE('',#3684,#316);
#159=LINE('',#3692,#317);
#160=LINE('',#3700,#318);
#161=LINE('',#3705,#319);
#162=LINE('',#3708,#320);
#163=LINE('',#3711,#321);
#164=LINE('',#3712,#322);
#165=LINE('',#3715,#323);
#166=LINE('',#3719,#324);
#167=LINE('',#3720,#325);
#168=LINE('',#3725,#326);
#169=LINE('',#3734,#327);
#170=LINE('',#3742,#328);
#171=LINE('',#3750,#329);
#172=LINE('',#3755,#330);
#173=LINE('',#3758,#331);
#174=LINE('',#3761,#332);
#175=LINE('',#3762,#333);
#176=LINE('',#3765,#334);
#177=LINE('',#3769,#335);
#178=LINE('',#3770,#336);
#179=LINE('',#3773,#337);
#180=LINE('',#3780,#338);
#181=LINE('',#3784,#339);
#182=LINE('',#3791,#340);
#183=LINE('',#3795,#341);
#184=LINE('',#3802,#342);
#185=LINE('',#3806,#343);
#186=LINE('',#3813,#344);
#187=LINE('',#3817,#345);
#188=LINE('',#3818,#346);
#189=LINE('',#3821,#347);
#190=LINE('',#3825,#348);
#191=LINE('',#3826,#349);
#192=LINE('',#3832,#350);
#193=LINE('',#3838,#351);
#194=LINE('',#3842,#352);
#195=LINE('',#3846,#353);
#196=LINE('',#3849,#354);
#197=LINE('',#3850,#355);
#198=LINE('',#3854,#356);
#199=LINE('',#3857,#357);
#200=LINE('',#3861,#358);
#201=LINE('',#3864,#359);
#202=LINE('',#3868,#360);
#203=LINE('',#3871,#361);
#204=LINE('',#3875,#362);
#205=LINE('',#3878,#363);
#206=LINE('',#3882,#364);
#207=LINE('',#3885,#365);
#208=LINE('',#3888,#366);
#209=LINE('',#3890,#367);
#210=LINE('',#3892,#368);
#211=LINE('',#3895,#369);
#212=LINE('',#3897,#370);
#213=LINE('',#3899,#371);
#214=LINE('',#3902,#372);
#215=LINE('',#3904,#373);
#216=LINE('',#3906,#374);
#217=LINE('',#3909,#375);
#218=LINE('',#3911,#376);
#219=LINE('',#3913,#377);
#220=LINE('',#3916,#378);
#221=LINE('',#3918,#379);
#222=LINE('',#3920,#380);
#223=LINE('',#3931,#381);
#224=LINE('',#3939,#382);
#225=LINE('',#3947,#383);
#226=LINE('',#3953,#384);
#227=LINE('',#3955,#385);
#228=LINE('',#3956,#386);
#229=LINE('',#3958,#387);
#230=LINE('',#3960,#388);
#231=LINE('',#3962,#389);
#232=LINE('',#3964,#390);
#233=LINE('',#3966,#391);
#234=LINE('',#3968,#392);
#235=VECTOR('',#2571,10.);
#236=VECTOR('',#2572,10.);
#237=VECTOR('',#2583,10.);
#238=VECTOR('',#2584,10.);
#239=VECTOR('',#2587,10.);
#240=VECTOR('',#2588,10.);
#241=VECTOR('',#2589,10.);
#242=VECTOR('',#2592,10.);
#243=VECTOR('',#2599,10.);
#244=VECTOR('',#2602,10.);
#245=VECTOR('',#2605,10.);
#246=VECTOR('',#2608,10.);
#247=VECTOR('',#2609,10.);
#248=VECTOR('',#2612,10.);
#249=VECTOR('',#2615,10.);
#250=VECTOR('',#2618,10.);
#251=VECTOR('',#2621,10.);
#252=VECTOR('',#2624,10.);
#253=VECTOR('',#2627,10.);
#254=VECTOR('',#2630,10.);
#255=VECTOR('',#2633,10.);
#256=VECTOR('',#2636,10.);
#257=VECTOR('',#2639,10.);
#258=VECTOR('',#2642,10.);
#259=VECTOR('',#2653,10.);
#260=VECTOR('',#2656,10.);
#261=VECTOR('',#2659,10.);
#262=VECTOR('',#2662,10.);
#263=VECTOR('',#2665,10.);
#264=VECTOR('',#2668,10.);
#265=VECTOR('',#2671,10.);
#266=VECTOR('',#2674,10.);
#267=VECTOR('',#2677,10.);
#268=VECTOR('',#2680,10.);
#269=VECTOR('',#2683,10.);
#270=VECTOR('',#2686,10.);
#271=VECTOR('',#2693,10.);
#272=VECTOR('',#2706,10.);
#273=VECTOR('',#2717,10.);
#274=VECTOR('',#2728,10.);
#275=VECTOR('',#2735,10.);
#276=VECTOR('',#2738,10.);
#277=VECTOR('',#2741,10.);
#278=VECTOR('',#2742,10.);
#279=VECTOR('',#2745,10.);
#280=VECTOR('',#2750,10.);
#281=VECTOR('',#2751,10.);
#282=VECTOR('',#2756,10.);
#283=VECTOR('',#2769,10.);
#284=VECTOR('',#2780,10.);
#285=VECTOR('',#2791,10.);
#286=VECTOR('',#2798,10.);
#287=VECTOR('',#2801,10.);
#288=VECTOR('',#2804,10.);
#289=VECTOR('',#2805,10.);
#290=VECTOR('',#2808,10.);
#291=VECTOR('',#2813,10.);
#292=VECTOR('',#2814,10.);
#293=VECTOR('',#2819,10.);
#294=VECTOR('',#2832,10.);
#295=VECTOR('',#2843,10.);
#296=VECTOR('',#2854,10.);
#297=VECTOR('',#2861,10.);
#298=VECTOR('',#2864,10.);
#299=VECTOR('',#2867,10.);
#300=VECTOR('',#2868,10.);
#301=VECTOR('',#2871,10.);
#302=VECTOR('',#2876,10.);
#303=VECTOR('',#2877,10.);
#304=VECTOR('',#2882,10.);
#305=VECTOR('',#2895,10.);
#306=VECTOR('',#2906,10.);
#307=VECTOR('',#2917,10.);
#308=VECTOR('',#2924,10.);
#309=VECTOR('',#2927,10.);
#310=VECTOR('',#2930,10.);
#311=VECTOR('',#2931,10.);
#312=VECTOR('',#2934,10.);
#313=VECTOR('',#2939,10.);
#314=VECTOR('',#2940,10.);
#315=VECTOR('',#2945,10.);
#316=VECTOR('',#2958,10.);
#317=VECTOR('',#2969,10.);
#318=VECTOR('',#2980,10.);
#319=VECTOR('',#2987,10.);
#320=VECTOR('',#2990,10.);
#321=VECTOR('',#2993,10.);
#322=VECTOR('',#2994,10.);
#323=VECTOR('',#2997,10.);
#324=VECTOR('',#3002,10.);
#325=VECTOR('',#3003,10.);
#326=VECTOR('',#3008,10.);
#327=VECTOR('',#3021,10.);
#328=VECTOR('',#3032,10.);
#329=VECTOR('',#3043,10.);
#330=VECTOR('',#3050,10.);
#331=VECTOR('',#3053,10.);
#332=VECTOR('',#3056,10.);
#333=VECTOR('',#3057,10.);
#334=VECTOR('',#3060,10.);
#335=VECTOR('',#3065,10.);
#336=VECTOR('',#3066,10.);
#337=VECTOR('',#3069,3.25);
#338=VECTOR('',#3078,1.7);
#339=VECTOR('',#3083,3.25);
#340=VECTOR('',#3092,1.7);
#341=VECTOR('',#3097,3.25);
#342=VECTOR('',#3106,1.7);
#343=VECTOR('',#3111,3.25);
#344=VECTOR('',#3120,1.7);
#345=VECTOR('',#3125,10.);
#346=VECTOR('',#3126,10.);
#347=VECTOR('',#3129,10.);
#348=VECTOR('',#3134,10.);
#349=VECTOR('',#3135,10.);
#350=VECTOR('',#3144,10.);
#351=VECTOR('',#3149,10.);
#352=VECTOR('',#3152,10.);
#353=VECTOR('',#3155,10.);
#354=VECTOR('',#3158,10.);
#355=VECTOR('',#3159,10.);
#356=VECTOR('',#3162,10.);
#357=VECTOR('',#3165,10.);
#358=VECTOR('',#3168,10.);
#359=VECTOR('',#3171,10.);
#360=VECTOR('',#3174,10.);
#361=VECTOR('',#3177,10.);
#362=VECTOR('',#3180,10.);
#363=VECTOR('',#3183,10.);
#364=VECTOR('',#3186,10.);
#365=VECTOR('',#3189,10.);
#366=VECTOR('',#3194,10.);
#367=VECTOR('',#3197,10.);
#368=VECTOR('',#3200,10.);
#369=VECTOR('',#3205,10.);
#370=VECTOR('',#3208,10.);
#371=VECTOR('',#3211,10.);
#372=VECTOR('',#3216,10.);
#373=VECTOR('',#3219,10.);
#374=VECTOR('',#3222,10.);
#375=VECTOR('',#3227,10.);
#376=VECTOR('',#3230,10.);
#377=VECTOR('',#3233,10.);
#378=VECTOR('',#3238,10.);
#379=VECTOR('',#3241,10.);
#380=VECTOR('',#3244,10.);
#381=VECTOR('',#3259,10.);
#382=VECTOR('',#3270,10.);
#383=VECTOR('',#3281,10.);
#384=VECTOR('',#3290,10.);
#385=VECTOR('',#3293,10.);
#386=VECTOR('',#3294,10.);
#387=VECTOR('',#3297,10.);
#388=VECTOR('',#3300,10.);
#389=VECTOR('',#3303,10.);
#390=VECTOR('',#3306,10.);
#391=VECTOR('',#3309,10.);
#392=VECTOR('',#3312,10.);
#393=CYLINDRICAL_SURFACE('',#2260,0.8);
#394=CYLINDRICAL_SURFACE('',#2266,0.8);
#395=CYLINDRICAL_SURFACE('',#2268,2.75);
#396=CYLINDRICAL_SURFACE('',#2303,0.8);
#397=CYLINDRICAL_SURFACE('',#2309,0.8);
#398=CYLINDRICAL_SURFACE('',#2314,0.8);
#399=CYLINDRICAL_SURFACE('',#2319,0.8);
#400=CYLINDRICAL_SURFACE('',#2323,1.5);
#401=CYLINDRICAL_SURFACE('',#2326,1.5);
#402=CYLINDRICAL_SURFACE('',#2329,0.8);
#403=CYLINDRICAL_SURFACE('',#2335,0.8);
#404=CYLINDRICAL_SURFACE('',#2340,0.8);
#405=CYLINDRICAL_SURFACE('',#2345,0.8);
#406=CYLINDRICAL_SURFACE('',#2349,1.50000000000001);
#407=CYLINDRICAL_SURFACE('',#2352,1.50000000000001);
#408=CYLINDRICAL_SURFACE('',#2355,0.8);
#409=CYLINDRICAL_SURFACE('',#2361,0.8);
#410=CYLINDRICAL_SURFACE('',#2366,0.8);
#411=CYLINDRICAL_SURFACE('',#2371,0.8);
#412=CYLINDRICAL_SURFACE('',#2375,1.49999999999999);
#413=CYLINDRICAL_SURFACE('',#2378,1.49999999999999);
#414=CYLINDRICAL_SURFACE('',#2381,0.8);
#415=CYLINDRICAL_SURFACE('',#2387,0.8);
#416=CYLINDRICAL_SURFACE('',#2392,0.8);
#417=CYLINDRICAL_SURFACE('',#2397,0.8);
#418=CYLINDRICAL_SURFACE('',#2401,1.5);
#419=CYLINDRICAL_SURFACE('',#2404,1.5);
#420=CYLINDRICAL_SURFACE('',#2407,0.8);
#421=CYLINDRICAL_SURFACE('',#2413,0.8);
#422=CYLINDRICAL_SURFACE('',#2418,0.8);
#423=CYLINDRICAL_SURFACE('',#2423,0.8);
#424=CYLINDRICAL_SURFACE('',#2427,1.5);
#425=CYLINDRICAL_SURFACE('',#2430,1.5);
#426=CYLINDRICAL_SURFACE('',#2433,0.8);
#427=CYLINDRICAL_SURFACE('',#2439,0.8);
#428=CYLINDRICAL_SURFACE('',#2444,0.8);
#429=CYLINDRICAL_SURFACE('',#2449,0.8);
#430=CYLINDRICAL_SURFACE('',#2453,1.50000000000001);
#431=CYLINDRICAL_SURFACE('',#2456,1.49999999999999);
#432=CYLINDRICAL_SURFACE('',#2459,3.25);
#433=CYLINDRICAL_SURFACE('',#2463,1.7);
#434=CYLINDRICAL_SURFACE('',#2465,3.25);
#435=CYLINDRICAL_SURFACE('',#2469,1.7);
#436=CYLINDRICAL_SURFACE('',#2471,3.25);
#437=CYLINDRICAL_SURFACE('',#2475,1.7);
#438=CYLINDRICAL_SURFACE('',#2477,3.25);
#439=CYLINDRICAL_SURFACE('',#2481,1.7);
#440=CYLINDRICAL_SURFACE('',#2484,1.50000000000001);
#441=CYLINDRICAL_SURFACE('',#2487,1.50000000000001);
#442=CYLINDRICAL_SURFACE('',#2489,2.75);
#443=CYLINDRICAL_SURFACE('',#2508,1.49999999999999);
#444=CYLINDRICAL_SURFACE('',#2510,1.49999999999999);
#445=CYLINDRICAL_SURFACE('',#2512,1.5);
#446=CYLINDRICAL_SURFACE('',#2514,1.5);
#447=CYLINDRICAL_SURFACE('',#2516,1.5);
#448=CYLINDRICAL_SURFACE('',#2518,1.5);
#449=CYLINDRICAL_SURFACE('',#2520,1.49999999999999);
#450=CYLINDRICAL_SURFACE('',#2522,1.49999999999999);
#451=CYLINDRICAL_SURFACE('',#2524,1.49999999999999);
#452=CYLINDRICAL_SURFACE('',#2526,1.5);
#453=CYLINDRICAL_SURFACE('',#2531,1.9);
#454=CYLINDRICAL_SURFACE('',#2536,1.9);
#455=CYLINDRICAL_SURFACE('',#2541,1.9);
#456=CYLINDRICAL_SURFACE('',#2546,1.9);
#457=CYLINDRICAL_SURFACE('',#2548,6.5);
#458=CYLINDRICAL_SURFACE('',#2550,6.5);
#459=CYLINDRICAL_SURFACE('',#2552,6.5);
#460=CYLINDRICAL_SURFACE('',#2553,6.5);
#461=FACE_OUTER_BOUND('',#595,.T.);
#462=FACE_OUTER_BOUND('',#596,.T.);
#463=FACE_OUTER_BOUND('',#597,.T.);
#464=FACE_OUTER_BOUND('',#598,.T.);
#465=FACE_OUTER_BOUND('',#599,.T.);
#466=FACE_OUTER_BOUND('',#600,.T.);
#467=FACE_OUTER_BOUND('',#601,.T.);
#468=FACE_OUTER_BOUND('',#613,.T.);
#469=FACE_OUTER_BOUND('',#614,.T.);
#470=FACE_OUTER_BOUND('',#615,.T.);
#471=FACE_OUTER_BOUND('',#616,.T.);
#472=FACE_OUTER_BOUND('',#617,.T.);
#473=FACE_OUTER_BOUND('',#618,.T.);
#474=FACE_OUTER_BOUND('',#619,.T.);
#475=FACE_OUTER_BOUND('',#620,.T.);
#476=FACE_OUTER_BOUND('',#621,.T.);
#477=FACE_OUTER_BOUND('',#622,.T.);
#478=FACE_OUTER_BOUND('',#623,.T.);
#479=FACE_OUTER_BOUND('',#624,.T.);
#480=FACE_OUTER_BOUND('',#625,.T.);
#481=FACE_OUTER_BOUND('',#626,.T.);
#482=FACE_OUTER_BOUND('',#627,.T.);
#483=FACE_OUTER_BOUND('',#628,.T.);
#484=FACE_OUTER_BOUND('',#629,.T.);
#485=FACE_OUTER_BOUND('',#630,.T.);
#486=FACE_OUTER_BOUND('',#631,.T.);
#487=FACE_OUTER_BOUND('',#632,.T.);
#488=FACE_OUTER_BOUND('',#633,.T.);
#489=FACE_OUTER_BOUND('',#634,.T.);
#490=FACE_OUTER_BOUND('',#635,.T.);
#491=FACE_OUTER_BOUND('',#636,.T.);
#492=FACE_OUTER_BOUND('',#637,.T.);
#493=FACE_OUTER_BOUND('',#638,.T.);
#494=FACE_OUTER_BOUND('',#639,.T.);
#495=FACE_OUTER_BOUND('',#640,.T.);
#496=FACE_OUTER_BOUND('',#641,.T.);
#497=FACE_OUTER_BOUND('',#642,.T.);
#498=FACE_OUTER_BOUND('',#643,.T.);
#499=FACE_OUTER_BOUND('',#644,.T.);
#500=FACE_OUTER_BOUND('',#645,.T.);
#501=FACE_OUTER_BOUND('',#646,.T.);
#502=FACE_OUTER_BOUND('',#647,.T.);
#503=FACE_OUTER_BOUND('',#648,.T.);
#504=FACE_OUTER_BOUND('',#649,.T.);
#505=FACE_OUTER_BOUND('',#650,.T.);
#506=FACE_OUTER_BOUND('',#651,.T.);
#507=FACE_OUTER_BOUND('',#652,.T.);
#508=FACE_OUTER_BOUND('',#653,.T.);
#509=FACE_OUTER_BOUND('',#654,.T.);
#510=FACE_OUTER_BOUND('',#655,.T.);
#511=FACE_OUTER_BOUND('',#656,.T.);
#512=FACE_OUTER_BOUND('',#657,.T.);
#513=FACE_OUTER_BOUND('',#658,.T.);
#514=FACE_OUTER_BOUND('',#659,.T.);
#515=FACE_OUTER_BOUND('',#660,.T.);
#516=FACE_OUTER_BOUND('',#661,.T.);
#517=FACE_OUTER_BOUND('',#662,.T.);
#518=FACE_OUTER_BOUND('',#663,.T.);
#519=FACE_OUTER_BOUND('',#664,.T.);
#520=FACE_OUTER_BOUND('',#665,.T.);
#521=FACE_OUTER_BOUND('',#666,.T.);
#522=FACE_OUTER_BOUND('',#667,.T.);
#523=FACE_OUTER_BOUND('',#668,.T.);
#524=FACE_OUTER_BOUND('',#669,.T.);
#525=FACE_OUTER_BOUND('',#670,.T.);
#526=FACE_OUTER_BOUND('',#671,.T.);
#527=FACE_OUTER_BOUND('',#672,.T.);
#528=FACE_OUTER_BOUND('',#673,.T.);
#529=FACE_OUTER_BOUND('',#674,.T.);
#530=FACE_OUTER_BOUND('',#675,.T.);
#531=FACE_OUTER_BOUND('',#676,.T.);
#532=FACE_OUTER_BOUND('',#677,.T.);
#533=FACE_OUTER_BOUND('',#678,.T.);
#534=FACE_OUTER_BOUND('',#679,.T.);
#535=FACE_OUTER_BOUND('',#680,.T.);
#536=FACE_OUTER_BOUND('',#681,.T.);
#537=FACE_OUTER_BOUND('',#682,.T.);
#538=FACE_OUTER_BOUND('',#683,.T.);
#539=FACE_OUTER_BOUND('',#684,.T.);
#540=FACE_OUTER_BOUND('',#685,.T.);
#541=FACE_OUTER_BOUND('',#686,.T.);
#542=FACE_OUTER_BOUND('',#688,.T.);
#543=FACE_OUTER_BOUND('',#689,.T.);
#544=FACE_OUTER_BOUND('',#690,.T.);
#545=FACE_OUTER_BOUND('',#692,.T.);
#546=FACE_OUTER_BOUND('',#693,.T.);
#547=FACE_OUTER_BOUND('',#694,.T.);
#548=FACE_OUTER_BOUND('',#696,.T.);
#549=FACE_OUTER_BOUND('',#697,.T.);
#550=FACE_OUTER_BOUND('',#698,.T.);
#551=FACE_OUTER_BOUND('',#700,.T.);
#552=FACE_OUTER_BOUND('',#701,.T.);
#553=FACE_OUTER_BOUND('',#702,.T.);
#554=FACE_OUTER_BOUND('',#703,.T.);
#555=FACE_OUTER_BOUND('',#704,.T.);
#556=FACE_OUTER_BOUND('',#705,.T.);
#557=FACE_OUTER_BOUND('',#706,.T.);
#558=FACE_OUTER_BOUND('',#718,.T.);
#559=FACE_OUTER_BOUND('',#719,.T.);
#560=FACE_OUTER_BOUND('',#720,.T.);
#561=FACE_OUTER_BOUND('',#721,.T.);
#562=FACE_OUTER_BOUND('',#722,.T.);
#563=FACE_OUTER_BOUND('',#723,.T.);
#564=FACE_OUTER_BOUND('',#724,.T.);
#565=FACE_OUTER_BOUND('',#725,.T.);
#566=FACE_OUTER_BOUND('',#726,.T.);
#567=FACE_OUTER_BOUND('',#727,.T.);
#568=FACE_OUTER_BOUND('',#728,.T.);
#569=FACE_OUTER_BOUND('',#729,.T.);
#570=FACE_OUTER_BOUND('',#730,.T.);
#571=FACE_OUTER_BOUND('',#731,.T.);
#572=FACE_OUTER_BOUND('',#732,.T.);
#573=FACE_OUTER_BOUND('',#733,.T.);
#574=FACE_OUTER_BOUND('',#734,.T.);
#575=FACE_OUTER_BOUND('',#735,.T.);
#576=FACE_OUTER_BOUND('',#736,.T.);
#577=FACE_OUTER_BOUND('',#737,.T.);
#578=FACE_OUTER_BOUND('',#738,.T.);
#579=FACE_OUTER_BOUND('',#739,.T.);
#580=FACE_OUTER_BOUND('',#740,.T.);
#581=FACE_OUTER_BOUND('',#741,.T.);
#582=FACE_OUTER_BOUND('',#742,.T.);
#583=FACE_OUTER_BOUND('',#743,.T.);
#584=FACE_OUTER_BOUND('',#744,.T.);
#585=FACE_OUTER_BOUND('',#745,.T.);
#586=FACE_OUTER_BOUND('',#746,.T.);
#587=FACE_OUTER_BOUND('',#747,.T.);
#588=FACE_OUTER_BOUND('',#748,.T.);
#589=FACE_OUTER_BOUND('',#749,.T.);
#590=FACE_OUTER_BOUND('',#750,.T.);
#591=FACE_OUTER_BOUND('',#751,.T.);
#592=FACE_OUTER_BOUND('',#752,.T.);
#593=FACE_OUTER_BOUND('',#753,.T.);
#594=FACE_OUTER_BOUND('',#754,.T.);
#595=EDGE_LOOP('',(#1441,#1442,#1443,#1444));
#596=EDGE_LOOP('',(#1445,#1446,#1447,#1448));
#597=EDGE_LOOP('',(#1449,#1450,#1451,#1452));
#598=EDGE_LOOP('',(#1453,#1454,#1455,#1456));
#599=EDGE_LOOP('',(#1457,#1458,#1459,#1460));
#600=EDGE_LOOP('',(#1461,#1462,#1463,#1464));
#601=EDGE_LOOP('',(#1465,#1466,#1467,#1468,#1469,#1470,#1471,#1472));
#602=EDGE_LOOP('',(#1473,#1474,#1475,#1476,#1477,#1478,#1479,#1480));
#603=EDGE_LOOP('',(#1481,#1482,#1483,#1484,#1485,#1486,#1487,#1488));
#604=EDGE_LOOP('',(#1489,#1490,#1491,#1492,#1493,#1494,#1495,#1496));
#605=EDGE_LOOP('',(#1497));
#606=EDGE_LOOP('',(#1498));
#607=EDGE_LOOP('',(#1499));
#608=EDGE_LOOP('',(#1500));
#609=EDGE_LOOP('',(#1501,#1502,#1503,#1504,#1505,#1506,#1507,#1508));
#610=EDGE_LOOP('',(#1509,#1510,#1511,#1512,#1513,#1514,#1515,#1516));
#611=EDGE_LOOP('',(#1517,#1518,#1519,#1520,#1521,#1522,#1523,#1524));
#612=EDGE_LOOP('',(#1525,#1526,#1527,#1528));
#613=EDGE_LOOP('',(#1529,#1530,#1531,#1532));
#614=EDGE_LOOP('',(#1533,#1534,#1535,#1536));
#615=EDGE_LOOP('',(#1537,#1538,#1539,#1540));
#616=EDGE_LOOP('',(#1541,#1542,#1543,#1544));
#617=EDGE_LOOP('',(#1545,#1546,#1547,#1548));
#618=EDGE_LOOP('',(#1549,#1550,#1551,#1552));
#619=EDGE_LOOP('',(#1553,#1554,#1555,#1556));
#620=EDGE_LOOP('',(#1557,#1558,#1559,#1560));
#621=EDGE_LOOP('',(#1561,#1562,#1563,#1564));
#622=EDGE_LOOP('',(#1565,#1566,#1567,#1568));
#623=EDGE_LOOP('',(#1569,#1570,#1571,#1572));
#624=EDGE_LOOP('',(#1573,#1574,#1575,#1576));
#625=EDGE_LOOP('',(#1577,#1578,#1579,#1580));
#626=EDGE_LOOP('',(#1581,#1582,#1583,#1584));
#627=EDGE_LOOP('',(#1585,#1586,#1587,#1588));
#628=EDGE_LOOP('',(#1589,#1590,#1591,#1592));
#629=EDGE_LOOP('',(#1593,#1594,#1595,#1596));
#630=EDGE_LOOP('',(#1597,#1598,#1599,#1600));
#631=EDGE_LOOP('',(#1601,#1602,#1603,#1604));
#632=EDGE_LOOP('',(#1605,#1606,#1607,#1608));
#633=EDGE_LOOP('',(#1609,#1610,#1611,#1612));
#634=EDGE_LOOP('',(#1613,#1614,#1615,#1616));
#635=EDGE_LOOP('',(#1617,#1618,#1619,#1620));
#636=EDGE_LOOP('',(#1621,#1622,#1623,#1624));
#637=EDGE_LOOP('',(#1625,#1626,#1627,#1628));
#638=EDGE_LOOP('',(#1629,#1630,#1631,#1632));
#639=EDGE_LOOP('',(#1633,#1634,#1635,#1636));
#640=EDGE_LOOP('',(#1637,#1638,#1639,#1640));
#641=EDGE_LOOP('',(#1641,#1642,#1643,#1644));
#642=EDGE_LOOP('',(#1645,#1646,#1647,#1648));
#643=EDGE_LOOP('',(#1649,#1650,#1651,#1652));
#644=EDGE_LOOP('',(#1653,#1654,#1655,#1656));
#645=EDGE_LOOP('',(#1657,#1658,#1659,#1660));
#646=EDGE_LOOP('',(#1661,#1662,#1663,#1664));
#647=EDGE_LOOP('',(#1665,#1666,#1667,#1668));
#648=EDGE_LOOP('',(#1669,#1670,#1671,#1672));
#649=EDGE_LOOP('',(#1673,#1674,#1675,#1676));
#650=EDGE_LOOP('',(#1677,#1678,#1679,#1680));
#651=EDGE_LOOP('',(#1681,#1682,#1683,#1684));
#652=EDGE_LOOP('',(#1685,#1686,#1687,#1688));
#653=EDGE_LOOP('',(#1689,#1690,#1691,#1692));
#654=EDGE_LOOP('',(#1693,#1694,#1695,#1696));
#655=EDGE_LOOP('',(#1697,#1698,#1699,#1700));
#656=EDGE_LOOP('',(#1701,#1702,#1703,#1704));
#657=EDGE_LOOP('',(#1705,#1706,#1707,#1708));
#658=EDGE_LOOP('',(#1709,#1710,#1711,#1712));
#659=EDGE_LOOP('',(#1713,#1714,#1715,#1716));
#660=EDGE_LOOP('',(#1717,#1718,#1719,#1720));
#661=EDGE_LOOP('',(#1721,#1722,#1723,#1724));
#662=EDGE_LOOP('',(#1725,#1726,#1727,#1728));
#663=EDGE_LOOP('',(#1729,#1730,#1731,#1732));
#664=EDGE_LOOP('',(#1733,#1734,#1735,#1736));
#665=EDGE_LOOP('',(#1737,#1738,#1739,#1740));
#666=EDGE_LOOP('',(#1741,#1742,#1743,#1744));
#667=EDGE_LOOP('',(#1745,#1746,#1747,#1748));
#668=EDGE_LOOP('',(#1749,#1750,#1751,#1752));
#669=EDGE_LOOP('',(#1753,#1754,#1755,#1756));
#670=EDGE_LOOP('',(#1757,#1758,#1759,#1760));
#671=EDGE_LOOP('',(#1761,#1762,#1763,#1764));
#672=EDGE_LOOP('',(#1765,#1766,#1767,#1768));
#673=EDGE_LOOP('',(#1769,#1770,#1771,#1772));
#674=EDGE_LOOP('',(#1773,#1774,#1775,#1776));
#675=EDGE_LOOP('',(#1777,#1778,#1779,#1780));
#676=EDGE_LOOP('',(#1781,#1782,#1783,#1784));
#677=EDGE_LOOP('',(#1785,#1786,#1787,#1788));
#678=EDGE_LOOP('',(#1789,#1790,#1791,#1792));
#679=EDGE_LOOP('',(#1793,#1794,#1795,#1796));
#680=EDGE_LOOP('',(#1797,#1798,#1799,#1800));
#681=EDGE_LOOP('',(#1801,#1802,#1803,#1804));
#682=EDGE_LOOP('',(#1805,#1806,#1807,#1808));
#683=EDGE_LOOP('',(#1809,#1810,#1811,#1812));
#684=EDGE_LOOP('',(#1813,#1814,#1815,#1816));
#685=EDGE_LOOP('',(#1817,#1818,#1819,#1820));
#686=EDGE_LOOP('',(#1821));
#687=EDGE_LOOP('',(#1822));
#688=EDGE_LOOP('',(#1823,#1824,#1825,#1826));
#689=EDGE_LOOP('',(#1827,#1828,#1829,#1830));
#690=EDGE_LOOP('',(#1831));
#691=EDGE_LOOP('',(#1832));
#692=EDGE_LOOP('',(#1833,#1834,#1835,#1836));
#693=EDGE_LOOP('',(#1837,#1838,#1839,#1840));
#694=EDGE_LOOP('',(#1841));
#695=EDGE_LOOP('',(#1842));
#696=EDGE_LOOP('',(#1843,#1844,#1845,#1846));
#697=EDGE_LOOP('',(#1847,#1848,#1849,#1850));
#698=EDGE_LOOP('',(#1851));
#699=EDGE_LOOP('',(#1852));
#700=EDGE_LOOP('',(#1853,#1854,#1855,#1856));
#701=EDGE_LOOP('',(#1857,#1858,#1859,#1860));
#702=EDGE_LOOP('',(#1861,#1862,#1863,#1864));
#703=EDGE_LOOP('',(#1865,#1866,#1867,#1868));
#704=EDGE_LOOP('',(#1869,#1870,#1871,#1872));
#705=EDGE_LOOP('',(#1873,#1874,#1875,#1876));
#706=EDGE_LOOP('',(#1877,#1878,#1879,#1880,#1881,#1882,#1883,#1884));
#707=EDGE_LOOP('',(#1885));
#708=EDGE_LOOP('',(#1886));
#709=EDGE_LOOP('',(#1887,#1888,#1889,#1890,#1891,#1892,#1893,#1894));
#710=EDGE_LOOP('',(#1895,#1896,#1897,#1898));
#711=EDGE_LOOP('',(#1899,#1900,#1901,#1902,#1903,#1904,#1905,#1906));
#712=EDGE_LOOP('',(#1907,#1908,#1909,#1910,#1911,#1912,#1913,#1914));
#713=EDGE_LOOP('',(#1915,#1916,#1917,#1918,#1919,#1920,#1921,#1922));
#714=EDGE_LOOP('',(#1923,#1924,#1925,#1926,#1927,#1928,#1929,#1930));
#715=EDGE_LOOP('',(#1931,#1932,#1933,#1934,#1935,#1936,#1937,#1938));
#716=EDGE_LOOP('',(#1939));
#717=EDGE_LOOP('',(#1940));
#718=EDGE_LOOP('',(#1941,#1942,#1943,#1944));
#719=EDGE_LOOP('',(#1945,#1946,#1947,#1948));
#720=EDGE_LOOP('',(#1949,#1950,#1951,#1952));
#721=EDGE_LOOP('',(#1953,#1954,#1955,#1956));
#722=EDGE_LOOP('',(#1957,#1958,#1959,#1960));
#723=EDGE_LOOP('',(#1961,#1962,#1963,#1964));
#724=EDGE_LOOP('',(#1965,#1966,#1967,#1968));
#725=EDGE_LOOP('',(#1969,#1970,#1971,#1972));
#726=EDGE_LOOP('',(#1973,#1974,#1975,#1976));
#727=EDGE_LOOP('',(#1977,#1978,#1979,#1980));
#728=EDGE_LOOP('',(#1981,#1982,#1983,#1984));
#729=EDGE_LOOP('',(#1985,#1986,#1987,#1988));
#730=EDGE_LOOP('',(#1989,#1990,#1991,#1992));
#731=EDGE_LOOP('',(#1993,#1994,#1995,#1996));
#732=EDGE_LOOP('',(#1997,#1998,#1999,#2000));
#733=EDGE_LOOP('',(#2001,#2002,#2003,#2004));
#734=EDGE_LOOP('',(#2005,#2006,#2007,#2008));
#735=EDGE_LOOP('',(#2009,#2010,#2011,#2012));
#736=EDGE_LOOP('',(#2013,#2014,#2015,#2016));
#737=EDGE_LOOP('',(#2017,#2018,#2019,#2020));
#738=EDGE_LOOP('',(#2021,#2022,#2023,#2024));
#739=EDGE_LOOP('',(#2025,#2026,#2027,#2028));
#740=EDGE_LOOP('',(#2029,#2030,#2031,#2032));
#741=EDGE_LOOP('',(#2033,#2034,#2035,#2036));
#742=EDGE_LOOP('',(#2037,#2038,#2039,#2040));
#743=EDGE_LOOP('',(#2041,#2042,#2043,#2044));
#744=EDGE_LOOP('',(#2045,#2046,#2047,#2048));
#745=EDGE_LOOP('',(#2049,#2050,#2051,#2052));
#746=EDGE_LOOP('',(#2053,#2054,#2055,#2056));
#747=EDGE_LOOP('',(#2057,#2058,#2059,#2060));
#748=EDGE_LOOP('',(#2061,#2062,#2063,#2064));
#749=EDGE_LOOP('',(#2065,#2066,#2067,#2068));
#750=EDGE_LOOP('',(#2069,#2070,#2071,#2072));
#751=EDGE_LOOP('',(#2073,#2074,#2075,#2076));
#752=EDGE_LOOP('',(#2077,#2078,#2079,#2080));
#753=EDGE_LOOP('',(#2081,#2082,#2083,#2084));
#754=EDGE_LOOP('',(#2085,#2086,#2087,#2088));
#755=CIRCLE('',#2256,0.8);
#756=CIRCLE('',#2257,2.75);
#757=CIRCLE('',#2258,0.800000000000005);
#758=CIRCLE('',#2259,3.55);
#759=CIRCLE('',#2261,0.800000000000001);
#760=CIRCLE('',#2263,0.800000000000001);
#761=CIRCLE('',#2264,3.55);
#762=CIRCLE('',#2265,2.75);
#763=CIRCLE('',#2269,2.75);
#764=CIRCLE('',#2271,4.6);
#765=CIRCLE('',#2272,4.6);
#766=CIRCLE('',#2273,4.6);
#767=CIRCLE('',#2274,4.6);
#768=CIRCLE('',#2275,2.3);
#769=CIRCLE('',#2276,2.3);
#770=CIRCLE('',#2277,2.30000000000001);
#771=CIRCLE('',#2278,2.30000000000001);
#772=CIRCLE('',#2279,2.29999999999999);
#773=CIRCLE('',#2280,2.29999999999999);
#774=CIRCLE('',#2281,2.3);
#775=CIRCLE('',#2282,2.3);
#776=CIRCLE('',#2283,2.3);
#777=CIRCLE('',#2284,2.3);
#778=CIRCLE('',#2285,2.29999999999999);
#779=CIRCLE('',#2286,2.29999999999999);
#780=CIRCLE('',#2287,3.25);
#781=CIRCLE('',#2288,3.25);
#782=CIRCLE('',#2289,3.25);
#783=CIRCLE('',#2290,3.25);
#784=CIRCLE('',#2291,2.29999999999999);
#785=CIRCLE('',#2292,2.30000000000001);
#786=CIRCLE('',#2293,2.3);
#787=CIRCLE('',#2294,2.29999999999999);
#788=CIRCLE('',#2295,2.3);
#789=CIRCLE('',#2296,2.3);
#790=CIRCLE('',#2297,2.3);
#791=CIRCLE('',#2298,2.3);
#792=CIRCLE('',#2299,2.30000000000001);
#793=CIRCLE('',#2300,2.30000000000001);
#794=CIRCLE('',#2301,2.29999999999999);
#795=CIRCLE('',#2302,2.29999999999999);
#796=CIRCLE('',#2304,0.8);
#797=CIRCLE('',#2305,0.799999999999996);
#798=CIRCLE('',#2307,0.800000000000001);
#799=CIRCLE('',#2308,1.5);
#800=CIRCLE('',#2310,0.800000000000001);
#801=CIRCLE('',#2312,0.800000000000001);
#802=CIRCLE('',#2313,1.5);
#803=CIRCLE('',#2315,0.800000000000001);
#804=CIRCLE('',#2317,0.800000000000001);
#805=CIRCLE('',#2318,1.50000000000001);
#806=CIRCLE('',#2320,0.800000000000001);
#807=CIRCLE('',#2322,1.50000000000001);
#808=CIRCLE('',#2324,1.5);
#809=CIRCLE('',#2327,1.5);
#810=CIRCLE('',#2330,0.8);
#811=CIRCLE('',#2331,0.799999999999996);
#812=CIRCLE('',#2333,0.800000000000001);
#813=CIRCLE('',#2334,1.50000000000001);
#814=CIRCLE('',#2336,0.800000000000001);
#815=CIRCLE('',#2338,0.800000000000001);
#816=CIRCLE('',#2339,1.50000000000001);
#817=CIRCLE('',#2341,0.800000000000001);
#818=CIRCLE('',#2343,0.800000000000001);
#819=CIRCLE('',#2344,1.49999999999999);
#820=CIRCLE('',#2346,0.800000000000001);
#821=CIRCLE('',#2348,1.49999999999999);
#822=CIRCLE('',#2350,1.50000000000001);
#823=CIRCLE('',#2353,1.50000000000001);
#824=CIRCLE('',#2356,0.8);
#825=CIRCLE('',#2357,0.800000000000001);
#826=CIRCLE('',#2359,0.800000000000001);
#827=CIRCLE('',#2360,1.49999999999999);
#828=CIRCLE('',#2362,0.800000000000001);
#829=CIRCLE('',#2364,0.800000000000001);
#830=CIRCLE('',#2365,1.49999999999999);
#831=CIRCLE('',#2367,0.800000000000001);
#832=CIRCLE('',#2369,0.800000000000001);
#833=CIRCLE('',#2370,1.5);
#834=CIRCLE('',#2372,0.800000000000001);
#835=CIRCLE('',#2374,1.5);
#836=CIRCLE('',#2376,1.49999999999999);
#837=CIRCLE('',#2379,1.49999999999999);
#838=CIRCLE('',#2382,0.8);
#839=CIRCLE('',#2383,0.800000000000001);
#840=CIRCLE('',#2385,0.800000000000001);
#841=CIRCLE('',#2386,1.5);
#842=CIRCLE('',#2388,0.800000000000001);
#843=CIRCLE('',#2390,0.800000000000001);
#844=CIRCLE('',#2391,1.5);
#845=CIRCLE('',#2393,0.800000000000001);
#846=CIRCLE('',#2395,0.800000000000001);
#847=CIRCLE('',#2396,1.5);
#848=CIRCLE('',#2398,0.800000000000001);
#849=CIRCLE('',#2400,1.5);
#850=CIRCLE('',#2402,1.5);
#851=CIRCLE('',#2405,1.5);
#852=CIRCLE('',#2408,0.8);
#853=CIRCLE('',#2409,0.799999999999998);
#854=CIRCLE('',#2411,0.800000000000001);
#855=CIRCLE('',#2412,1.5);
#856=CIRCLE('',#2414,0.800000000000001);
#857=CIRCLE('',#2416,0.799999999999998);
#858=CIRCLE('',#2417,1.5);
#859=CIRCLE('',#2419,0.800000000000001);
#860=CIRCLE('',#2421,0.800000000000001);
#861=CIRCLE('',#2422,1.49999999999999);
#862=CIRCLE('',#2424,0.800000000000001);
#863=CIRCLE('',#2426,1.49999999999999);
#864=CIRCLE('',#2428,1.5);
#865=CIRCLE('',#2431,1.5);
#866=CIRCLE('',#2434,0.8);
#867=CIRCLE('',#2435,0.800000000000001);
#868=CIRCLE('',#2437,0.800000000000001);
#869=CIRCLE('',#2438,1.49999999999999);
#870=CIRCLE('',#2440,0.800000000000001);
#871=CIRCLE('',#2442,0.800000000000001);
#872=CIRCLE('',#2443,1.50000000000001);
#873=CIRCLE('',#2445,0.800000000000001);
#874=CIRCLE('',#2447,0.800000000000001);
#875=CIRCLE('',#2448,1.5);
#876=CIRCLE('',#2450,0.800000000000001);
#877=CIRCLE('',#2452,1.49999999999999);
#878=CIRCLE('',#2454,1.50000000000001);
#879=CIRCLE('',#2457,1.49999999999999);
#880=CIRCLE('',#2460,3.25);
#881=CIRCLE('',#2462,1.7);
#882=CIRCLE('',#2464,1.7);
#883=CIRCLE('',#2466,3.25);
#884=CIRCLE('',#2468,1.7);
#885=CIRCLE('',#2470,1.7);
#886=CIRCLE('',#2472,3.25);
#887=CIRCLE('',#2474,1.7);
#888=CIRCLE('',#2476,1.7);
#889=CIRCLE('',#2478,3.25);
#890=CIRCLE('',#2480,1.7);
#891=CIRCLE('',#2482,1.7);
#892=CIRCLE('',#2485,1.50000000000001);
#893=CIRCLE('',#2488,1.50000000000001);
#894=CIRCLE('',#2490,2.75);
#895=CIRCLE('',#2492,6.5);
#896=CIRCLE('',#2493,6.5);
#897=CIRCLE('',#2494,6.5);
#898=CIRCLE('',#2495,6.5);
#899=CIRCLE('',#2496,1.49999999999999);
#900=CIRCLE('',#2497,1.5);
#901=CIRCLE('',#2498,1.49999999999999);
#902=CIRCLE('',#2499,1.49999999999999);
#903=CIRCLE('',#2500,1.5);
#904=CIRCLE('',#2501,1.5);
#905=CIRCLE('',#2502,1.5);
#906=CIRCLE('',#2503,1.5);
#907=CIRCLE('',#2504,1.49999999999999);
#908=CIRCLE('',#2505,1.49999999999999);
#909=CIRCLE('',#2528,1.9);
#910=CIRCLE('',#2529,1.9);
#911=CIRCLE('',#2530,6.5);
#912=CIRCLE('',#2532,1.9);
#913=CIRCLE('',#2534,1.9);
#914=CIRCLE('',#2535,6.5);
#915=CIRCLE('',#2537,1.9);
#916=CIRCLE('',#2539,1.9);
#917=CIRCLE('',#2540,6.5);
#918=CIRCLE('',#2542,1.9);
#919=CIRCLE('',#2544,1.9);
#920=CIRCLE('',#2545,6.5);
#921=VERTEX_POINT('',#3317);
#922=VERTEX_POINT('',#3318);
#923=VERTEX_POINT('',#3320);
#924=VERTEX_POINT('',#3322);
#925=VERTEX_POINT('',#3326);
#926=VERTEX_POINT('',#3327);
#927=VERTEX_POINT('',#3332);
#928=VERTEX_POINT('',#3333);
#929=VERTEX_POINT('',#3341);
#930=VERTEX_POINT('',#3343);
#931=VERTEX_POINT('',#3347);
#932=VERTEX_POINT('',#3351);
#933=VERTEX_POINT('',#3352);
#934=VERTEX_POINT('',#3354);
#935=VERTEX_POINT('',#3356);
#936=VERTEX_POINT('',#3358);
#937=VERTEX_POINT('',#3360);
#938=VERTEX_POINT('',#3362);
#939=VERTEX_POINT('',#3364);
#940=VERTEX_POINT('',#3367);
#941=VERTEX_POINT('',#3368);
#942=VERTEX_POINT('',#3370);
#943=VERTEX_POINT('',#3372);
#944=VERTEX_POINT('',#3374);
#945=VERTEX_POINT('',#3376);
#946=VERTEX_POINT('',#3378);
#947=VERTEX_POINT('',#3380);
#948=VERTEX_POINT('',#3383);
#949=VERTEX_POINT('',#3384);
#950=VERTEX_POINT('',#3386);
#951=VERTEX_POINT('',#3388);
#952=VERTEX_POINT('',#3390);
#953=VERTEX_POINT('',#3392);
#954=VERTEX_POINT('',#3394);
#955=VERTEX_POINT('',#3396);
#956=VERTEX_POINT('',#3399);
#957=VERTEX_POINT('',#3400);
#958=VERTEX_POINT('',#3402);
#959=VERTEX_POINT('',#3404);
#960=VERTEX_POINT('',#3406);
#961=VERTEX_POINT('',#3408);
#962=VERTEX_POINT('',#3410);
#963=VERTEX_POINT('',#3412);
#964=VERTEX_POINT('',#3415);
#965=VERTEX_POINT('',#3417);
#966=VERTEX_POINT('',#3419);
#967=VERTEX_POINT('',#3421);
#968=VERTEX_POINT('',#3423);
#969=VERTEX_POINT('',#3424);
#970=VERTEX_POINT('',#3426);
#971=VERTEX_POINT('',#3428);
#972=VERTEX_POINT('',#3430);
#973=VERTEX_POINT('',#3432);
#974=VERTEX_POINT('',#3434);
#975=VERTEX_POINT('',#3436);
#976=VERTEX_POINT('',#3439);
#977=VERTEX_POINT('',#3440);
#978=VERTEX_POINT('',#3442);
#979=VERTEX_POINT('',#3444);
#980=VERTEX_POINT('',#3446);
#981=VERTEX_POINT('',#3448);
#982=VERTEX_POINT('',#3450);
#983=VERTEX_POINT('',#3452);
#984=VERTEX_POINT('',#3455);
#985=VERTEX_POINT('',#3456);
#986=VERTEX_POINT('',#3458);
#987=VERTEX_POINT('',#3460);
#988=VERTEX_POINT('',#3462);
#989=VERTEX_POINT('',#3464);
#990=VERTEX_POINT('',#3466);
#991=VERTEX_POINT('',#3468);
#992=VERTEX_POINT('',#3472);
#993=VERTEX_POINT('',#3474);
#994=VERTEX_POINT('',#3478);
#995=VERTEX_POINT('',#3482);
#996=VERTEX_POINT('',#3486);
#997=VERTEX_POINT('',#3490);
#998=VERTEX_POINT('',#3494);
#999=VERTEX_POINT('',#3498);
#1000=VERTEX_POINT('',#3504);
#1001=VERTEX_POINT('',#3506);
#1002=VERTEX_POINT('',#3510);
#1003=VERTEX_POINT('',#3514);
#1004=VERTEX_POINT('',#3518);
#1005=VERTEX_POINT('',#3522);
#1006=VERTEX_POINT('',#3524);
#1007=VERTEX_POINT('',#3528);
#1008=VERTEX_POINT('',#3532);
#1009=VERTEX_POINT('',#3536);
#1010=VERTEX_POINT('',#3540);
#1011=VERTEX_POINT('',#3544);
#1012=VERTEX_POINT('',#3548);
#1013=VERTEX_POINT('',#3554);
#1014=VERTEX_POINT('',#3556);
#1015=VERTEX_POINT('',#3560);
#1016=VERTEX_POINT('',#3564);
#1017=VERTEX_POINT('',#3568);
#1018=VERTEX_POINT('',#3572);
#1019=VERTEX_POINT('',#3574);
#1020=VERTEX_POINT('',#3578);
#1021=VERTEX_POINT('',#3582);
#1022=VERTEX_POINT('',#3586);
#1023=VERTEX_POINT('',#3590);
#1024=VERTEX_POINT('',#3594);
#1025=VERTEX_POINT('',#3598);
#1026=VERTEX_POINT('',#3604);
#1027=VERTEX_POINT('',#3606);
#1028=VERTEX_POINT('',#3610);
#1029=VERTEX_POINT('',#3614);
#1030=VERTEX_POINT('',#3618);
#1031=VERTEX_POINT('',#3622);
#1032=VERTEX_POINT('',#3624);
#1033=VERTEX_POINT('',#3628);
#1034=VERTEX_POINT('',#3632);
#1035=VERTEX_POINT('',#3636);
#1036=VERTEX_POINT('',#3640);
#1037=VERTEX_POINT('',#3644);
#1038=VERTEX_POINT('',#3648);
#1039=VERTEX_POINT('',#3654);
#1040=VERTEX_POINT('',#3656);
#1041=VERTEX_POINT('',#3660);
#1042=VERTEX_POINT('',#3664);
#1043=VERTEX_POINT('',#3668);
#1044=VERTEX_POINT('',#3672);
#1045=VERTEX_POINT('',#3674);
#1046=VERTEX_POINT('',#3678);
#1047=VERTEX_POINT('',#3682);
#1048=VERTEX_POINT('',#3686);
#1049=VERTEX_POINT('',#3690);
#1050=VERTEX_POINT('',#3694);
#1051=VERTEX_POINT('',#3698);
#1052=VERTEX_POINT('',#3704);
#1053=VERTEX_POINT('',#3706);
#1054=VERTEX_POINT('',#3710);
#1055=VERTEX_POINT('',#3714);
#1056=VERTEX_POINT('',#3718);
#1057=VERTEX_POINT('',#3722);
#1058=VERTEX_POINT('',#3724);
#1059=VERTEX_POINT('',#3728);
#1060=VERTEX_POINT('',#3732);
#1061=VERTEX_POINT('',#3736);
#1062=VERTEX_POINT('',#3740);
#1063=VERTEX_POINT('',#3744);
#1064=VERTEX_POINT('',#3748);
#1065=VERTEX_POINT('',#3754);
#1066=VERTEX_POINT('',#3756);
#1067=VERTEX_POINT('',#3760);
#1068=VERTEX_POINT('',#3764);
#1069=VERTEX_POINT('',#3768);
#1070=VERTEX_POINT('',#3772);
#1071=VERTEX_POINT('',#3776);
#1072=VERTEX_POINT('',#3779);
#1073=VERTEX_POINT('',#3783);
#1074=VERTEX_POINT('',#3787);
#1075=VERTEX_POINT('',#3790);
#1076=VERTEX_POINT('',#3794);
#1077=VERTEX_POINT('',#3798);
#1078=VERTEX_POINT('',#3801);
#1079=VERTEX_POINT('',#3805);
#1080=VERTEX_POINT('',#3809);
#1081=VERTEX_POINT('',#3812);
#1082=VERTEX_POINT('',#3816);
#1083=VERTEX_POINT('',#3820);
#1084=VERTEX_POINT('',#3824);
#1085=VERTEX_POINT('',#3830);
#1086=VERTEX_POINT('',#3834);
#1087=VERTEX_POINT('',#3835);
#1088=VERTEX_POINT('',#3837);
#1089=VERTEX_POINT('',#3839);
#1090=VERTEX_POINT('',#3841);
#1091=VERTEX_POINT('',#3843);
#1092=VERTEX_POINT('',#3845);
#1093=VERTEX_POINT('',#3847);
#1094=VERTEX_POINT('',#3851);
#1095=VERTEX_POINT('',#3853);
#1096=VERTEX_POINT('',#3855);
#1097=VERTEX_POINT('',#3858);
#1098=VERTEX_POINT('',#3860);
#1099=VERTEX_POINT('',#3862);
#1100=VERTEX_POINT('',#3865);
#1101=VERTEX_POINT('',#3867);
#1102=VERTEX_POINT('',#3869);
#1103=VERTEX_POINT('',#3872);
#1104=VERTEX_POINT('',#3874);
#1105=VERTEX_POINT('',#3876);
#1106=VERTEX_POINT('',#3879);
#1107=VERTEX_POINT('',#3881);
#1108=VERTEX_POINT('',#3883);
#1109=VERTEX_POINT('',#3923);
#1110=VERTEX_POINT('',#3925);
#1111=VERTEX_POINT('',#3929);
#1112=VERTEX_POINT('',#3933);
#1113=VERTEX_POINT('',#3937);
#1114=VERTEX_POINT('',#3941);
#1115=VERTEX_POINT('',#3945);
#1116=VERTEX_POINT('',#3949);
#1117=EDGE_CURVE('',#921,#922,#755,.T.);
#1118=EDGE_CURVE('',#922,#923,#756,.T.);
#1119=EDGE_CURVE('',#923,#924,#757,.T.);
#1120=EDGE_CURVE('',#924,#921,#758,.T.);
#1121=EDGE_CURVE('',#925,#926,#759,.T.);
#1122=EDGE_CURVE('',#926,#924,#77,.T.);
#1123=EDGE_CURVE('',#923,#925,#78,.T.);
#1124=EDGE_CURVE('',#927,#928,#760,.T.);
#1125=EDGE_CURVE('',#928,#926,#761,.T.);
#1126=EDGE_CURVE('',#925,#927,#762,.T.);
#1127=EDGE_CURVE('',#921,#928,#79,.T.);
#1128=EDGE_CURVE('',#927,#922,#80,.T.);
#1129=EDGE_CURVE('',#923,#929,#81,.T.);
#1130=EDGE_CURVE('',#930,#929,#82,.T.);
#1131=EDGE_CURVE('',#925,#930,#83,.T.);
#1132=EDGE_CURVE('',#922,#931,#84,.T.);
#1133=EDGE_CURVE('',#929,#931,#763,.T.);
#1134=EDGE_CURVE('',#932,#933,#764,.T.);
#1135=EDGE_CURVE('',#934,#932,#85,.T.);
#1136=EDGE_CURVE('',#935,#934,#765,.T.);
#1137=EDGE_CURVE('',#936,#935,#86,.T.);
#1138=EDGE_CURVE('',#937,#936,#766,.T.);
#1139=EDGE_CURVE('',#938,#937,#87,.T.);
#1140=EDGE_CURVE('',#939,#938,#767,.T.);
#1141=EDGE_CURVE('',#933,#939,#88,.T.);
#1142=EDGE_CURVE('',#940,#941,#89,.T.);
#1143=EDGE_CURVE('',#942,#940,#768,.T.);
#1144=EDGE_CURVE('',#943,#942,#90,.T.);
#1145=EDGE_CURVE('',#944,#943,#769,.T.);
#1146=EDGE_CURVE('',#945,#944,#91,.T.);
#1147=EDGE_CURVE('',#946,#945,#770,.T.);
#1148=EDGE_CURVE('',#947,#946,#92,.T.);
#1149=EDGE_CURVE('',#941,#947,#771,.T.);
#1150=EDGE_CURVE('',#948,#949,#93,.T.);
#1151=EDGE_CURVE('',#950,#948,#772,.T.);
#1152=EDGE_CURVE('',#951,#950,#94,.T.);
#1153=EDGE_CURVE('',#952,#951,#773,.T.);
#1154=EDGE_CURVE('',#953,#952,#95,.T.);
#1155=EDGE_CURVE('',#954,#953,#774,.T.);
#1156=EDGE_CURVE('',#955,#954,#96,.T.);
#1157=EDGE_CURVE('',#949,#955,#775,.T.);
#1158=EDGE_CURVE('',#956,#957,#97,.T.);
#1159=EDGE_CURVE('',#958,#956,#776,.T.);
#1160=EDGE_CURVE('',#959,#958,#98,.T.);
#1161=EDGE_CURVE('',#960,#959,#777,.T.);
#1162=EDGE_CURVE('',#961,#960,#99,.T.);
#1163=EDGE_CURVE('',#962,#961,#778,.T.);
#1164=EDGE_CURVE('',#963,#962,#100,.T.);
#1165=EDGE_CURVE('',#957,#963,#779,.T.);
#1166=EDGE_CURVE('',#964,#964,#780,.T.);
#1167=EDGE_CURVE('',#965,#965,#781,.T.);
#1168=EDGE_CURVE('',#966,#966,#782,.T.);
#1169=EDGE_CURVE('',#967,#967,#783,.T.);
#1170=EDGE_CURVE('',#968,#969,#101,.T.);
#1171=EDGE_CURVE('',#970,#968,#784,.T.);
#1172=EDGE_CURVE('',#971,#970,#102,.T.);
#1173=EDGE_CURVE('',#972,#971,#785,.T.);
#1174=EDGE_CURVE('',#973,#972,#103,.T.);
#1175=EDGE_CURVE('',#974,#973,#786,.T.);
#1176=EDGE_CURVE('',#975,#974,#104,.T.);
#1177=EDGE_CURVE('',#969,#975,#787,.T.);
#1178=EDGE_CURVE('',#976,#977,#105,.T.);
#1179=EDGE_CURVE('',#978,#976,#788,.T.);
#1180=EDGE_CURVE('',#979,#978,#106,.T.);
#1181=EDGE_CURVE('',#980,#979,#789,.T.);
#1182=EDGE_CURVE('',#981,#980,#107,.T.);
#1183=EDGE_CURVE('',#982,#981,#790,.T.);
#1184=EDGE_CURVE('',#983,#982,#108,.T.);
#1185=EDGE_CURVE('',#977,#983,#791,.T.);
#1186=EDGE_CURVE('',#984,#985,#109,.T.);
#1187=EDGE_CURVE('',#986,#984,#792,.T.);
#1188=EDGE_CURVE('',#987,#986,#110,.T.);
#1189=EDGE_CURVE('',#988,#987,#793,.T.);
#1190=EDGE_CURVE('',#989,#988,#111,.T.);
#1191=EDGE_CURVE('',#990,#989,#794,.T.);
#1192=EDGE_CURVE('',#991,#990,#112,.T.);
#1193=EDGE_CURVE('',#985,#991,#795,.T.);
#1194=EDGE_CURVE('',#941,#992,#796,.T.);
#1195=EDGE_CURVE('',#992,#993,#113,.T.);
#1196=EDGE_CURVE('',#993,#940,#797,.T.);
#1197=EDGE_CURVE('',#994,#942,#798,.T.);
#1198=EDGE_CURVE('',#993,#994,#799,.T.);
#1199=EDGE_CURVE('',#995,#943,#800,.T.);
#1200=EDGE_CURVE('',#994,#995,#114,.T.);
#1201=EDGE_CURVE('',#996,#944,#801,.T.);
#1202=EDGE_CURVE('',#995,#996,#802,.T.);
#1203=EDGE_CURVE('',#997,#945,#803,.T.);
#1204=EDGE_CURVE('',#996,#997,#115,.T.);
#1205=EDGE_CURVE('',#998,#946,#804,.T.);
#1206=EDGE_CURVE('',#997,#998,#805,.T.);
#1207=EDGE_CURVE('',#999,#947,#806,.T.);
#1208=EDGE_CURVE('',#998,#999,#116,.T.);
#1209=EDGE_CURVE('',#999,#992,#807,.T.);
#1210=EDGE_CURVE('',#995,#1000,#117,.T.);
#1211=EDGE_CURVE('',#1001,#1000,#808,.T.);
#1212=EDGE_CURVE('',#996,#1001,#118,.T.);
#1213=EDGE_CURVE('',#994,#1002,#119,.T.);
#1214=EDGE_CURVE('',#1000,#1002,#120,.T.);
#1215=EDGE_CURVE('',#993,#1003,#121,.T.);
#1216=EDGE_CURVE('',#1002,#1003,#809,.T.);
#1217=EDGE_CURVE('',#992,#1004,#122,.T.);
#1218=EDGE_CURVE('',#1003,#1004,#123,.T.);
#1219=EDGE_CURVE('',#985,#1005,#810,.T.);
#1220=EDGE_CURVE('',#1005,#1006,#124,.T.);
#1221=EDGE_CURVE('',#1006,#984,#811,.T.);
#1222=EDGE_CURVE('',#1007,#986,#812,.T.);
#1223=EDGE_CURVE('',#1006,#1007,#813,.T.);
#1224=EDGE_CURVE('',#1008,#987,#814,.T.);
#1225=EDGE_CURVE('',#1007,#1008,#125,.T.);
#1226=EDGE_CURVE('',#1009,#988,#815,.T.);
#1227=EDGE_CURVE('',#1008,#1009,#816,.T.);
#1228=EDGE_CURVE('',#1010,#989,#817,.T.);
#1229=EDGE_CURVE('',#1009,#1010,#126,.T.);
#1230=EDGE_CURVE('',#1011,#990,#818,.T.);
#1231=EDGE_CURVE('',#1010,#1011,#819,.T.);
#1232=EDGE_CURVE('',#1012,#991,#820,.T.);
#1233=EDGE_CURVE('',#1011,#1012,#127,.T.);
#1234=EDGE_CURVE('',#1012,#1005,#821,.T.);
#1235=EDGE_CURVE('',#1008,#1013,#128,.T.);
#1236=EDGE_CURVE('',#1014,#1013,#822,.T.);
#1237=EDGE_CURVE('',#1009,#1014,#129,.T.);
#1238=EDGE_CURVE('',#1007,#1015,#130,.T.);
#1239=EDGE_CURVE('',#1013,#1015,#131,.T.);
#1240=EDGE_CURVE('',#1006,#1016,#132,.T.);
#1241=EDGE_CURVE('',#1015,#1016,#823,.T.);
#1242=EDGE_CURVE('',#1005,#1017,#133,.T.);
#1243=EDGE_CURVE('',#1016,#1017,#134,.T.);
#1244=EDGE_CURVE('',#949,#1018,#824,.T.);
#1245=EDGE_CURVE('',#1018,#1019,#135,.T.);
#1246=EDGE_CURVE('',#1019,#948,#825,.T.);
#1247=EDGE_CURVE('',#1020,#950,#826,.T.);
#1248=EDGE_CURVE('',#1019,#1020,#827,.T.);
#1249=EDGE_CURVE('',#1021,#951,#828,.T.);
#1250=EDGE_CURVE('',#1020,#1021,#136,.T.);
#1251=EDGE_CURVE('',#1022,#952,#829,.T.);
#1252=EDGE_CURVE('',#1021,#1022,#830,.T.);
#1253=EDGE_CURVE('',#1023,#953,#831,.T.);
#1254=EDGE_CURVE('',#1022,#1023,#137,.T.);
#1255=EDGE_CURVE('',#1024,#954,#832,.T.);
#1256=EDGE_CURVE('',#1023,#1024,#833,.T.);
#1257=EDGE_CURVE('',#1025,#955,#834,.T.);
#1258=EDGE_CURVE('',#1024,#1025,#138,.T.);
#1259=EDGE_CURVE('',#1025,#1018,#835,.T.);
#1260=EDGE_CURVE('',#1021,#1026,#139,.T.);
#1261=EDGE_CURVE('',#1027,#1026,#836,.T.);
#1262=EDGE_CURVE('',#1022,#1027,#140,.T.);
#1263=EDGE_CURVE('',#1020,#1028,#141,.T.);
#1264=EDGE_CURVE('',#1026,#1028,#142,.T.);
#1265=EDGE_CURVE('',#1019,#1029,#143,.T.);
#1266=EDGE_CURVE('',#1028,#1029,#837,.T.);
#1267=EDGE_CURVE('',#1018,#1030,#144,.T.);
#1268=EDGE_CURVE('',#1029,#1030,#145,.T.);
#1269=EDGE_CURVE('',#977,#1031,#838,.T.);
#1270=EDGE_CURVE('',#1031,#1032,#146,.T.);
#1271=EDGE_CURVE('',#1032,#976,#839,.T.);
#1272=EDGE_CURVE('',#1033,#978,#840,.T.);
#1273=EDGE_CURVE('',#1032,#1033,#841,.T.);
#1274=EDGE_CURVE('',#1034,#979,#842,.T.);
#1275=EDGE_CURVE('',#1033,#1034,#147,.T.);
#1276=EDGE_CURVE('',#1035,#980,#843,.T.);
#1277=EDGE_CURVE('',#1034,#1035,#844,.T.);
#1278=EDGE_CURVE('',#1036,#981,#845,.T.);
#1279=EDGE_CURVE('',#1035,#1036,#148,.T.);
#1280=EDGE_CURVE('',#1037,#982,#846,.T.);
#1281=EDGE_CURVE('',#1036,#1037,#847,.T.);
#1282=EDGE_CURVE('',#1038,#983,#848,.T.);
#1283=EDGE_CURVE('',#1037,#1038,#149,.T.);
#1284=EDGE_CURVE('',#1038,#1031,#849,.T.);
#1285=EDGE_CURVE('',#1034,#1039,#150,.T.);
#1286=EDGE_CURVE('',#1040,#1039,#850,.T.);
#1287=EDGE_CURVE('',#1035,#1040,#151,.T.);
#1288=EDGE_CURVE('',#1033,#1041,#152,.T.);
#1289=EDGE_CURVE('',#1039,#1041,#153,.T.);
#1290=EDGE_CURVE('',#1032,#1042,#154,.T.);
#1291=EDGE_CURVE('',#1041,#1042,#851,.T.);
#1292=EDGE_CURVE('',#1031,#1043,#155,.T.);
#1293=EDGE_CURVE('',#1042,#1043,#156,.T.);
#1294=EDGE_CURVE('',#957,#1044,#852,.T.);
#1295=EDGE_CURVE('',#1044,#1045,#157,.T.);
#1296=EDGE_CURVE('',#1045,#956,#853,.T.);
#1297=EDGE_CURVE('',#1046,#958,#854,.T.);
#1298=EDGE_CURVE('',#1045,#1046,#855,.T.);
#1299=EDGE_CURVE('',#1047,#959,#856,.T.);
#1300=EDGE_CURVE('',#1046,#1047,#158,.T.);
#1301=EDGE_CURVE('',#1048,#960,#857,.T.);
#1302=EDGE_CURVE('',#1047,#1048,#858,.T.);
#1303=EDGE_CURVE('',#1049,#961,#859,.T.);
#1304=EDGE_CURVE('',#1048,#1049,#159,.T.);
#1305=EDGE_CURVE('',#1050,#962,#860,.T.);
#1306=EDGE_CURVE('',#1049,#1050,#861,.T.);
#1307=EDGE_CURVE('',#1051,#963,#862,.T.);
#1308=EDGE_CURVE('',#1050,#1051,#160,.T.);
#1309=EDGE_CURVE('',#1051,#1044,#863,.T.);
#1310=EDGE_CURVE('',#1047,#1052,#161,.T.);
#1311=EDGE_CURVE('',#1053,#1052,#864,.T.);
#1312=EDGE_CURVE('',#1048,#1053,#162,.T.);
#1313=EDGE_CURVE('',#1046,#1054,#163,.T.);
#1314=EDGE_CURVE('',#1052,#1054,#164,.T.);
#1315=EDGE_CURVE('',#1045,#1055,#165,.T.);
#1316=EDGE_CURVE('',#1054,#1055,#865,.T.);
#1317=EDGE_CURVE('',#1044,#1056,#166,.T.);
#1318=EDGE_CURVE('',#1055,#1056,#167,.T.);
#1319=EDGE_CURVE('',#969,#1057,#866,.T.);
#1320=EDGE_CURVE('',#1057,#1058,#168,.T.);
#1321=EDGE_CURVE('',#1058,#968,#867,.T.);
#1322=EDGE_CURVE('',#1059,#970,#868,.T.);
#1323=EDGE_CURVE('',#1058,#1059,#869,.T.);
#1324=EDGE_CURVE('',#1060,#971,#870,.T.);
#1325=EDGE_CURVE('',#1059,#1060,#169,.T.);
#1326=EDGE_CURVE('',#1061,#972,#871,.T.);
#1327=EDGE_CURVE('',#1060,#1061,#872,.T.);
#1328=EDGE_CURVE('',#1062,#973,#873,.T.);
#1329=EDGE_CURVE('',#1061,#1062,#170,.T.);
#1330=EDGE_CURVE('',#1063,#974,#874,.T.);
#1331=EDGE_CURVE('',#1062,#1063,#875,.T.);
#1332=EDGE_CURVE('',#1064,#975,#876,.T.);
#1333=EDGE_CURVE('',#1063,#1064,#171,.T.);
#1334=EDGE_CURVE('',#1064,#1057,#877,.T.);
#1335=EDGE_CURVE('',#1060,#1065,#172,.T.);
#1336=EDGE_CURVE('',#1066,#1065,#878,.T.);
#1337=EDGE_CURVE('',#1061,#1066,#173,.T.);
#1338=EDGE_CURVE('',#1059,#1067,#174,.T.);
#1339=EDGE_CURVE('',#1065,#1067,#175,.T.);
#1340=EDGE_CURVE('',#1058,#1068,#176,.T.);
#1341=EDGE_CURVE('',#1067,#1068,#879,.T.);
#1342=EDGE_CURVE('',#1057,#1069,#177,.T.);
#1343=EDGE_CURVE('',#1068,#1069,#178,.T.);
#1344=EDGE_CURVE('',#964,#1070,#179,.T.);
#1345=EDGE_CURVE('',#1070,#1070,#880,.T.);
#1346=EDGE_CURVE('',#1071,#1071,#881,.T.);
#1347=EDGE_CURVE('',#1071,#1072,#180,.T.);
#1348=EDGE_CURVE('',#1072,#1072,#882,.T.);
#1349=EDGE_CURVE('',#965,#1073,#181,.T.);
#1350=EDGE_CURVE('',#1073,#1073,#883,.T.);
#1351=EDGE_CURVE('',#1074,#1074,#884,.T.);
#1352=EDGE_CURVE('',#1074,#1075,#182,.T.);
#1353=EDGE_CURVE('',#1075,#1075,#885,.T.);
#1354=EDGE_CURVE('',#966,#1076,#183,.T.);
#1355=EDGE_CURVE('',#1076,#1076,#886,.T.);
#1356=EDGE_CURVE('',#1077,#1077,#887,.T.);
#1357=EDGE_CURVE('',#1077,#1078,#184,.T.);
#1358=EDGE_CURVE('',#1078,#1078,#888,.T.);
#1359=EDGE_CURVE('',#967,#1079,#185,.T.);
#1360=EDGE_CURVE('',#1079,#1079,#889,.T.);
#1361=EDGE_CURVE('',#1080,#1080,#890,.T.);
#1362=EDGE_CURVE('',#1080,#1081,#186,.T.);
#1363=EDGE_CURVE('',#1081,#1081,#891,.T.);
#1364=EDGE_CURVE('',#1082,#1001,#187,.T.);
#1365=EDGE_CURVE('',#997,#1082,#188,.T.);
#1366=EDGE_CURVE('',#999,#1083,#189,.T.);
#1367=EDGE_CURVE('',#1004,#1083,#892,.T.);
#1368=EDGE_CURVE('',#998,#1084,#190,.T.);
#1369=EDGE_CURVE('',#1083,#1084,#191,.T.);
#1370=EDGE_CURVE('',#1084,#1082,#893,.T.);
#1371=EDGE_CURVE('',#1085,#930,#894,.T.);
#1372=EDGE_CURVE('',#927,#1085,#192,.T.);
#1373=EDGE_CURVE('',#1086,#1087,#895,.T.);
#1374=EDGE_CURVE('',#1088,#1086,#193,.T.);
#1375=EDGE_CURVE('',#1089,#1088,#896,.T.);
#1376=EDGE_CURVE('',#1090,#1089,#194,.T.);
#1377=EDGE_CURVE('',#1091,#1090,#897,.T.);
#1378=EDGE_CURVE('',#1092,#1091,#195,.T.);
#1379=EDGE_CURVE('',#1093,#1092,#898,.T.);
#1380=EDGE_CURVE('',#1087,#1093,#196,.T.);
#1381=EDGE_CURVE('',#931,#1085,#197,.T.);
#1382=EDGE_CURVE('',#1069,#1094,#899,.T.);
#1383=EDGE_CURVE('',#1094,#1095,#198,.T.);
#1384=EDGE_CURVE('',#1095,#1096,#900,.T.);
#1385=EDGE_CURVE('',#1096,#1066,#199,.T.);
#1386=EDGE_CURVE('',#1056,#1097,#901,.T.);
#1387=EDGE_CURVE('',#1097,#1098,#200,.T.);
#1388=EDGE_CURVE('',#1098,#1099,#902,.T.);
#1389=EDGE_CURVE('',#1099,#1053,#201,.T.);
#1390=EDGE_CURVE('',#1043,#1100,#903,.T.);
#1391=EDGE_CURVE('',#1100,#1101,#202,.T.);
#1392=EDGE_CURVE('',#1101,#1102,#904,.T.);
#1393=EDGE_CURVE('',#1102,#1040,#203,.T.);
#1394=EDGE_CURVE('',#1030,#1103,#905,.T.);
#1395=EDGE_CURVE('',#1103,#1104,#204,.T.);
#1396=EDGE_CURVE('',#1104,#1105,#906,.T.);
#1397=EDGE_CURVE('',#1105,#1027,#205,.T.);
#1398=EDGE_CURVE('',#1017,#1106,#907,.T.);
#1399=EDGE_CURVE('',#1106,#1107,#206,.T.);
#1400=EDGE_CURVE('',#1107,#1108,#908,.T.);
#1401=EDGE_CURVE('',#1108,#1014,#207,.T.);
#1402=EDGE_CURVE('',#1010,#1108,#208,.T.);
#1403=EDGE_CURVE('',#1012,#1106,#209,.T.);
#1404=EDGE_CURVE('',#1011,#1107,#210,.T.);
#1405=EDGE_CURVE('',#1023,#1105,#211,.T.);
#1406=EDGE_CURVE('',#1025,#1103,#212,.T.);
#1407=EDGE_CURVE('',#1024,#1104,#213,.T.);
#1408=EDGE_CURVE('',#1036,#1102,#214,.T.);
#1409=EDGE_CURVE('',#1038,#1100,#215,.T.);
#1410=EDGE_CURVE('',#1037,#1101,#216,.T.);
#1411=EDGE_CURVE('',#1049,#1099,#217,.T.);
#1412=EDGE_CURVE('',#1051,#1097,#218,.T.);
#1413=EDGE_CURVE('',#1050,#1098,#219,.T.);
#1414=EDGE_CURVE('',#1062,#1096,#220,.T.);
#1415=EDGE_CURVE('',#1064,#1094,#221,.T.);
#1416=EDGE_CURVE('',#1063,#1095,#222,.T.);
#1417=EDGE_CURVE('',#1109,#932,#909,.T.);
#1418=EDGE_CURVE('',#933,#1110,#910,.T.);
#1419=EDGE_CURVE('',#1110,#1109,#911,.T.);
#1420=EDGE_CURVE('',#939,#1111,#912,.T.);
#1421=EDGE_CURVE('',#1111,#1110,#223,.T.);
#1422=EDGE_CURVE('',#938,#1112,#913,.T.);
#1423=EDGE_CURVE('',#1112,#1111,#914,.T.);
#1424=EDGE_CURVE('',#937,#1113,#915,.T.);
#1425=EDGE_CURVE('',#1113,#1112,#224,.T.);
#1426=EDGE_CURVE('',#936,#1114,#916,.T.);
#1427=EDGE_CURVE('',#1114,#1113,#917,.T.);
#1428=EDGE_CURVE('',#935,#1115,#918,.T.);
#1429=EDGE_CURVE('',#1115,#1114,#225,.T.);
#1430=EDGE_CURVE('',#934,#1116,#919,.T.);
#1431=EDGE_CURVE('',#1116,#1115,#920,.T.);
#1432=EDGE_CURVE('',#1109,#1116,#226,.T.);
#1433=EDGE_CURVE('',#1092,#1115,#227,.T.);
#1434=EDGE_CURVE('',#1114,#1091,#228,.T.);
#1435=EDGE_CURVE('',#1116,#1093,#229,.T.);
#1436=EDGE_CURVE('',#1087,#1109,#230,.T.);
#1437=EDGE_CURVE('',#1110,#1086,#231,.T.);
#1438=EDGE_CURVE('',#1088,#1111,#232,.T.);
#1439=EDGE_CURVE('',#1090,#1113,#233,.T.);
#1440=EDGE_CURVE('',#1112,#1089,#234,.T.);
#1441=ORIENTED_EDGE('',*,*,#1117,.T.);
#1442=ORIENTED_EDGE('',*,*,#1118,.T.);
#1443=ORIENTED_EDGE('',*,*,#1119,.T.);
#1444=ORIENTED_EDGE('',*,*,#1120,.T.);
#1445=ORIENTED_EDGE('',*,*,#1121,.T.);
#1446=ORIENTED_EDGE('',*,*,#1122,.T.);
#1447=ORIENTED_EDGE('',*,*,#1119,.F.);
#1448=ORIENTED_EDGE('',*,*,#1123,.T.);
#1449=ORIENTED_EDGE('',*,*,#1124,.T.);
#1450=ORIENTED_EDGE('',*,*,#1125,.T.);
#1451=ORIENTED_EDGE('',*,*,#1121,.F.);
#1452=ORIENTED_EDGE('',*,*,#1126,.T.);
#1453=ORIENTED_EDGE('',*,*,#1117,.F.);
#1454=ORIENTED_EDGE('',*,*,#1127,.T.);
#1455=ORIENTED_EDGE('',*,*,#1124,.F.);
#1456=ORIENTED_EDGE('',*,*,#1128,.T.);
#1457=ORIENTED_EDGE('',*,*,#1123,.F.);
#1458=ORIENTED_EDGE('',*,*,#1129,.T.);
#1459=ORIENTED_EDGE('',*,*,#1130,.F.);
#1460=ORIENTED_EDGE('',*,*,#1131,.F.);
#1461=ORIENTED_EDGE('',*,*,#1118,.F.);
#1462=ORIENTED_EDGE('',*,*,#1132,.T.);
#1463=ORIENTED_EDGE('',*,*,#1133,.F.);
#1464=ORIENTED_EDGE('',*,*,#1129,.F.);
#1465=ORIENTED_EDGE('',*,*,#1134,.F.);
#1466=ORIENTED_EDGE('',*,*,#1135,.F.);
#1467=ORIENTED_EDGE('',*,*,#1136,.F.);
#1468=ORIENTED_EDGE('',*,*,#1137,.F.);
#1469=ORIENTED_EDGE('',*,*,#1138,.F.);
#1470=ORIENTED_EDGE('',*,*,#1139,.F.);
#1471=ORIENTED_EDGE('',*,*,#1140,.F.);
#1472=ORIENTED_EDGE('',*,*,#1141,.F.);
#1473=ORIENTED_EDGE('',*,*,#1142,.F.);
#1474=ORIENTED_EDGE('',*,*,#1143,.F.);
#1475=ORIENTED_EDGE('',*,*,#1144,.F.);
#1476=ORIENTED_EDGE('',*,*,#1145,.F.);
#1477=ORIENTED_EDGE('',*,*,#1146,.F.);
#1478=ORIENTED_EDGE('',*,*,#1147,.F.);
#1479=ORIENTED_EDGE('',*,*,#1148,.F.);
#1480=ORIENTED_EDGE('',*,*,#1149,.F.);
#1481=ORIENTED_EDGE('',*,*,#1150,.F.);
#1482=ORIENTED_EDGE('',*,*,#1151,.F.);
#1483=ORIENTED_EDGE('',*,*,#1152,.F.);
#1484=ORIENTED_EDGE('',*,*,#1153,.F.);
#1485=ORIENTED_EDGE('',*,*,#1154,.F.);
#1486=ORIENTED_EDGE('',*,*,#1155,.F.);
#1487=ORIENTED_EDGE('',*,*,#1156,.F.);
#1488=ORIENTED_EDGE('',*,*,#1157,.F.);
#1489=ORIENTED_EDGE('',*,*,#1158,.F.);
#1490=ORIENTED_EDGE('',*,*,#1159,.F.);
#1491=ORIENTED_EDGE('',*,*,#1160,.F.);
#1492=ORIENTED_EDGE('',*,*,#1161,.F.);
#1493=ORIENTED_EDGE('',*,*,#1162,.F.);
#1494=ORIENTED_EDGE('',*,*,#1163,.F.);
#1495=ORIENTED_EDGE('',*,*,#1164,.F.);
#1496=ORIENTED_EDGE('',*,*,#1165,.F.);
#1497=ORIENTED_EDGE('',*,*,#1166,.T.);
#1498=ORIENTED_EDGE('',*,*,#1167,.T.);
#1499=ORIENTED_EDGE('',*,*,#1168,.T.);
#1500=ORIENTED_EDGE('',*,*,#1169,.T.);
#1501=ORIENTED_EDGE('',*,*,#1170,.F.);
#1502=ORIENTED_EDGE('',*,*,#1171,.F.);
#1503=ORIENTED_EDGE('',*,*,#1172,.F.);
#1504=ORIENTED_EDGE('',*,*,#1173,.F.);
#1505=ORIENTED_EDGE('',*,*,#1174,.F.);
#1506=ORIENTED_EDGE('',*,*,#1175,.F.);
#1507=ORIENTED_EDGE('',*,*,#1176,.F.);
#1508=ORIENTED_EDGE('',*,*,#1177,.F.);
#1509=ORIENTED_EDGE('',*,*,#1178,.F.);
#1510=ORIENTED_EDGE('',*,*,#1179,.F.);
#1511=ORIENTED_EDGE('',*,*,#1180,.F.);
#1512=ORIENTED_EDGE('',*,*,#1181,.F.);
#1513=ORIENTED_EDGE('',*,*,#1182,.F.);
#1514=ORIENTED_EDGE('',*,*,#1183,.F.);
#1515=ORIENTED_EDGE('',*,*,#1184,.F.);
#1516=ORIENTED_EDGE('',*,*,#1185,.F.);
#1517=ORIENTED_EDGE('',*,*,#1186,.F.);
#1518=ORIENTED_EDGE('',*,*,#1187,.F.);
#1519=ORIENTED_EDGE('',*,*,#1188,.F.);
#1520=ORIENTED_EDGE('',*,*,#1189,.F.);
#1521=ORIENTED_EDGE('',*,*,#1190,.F.);
#1522=ORIENTED_EDGE('',*,*,#1191,.F.);
#1523=ORIENTED_EDGE('',*,*,#1192,.F.);
#1524=ORIENTED_EDGE('',*,*,#1193,.F.);
#1525=ORIENTED_EDGE('',*,*,#1120,.F.);
#1526=ORIENTED_EDGE('',*,*,#1122,.F.);
#1527=ORIENTED_EDGE('',*,*,#1125,.F.);
#1528=ORIENTED_EDGE('',*,*,#1127,.F.);
#1529=ORIENTED_EDGE('',*,*,#1194,.T.);
#1530=ORIENTED_EDGE('',*,*,#1195,.T.);
#1531=ORIENTED_EDGE('',*,*,#1196,.T.);
#1532=ORIENTED_EDGE('',*,*,#1142,.T.);
#1533=ORIENTED_EDGE('',*,*,#1197,.T.);
#1534=ORIENTED_EDGE('',*,*,#1143,.T.);
#1535=ORIENTED_EDGE('',*,*,#1196,.F.);
#1536=ORIENTED_EDGE('',*,*,#1198,.T.);
#1537=ORIENTED_EDGE('',*,*,#1199,.T.);
#1538=ORIENTED_EDGE('',*,*,#1144,.T.);
#1539=ORIENTED_EDGE('',*,*,#1197,.F.);
#1540=ORIENTED_EDGE('',*,*,#1200,.T.);
#1541=ORIENTED_EDGE('',*,*,#1201,.T.);
#1542=ORIENTED_EDGE('',*,*,#1145,.T.);
#1543=ORIENTED_EDGE('',*,*,#1199,.F.);
#1544=ORIENTED_EDGE('',*,*,#1202,.T.);
#1545=ORIENTED_EDGE('',*,*,#1203,.T.);
#1546=ORIENTED_EDGE('',*,*,#1146,.T.);
#1547=ORIENTED_EDGE('',*,*,#1201,.F.);
#1548=ORIENTED_EDGE('',*,*,#1204,.T.);
#1549=ORIENTED_EDGE('',*,*,#1205,.T.);
#1550=ORIENTED_EDGE('',*,*,#1147,.T.);
#1551=ORIENTED_EDGE('',*,*,#1203,.F.);
#1552=ORIENTED_EDGE('',*,*,#1206,.T.);
#1553=ORIENTED_EDGE('',*,*,#1207,.T.);
#1554=ORIENTED_EDGE('',*,*,#1148,.T.);
#1555=ORIENTED_EDGE('',*,*,#1205,.F.);
#1556=ORIENTED_EDGE('',*,*,#1208,.T.);
#1557=ORIENTED_EDGE('',*,*,#1194,.F.);
#1558=ORIENTED_EDGE('',*,*,#1149,.T.);
#1559=ORIENTED_EDGE('',*,*,#1207,.F.);
#1560=ORIENTED_EDGE('',*,*,#1209,.T.);
#1561=ORIENTED_EDGE('',*,*,#1202,.F.);
#1562=ORIENTED_EDGE('',*,*,#1210,.T.);
#1563=ORIENTED_EDGE('',*,*,#1211,.F.);
#1564=ORIENTED_EDGE('',*,*,#1212,.F.);
#1565=ORIENTED_EDGE('',*,*,#1200,.F.);
#1566=ORIENTED_EDGE('',*,*,#1213,.T.);
#1567=ORIENTED_EDGE('',*,*,#1214,.F.);
#1568=ORIENTED_EDGE('',*,*,#1210,.F.);
#1569=ORIENTED_EDGE('',*,*,#1198,.F.);
#1570=ORIENTED_EDGE('',*,*,#1215,.T.);
#1571=ORIENTED_EDGE('',*,*,#1216,.F.);
#1572=ORIENTED_EDGE('',*,*,#1213,.F.);
#1573=ORIENTED_EDGE('',*,*,#1195,.F.);
#1574=ORIENTED_EDGE('',*,*,#1217,.T.);
#1575=ORIENTED_EDGE('',*,*,#1218,.F.);
#1576=ORIENTED_EDGE('',*,*,#1215,.F.);
#1577=ORIENTED_EDGE('',*,*,#1219,.T.);
#1578=ORIENTED_EDGE('',*,*,#1220,.T.);
#1579=ORIENTED_EDGE('',*,*,#1221,.T.);
#1580=ORIENTED_EDGE('',*,*,#1186,.T.);
#1581=ORIENTED_EDGE('',*,*,#1222,.T.);
#1582=ORIENTED_EDGE('',*,*,#1187,.T.);
#1583=ORIENTED_EDGE('',*,*,#1221,.F.);
#1584=ORIENTED_EDGE('',*,*,#1223,.T.);
#1585=ORIENTED_EDGE('',*,*,#1224,.T.);
#1586=ORIENTED_EDGE('',*,*,#1188,.T.);
#1587=ORIENTED_EDGE('',*,*,#1222,.F.);
#1588=ORIENTED_EDGE('',*,*,#1225,.T.);
#1589=ORIENTED_EDGE('',*,*,#1226,.T.);
#1590=ORIENTED_EDGE('',*,*,#1189,.T.);
#1591=ORIENTED_EDGE('',*,*,#1224,.F.);
#1592=ORIENTED_EDGE('',*,*,#1227,.T.);
#1593=ORIENTED_EDGE('',*,*,#1228,.T.);
#1594=ORIENTED_EDGE('',*,*,#1190,.T.);
#1595=ORIENTED_EDGE('',*,*,#1226,.F.);
#1596=ORIENTED_EDGE('',*,*,#1229,.T.);
#1597=ORIENTED_EDGE('',*,*,#1230,.T.);
#1598=ORIENTED_EDGE('',*,*,#1191,.T.);
#1599=ORIENTED_EDGE('',*,*,#1228,.F.);
#1600=ORIENTED_EDGE('',*,*,#1231,.T.);
#1601=ORIENTED_EDGE('',*,*,#1232,.T.);
#1602=ORIENTED_EDGE('',*,*,#1192,.T.);
#1603=ORIENTED_EDGE('',*,*,#1230,.F.);
#1604=ORIENTED_EDGE('',*,*,#1233,.T.);
#1605=ORIENTED_EDGE('',*,*,#1219,.F.);
#1606=ORIENTED_EDGE('',*,*,#1193,.T.);
#1607=ORIENTED_EDGE('',*,*,#1232,.F.);
#1608=ORIENTED_EDGE('',*,*,#1234,.T.);
#1609=ORIENTED_EDGE('',*,*,#1227,.F.);
#1610=ORIENTED_EDGE('',*,*,#1235,.T.);
#1611=ORIENTED_EDGE('',*,*,#1236,.F.);
#1612=ORIENTED_EDGE('',*,*,#1237,.F.);
#1613=ORIENTED_EDGE('',*,*,#1225,.F.);
#1614=ORIENTED_EDGE('',*,*,#1238,.T.);
#1615=ORIENTED_EDGE('',*,*,#1239,.F.);
#1616=ORIENTED_EDGE('',*,*,#1235,.F.);
#1617=ORIENTED_EDGE('',*,*,#1223,.F.);
#1618=ORIENTED_EDGE('',*,*,#1240,.T.);
#1619=ORIENTED_EDGE('',*,*,#1241,.F.);
#1620=ORIENTED_EDGE('',*,*,#1238,.F.);
#1621=ORIENTED_EDGE('',*,*,#1220,.F.);
#1622=ORIENTED_EDGE('',*,*,#1242,.T.);
#1623=ORIENTED_EDGE('',*,*,#1243,.F.);
#1624=ORIENTED_EDGE('',*,*,#1240,.F.);
#1625=ORIENTED_EDGE('',*,*,#1244,.T.);
#1626=ORIENTED_EDGE('',*,*,#1245,.T.);
#1627=ORIENTED_EDGE('',*,*,#1246,.T.);
#1628=ORIENTED_EDGE('',*,*,#1150,.T.);
#1629=ORIENTED_EDGE('',*,*,#1247,.T.);
#1630=ORIENTED_EDGE('',*,*,#1151,.T.);
#1631=ORIENTED_EDGE('',*,*,#1246,.F.);
#1632=ORIENTED_EDGE('',*,*,#1248,.T.);
#1633=ORIENTED_EDGE('',*,*,#1249,.T.);
#1634=ORIENTED_EDGE('',*,*,#1152,.T.);
#1635=ORIENTED_EDGE('',*,*,#1247,.F.);
#1636=ORIENTED_EDGE('',*,*,#1250,.T.);
#1637=ORIENTED_EDGE('',*,*,#1251,.T.);
#1638=ORIENTED_EDGE('',*,*,#1153,.T.);
#1639=ORIENTED_EDGE('',*,*,#1249,.F.);
#1640=ORIENTED_EDGE('',*,*,#1252,.T.);
#1641=ORIENTED_EDGE('',*,*,#1253,.T.);
#1642=ORIENTED_EDGE('',*,*,#1154,.T.);
#1643=ORIENTED_EDGE('',*,*,#1251,.F.);
#1644=ORIENTED_EDGE('',*,*,#1254,.T.);
#1645=ORIENTED_EDGE('',*,*,#1255,.T.);
#1646=ORIENTED_EDGE('',*,*,#1155,.T.);
#1647=ORIENTED_EDGE('',*,*,#1253,.F.);
#1648=ORIENTED_EDGE('',*,*,#1256,.T.);
#1649=ORIENTED_EDGE('',*,*,#1257,.T.);
#1650=ORIENTED_EDGE('',*,*,#1156,.T.);
#1651=ORIENTED_EDGE('',*,*,#1255,.F.);
#1652=ORIENTED_EDGE('',*,*,#1258,.T.);
#1653=ORIENTED_EDGE('',*,*,#1244,.F.);
#1654=ORIENTED_EDGE('',*,*,#1157,.T.);
#1655=ORIENTED_EDGE('',*,*,#1257,.F.);
#1656=ORIENTED_EDGE('',*,*,#1259,.T.);
#1657=ORIENTED_EDGE('',*,*,#1252,.F.);
#1658=ORIENTED_EDGE('',*,*,#1260,.T.);
#1659=ORIENTED_EDGE('',*,*,#1261,.F.);
#1660=ORIENTED_EDGE('',*,*,#1262,.F.);
#1661=ORIENTED_EDGE('',*,*,#1250,.F.);
#1662=ORIENTED_EDGE('',*,*,#1263,.T.);
#1663=ORIENTED_EDGE('',*,*,#1264,.F.);
#1664=ORIENTED_EDGE('',*,*,#1260,.F.);
#1665=ORIENTED_EDGE('',*,*,#1248,.F.);
#1666=ORIENTED_EDGE('',*,*,#1265,.T.);
#1667=ORIENTED_EDGE('',*,*,#1266,.F.);
#1668=ORIENTED_EDGE('',*,*,#1263,.F.);
#1669=ORIENTED_EDGE('',*,*,#1245,.F.);
#1670=ORIENTED_EDGE('',*,*,#1267,.T.);
#1671=ORIENTED_EDGE('',*,*,#1268,.F.);
#1672=ORIENTED_EDGE('',*,*,#1265,.F.);
#1673=ORIENTED_EDGE('',*,*,#1269,.T.);
#1674=ORIENTED_EDGE('',*,*,#1270,.T.);
#1675=ORIENTED_EDGE('',*,*,#1271,.T.);
#1676=ORIENTED_EDGE('',*,*,#1178,.T.);
#1677=ORIENTED_EDGE('',*,*,#1272,.T.);
#1678=ORIENTED_EDGE('',*,*,#1179,.T.);
#1679=ORIENTED_EDGE('',*,*,#1271,.F.);
#1680=ORIENTED_EDGE('',*,*,#1273,.T.);
#1681=ORIENTED_EDGE('',*,*,#1274,.T.);
#1682=ORIENTED_EDGE('',*,*,#1180,.T.);
#1683=ORIENTED_EDGE('',*,*,#1272,.F.);
#1684=ORIENTED_EDGE('',*,*,#1275,.T.);
#1685=ORIENTED_EDGE('',*,*,#1276,.T.);
#1686=ORIENTED_EDGE('',*,*,#1181,.T.);
#1687=ORIENTED_EDGE('',*,*,#1274,.F.);
#1688=ORIENTED_EDGE('',*,*,#1277,.T.);
#1689=ORIENTED_EDGE('',*,*,#1278,.T.);
#1690=ORIENTED_EDGE('',*,*,#1182,.T.);
#1691=ORIENTED_EDGE('',*,*,#1276,.F.);
#1692=ORIENTED_EDGE('',*,*,#1279,.T.);
#1693=ORIENTED_EDGE('',*,*,#1280,.T.);
#1694=ORIENTED_EDGE('',*,*,#1183,.T.);
#1695=ORIENTED_EDGE('',*,*,#1278,.F.);
#1696=ORIENTED_EDGE('',*,*,#1281,.T.);
#1697=ORIENTED_EDGE('',*,*,#1282,.T.);
#1698=ORIENTED_EDGE('',*,*,#1184,.T.);
#1699=ORIENTED_EDGE('',*,*,#1280,.F.);
#1700=ORIENTED_EDGE('',*,*,#1283,.T.);
#1701=ORIENTED_EDGE('',*,*,#1269,.F.);
#1702=ORIENTED_EDGE('',*,*,#1185,.T.);
#1703=ORIENTED_EDGE('',*,*,#1282,.F.);
#1704=ORIENTED_EDGE('',*,*,#1284,.T.);
#1705=ORIENTED_EDGE('',*,*,#1277,.F.);
#1706=ORIENTED_EDGE('',*,*,#1285,.T.);
#1707=ORIENTED_EDGE('',*,*,#1286,.F.);
#1708=ORIENTED_EDGE('',*,*,#1287,.F.);
#1709=ORIENTED_EDGE('',*,*,#1275,.F.);
#1710=ORIENTED_EDGE('',*,*,#1288,.T.);
#1711=ORIENTED_EDGE('',*,*,#1289,.F.);
#1712=ORIENTED_EDGE('',*,*,#1285,.F.);
#1713=ORIENTED_EDGE('',*,*,#1273,.F.);
#1714=ORIENTED_EDGE('',*,*,#1290,.T.);
#1715=ORIENTED_EDGE('',*,*,#1291,.F.);
#1716=ORIENTED_EDGE('',*,*,#1288,.F.);
#1717=ORIENTED_EDGE('',*,*,#1270,.F.);
#1718=ORIENTED_EDGE('',*,*,#1292,.T.);
#1719=ORIENTED_EDGE('',*,*,#1293,.F.);
#1720=ORIENTED_EDGE('',*,*,#1290,.F.);
#1721=ORIENTED_EDGE('',*,*,#1294,.T.);
#1722=ORIENTED_EDGE('',*,*,#1295,.T.);
#1723=ORIENTED_EDGE('',*,*,#1296,.T.);
#1724=ORIENTED_EDGE('',*,*,#1158,.T.);
#1725=ORIENTED_EDGE('',*,*,#1297,.T.);
#1726=ORIENTED_EDGE('',*,*,#1159,.T.);
#1727=ORIENTED_EDGE('',*,*,#1296,.F.);
#1728=ORIENTED_EDGE('',*,*,#1298,.T.);
#1729=ORIENTED_EDGE('',*,*,#1299,.T.);
#1730=ORIENTED_EDGE('',*,*,#1160,.T.);
#1731=ORIENTED_EDGE('',*,*,#1297,.F.);
#1732=ORIENTED_EDGE('',*,*,#1300,.T.);
#1733=ORIENTED_EDGE('',*,*,#1301,.T.);
#1734=ORIENTED_EDGE('',*,*,#1161,.T.);
#1735=ORIENTED_EDGE('',*,*,#1299,.F.);
#1736=ORIENTED_EDGE('',*,*,#1302,.T.);
#1737=ORIENTED_EDGE('',*,*,#1303,.T.);
#1738=ORIENTED_EDGE('',*,*,#1162,.T.);
#1739=ORIENTED_EDGE('',*,*,#1301,.F.);
#1740=ORIENTED_EDGE('',*,*,#1304,.T.);
#1741=ORIENTED_EDGE('',*,*,#1305,.T.);
#1742=ORIENTED_EDGE('',*,*,#1163,.T.);
#1743=ORIENTED_EDGE('',*,*,#1303,.F.);
#1744=ORIENTED_EDGE('',*,*,#1306,.T.);
#1745=ORIENTED_EDGE('',*,*,#1307,.T.);
#1746=ORIENTED_EDGE('',*,*,#1164,.T.);
#1747=ORIENTED_EDGE('',*,*,#1305,.F.);
#1748=ORIENTED_EDGE('',*,*,#1308,.T.);
#1749=ORIENTED_EDGE('',*,*,#1294,.F.);
#1750=ORIENTED_EDGE('',*,*,#1165,.T.);
#1751=ORIENTED_EDGE('',*,*,#1307,.F.);
#1752=ORIENTED_EDGE('',*,*,#1309,.T.);
#1753=ORIENTED_EDGE('',*,*,#1302,.F.);
#1754=ORIENTED_EDGE('',*,*,#1310,.T.);
#1755=ORIENTED_EDGE('',*,*,#1311,.F.);
#1756=ORIENTED_EDGE('',*,*,#1312,.F.);
#1757=ORIENTED_EDGE('',*,*,#1300,.F.);
#1758=ORIENTED_EDGE('',*,*,#1313,.T.);
#1759=ORIENTED_EDGE('',*,*,#1314,.F.);
#1760=ORIENTED_EDGE('',*,*,#1310,.F.);
#1761=ORIENTED_EDGE('',*,*,#1298,.F.);
#1762=ORIENTED_EDGE('',*,*,#1315,.T.);
#1763=ORIENTED_EDGE('',*,*,#1316,.F.);
#1764=ORIENTED_EDGE('',*,*,#1313,.F.);
#1765=ORIENTED_EDGE('',*,*,#1295,.F.);
#1766=ORIENTED_EDGE('',*,*,#1317,.T.);
#1767=ORIENTED_EDGE('',*,*,#1318,.F.);
#1768=ORIENTED_EDGE('',*,*,#1315,.F.);
#1769=ORIENTED_EDGE('',*,*,#1319,.T.);
#1770=ORIENTED_EDGE('',*,*,#1320,.T.);
#1771=ORIENTED_EDGE('',*,*,#1321,.T.);
#1772=ORIENTED_EDGE('',*,*,#1170,.T.);
#1773=ORIENTED_EDGE('',*,*,#1322,.T.);
#1774=ORIENTED_EDGE('',*,*,#1171,.T.);
#1775=ORIENTED_EDGE('',*,*,#1321,.F.);
#1776=ORIENTED_EDGE('',*,*,#1323,.T.);
#1777=ORIENTED_EDGE('',*,*,#1324,.T.);
#1778=ORIENTED_EDGE('',*,*,#1172,.T.);
#1779=ORIENTED_EDGE('',*,*,#1322,.F.);
#1780=ORIENTED_EDGE('',*,*,#1325,.T.);
#1781=ORIENTED_EDGE('',*,*,#1326,.T.);
#1782=ORIENTED_EDGE('',*,*,#1173,.T.);
#1783=ORIENTED_EDGE('',*,*,#1324,.F.);
#1784=ORIENTED_EDGE('',*,*,#1327,.T.);
#1785=ORIENTED_EDGE('',*,*,#1328,.T.);
#1786=ORIENTED_EDGE('',*,*,#1174,.T.);
#1787=ORIENTED_EDGE('',*,*,#1326,.F.);
#1788=ORIENTED_EDGE('',*,*,#1329,.T.);
#1789=ORIENTED_EDGE('',*,*,#1330,.T.);
#1790=ORIENTED_EDGE('',*,*,#1175,.T.);
#1791=ORIENTED_EDGE('',*,*,#1328,.F.);
#1792=ORIENTED_EDGE('',*,*,#1331,.T.);
#1793=ORIENTED_EDGE('',*,*,#1332,.T.);
#1794=ORIENTED_EDGE('',*,*,#1176,.T.);
#1795=ORIENTED_EDGE('',*,*,#1330,.F.);
#1796=ORIENTED_EDGE('',*,*,#1333,.T.);
#1797=ORIENTED_EDGE('',*,*,#1319,.F.);
#1798=ORIENTED_EDGE('',*,*,#1177,.T.);
#1799=ORIENTED_EDGE('',*,*,#1332,.F.);
#1800=ORIENTED_EDGE('',*,*,#1334,.T.);
#1801=ORIENTED_EDGE('',*,*,#1327,.F.);
#1802=ORIENTED_EDGE('',*,*,#1335,.T.);
#1803=ORIENTED_EDGE('',*,*,#1336,.F.);
#1804=ORIENTED_EDGE('',*,*,#1337,.F.);
#1805=ORIENTED_EDGE('',*,*,#1325,.F.);
#1806=ORIENTED_EDGE('',*,*,#1338,.T.);
#1807=ORIENTED_EDGE('',*,*,#1339,.F.);
#1808=ORIENTED_EDGE('',*,*,#1335,.F.);
#1809=ORIENTED_EDGE('',*,*,#1323,.F.);
#1810=ORIENTED_EDGE('',*,*,#1340,.T.);
#1811=ORIENTED_EDGE('',*,*,#1341,.F.);
#1812=ORIENTED_EDGE('',*,*,#1338,.F.);
#1813=ORIENTED_EDGE('',*,*,#1320,.F.);
#1814=ORIENTED_EDGE('',*,*,#1342,.T.);
#1815=ORIENTED_EDGE('',*,*,#1343,.F.);
#1816=ORIENTED_EDGE('',*,*,#1340,.F.);
#1817=ORIENTED_EDGE('',*,*,#1166,.F.);
#1818=ORIENTED_EDGE('',*,*,#1344,.T.);
#1819=ORIENTED_EDGE('',*,*,#1345,.T.);
#1820=ORIENTED_EDGE('',*,*,#1344,.F.);
#1821=ORIENTED_EDGE('',*,*,#1345,.F.);
#1822=ORIENTED_EDGE('',*,*,#1346,.F.);
#1823=ORIENTED_EDGE('',*,*,#1346,.T.);
#1824=ORIENTED_EDGE('',*,*,#1347,.T.);
#1825=ORIENTED_EDGE('',*,*,#1348,.F.);
#1826=ORIENTED_EDGE('',*,*,#1347,.F.);
#1827=ORIENTED_EDGE('',*,*,#1167,.F.);
#1828=ORIENTED_EDGE('',*,*,#1349,.T.);
#1829=ORIENTED_EDGE('',*,*,#1350,.T.);
#1830=ORIENTED_EDGE('',*,*,#1349,.F.);
#1831=ORIENTED_EDGE('',*,*,#1350,.F.);
#1832=ORIENTED_EDGE('',*,*,#1351,.F.);
#1833=ORIENTED_EDGE('',*,*,#1351,.T.);
#1834=ORIENTED_EDGE('',*,*,#1352,.T.);
#1835=ORIENTED_EDGE('',*,*,#1353,.F.);
#1836=ORIENTED_EDGE('',*,*,#1352,.F.);
#1837=ORIENTED_EDGE('',*,*,#1168,.F.);
#1838=ORIENTED_EDGE('',*,*,#1354,.T.);
#1839=ORIENTED_EDGE('',*,*,#1355,.T.);
#1840=ORIENTED_EDGE('',*,*,#1354,.F.);
#1841=ORIENTED_EDGE('',*,*,#1355,.F.);
#1842=ORIENTED_EDGE('',*,*,#1356,.F.);
#1843=ORIENTED_EDGE('',*,*,#1356,.T.);
#1844=ORIENTED_EDGE('',*,*,#1357,.T.);
#1845=ORIENTED_EDGE('',*,*,#1358,.F.);
#1846=ORIENTED_EDGE('',*,*,#1357,.F.);
#1847=ORIENTED_EDGE('',*,*,#1169,.F.);
#1848=ORIENTED_EDGE('',*,*,#1359,.T.);
#1849=ORIENTED_EDGE('',*,*,#1360,.T.);
#1850=ORIENTED_EDGE('',*,*,#1359,.F.);
#1851=ORIENTED_EDGE('',*,*,#1360,.F.);
#1852=ORIENTED_EDGE('',*,*,#1361,.F.);
#1853=ORIENTED_EDGE('',*,*,#1361,.T.);
#1854=ORIENTED_EDGE('',*,*,#1362,.T.);
#1855=ORIENTED_EDGE('',*,*,#1363,.F.);
#1856=ORIENTED_EDGE('',*,*,#1362,.F.);
#1857=ORIENTED_EDGE('',*,*,#1204,.F.);
#1858=ORIENTED_EDGE('',*,*,#1212,.T.);
#1859=ORIENTED_EDGE('',*,*,#1364,.F.);
#1860=ORIENTED_EDGE('',*,*,#1365,.F.);
#1861=ORIENTED_EDGE('',*,*,#1209,.F.);
#1862=ORIENTED_EDGE('',*,*,#1366,.T.);
#1863=ORIENTED_EDGE('',*,*,#1367,.F.);
#1864=ORIENTED_EDGE('',*,*,#1217,.F.);
#1865=ORIENTED_EDGE('',*,*,#1208,.F.);
#1866=ORIENTED_EDGE('',*,*,#1368,.T.);
#1867=ORIENTED_EDGE('',*,*,#1369,.F.);
#1868=ORIENTED_EDGE('',*,*,#1366,.F.);
#1869=ORIENTED_EDGE('',*,*,#1206,.F.);
#1870=ORIENTED_EDGE('',*,*,#1365,.T.);
#1871=ORIENTED_EDGE('',*,*,#1370,.F.);
#1872=ORIENTED_EDGE('',*,*,#1368,.F.);
#1873=ORIENTED_EDGE('',*,*,#1126,.F.);
#1874=ORIENTED_EDGE('',*,*,#1131,.T.);
#1875=ORIENTED_EDGE('',*,*,#1371,.F.);
#1876=ORIENTED_EDGE('',*,*,#1372,.F.);
#1877=ORIENTED_EDGE('',*,*,#1373,.F.);
#1878=ORIENTED_EDGE('',*,*,#1374,.F.);
#1879=ORIENTED_EDGE('',*,*,#1375,.F.);
#1880=ORIENTED_EDGE('',*,*,#1376,.F.);
#1881=ORIENTED_EDGE('',*,*,#1377,.F.);
#1882=ORIENTED_EDGE('',*,*,#1378,.F.);
#1883=ORIENTED_EDGE('',*,*,#1379,.F.);
#1884=ORIENTED_EDGE('',*,*,#1380,.F.);
#1885=ORIENTED_EDGE('',*,*,#1353,.T.);
#1886=ORIENTED_EDGE('',*,*,#1363,.T.);
#1887=ORIENTED_EDGE('',*,*,#1218,.T.);
#1888=ORIENTED_EDGE('',*,*,#1367,.T.);
#1889=ORIENTED_EDGE('',*,*,#1369,.T.);
#1890=ORIENTED_EDGE('',*,*,#1370,.T.);
#1891=ORIENTED_EDGE('',*,*,#1364,.T.);
#1892=ORIENTED_EDGE('',*,*,#1211,.T.);
#1893=ORIENTED_EDGE('',*,*,#1214,.T.);
#1894=ORIENTED_EDGE('',*,*,#1216,.T.);
#1895=ORIENTED_EDGE('',*,*,#1133,.T.);
#1896=ORIENTED_EDGE('',*,*,#1381,.T.);
#1897=ORIENTED_EDGE('',*,*,#1371,.T.);
#1898=ORIENTED_EDGE('',*,*,#1130,.T.);
#1899=ORIENTED_EDGE('',*,*,#1343,.T.);
#1900=ORIENTED_EDGE('',*,*,#1382,.T.);
#1901=ORIENTED_EDGE('',*,*,#1383,.T.);
#1902=ORIENTED_EDGE('',*,*,#1384,.T.);
#1903=ORIENTED_EDGE('',*,*,#1385,.T.);
#1904=ORIENTED_EDGE('',*,*,#1336,.T.);
#1905=ORIENTED_EDGE('',*,*,#1339,.T.);
#1906=ORIENTED_EDGE('',*,*,#1341,.T.);
#1907=ORIENTED_EDGE('',*,*,#1318,.T.);
#1908=ORIENTED_EDGE('',*,*,#1386,.T.);
#1909=ORIENTED_EDGE('',*,*,#1387,.T.);
#1910=ORIENTED_EDGE('',*,*,#1388,.T.);
#1911=ORIENTED_EDGE('',*,*,#1389,.T.);
#1912=ORIENTED_EDGE('',*,*,#1311,.T.);
#1913=ORIENTED_EDGE('',*,*,#1314,.T.);
#1914=ORIENTED_EDGE('',*,*,#1316,.T.);
#1915=ORIENTED_EDGE('',*,*,#1293,.T.);
#1916=ORIENTED_EDGE('',*,*,#1390,.T.);
#1917=ORIENTED_EDGE('',*,*,#1391,.T.);
#1918=ORIENTED_EDGE('',*,*,#1392,.T.);
#1919=ORIENTED_EDGE('',*,*,#1393,.T.);
#1920=ORIENTED_EDGE('',*,*,#1286,.T.);
#1921=ORIENTED_EDGE('',*,*,#1289,.T.);
#1922=ORIENTED_EDGE('',*,*,#1291,.T.);
#1923=ORIENTED_EDGE('',*,*,#1268,.T.);
#1924=ORIENTED_EDGE('',*,*,#1394,.T.);
#1925=ORIENTED_EDGE('',*,*,#1395,.T.);
#1926=ORIENTED_EDGE('',*,*,#1396,.T.);
#1927=ORIENTED_EDGE('',*,*,#1397,.T.);
#1928=ORIENTED_EDGE('',*,*,#1261,.T.);
#1929=ORIENTED_EDGE('',*,*,#1264,.T.);
#1930=ORIENTED_EDGE('',*,*,#1266,.T.);
#1931=ORIENTED_EDGE('',*,*,#1243,.T.);
#1932=ORIENTED_EDGE('',*,*,#1398,.T.);
#1933=ORIENTED_EDGE('',*,*,#1399,.T.);
#1934=ORIENTED_EDGE('',*,*,#1400,.T.);
#1935=ORIENTED_EDGE('',*,*,#1401,.T.);
#1936=ORIENTED_EDGE('',*,*,#1236,.T.);
#1937=ORIENTED_EDGE('',*,*,#1239,.T.);
#1938=ORIENTED_EDGE('',*,*,#1241,.T.);
#1939=ORIENTED_EDGE('',*,*,#1358,.T.);
#1940=ORIENTED_EDGE('',*,*,#1348,.T.);
#1941=ORIENTED_EDGE('',*,*,#1128,.F.);
#1942=ORIENTED_EDGE('',*,*,#1372,.T.);
#1943=ORIENTED_EDGE('',*,*,#1381,.F.);
#1944=ORIENTED_EDGE('',*,*,#1132,.F.);
#1945=ORIENTED_EDGE('',*,*,#1229,.F.);
#1946=ORIENTED_EDGE('',*,*,#1237,.T.);
#1947=ORIENTED_EDGE('',*,*,#1401,.F.);
#1948=ORIENTED_EDGE('',*,*,#1402,.F.);
#1949=ORIENTED_EDGE('',*,*,#1234,.F.);
#1950=ORIENTED_EDGE('',*,*,#1403,.T.);
#1951=ORIENTED_EDGE('',*,*,#1398,.F.);
#1952=ORIENTED_EDGE('',*,*,#1242,.F.);
#1953=ORIENTED_EDGE('',*,*,#1233,.F.);
#1954=ORIENTED_EDGE('',*,*,#1404,.T.);
#1955=ORIENTED_EDGE('',*,*,#1399,.F.);
#1956=ORIENTED_EDGE('',*,*,#1403,.F.);
#1957=ORIENTED_EDGE('',*,*,#1231,.F.);
#1958=ORIENTED_EDGE('',*,*,#1402,.T.);
#1959=ORIENTED_EDGE('',*,*,#1400,.F.);
#1960=ORIENTED_EDGE('',*,*,#1404,.F.);
#1961=ORIENTED_EDGE('',*,*,#1254,.F.);
#1962=ORIENTED_EDGE('',*,*,#1262,.T.);
#1963=ORIENTED_EDGE('',*,*,#1397,.F.);
#1964=ORIENTED_EDGE('',*,*,#1405,.F.);
#1965=ORIENTED_EDGE('',*,*,#1259,.F.);
#1966=ORIENTED_EDGE('',*,*,#1406,.T.);
#1967=ORIENTED_EDGE('',*,*,#1394,.F.);
#1968=ORIENTED_EDGE('',*,*,#1267,.F.);
#1969=ORIENTED_EDGE('',*,*,#1258,.F.);
#1970=ORIENTED_EDGE('',*,*,#1407,.T.);
#1971=ORIENTED_EDGE('',*,*,#1395,.F.);
#1972=ORIENTED_EDGE('',*,*,#1406,.F.);
#1973=ORIENTED_EDGE('',*,*,#1256,.F.);
#1974=ORIENTED_EDGE('',*,*,#1405,.T.);
#1975=ORIENTED_EDGE('',*,*,#1396,.F.);
#1976=ORIENTED_EDGE('',*,*,#1407,.F.);
#1977=ORIENTED_EDGE('',*,*,#1279,.F.);
#1978=ORIENTED_EDGE('',*,*,#1287,.T.);
#1979=ORIENTED_EDGE('',*,*,#1393,.F.);
#1980=ORIENTED_EDGE('',*,*,#1408,.F.);
#1981=ORIENTED_EDGE('',*,*,#1284,.F.);
#1982=ORIENTED_EDGE('',*,*,#1409,.T.);
#1983=ORIENTED_EDGE('',*,*,#1390,.F.);
#1984=ORIENTED_EDGE('',*,*,#1292,.F.);
#1985=ORIENTED_EDGE('',*,*,#1283,.F.);
#1986=ORIENTED_EDGE('',*,*,#1410,.T.);
#1987=ORIENTED_EDGE('',*,*,#1391,.F.);
#1988=ORIENTED_EDGE('',*,*,#1409,.F.);
#1989=ORIENTED_EDGE('',*,*,#1281,.F.);
#1990=ORIENTED_EDGE('',*,*,#1408,.T.);
#1991=ORIENTED_EDGE('',*,*,#1392,.F.);
#1992=ORIENTED_EDGE('',*,*,#1410,.F.);
#1993=ORIENTED_EDGE('',*,*,#1304,.F.);
#1994=ORIENTED_EDGE('',*,*,#1312,.T.);
#1995=ORIENTED_EDGE('',*,*,#1389,.F.);
#1996=ORIENTED_EDGE('',*,*,#1411,.F.);
#1997=ORIENTED_EDGE('',*,*,#1309,.F.);
#1998=ORIENTED_EDGE('',*,*,#1412,.T.);
#1999=ORIENTED_EDGE('',*,*,#1386,.F.);
#2000=ORIENTED_EDGE('',*,*,#1317,.F.);
#2001=ORIENTED_EDGE('',*,*,#1308,.F.);
#2002=ORIENTED_EDGE('',*,*,#1413,.T.);
#2003=ORIENTED_EDGE('',*,*,#1387,.F.);
#2004=ORIENTED_EDGE('',*,*,#1412,.F.);
#2005=ORIENTED_EDGE('',*,*,#1306,.F.);
#2006=ORIENTED_EDGE('',*,*,#1411,.T.);
#2007=ORIENTED_EDGE('',*,*,#1388,.F.);
#2008=ORIENTED_EDGE('',*,*,#1413,.F.);
#2009=ORIENTED_EDGE('',*,*,#1329,.F.);
#2010=ORIENTED_EDGE('',*,*,#1337,.T.);
#2011=ORIENTED_EDGE('',*,*,#1385,.F.);
#2012=ORIENTED_EDGE('',*,*,#1414,.F.);
#2013=ORIENTED_EDGE('',*,*,#1334,.F.);
#2014=ORIENTED_EDGE('',*,*,#1415,.T.);
#2015=ORIENTED_EDGE('',*,*,#1382,.F.);
#2016=ORIENTED_EDGE('',*,*,#1342,.F.);
#2017=ORIENTED_EDGE('',*,*,#1333,.F.);
#2018=ORIENTED_EDGE('',*,*,#1416,.T.);
#2019=ORIENTED_EDGE('',*,*,#1383,.F.);
#2020=ORIENTED_EDGE('',*,*,#1415,.F.);
#2021=ORIENTED_EDGE('',*,*,#1331,.F.);
#2022=ORIENTED_EDGE('',*,*,#1414,.T.);
#2023=ORIENTED_EDGE('',*,*,#1384,.F.);
#2024=ORIENTED_EDGE('',*,*,#1416,.F.);
#2025=ORIENTED_EDGE('',*,*,#1417,.T.);
#2026=ORIENTED_EDGE('',*,*,#1134,.T.);
#2027=ORIENTED_EDGE('',*,*,#1418,.T.);
#2028=ORIENTED_EDGE('',*,*,#1419,.T.);
#2029=ORIENTED_EDGE('',*,*,#1420,.T.);
#2030=ORIENTED_EDGE('',*,*,#1421,.T.);
#2031=ORIENTED_EDGE('',*,*,#1418,.F.);
#2032=ORIENTED_EDGE('',*,*,#1141,.T.);
#2033=ORIENTED_EDGE('',*,*,#1422,.T.);
#2034=ORIENTED_EDGE('',*,*,#1423,.T.);
#2035=ORIENTED_EDGE('',*,*,#1420,.F.);
#2036=ORIENTED_EDGE('',*,*,#1140,.T.);
#2037=ORIENTED_EDGE('',*,*,#1424,.T.);
#2038=ORIENTED_EDGE('',*,*,#1425,.T.);
#2039=ORIENTED_EDGE('',*,*,#1422,.F.);
#2040=ORIENTED_EDGE('',*,*,#1139,.T.);
#2041=ORIENTED_EDGE('',*,*,#1426,.T.);
#2042=ORIENTED_EDGE('',*,*,#1427,.T.);
#2043=ORIENTED_EDGE('',*,*,#1424,.F.);
#2044=ORIENTED_EDGE('',*,*,#1138,.T.);
#2045=ORIENTED_EDGE('',*,*,#1428,.T.);
#2046=ORIENTED_EDGE('',*,*,#1429,.T.);
#2047=ORIENTED_EDGE('',*,*,#1426,.F.);
#2048=ORIENTED_EDGE('',*,*,#1137,.T.);
#2049=ORIENTED_EDGE('',*,*,#1430,.T.);
#2050=ORIENTED_EDGE('',*,*,#1431,.T.);
#2051=ORIENTED_EDGE('',*,*,#1428,.F.);
#2052=ORIENTED_EDGE('',*,*,#1136,.T.);
#2053=ORIENTED_EDGE('',*,*,#1430,.F.);
#2054=ORIENTED_EDGE('',*,*,#1135,.T.);
#2055=ORIENTED_EDGE('',*,*,#1417,.F.);
#2056=ORIENTED_EDGE('',*,*,#1432,.T.);
#2057=ORIENTED_EDGE('',*,*,#1429,.F.);
#2058=ORIENTED_EDGE('',*,*,#1433,.F.);
#2059=ORIENTED_EDGE('',*,*,#1378,.T.);
#2060=ORIENTED_EDGE('',*,*,#1434,.F.);
#2061=ORIENTED_EDGE('',*,*,#1431,.F.);
#2062=ORIENTED_EDGE('',*,*,#1435,.T.);
#2063=ORIENTED_EDGE('',*,*,#1379,.T.);
#2064=ORIENTED_EDGE('',*,*,#1433,.T.);
#2065=ORIENTED_EDGE('',*,*,#1432,.F.);
#2066=ORIENTED_EDGE('',*,*,#1436,.F.);
#2067=ORIENTED_EDGE('',*,*,#1380,.T.);
#2068=ORIENTED_EDGE('',*,*,#1435,.F.);
#2069=ORIENTED_EDGE('',*,*,#1419,.F.);
#2070=ORIENTED_EDGE('',*,*,#1437,.T.);
#2071=ORIENTED_EDGE('',*,*,#1373,.T.);
#2072=ORIENTED_EDGE('',*,*,#1436,.T.);
#2073=ORIENTED_EDGE('',*,*,#1421,.F.);
#2074=ORIENTED_EDGE('',*,*,#1438,.F.);
#2075=ORIENTED_EDGE('',*,*,#1374,.T.);
#2076=ORIENTED_EDGE('',*,*,#1437,.F.);
#2077=ORIENTED_EDGE('',*,*,#1427,.F.);
#2078=ORIENTED_EDGE('',*,*,#1434,.T.);
#2079=ORIENTED_EDGE('',*,*,#1377,.T.);
#2080=ORIENTED_EDGE('',*,*,#1439,.T.);
#2081=ORIENTED_EDGE('',*,*,#1423,.F.);
#2082=ORIENTED_EDGE('',*,*,#1440,.T.);
#2083=ORIENTED_EDGE('',*,*,#1375,.T.);
#2084=ORIENTED_EDGE('',*,*,#1438,.T.);
#2085=ORIENTED_EDGE('',*,*,#1425,.F.);
#2086=ORIENTED_EDGE('',*,*,#1439,.F.);
#2087=ORIENTED_EDGE('',*,*,#1376,.T.);
#2088=ORIENTED_EDGE('',*,*,#1440,.F.);
#2089=TOROIDAL_SURFACE('',#2255,3.55,0.8);
#2090=TOROIDAL_SURFACE('',#2262,3.55,0.8);
#2091=TOROIDAL_SURFACE('',#2306,2.3,0.8);
#2092=TOROIDAL_SURFACE('',#2311,2.3,0.8);
#2093=TOROIDAL_SURFACE('',#2316,2.30000000000001,0.8);
#2094=TOROIDAL_SURFACE('',#2321,2.30000000000001,0.8);
#2095=TOROIDAL_SURFACE('',#2332,2.30000000000001,0.8);
#2096=TOROIDAL_SURFACE('',#2337,2.30000000000001,0.8);
#2097=TOROIDAL_SURFACE('',#2342,2.29999999999999,0.8);
#2098=TOROIDAL_SURFACE('',#2347,2.29999999999999,0.8);
#2099=TOROIDAL_SURFACE('',#2358,2.29999999999999,0.8);
#2100=TOROIDAL_SURFACE('',#2363,2.29999999999999,0.8);
#2101=TOROIDAL_SURFACE('',#2368,2.3,0.8);
#2102=TOROIDAL_SURFACE('',#2373,2.3,0.8);
#2103=TOROIDAL_SURFACE('',#2384,2.3,0.8);
#2104=TOROIDAL_SURFACE('',#2389,2.3,0.8);
#2105=TOROIDAL_SURFACE('',#2394,2.3,0.8);
#2106=TOROIDAL_SURFACE('',#2399,2.3,0.8);
#2107=TOROIDAL_SURFACE('',#2410,2.3,0.8);
#2108=TOROIDAL_SURFACE('',#2415,2.3,0.8);
#2109=TOROIDAL_SURFACE('',#2420,2.29999999999999,0.8);
#2110=TOROIDAL_SURFACE('',#2425,2.29999999999999,0.8);
#2111=TOROIDAL_SURFACE('',#2436,2.29999999999999,0.8);
#2112=TOROIDAL_SURFACE('',#2441,2.30000000000001,0.8);
#2113=TOROIDAL_SURFACE('',#2446,2.3,0.8);
#2114=TOROIDAL_SURFACE('',#2451,2.29999999999999,0.8);
#2115=TOROIDAL_SURFACE('',#2527,4.6,1.9);
#2116=TOROIDAL_SURFACE('',#2533,4.6,1.9);
#2117=TOROIDAL_SURFACE('',#2538,4.6,1.9);
#2118=TOROIDAL_SURFACE('',#2543,4.6,1.9);
#2119=ADVANCED_FACE('',(#461),#2089,.T.);
#2120=ADVANCED_FACE('',(#462),#393,.T.);
#2121=ADVANCED_FACE('',(#463),#2090,.T.);
#2122=ADVANCED_FACE('',(#464),#394,.T.);
#2123=ADVANCED_FACE('',(#465),#41,.F.);
#2124=ADVANCED_FACE('',(#466),#395,.F.);
#2125=ADVANCED_FACE('',(#467,#15,#16,#17,#18,#19,#20,#21,#22,#23,#24,#25),
#42,.T.);
#2126=ADVANCED_FACE('',(#468),#396,.T.);
#2127=ADVANCED_FACE('',(#469),#2091,.T.);
#2128=ADVANCED_FACE('',(#470),#397,.T.);
#2129=ADVANCED_FACE('',(#471),#2092,.T.);
#2130=ADVANCED_FACE('',(#472),#398,.T.);
#2131=ADVANCED_FACE('',(#473),#2093,.T.);
#2132=ADVANCED_FACE('',(#474),#399,.T.);
#2133=ADVANCED_FACE('',(#475),#2094,.T.);
#2134=ADVANCED_FACE('',(#476),#400,.F.);
#2135=ADVANCED_FACE('',(#477),#43,.F.);
#2136=ADVANCED_FACE('',(#478),#401,.F.);
#2137=ADVANCED_FACE('',(#479),#44,.F.);
#2138=ADVANCED_FACE('',(#480),#402,.T.);
#2139=ADVANCED_FACE('',(#481),#2095,.T.);
#2140=ADVANCED_FACE('',(#482),#403,.T.);
#2141=ADVANCED_FACE('',(#483),#2096,.T.);
#2142=ADVANCED_FACE('',(#484),#404,.T.);
#2143=ADVANCED_FACE('',(#485),#2097,.T.);
#2144=ADVANCED_FACE('',(#486),#405,.T.);
#2145=ADVANCED_FACE('',(#487),#2098,.T.);
#2146=ADVANCED_FACE('',(#488),#406,.F.);
#2147=ADVANCED_FACE('',(#489),#45,.F.);
#2148=ADVANCED_FACE('',(#490),#407,.F.);
#2149=ADVANCED_FACE('',(#491),#46,.F.);
#2150=ADVANCED_FACE('',(#492),#408,.T.);
#2151=ADVANCED_FACE('',(#493),#2099,.T.);
#2152=ADVANCED_FACE('',(#494),#409,.T.);
#2153=ADVANCED_FACE('',(#495),#2100,.T.);
#2154=ADVANCED_FACE('',(#496),#410,.T.);
#2155=ADVANCED_FACE('',(#497),#2101,.T.);
#2156=ADVANCED_FACE('',(#498),#411,.T.);
#2157=ADVANCED_FACE('',(#499),#2102,.T.);
#2158=ADVANCED_FACE('',(#500),#412,.F.);
#2159=ADVANCED_FACE('',(#501),#47,.F.);
#2160=ADVANCED_FACE('',(#502),#413,.F.);
#2161=ADVANCED_FACE('',(#503),#48,.F.);
#2162=ADVANCED_FACE('',(#504),#414,.T.);
#2163=ADVANCED_FACE('',(#505),#2103,.T.);
#2164=ADVANCED_FACE('',(#506),#415,.T.);
#2165=ADVANCED_FACE('',(#507),#2104,.T.);
#2166=ADVANCED_FACE('',(#508),#416,.T.);
#2167=ADVANCED_FACE('',(#509),#2105,.T.);
#2168=ADVANCED_FACE('',(#510),#417,.T.);
#2169=ADVANCED_FACE('',(#511),#2106,.T.);
#2170=ADVANCED_FACE('',(#512),#418,.F.);
#2171=ADVANCED_FACE('',(#513),#49,.F.);
#2172=ADVANCED_FACE('',(#514),#419,.F.);
#2173=ADVANCED_FACE('',(#515),#50,.F.);
#2174=ADVANCED_FACE('',(#516),#420,.T.);
#2175=ADVANCED_FACE('',(#517),#2107,.T.);
#2176=ADVANCED_FACE('',(#518),#421,.T.);
#2177=ADVANCED_FACE('',(#519),#2108,.T.);
#2178=ADVANCED_FACE('',(#520),#422,.T.);
#2179=ADVANCED_FACE('',(#521),#2109,.T.);
#2180=ADVANCED_FACE('',(#522),#423,.T.);
#2181=ADVANCED_FACE('',(#523),#2110,.T.);
#2182=ADVANCED_FACE('',(#524),#424,.F.);
#2183=ADVANCED_FACE('',(#525),#51,.F.);
#2184=ADVANCED_FACE('',(#526),#425,.F.);
#2185=ADVANCED_FACE('',(#527),#52,.F.);
#2186=ADVANCED_FACE('',(#528),#426,.T.);
#2187=ADVANCED_FACE('',(#529),#2111,.T.);
#2188=ADVANCED_FACE('',(#530),#427,.T.);
#2189=ADVANCED_FACE('',(#531),#2112,.T.);
#2190=ADVANCED_FACE('',(#532),#428,.T.);
#2191=ADVANCED_FACE('',(#533),#2113,.T.);
#2192=ADVANCED_FACE('',(#534),#429,.T.);
#2193=ADVANCED_FACE('',(#535),#2114,.T.);
#2194=ADVANCED_FACE('',(#536),#430,.F.);
#2195=ADVANCED_FACE('',(#537),#53,.F.);
#2196=ADVANCED_FACE('',(#538),#431,.F.);
#2197=ADVANCED_FACE('',(#539),#54,.F.);
#2198=ADVANCED_FACE('',(#540),#432,.F.);
#2199=ADVANCED_FACE('',(#541,#26),#55,.T.);
#2200=ADVANCED_FACE('',(#542),#433,.F.);
#2201=ADVANCED_FACE('',(#543),#434,.F.);
#2202=ADVANCED_FACE('',(#544,#27),#56,.T.);
#2203=ADVANCED_FACE('',(#545),#435,.F.);
#2204=ADVANCED_FACE('',(#546),#436,.F.);
#2205=ADVANCED_FACE('',(#547,#28),#57,.T.);
#2206=ADVANCED_FACE('',(#548),#437,.F.);
#2207=ADVANCED_FACE('',(#549),#438,.F.);
#2208=ADVANCED_FACE('',(#550,#29),#58,.T.);
#2209=ADVANCED_FACE('',(#551),#439,.F.);
#2210=ADVANCED_FACE('',(#552),#59,.F.);
#2211=ADVANCED_FACE('',(#553),#440,.F.);
#2212=ADVANCED_FACE('',(#554),#60,.F.);
#2213=ADVANCED_FACE('',(#555),#441,.F.);
#2214=ADVANCED_FACE('',(#556),#442,.F.);
#2215=ADVANCED_FACE('',(#557,#30,#31,#32,#33,#34,#35,#36,#37,#38,#39,#40),
#61,.F.);
#2216=ADVANCED_FACE('',(#558),#62,.F.);
#2217=ADVANCED_FACE('',(#559),#63,.F.);
#2218=ADVANCED_FACE('',(#560),#443,.F.);
#2219=ADVANCED_FACE('',(#561),#64,.F.);
#2220=ADVANCED_FACE('',(#562),#444,.F.);
#2221=ADVANCED_FACE('',(#563),#65,.F.);
#2222=ADVANCED_FACE('',(#564),#445,.F.);
#2223=ADVANCED_FACE('',(#565),#66,.F.);
#2224=ADVANCED_FACE('',(#566),#446,.F.);
#2225=ADVANCED_FACE('',(#567),#67,.F.);
#2226=ADVANCED_FACE('',(#568),#447,.F.);
#2227=ADVANCED_FACE('',(#569),#68,.F.);
#2228=ADVANCED_FACE('',(#570),#448,.F.);
#2229=ADVANCED_FACE('',(#571),#69,.F.);
#2230=ADVANCED_FACE('',(#572),#449,.F.);
#2231=ADVANCED_FACE('',(#573),#70,.F.);
#2232=ADVANCED_FACE('',(#574),#450,.F.);
#2233=ADVANCED_FACE('',(#575),#71,.F.);
#2234=ADVANCED_FACE('',(#576),#451,.F.);
#2235=ADVANCED_FACE('',(#577),#72,.F.);
#2236=ADVANCED_FACE('',(#578),#452,.F.);
#2237=ADVANCED_FACE('',(#579),#2115,.T.);
#2238=ADVANCED_FACE('',(#580),#453,.T.);
#2239=ADVANCED_FACE('',(#581),#2116,.T.);
#2240=ADVANCED_FACE('',(#582),#454,.T.);
#2241=ADVANCED_FACE('',(#583),#2117,.T.);
#2242=ADVANCED_FACE('',(#584),#455,.T.);
#2243=ADVANCED_FACE('',(#585),#2118,.T.);
#2244=ADVANCED_FACE('',(#586),#456,.T.);
#2245=ADVANCED_FACE('',(#587),#73,.T.);
#2246=ADVANCED_FACE('',(#588),#457,.T.);
#2247=ADVANCED_FACE('',(#589),#74,.T.);
#2248=ADVANCED_FACE('',(#590),#458,.T.);
#2249=ADVANCED_FACE('',(#591),#75,.T.);
#2250=ADVANCED_FACE('',(#592),#459,.T.);
#2251=ADVANCED_FACE('',(#593),#460,.T.);
#2252=ADVANCED_FACE('',(#594),#76,.T.);
#2253=CLOSED_SHELL('',(#2119,#2120,#2121,#2122,#2123,#2124,#2125,#2126,
#2127,#2128,#2129,#2130,#2131,#2132,#2133,#2134,#2135,#2136,#2137,#2138,
#2139,#2140,#2141,#2142,#2143,#2144,#2145,#2146,#2147,#2148,#2149,#2150,
#2151,#2152,#2153,#2154,#2155,#2156,#2157,#2158,#2159,#2160,#2161,#2162,
#2163,#2164,#2165,#2166,#2167,#2168,#2169,#2170,#2171,#2172,#2173,#2174,
#2175,#2176,#2177,#2178,#2179,#2180,#2181,#2182,#2183,#2184,#2185,#2186,
#2187,#2188,#2189,#2190,#2191,#2192,#2193,#2194,#2195,#2196,#2197,#2198,
#2199,#2200,#2201,#2202,#2203,#2204,#2205,#2206,#2207,#2208,#2209,#2210,
#2211,#2212,#2213,#2214,#2215,#2216,#2217,#2218,#2219,#2220,#2221,#2222,
#2223,#2224,#2225,#2226,#2227,#2228,#2229,#2230,#2231,#2232,#2233,#2234,
#2235,#2236,#2237,#2238,#2239,#2240,#2241,#2242,#2243,#2244,#2245,#2246,
#2247,#2248,#2249,#2250,#2251,#2252));
#2254=AXIS2_PLACEMENT_3D('',#3315,#2555,#2556);
#2255=AXIS2_PLACEMENT_3D('',#3316,#2557,#2558);
#2256=AXIS2_PLACEMENT_3D('',#3319,#2559,#2560);
#2257=AXIS2_PLACEMENT_3D('',#3321,#2561,#2562);
#2258=AXIS2_PLACEMENT_3D('',#3323,#2563,#2564);
#2259=AXIS2_PLACEMENT_3D('',#3324,#2565,#2566);
#2260=AXIS2_PLACEMENT_3D('',#3325,#2567,#2568);
#2261=AXIS2_PLACEMENT_3D('',#3328,#2569,#2570);
#2262=AXIS2_PLACEMENT_3D('',#3331,#2573,#2574);
#2263=AXIS2_PLACEMENT_3D('',#3334,#2575,#2576);
#2264=AXIS2_PLACEMENT_3D('',#3335,#2577,#2578);
#2265=AXIS2_PLACEMENT_3D('',#3336,#2579,#2580);
#2266=AXIS2_PLACEMENT_3D('',#3337,#2581,#2582);
#2267=AXIS2_PLACEMENT_3D('',#3340,#2585,#2586);
#2268=AXIS2_PLACEMENT_3D('',#3346,#2590,#2591);
#2269=AXIS2_PLACEMENT_3D('',#3349,#2593,#2594);
#2270=AXIS2_PLACEMENT_3D('',#3350,#2595,#2596);
#2271=AXIS2_PLACEMENT_3D('',#3353,#2597,#2598);
#2272=AXIS2_PLACEMENT_3D('',#3357,#2600,#2601);
#2273=AXIS2_PLACEMENT_3D('',#3361,#2603,#2604);
#2274=AXIS2_PLACEMENT_3D('',#3365,#2606,#2607);
#2275=AXIS2_PLACEMENT_3D('',#3371,#2610,#2611);
#2276=AXIS2_PLACEMENT_3D('',#3375,#2613,#2614);
#2277=AXIS2_PLACEMENT_3D('',#3379,#2616,#2617);
#2278=AXIS2_PLACEMENT_3D('',#3382,#2619,#2620);
#2279=AXIS2_PLACEMENT_3D('',#3387,#2622,#2623);
#2280=AXIS2_PLACEMENT_3D('',#3391,#2625,#2626);
#2281=AXIS2_PLACEMENT_3D('',#3395,#2628,#2629);
#2282=AXIS2_PLACEMENT_3D('',#3398,#2631,#2632);
#2283=AXIS2_PLACEMENT_3D('',#3403,#2634,#2635);
#2284=AXIS2_PLACEMENT_3D('',#3407,#2637,#2638);
#2285=AXIS2_PLACEMENT_3D('',#3411,#2640,#2641);
#2286=AXIS2_PLACEMENT_3D('',#3414,#2643,#2644);
#2287=AXIS2_PLACEMENT_3D('',#3416,#2645,#2646);
#2288=AXIS2_PLACEMENT_3D('',#3418,#2647,#2648);
#2289=AXIS2_PLACEMENT_3D('',#3420,#2649,#2650);
#2290=AXIS2_PLACEMENT_3D('',#3422,#2651,#2652);
#2291=AXIS2_PLACEMENT_3D('',#3427,#2654,#2655);
#2292=AXIS2_PLACEMENT_3D('',#3431,#2657,#2658);
#2293=AXIS2_PLACEMENT_3D('',#3435,#2660,#2661);
#2294=AXIS2_PLACEMENT_3D('',#3438,#2663,#2664);
#2295=AXIS2_PLACEMENT_3D('',#3443,#2666,#2667);
#2296=AXIS2_PLACEMENT_3D('',#3447,#2669,#2670);
#2297=AXIS2_PLACEMENT_3D('',#3451,#2672,#2673);
#2298=AXIS2_PLACEMENT_3D('',#3454,#2675,#2676);
#2299=AXIS2_PLACEMENT_3D('',#3459,#2678,#2679);
#2300=AXIS2_PLACEMENT_3D('',#3463,#2681,#2682);
#2301=AXIS2_PLACEMENT_3D('',#3467,#2684,#2685);
#2302=AXIS2_PLACEMENT_3D('',#3470,#2687,#2688);
#2303=AXIS2_PLACEMENT_3D('',#3471,#2689,#2690);
#2304=AXIS2_PLACEMENT_3D('',#3473,#2691,#2692);
#2305=AXIS2_PLACEMENT_3D('',#3476,#2694,#2695);
#2306=AXIS2_PLACEMENT_3D('',#3477,#2696,#2697);
#2307=AXIS2_PLACEMENT_3D('',#3479,#2698,#2699);
#2308=AXIS2_PLACEMENT_3D('',#3480,#2700,#2701);
#2309=AXIS2_PLACEMENT_3D('',#3481,#2702,#2703);
#2310=AXIS2_PLACEMENT_3D('',#3483,#2704,#2705);
#2311=AXIS2_PLACEMENT_3D('',#3485,#2707,#2708);
#2312=AXIS2_PLACEMENT_3D('',#3487,#2709,#2710);
#2313=AXIS2_PLACEMENT_3D('',#3488,#2711,#2712);
#2314=AXIS2_PLACEMENT_3D('',#3489,#2713,#2714);
#2315=AXIS2_PLACEMENT_3D('',#3491,#2715,#2716);
#2316=AXIS2_PLACEMENT_3D('',#3493,#2718,#2719);
#2317=AXIS2_PLACEMENT_3D('',#3495,#2720,#2721);
#2318=AXIS2_PLACEMENT_3D('',#3496,#2722,#2723);
#2319=AXIS2_PLACEMENT_3D('',#3497,#2724,#2725);
#2320=AXIS2_PLACEMENT_3D('',#3499,#2726,#2727);
#2321=AXIS2_PLACEMENT_3D('',#3501,#2729,#2730);
#2322=AXIS2_PLACEMENT_3D('',#3502,#2731,#2732);
#2323=AXIS2_PLACEMENT_3D('',#3503,#2733,#2734);
#2324=AXIS2_PLACEMENT_3D('',#3507,#2736,#2737);
#2325=AXIS2_PLACEMENT_3D('',#3509,#2739,#2740);
#2326=AXIS2_PLACEMENT_3D('',#3513,#2743,#2744);
#2327=AXIS2_PLACEMENT_3D('',#3516,#2746,#2747);
#2328=AXIS2_PLACEMENT_3D('',#3517,#2748,#2749);
#2329=AXIS2_PLACEMENT_3D('',#3521,#2752,#2753);
#2330=AXIS2_PLACEMENT_3D('',#3523,#2754,#2755);
#2331=AXIS2_PLACEMENT_3D('',#3526,#2757,#2758);
#2332=AXIS2_PLACEMENT_3D('',#3527,#2759,#2760);
#2333=AXIS2_PLACEMENT_3D('',#3529,#2761,#2762);
#2334=AXIS2_PLACEMENT_3D('',#3530,#2763,#2764);
#2335=AXIS2_PLACEMENT_3D('',#3531,#2765,#2766);
#2336=AXIS2_PLACEMENT_3D('',#3533,#2767,#2768);
#2337=AXIS2_PLACEMENT_3D('',#3535,#2770,#2771);
#2338=AXIS2_PLACEMENT_3D('',#3537,#2772,#2773);
#2339=AXIS2_PLACEMENT_3D('',#3538,#2774,#2775);
#2340=AXIS2_PLACEMENT_3D('',#3539,#2776,#2777);
#2341=AXIS2_PLACEMENT_3D('',#3541,#2778,#2779);
#2342=AXIS2_PLACEMENT_3D('',#3543,#2781,#2782);
#2343=AXIS2_PLACEMENT_3D('',#3545,#2783,#2784);
#2344=AXIS2_PLACEMENT_3D('',#3546,#2785,#2786);
#2345=AXIS2_PLACEMENT_3D('',#3547,#2787,#2788);
#2346=AXIS2_PLACEMENT_3D('',#3549,#2789,#2790);
#2347=AXIS2_PLACEMENT_3D('',#3551,#2792,#2793);
#2348=AXIS2_PLACEMENT_3D('',#3552,#2794,#2795);
#2349=AXIS2_PLACEMENT_3D('',#3553,#2796,#2797);
#2350=AXIS2_PLACEMENT_3D('',#3557,#2799,#2800);
#2351=AXIS2_PLACEMENT_3D('',#3559,#2802,#2803);
#2352=AXIS2_PLACEMENT_3D('',#3563,#2806,#2807);
#2353=AXIS2_PLACEMENT_3D('',#3566,#2809,#2810);
#2354=AXIS2_PLACEMENT_3D('',#3567,#2811,#2812);
#2355=AXIS2_PLACEMENT_3D('',#3571,#2815,#2816);
#2356=AXIS2_PLACEMENT_3D('',#3573,#2817,#2818);
#2357=AXIS2_PLACEMENT_3D('',#3576,#2820,#2821);
#2358=AXIS2_PLACEMENT_3D('',#3577,#2822,#2823);
#2359=AXIS2_PLACEMENT_3D('',#3579,#2824,#2825);
#2360=AXIS2_PLACEMENT_3D('',#3580,#2826,#2827);
#2361=AXIS2_PLACEMENT_3D('',#3581,#2828,#2829);
#2362=AXIS2_PLACEMENT_3D('',#3583,#2830,#2831);
#2363=AXIS2_PLACEMENT_3D('',#3585,#2833,#2834);
#2364=AXIS2_PLACEMENT_3D('',#3587,#2835,#2836);
#2365=AXIS2_PLACEMENT_3D('',#3588,#2837,#2838);
#2366=AXIS2_PLACEMENT_3D('',#3589,#2839,#2840);
#2367=AXIS2_PLACEMENT_3D('',#3591,#2841,#2842);
#2368=AXIS2_PLACEMENT_3D('',#3593,#2844,#2845);
#2369=AXIS2_PLACEMENT_3D('',#3595,#2846,#2847);
#2370=AXIS2_PLACEMENT_3D('',#3596,#2848,#2849);
#2371=AXIS2_PLACEMENT_3D('',#3597,#2850,#2851);
#2372=AXIS2_PLACEMENT_3D('',#3599,#2852,#2853);
#2373=AXIS2_PLACEMENT_3D('',#3601,#2855,#2856);
#2374=AXIS2_PLACEMENT_3D('',#3602,#2857,#2858);
#2375=AXIS2_PLACEMENT_3D('',#3603,#2859,#2860);
#2376=AXIS2_PLACEMENT_3D('',#3607,#2862,#2863);
#2377=AXIS2_PLACEMENT_3D('',#3609,#2865,#2866);
#2378=AXIS2_PLACEMENT_3D('',#3613,#2869,#2870);
#2379=AXIS2_PLACEMENT_3D('',#3616,#2872,#2873);
#2380=AXIS2_PLACEMENT_3D('',#3617,#2874,#2875);
#2381=AXIS2_PLACEMENT_3D('',#3621,#2878,#2879);
#2382=AXIS2_PLACEMENT_3D('',#3623,#2880,#2881);
#2383=AXIS2_PLACEMENT_3D('',#3626,#2883,#2884);
#2384=AXIS2_PLACEMENT_3D('',#3627,#2885,#2886);
#2385=AXIS2_PLACEMENT_3D('',#3629,#2887,#2888);
#2386=AXIS2_PLACEMENT_3D('',#3630,#2889,#2890);
#2387=AXIS2_PLACEMENT_3D('',#3631,#2891,#2892);
#2388=AXIS2_PLACEMENT_3D('',#3633,#2893,#2894);
#2389=AXIS2_PLACEMENT_3D('',#3635,#2896,#2897);
#2390=AXIS2_PLACEMENT_3D('',#3637,#2898,#2899);
#2391=AXIS2_PLACEMENT_3D('',#3638,#2900,#2901);
#2392=AXIS2_PLACEMENT_3D('',#3639,#2902,#2903);
#2393=AXIS2_PLACEMENT_3D('',#3641,#2904,#2905);
#2394=AXIS2_PLACEMENT_3D('',#3643,#2907,#2908);
#2395=AXIS2_PLACEMENT_3D('',#3645,#2909,#2910);
#2396=AXIS2_PLACEMENT_3D('',#3646,#2911,#2912);
#2397=AXIS2_PLACEMENT_3D('',#3647,#2913,#2914);
#2398=AXIS2_PLACEMENT_3D('',#3649,#2915,#2916);
#2399=AXIS2_PLACEMENT_3D('',#3651,#2918,#2919);
#2400=AXIS2_PLACEMENT_3D('',#3652,#2920,#2921);
#2401=AXIS2_PLACEMENT_3D('',#3653,#2922,#2923);
#2402=AXIS2_PLACEMENT_3D('',#3657,#2925,#2926);
#2403=AXIS2_PLACEMENT_3D('',#3659,#2928,#2929);
#2404=AXIS2_PLACEMENT_3D('',#3663,#2932,#2933);
#2405=AXIS2_PLACEMENT_3D('',#3666,#2935,#2936);
#2406=AXIS2_PLACEMENT_3D('',#3667,#2937,#2938);
#2407=AXIS2_PLACEMENT_3D('',#3671,#2941,#2942);
#2408=AXIS2_PLACEMENT_3D('',#3673,#2943,#2944);
#2409=AXIS2_PLACEMENT_3D('',#3676,#2946,#2947);
#2410=AXIS2_PLACEMENT_3D('',#3677,#2948,#2949);
#2411=AXIS2_PLACEMENT_3D('',#3679,#2950,#2951);
#2412=AXIS2_PLACEMENT_3D('',#3680,#2952,#2953);
#2413=AXIS2_PLACEMENT_3D('',#3681,#2954,#2955);
#2414=AXIS2_PLACEMENT_3D('',#3683,#2956,#2957);
#2415=AXIS2_PLACEMENT_3D('',#3685,#2959,#2960);
#2416=AXIS2_PLACEMENT_3D('',#3687,#2961,#2962);
#2417=AXIS2_PLACEMENT_3D('',#3688,#2963,#2964);
#2418=AXIS2_PLACEMENT_3D('',#3689,#2965,#2966);
#2419=AXIS2_PLACEMENT_3D('',#3691,#2967,#2968);
#2420=AXIS2_PLACEMENT_3D('',#3693,#2970,#2971);
#2421=AXIS2_PLACEMENT_3D('',#3695,#2972,#2973);
#2422=AXIS2_PLACEMENT_3D('',#3696,#2974,#2975);
#2423=AXIS2_PLACEMENT_3D('',#3697,#2976,#2977);
#2424=AXIS2_PLACEMENT_3D('',#3699,#2978,#2979);
#2425=AXIS2_PLACEMENT_3D('',#3701,#2981,#2982);
#2426=AXIS2_PLACEMENT_3D('',#3702,#2983,#2984);
#2427=AXIS2_PLACEMENT_3D('',#3703,#2985,#2986);
#2428=AXIS2_PLACEMENT_3D('',#3707,#2988,#2989);
#2429=AXIS2_PLACEMENT_3D('',#3709,#2991,#2992);
#2430=AXIS2_PLACEMENT_3D('',#3713,#2995,#2996);
#2431=AXIS2_PLACEMENT_3D('',#3716,#2998,#2999);
#2432=AXIS2_PLACEMENT_3D('',#3717,#3000,#3001);
#2433=AXIS2_PLACEMENT_3D('',#3721,#3004,#3005);
#2434=AXIS2_PLACEMENT_3D('',#3723,#3006,#3007);
#2435=AXIS2_PLACEMENT_3D('',#3726,#3009,#3010);
#2436=AXIS2_PLACEMENT_3D('',#3727,#3011,#3012);
#2437=AXIS2_PLACEMENT_3D('',#3729,#3013,#3014);
#2438=AXIS2_PLACEMENT_3D('',#3730,#3015,#3016);
#2439=AXIS2_PLACEMENT_3D('',#3731,#3017,#3018);
#2440=AXIS2_PLACEMENT_3D('',#3733,#3019,#3020);
#2441=AXIS2_PLACEMENT_3D('',#3735,#3022,#3023);
#2442=AXIS2_PLACEMENT_3D('',#3737,#3024,#3025);
#2443=AXIS2_PLACEMENT_3D('',#3738,#3026,#3027);
#2444=AXIS2_PLACEMENT_3D('',#3739,#3028,#3029);
#2445=AXIS2_PLACEMENT_3D('',#3741,#3030,#3031);
#2446=AXIS2_PLACEMENT_3D('',#3743,#3033,#3034);
#2447=AXIS2_PLACEMENT_3D('',#3745,#3035,#3036);
#2448=AXIS2_PLACEMENT_3D('',#3746,#3037,#3038);
#2449=AXIS2_PLACEMENT_3D('',#3747,#3039,#3040);
#2450=AXIS2_PLACEMENT_3D('',#3749,#3041,#3042);
#2451=AXIS2_PLACEMENT_3D('',#3751,#3044,#3045);
#2452=AXIS2_PLACEMENT_3D('',#3752,#3046,#3047);
#2453=AXIS2_PLACEMENT_3D('',#3753,#3048,#3049);
#2454=AXIS2_PLACEMENT_3D('',#3757,#3051,#3052);
#2455=AXIS2_PLACEMENT_3D('',#3759,#3054,#3055);
#2456=AXIS2_PLACEMENT_3D('',#3763,#3058,#3059);
#2457=AXIS2_PLACEMENT_3D('',#3766,#3061,#3062);
#2458=AXIS2_PLACEMENT_3D('',#3767,#3063,#3064);
#2459=AXIS2_PLACEMENT_3D('',#3771,#3067,#3068);
#2460=AXIS2_PLACEMENT_3D('',#3774,#3070,#3071);
#2461=AXIS2_PLACEMENT_3D('',#3775,#3072,#3073);
#2462=AXIS2_PLACEMENT_3D('',#3777,#3074,#3075);
#2463=AXIS2_PLACEMENT_3D('',#3778,#3076,#3077);
#2464=AXIS2_PLACEMENT_3D('',#3781,#3079,#3080);
#2465=AXIS2_PLACEMENT_3D('',#3782,#3081,#3082);
#2466=AXIS2_PLACEMENT_3D('',#3785,#3084,#3085);
#2467=AXIS2_PLACEMENT_3D('',#3786,#3086,#3087);
#2468=AXIS2_PLACEMENT_3D('',#3788,#3088,#3089);
#2469=AXIS2_PLACEMENT_3D('',#3789,#3090,#3091);
#2470=AXIS2_PLACEMENT_3D('',#3792,#3093,#3094);
#2471=AXIS2_PLACEMENT_3D('',#3793,#3095,#3096);
#2472=AXIS2_PLACEMENT_3D('',#3796,#3098,#3099);
#2473=AXIS2_PLACEMENT_3D('',#3797,#3100,#3101);
#2474=AXIS2_PLACEMENT_3D('',#3799,#3102,#3103);
#2475=AXIS2_PLACEMENT_3D('',#3800,#3104,#3105);
#2476=AXIS2_PLACEMENT_3D('',#3803,#3107,#3108);
#2477=AXIS2_PLACEMENT_3D('',#3804,#3109,#3110);
#2478=AXIS2_PLACEMENT_3D('',#3807,#3112,#3113);
#2479=AXIS2_PLACEMENT_3D('',#3808,#3114,#3115);
#2480=AXIS2_PLACEMENT_3D('',#3810,#3116,#3117);
#2481=AXIS2_PLACEMENT_3D('',#3811,#3118,#3119);
#2482=AXIS2_PLACEMENT_3D('',#3814,#3121,#3122);
#2483=AXIS2_PLACEMENT_3D('',#3815,#3123,#3124);
#2484=AXIS2_PLACEMENT_3D('',#3819,#3127,#3128);
#2485=AXIS2_PLACEMENT_3D('',#3822,#3130,#3131);
#2486=AXIS2_PLACEMENT_3D('',#3823,#3132,#3133);
#2487=AXIS2_PLACEMENT_3D('',#3827,#3136,#3137);
#2488=AXIS2_PLACEMENT_3D('',#3828,#3138,#3139);
#2489=AXIS2_PLACEMENT_3D('',#3829,#3140,#3141);
#2490=AXIS2_PLACEMENT_3D('',#3831,#3142,#3143);
#2491=AXIS2_PLACEMENT_3D('',#3833,#3145,#3146);
#2492=AXIS2_PLACEMENT_3D('',#3836,#3147,#3148);
#2493=AXIS2_PLACEMENT_3D('',#3840,#3150,#3151);
#2494=AXIS2_PLACEMENT_3D('',#3844,#3153,#3154);
#2495=AXIS2_PLACEMENT_3D('',#3848,#3156,#3157);
#2496=AXIS2_PLACEMENT_3D('',#3852,#3160,#3161);
#2497=AXIS2_PLACEMENT_3D('',#3856,#3163,#3164);
#2498=AXIS2_PLACEMENT_3D('',#3859,#3166,#3167);
#2499=AXIS2_PLACEMENT_3D('',#3863,#3169,#3170);
#2500=AXIS2_PLACEMENT_3D('',#3866,#3172,#3173);
#2501=AXIS2_PLACEMENT_3D('',#3870,#3175,#3176);
#2502=AXIS2_PLACEMENT_3D('',#3873,#3178,#3179);
#2503=AXIS2_PLACEMENT_3D('',#3877,#3181,#3182);
#2504=AXIS2_PLACEMENT_3D('',#3880,#3184,#3185);
#2505=AXIS2_PLACEMENT_3D('',#3884,#3187,#3188);
#2506=AXIS2_PLACEMENT_3D('',#3886,#3190,#3191);
#2507=AXIS2_PLACEMENT_3D('',#3887,#3192,#3193);
#2508=AXIS2_PLACEMENT_3D('',#3889,#3195,#3196);
#2509=AXIS2_PLACEMENT_3D('',#3891,#3198,#3199);
#2510=AXIS2_PLACEMENT_3D('',#3893,#3201,#3202);
#2511=AXIS2_PLACEMENT_3D('',#3894,#3203,#3204);
#2512=AXIS2_PLACEMENT_3D('',#3896,#3206,#3207);
#2513=AXIS2_PLACEMENT_3D('',#3898,#3209,#3210);
#2514=AXIS2_PLACEMENT_3D('',#3900,#3212,#3213);
#2515=AXIS2_PLACEMENT_3D('',#3901,#3214,#3215);
#2516=AXIS2_PLACEMENT_3D('',#3903,#3217,#3218);
#2517=AXIS2_PLACEMENT_3D('',#3905,#3220,#3221);
#2518=AXIS2_PLACEMENT_3D('',#3907,#3223,#3224);
#2519=AXIS2_PLACEMENT_3D('',#3908,#3225,#3226);
#2520=AXIS2_PLACEMENT_3D('',#3910,#3228,#3229);
#2521=AXIS2_PLACEMENT_3D('',#3912,#3231,#3232);
#2522=AXIS2_PLACEMENT_3D('',#3914,#3234,#3235);
#2523=AXIS2_PLACEMENT_3D('',#3915,#3236,#3237);
#2524=AXIS2_PLACEMENT_3D('',#3917,#3239,#3240);
#2525=AXIS2_PLACEMENT_3D('',#3919,#3242,#3243);
#2526=AXIS2_PLACEMENT_3D('',#3921,#3245,#3246);
#2527=AXIS2_PLACEMENT_3D('',#3922,#3247,#3248);
#2528=AXIS2_PLACEMENT_3D('',#3924,#3249,#3250);
#2529=AXIS2_PLACEMENT_3D('',#3926,#3251,#3252);
#2530=AXIS2_PLACEMENT_3D('',#3927,#3253,#3254);
#2531=AXIS2_PLACEMENT_3D('',#3928,#3255,#3256);
#2532=AXIS2_PLACEMENT_3D('',#3930,#3257,#3258);
#2533=AXIS2_PLACEMENT_3D('',#3932,#3260,#3261);
#2534=AXIS2_PLACEMENT_3D('',#3934,#3262,#3263);
#2535=AXIS2_PLACEMENT_3D('',#3935,#3264,#3265);
#2536=AXIS2_PLACEMENT_3D('',#3936,#3266,#3267);
#2537=AXIS2_PLACEMENT_3D('',#3938,#3268,#3269);
#2538=AXIS2_PLACEMENT_3D('',#3940,#3271,#3272);
#2539=AXIS2_PLACEMENT_3D('',#3942,#3273,#3274);
#2540=AXIS2_PLACEMENT_3D('',#3943,#3275,#3276);
#2541=AXIS2_PLACEMENT_3D('',#3944,#3277,#3278);
#2542=AXIS2_PLACEMENT_3D('',#3946,#3279,#3280);
#2543=AXIS2_PLACEMENT_3D('',#3948,#3282,#3283);
#2544=AXIS2_PLACEMENT_3D('',#3950,#3284,#3285);
#2545=AXIS2_PLACEMENT_3D('',#3951,#3286,#3287);
#2546=AXIS2_PLACEMENT_3D('',#3952,#3288,#3289);
#2547=AXIS2_PLACEMENT_3D('',#3954,#3291,#3292);
#2548=AXIS2_PLACEMENT_3D('',#3957,#3295,#3296);
#2549=AXIS2_PLACEMENT_3D('',#3959,#3298,#3299);
#2550=AXIS2_PLACEMENT_3D('',#3961,#3301,#3302);
#2551=AXIS2_PLACEMENT_3D('',#3963,#3304,#3305);
#2552=AXIS2_PLACEMENT_3D('',#3965,#3307,#3308);
#2553=AXIS2_PLACEMENT_3D('',#3967,#3310,#3311);
#2554=AXIS2_PLACEMENT_3D('',#3969,#3313,#3314);
#2555=DIRECTION('axis',(0.,0.,1.));
#2556=DIRECTION('refdir',(1.,0.,0.));
#2557=DIRECTION('center_axis',(0.,0.,-1.));
#2558=DIRECTION('ref_axis',(1.,0.,0.));
#2559=DIRECTION('center_axis',(1.,0.,0.));
#2560=DIRECTION('ref_axis',(0.,0.,1.));
#2561=DIRECTION('center_axis',(0.,0.,-1.));
#2562=DIRECTION('ref_axis',(1.,0.,0.));
#2563=DIRECTION('center_axis',(1.,0.,0.));
#2564=DIRECTION('ref_axis',(0.,1.,0.));
#2565=DIRECTION('center_axis',(0.,0.,1.));
#2566=DIRECTION('ref_axis',(1.,0.,0.));
#2567=DIRECTION('center_axis',(-1.,0.,0.));
#2568=DIRECTION('ref_axis',(0.,0.707106781186548,0.707106781186547));
#2569=DIRECTION('center_axis',(1.,0.,0.));
#2570=DIRECTION('ref_axis',(0.,1.,0.));
#2571=DIRECTION('',(1.,0.,0.));
#2572=DIRECTION('',(-1.,0.,0.));
#2573=DIRECTION('center_axis',(0.,0.,-1.));
#2574=DIRECTION('ref_axis',(-1.,0.,0.));
#2575=DIRECTION('center_axis',(-1.,0.,0.));
#2576=DIRECTION('ref_axis',(0.,-1.,0.));
#2577=DIRECTION('center_axis',(0.,0.,1.));
#2578=DIRECTION('ref_axis',(-1.,0.,0.));
#2579=DIRECTION('center_axis',(0.,0.,-1.));
#2580=DIRECTION('ref_axis',(-1.,0.,0.));
#2581=DIRECTION('center_axis',(1.,0.,0.));
#2582=DIRECTION('ref_axis',(0.,-0.707106781186548,0.707106781186547));
#2583=DIRECTION('',(-1.,0.,0.));
#2584=DIRECTION('',(1.,0.,0.));
#2585=DIRECTION('center_axis',(0.,-1.,0.));
#2586=DIRECTION('ref_axis',(-1.,0.,0.));
#2587=DIRECTION('',(0.,0.,-1.));
#2588=DIRECTION('',(1.,0.,0.));
#2589=DIRECTION('',(0.,0.,-1.));
#2590=DIRECTION('center_axis',(0.,0.,-1.));
#2591=DIRECTION('ref_axis',(1.,0.,0.));
#2592=DIRECTION('',(0.,0.,-1.));
#2593=DIRECTION('center_axis',(0.,0.,1.));
#2594=DIRECTION('ref_axis',(1.,0.,0.));
#2595=DIRECTION('center_axis',(0.,0.,1.));
#2596=DIRECTION('ref_axis',(1.,0.,0.));
#2597=DIRECTION('center_axis',(0.,0.,-1.));
#2598=DIRECTION('ref_axis',(-0.707106781186548,-0.707106781186548,0.));
#2599=DIRECTION('',(-1.,0.,0.));
#2600=DIRECTION('center_axis',(0.,0.,-1.));
#2601=DIRECTION('ref_axis',(0.707106781186547,-0.707106781186548,0.));
#2602=DIRECTION('',(0.,-1.,0.));
#2603=DIRECTION('center_axis',(0.,0.,-1.));
#2604=DIRECTION('ref_axis',(0.707106781186548,0.707106781186548,0.));
#2605=DIRECTION('',(1.,0.,0.));
#2606=DIRECTION('center_axis',(0.,0.,-1.));
#2607=DIRECTION('ref_axis',(-0.707106781186548,0.707106781186547,0.));
#2608=DIRECTION('',(0.,1.,0.));
#2609=DIRECTION('',(1.,0.,0.));
#2610=DIRECTION('center_axis',(0.,0.,1.));
#2611=DIRECTION('ref_axis',(-0.707106781186549,-0.707106781186546,0.));
#2612=DIRECTION('',(0.,-1.,0.));
#2613=DIRECTION('center_axis',(0.,0.,1.));
#2614=DIRECTION('ref_axis',(-0.707106781186547,0.707106781186548,0.));
#2615=DIRECTION('',(-1.,0.,0.));
#2616=DIRECTION('center_axis',(0.,0.,1.));
#2617=DIRECTION('ref_axis',(0.707106781186546,0.707106781186549,0.));
#2618=DIRECTION('',(0.,1.,0.));
#2619=DIRECTION('center_axis',(0.,0.,1.));
#2620=DIRECTION('ref_axis',(0.707106781186547,-0.707106781186548,0.));
#2621=DIRECTION('',(1.,0.,0.));
#2622=DIRECTION('center_axis',(0.,0.,1.));
#2623=DIRECTION('ref_axis',(-0.707106781186544,-0.70710678118655,0.));
#2624=DIRECTION('',(0.,-1.,0.));
#2625=DIRECTION('center_axis',(0.,0.,1.));
#2626=DIRECTION('ref_axis',(-0.707106781186549,0.707106781186546,0.));
#2627=DIRECTION('',(-1.,0.,0.));
#2628=DIRECTION('center_axis',(0.,0.,1.));
#2629=DIRECTION('ref_axis',(0.707106781186549,0.707106781186546,0.));
#2630=DIRECTION('',(0.,1.,0.));
#2631=DIRECTION('center_axis',(0.,0.,1.));
#2632=DIRECTION('ref_axis',(0.707106781186546,-0.707106781186549,0.));
#2633=DIRECTION('',(1.,0.,0.));
#2634=DIRECTION('center_axis',(0.,0.,1.));
#2635=DIRECTION('ref_axis',(-0.707106781186548,-0.707106781186548,0.));
#2636=DIRECTION('',(0.,-1.,0.));
#2637=DIRECTION('center_axis',(0.,0.,1.));
#2638=DIRECTION('ref_axis',(-0.707106781186546,0.707106781186549,0.));
#2639=DIRECTION('',(-1.,0.,0.));
#2640=DIRECTION('center_axis',(0.,0.,1.));
#2641=DIRECTION('ref_axis',(0.707106781186547,0.707106781186547,0.));
#2642=DIRECTION('',(0.,1.,0.));
#2643=DIRECTION('center_axis',(0.,0.,1.));
#2644=DIRECTION('ref_axis',(0.707106781186547,-0.707106781186548,0.));
#2645=DIRECTION('center_axis',(0.,0.,-1.));
#2646=DIRECTION('ref_axis',(1.,0.,0.));
#2647=DIRECTION('center_axis',(0.,0.,-1.));
#2648=DIRECTION('ref_axis',(1.,0.,0.));
#2649=DIRECTION('center_axis',(0.,0.,-1.));
#2650=DIRECTION('ref_axis',(1.,0.,0.));
#2651=DIRECTION('center_axis',(0.,0.,-1.));
#2652=DIRECTION('ref_axis',(1.,0.,0.));
#2653=DIRECTION('',(1.,0.,0.));
#2654=DIRECTION('center_axis',(0.,0.,1.));
#2655=DIRECTION('ref_axis',(-0.707106781186546,-0.707106781186549,0.));
#2656=DIRECTION('',(0.,-1.,0.));
#2657=DIRECTION('center_axis',(0.,0.,1.));
#2658=DIRECTION('ref_axis',(-0.707106781186548,0.707106781186548,0.));
#2659=DIRECTION('',(-1.,0.,0.));
#2660=DIRECTION('center_axis',(0.,0.,1.));
#2661=DIRECTION('ref_axis',(0.707106781186549,0.707106781186546,0.));
#2662=DIRECTION('',(0.,1.,0.));
#2663=DIRECTION('center_axis',(0.,0.,1.));
#2664=DIRECTION('ref_axis',(0.707106781186548,-0.707106781186548,0.));
#2665=DIRECTION('',(1.,0.,0.));
#2666=DIRECTION('center_axis',(0.,0.,1.));
#2667=DIRECTION('ref_axis',(-0.707106781186548,-0.707106781186548,0.));
#2668=DIRECTION('',(0.,-1.,0.));
#2669=DIRECTION('center_axis',(0.,0.,1.));
#2670=DIRECTION('ref_axis',(-0.707106781186549,0.707106781186546,0.));
#2671=DIRECTION('',(-1.,0.,0.));
#2672=DIRECTION('center_axis',(0.,0.,1.));
#2673=DIRECTION('ref_axis',(0.707106781186548,0.707106781186547,0.));
#2674=DIRECTION('',(0.,1.,0.));
#2675=DIRECTION('center_axis',(0.,0.,1.));
#2676=DIRECTION('ref_axis',(0.707106781186548,-0.707106781186547,0.));
#2677=DIRECTION('',(1.,0.,0.));
#2678=DIRECTION('center_axis',(0.,0.,1.));
#2679=DIRECTION('ref_axis',(-0.707106781186546,-0.707106781186549,0.));
#2680=DIRECTION('',(0.,-1.,0.));
#2681=DIRECTION('center_axis',(0.,0.,1.));
#2682=DIRECTION('ref_axis',(-0.707106781186549,0.707106781186546,0.));
#2683=DIRECTION('',(-1.,0.,0.));
#2684=DIRECTION('center_axis',(0.,0.,1.));
#2685=DIRECTION('ref_axis',(0.707106781186549,0.707106781186546,0.));
#2686=DIRECTION('',(0.,1.,0.));
#2687=DIRECTION('center_axis',(0.,0.,1.));
#2688=DIRECTION('ref_axis',(0.707106781186546,-0.707106781186549,0.));
#2689=DIRECTION('center_axis',(-1.,0.,0.));
#2690=DIRECTION('ref_axis',(0.,0.707106781186548,0.707106781186547));
#2691=DIRECTION('center_axis',(-1.,0.,0.));
#2692=DIRECTION('ref_axis',(0.,0.,1.));
#2693=DIRECTION('',(-1.,0.,0.));
#2694=DIRECTION('center_axis',(1.,0.,0.));
#2695=DIRECTION('ref_axis',(0.,1.,0.));
#2696=DIRECTION('center_axis',(0.,0.,-1.));
#2697=DIRECTION('ref_axis',(-1.,0.,0.));
#2698=DIRECTION('center_axis',(0.,-1.,0.));
#2699=DIRECTION('ref_axis',(1.,0.,0.));
#2700=DIRECTION('center_axis',(0.,0.,-1.));
#2701=DIRECTION('ref_axis',(-0.707106781186549,-0.707106781186546,0.));
#2702=DIRECTION('center_axis',(0.,1.,0.));
#2703=DIRECTION('ref_axis',(0.707106781186548,0.,0.707106781186547));
#2704=DIRECTION('center_axis',(0.,-1.,0.));
#2705=DIRECTION('ref_axis',(1.,0.,0.));
#2706=DIRECTION('',(0.,1.,0.));
#2707=DIRECTION('center_axis',(0.,0.,-1.));
#2708=DIRECTION('ref_axis',(-1.,0.,0.));
#2709=DIRECTION('center_axis',(-1.,0.,0.));
#2710=DIRECTION('ref_axis',(0.,-1.,0.));
#2711=DIRECTION('center_axis',(0.,0.,-1.));
#2712=DIRECTION('ref_axis',(-0.707106781186547,0.707106781186548,0.));
#2713=DIRECTION('center_axis',(1.,0.,0.));
#2714=DIRECTION('ref_axis',(0.,-0.707106781186548,0.707106781186547));
#2715=DIRECTION('center_axis',(-1.,0.,0.));
#2716=DIRECTION('ref_axis',(0.,-1.,0.));
#2717=DIRECTION('',(1.,0.,0.));
#2718=DIRECTION('center_axis',(0.,0.,-1.));
#2719=DIRECTION('ref_axis',(-1.,0.,0.));
#2720=DIRECTION('center_axis',(-8.32667268468867E-15,1.,0.));
#2721=DIRECTION('ref_axis',(-1.,-8.32667268468867E-15,0.));
#2722=DIRECTION('center_axis',(0.,0.,-1.));
#2723=DIRECTION('ref_axis',(0.707106781186546,0.707106781186549,0.));
#2724=DIRECTION('center_axis',(0.,-1.,0.));
#2725=DIRECTION('ref_axis',(-0.707106781186548,0.,0.707106781186547));
#2726=DIRECTION('center_axis',(0.,1.,0.));
#2727=DIRECTION('ref_axis',(-1.,0.,0.));
#2728=DIRECTION('',(0.,-1.,0.));
#2729=DIRECTION('center_axis',(0.,0.,-1.));
#2730=DIRECTION('ref_axis',(-1.,0.,0.));
#2731=DIRECTION('center_axis',(0.,0.,-1.));
#2732=DIRECTION('ref_axis',(0.707106781186547,-0.707106781186548,0.));
#2733=DIRECTION('center_axis',(0.,0.,-1.));
#2734=DIRECTION('ref_axis',(0.,1.,0.));
#2735=DIRECTION('',(0.,0.,-1.));
#2736=DIRECTION('center_axis',(0.,0.,1.));
#2737=DIRECTION('ref_axis',(0.,1.,0.));
#2738=DIRECTION('',(0.,0.,-1.));
#2739=DIRECTION('center_axis',(-1.,0.,0.));
#2740=DIRECTION('ref_axis',(0.,1.,0.));
#2741=DIRECTION('',(0.,0.,-1.));
#2742=DIRECTION('',(0.,-1.,0.));
#2743=DIRECTION('center_axis',(0.,0.,-1.));
#2744=DIRECTION('ref_axis',(-1.,0.,0.));
#2745=DIRECTION('',(0.,0.,-1.));
#2746=DIRECTION('center_axis',(0.,0.,1.));
#2747=DIRECTION('ref_axis',(-1.,0.,0.));
#2748=DIRECTION('center_axis',(0.,-1.,0.));
#2749=DIRECTION('ref_axis',(-1.,0.,0.));
#2750=DIRECTION('',(0.,0.,-1.));
#2751=DIRECTION('',(1.,0.,0.));
#2752=DIRECTION('center_axis',(-1.,0.,0.));
#2753=DIRECTION('ref_axis',(0.,0.707106781186548,0.707106781186547));
#2754=DIRECTION('center_axis',(-1.,0.,0.));
#2755=DIRECTION('ref_axis',(0.,0.,1.));
#2756=DIRECTION('',(-1.,0.,0.));
#2757=DIRECTION('center_axis',(1.,0.,0.));
#2758=DIRECTION('ref_axis',(0.,1.,0.));
#2759=DIRECTION('center_axis',(0.,0.,-1.));
#2760=DIRECTION('ref_axis',(-1.,0.,0.));
#2761=DIRECTION('center_axis',(0.,-1.,0.));
#2762=DIRECTION('ref_axis',(1.,0.,0.));
#2763=DIRECTION('center_axis',(0.,0.,-1.));
#2764=DIRECTION('ref_axis',(-0.707106781186546,-0.707106781186549,0.));
#2765=DIRECTION('center_axis',(0.,1.,0.));
#2766=DIRECTION('ref_axis',(0.707106781186548,0.,0.707106781186547));
#2767=DIRECTION('center_axis',(0.,-1.,0.));
#2768=DIRECTION('ref_axis',(1.,0.,0.));
#2769=DIRECTION('',(0.,1.,0.));
#2770=DIRECTION('center_axis',(0.,0.,-1.));
#2771=DIRECTION('ref_axis',(-1.,0.,0.));
#2772=DIRECTION('center_axis',(-1.,0.,0.));
#2773=DIRECTION('ref_axis',(0.,-1.,0.));
#2774=DIRECTION('center_axis',(0.,0.,-1.));
#2775=DIRECTION('ref_axis',(-0.707106781186549,0.707106781186546,0.));
#2776=DIRECTION('center_axis',(1.,0.,0.));
#2777=DIRECTION('ref_axis',(0.,-0.707106781186548,0.707106781186547));
#2778=DIRECTION('center_axis',(-1.,0.,0.));
#2779=DIRECTION('ref_axis',(0.,-1.,0.));
#2780=DIRECTION('',(1.,0.,0.));
#2781=DIRECTION('center_axis',(0.,0.,-1.));
#2782=DIRECTION('ref_axis',(-1.,0.,0.));
#2783=DIRECTION('center_axis',(5.55111512312578E-15,1.,0.));
#2784=DIRECTION('ref_axis',(-1.,5.55111512312578E-15,0.));
#2785=DIRECTION('center_axis',(0.,0.,-1.));
#2786=DIRECTION('ref_axis',(0.707106781186549,0.707106781186546,0.));
#2787=DIRECTION('center_axis',(0.,-1.,0.));
#2788=DIRECTION('ref_axis',(-0.707106781186548,0.,0.707106781186547));
#2789=DIRECTION('center_axis',(0.,1.,0.));
#2790=DIRECTION('ref_axis',(-1.,0.,0.));
#2791=DIRECTION('',(0.,-1.,0.));
#2792=DIRECTION('center_axis',(0.,0.,-1.));
#2793=DIRECTION('ref_axis',(-1.,0.,0.));
#2794=DIRECTION('center_axis',(0.,0.,-1.));
#2795=DIRECTION('ref_axis',(0.707106781186546,-0.707106781186549,0.));
#2796=DIRECTION('center_axis',(0.,0.,-1.));
#2797=DIRECTION('ref_axis',(-2.96059473233374E-15,1.,0.));
#2798=DIRECTION('',(0.,0.,-1.));
#2799=DIRECTION('center_axis',(0.,0.,1.));
#2800=DIRECTION('ref_axis',(-2.96059473233374E-15,1.,0.));
#2801=DIRECTION('',(0.,0.,-1.));
#2802=DIRECTION('center_axis',(-1.,0.,0.));
#2803=DIRECTION('ref_axis',(0.,1.,0.));
#2804=DIRECTION('',(0.,0.,-1.));
#2805=DIRECTION('',(0.,-1.,0.));
#2806=DIRECTION('center_axis',(0.,0.,-1.));
#2807=DIRECTION('ref_axis',(-1.,-2.96059473233374E-15,0.));
#2808=DIRECTION('',(0.,0.,-1.));
#2809=DIRECTION('center_axis',(0.,0.,1.));
#2810=DIRECTION('ref_axis',(-1.,-2.96059473233374E-15,0.));
#2811=DIRECTION('center_axis',(0.,-1.,0.));
#2812=DIRECTION('ref_axis',(-1.,0.,0.));
#2813=DIRECTION('',(0.,0.,-1.));
#2814=DIRECTION('',(1.,0.,0.));
#2815=DIRECTION('center_axis',(-1.,0.,0.));
#2816=DIRECTION('ref_axis',(0.,0.707106781186548,0.707106781186547));
#2817=DIRECTION('center_axis',(-1.,0.,0.));
#2818=DIRECTION('ref_axis',(0.,0.,1.));
#2819=DIRECTION('',(-1.,0.,0.));
#2820=DIRECTION('center_axis',(1.,0.,0.));
#2821=DIRECTION('ref_axis',(0.,1.,0.));
#2822=DIRECTION('center_axis',(0.,0.,-1.));
#2823=DIRECTION('ref_axis',(-1.,0.,0.));
#2824=DIRECTION('center_axis',(-5.55111512312578E-15,-1.,0.));
#2825=DIRECTION('ref_axis',(1.,-5.55111512312578E-15,0.));
#2826=DIRECTION('center_axis',(0.,0.,-1.));
#2827=DIRECTION('ref_axis',(-0.707106781186545,-0.707106781186551,0.));
#2828=DIRECTION('center_axis',(0.,1.,0.));
#2829=DIRECTION('ref_axis',(0.707106781186548,0.,0.707106781186547));
#2830=DIRECTION('center_axis',(0.,-1.,0.));
#2831=DIRECTION('ref_axis',(1.,0.,0.));
#2832=DIRECTION('',(0.,1.,0.));
#2833=DIRECTION('center_axis',(0.,0.,-1.));
#2834=DIRECTION('ref_axis',(-1.,0.,0.));
#2835=DIRECTION('center_axis',(-1.,0.,0.));
#2836=DIRECTION('ref_axis',(0.,-1.,0.));
#2837=DIRECTION('center_axis',(0.,0.,-1.));
#2838=DIRECTION('ref_axis',(-0.707106781186549,0.707106781186546,0.));
#2839=DIRECTION('center_axis',(1.,0.,0.));
#2840=DIRECTION('ref_axis',(0.,-0.707106781186548,0.707106781186547));
#2841=DIRECTION('center_axis',(-1.,0.,0.));
#2842=DIRECTION('ref_axis',(0.,-1.,0.));
#2843=DIRECTION('',(1.,0.,0.));
#2844=DIRECTION('center_axis',(0.,0.,-1.));
#2845=DIRECTION('ref_axis',(-1.,0.,0.));
#2846=DIRECTION('center_axis',(0.,1.,0.));
#2847=DIRECTION('ref_axis',(-1.,0.,0.));
#2848=DIRECTION('center_axis',(0.,0.,-1.));
#2849=DIRECTION('ref_axis',(0.707106781186549,0.707106781186546,0.));
#2850=DIRECTION('center_axis',(0.,-1.,0.));
#2851=DIRECTION('ref_axis',(-0.707106781186548,0.,0.707106781186547));
#2852=DIRECTION('center_axis',(0.,1.,0.));
#2853=DIRECTION('ref_axis',(-1.,0.,0.));
#2854=DIRECTION('',(0.,-1.,0.));
#2855=DIRECTION('center_axis',(0.,0.,-1.));
#2856=DIRECTION('ref_axis',(-1.,0.,0.));
#2857=DIRECTION('center_axis',(0.,0.,-1.));
#2858=DIRECTION('ref_axis',(0.707106781186546,-0.707106781186549,0.));
#2859=DIRECTION('center_axis',(0.,0.,-1.));
#2860=DIRECTION('ref_axis',(0.,1.,0.));
#2861=DIRECTION('',(0.,0.,-1.));
#2862=DIRECTION('center_axis',(0.,0.,1.));
#2863=DIRECTION('ref_axis',(0.,1.,0.));
#2864=DIRECTION('',(0.,0.,-1.));
#2865=DIRECTION('center_axis',(-1.,0.,0.));
#2866=DIRECTION('ref_axis',(0.,1.,0.));
#2867=DIRECTION('',(0.,0.,-1.));
#2868=DIRECTION('',(0.,-1.,0.));
#2869=DIRECTION('center_axis',(0.,0.,-1.));
#2870=DIRECTION('ref_axis',(-1.,2.96059473233376E-15,0.));
#2871=DIRECTION('',(0.,0.,-1.));
#2872=DIRECTION('center_axis',(0.,0.,1.));
#2873=DIRECTION('ref_axis',(-1.,2.96059473233376E-15,0.));
#2874=DIRECTION('center_axis',(0.,-1.,0.));
#2875=DIRECTION('ref_axis',(-1.,0.,0.));
#2876=DIRECTION('',(0.,0.,-1.));
#2877=DIRECTION('',(1.,0.,0.));
#2878=DIRECTION('center_axis',(-1.,0.,0.));
#2879=DIRECTION('ref_axis',(0.,0.707106781186548,0.707106781186547));
#2880=DIRECTION('center_axis',(-1.,0.,0.));
#2881=DIRECTION('ref_axis',(0.,0.,1.));
#2882=DIRECTION('',(-1.,0.,0.));
#2883=DIRECTION('center_axis',(1.,0.,0.));
#2884=DIRECTION('ref_axis',(0.,1.,0.));
#2885=DIRECTION('center_axis',(0.,0.,-1.));
#2886=DIRECTION('ref_axis',(-1.,0.,0.));
#2887=DIRECTION('center_axis',(5.55111512312578E-15,-1.,0.));
#2888=DIRECTION('ref_axis',(1.,5.55111512312578E-15,0.));
#2889=DIRECTION('center_axis',(0.,0.,-1.));
#2890=DIRECTION('ref_axis',(-0.707106781186547,-0.707106781186547,0.));
#2891=DIRECTION('center_axis',(0.,1.,0.));
#2892=DIRECTION('ref_axis',(0.707106781186548,0.,0.707106781186547));
#2893=DIRECTION('center_axis',(0.,-1.,0.));
#2894=DIRECTION('ref_axis',(1.,0.,0.));
#2895=DIRECTION('',(0.,1.,0.));
#2896=DIRECTION('center_axis',(0.,0.,-1.));
#2897=DIRECTION('ref_axis',(-1.,0.,0.));
#2898=DIRECTION('center_axis',(-1.,-2.77555756156289E-15,0.));
#2899=DIRECTION('ref_axis',(2.77555756156289E-15,-1.,0.));
#2900=DIRECTION('center_axis',(0.,0.,-1.));
#2901=DIRECTION('ref_axis',(-0.707106781186549,0.707106781186546,0.));
#2902=DIRECTION('center_axis',(1.,0.,0.));
#2903=DIRECTION('ref_axis',(0.,-0.707106781186548,0.707106781186547));
#2904=DIRECTION('center_axis',(-1.,0.,0.));
#2905=DIRECTION('ref_axis',(0.,-1.,0.));
#2906=DIRECTION('',(1.,0.,0.));
#2907=DIRECTION('center_axis',(0.,0.,-1.));
#2908=DIRECTION('ref_axis',(-1.,0.,0.));
#2909=DIRECTION('center_axis',(0.,1.,0.));
#2910=DIRECTION('ref_axis',(-1.,0.,0.));
#2911=DIRECTION('center_axis',(0.,0.,-1.));
#2912=DIRECTION('ref_axis',(0.707106781186548,0.707106781186547,0.));
#2913=DIRECTION('center_axis',(0.,-1.,0.));
#2914=DIRECTION('ref_axis',(-0.707106781186548,0.,0.707106781186547));
#2915=DIRECTION('center_axis',(0.,1.,0.));
#2916=DIRECTION('ref_axis',(-1.,0.,0.));
#2917=DIRECTION('',(0.,-1.,0.));
#2918=DIRECTION('center_axis',(0.,0.,-1.));
#2919=DIRECTION('ref_axis',(-1.,0.,0.));
#2920=DIRECTION('center_axis',(0.,0.,-1.));
#2921=DIRECTION('ref_axis',(0.707106781186548,-0.707106781186547,0.));
#2922=DIRECTION('center_axis',(0.,0.,-1.));
#2923=DIRECTION('ref_axis',(-2.22044604925031E-15,1.,0.));
#2924=DIRECTION('',(0.,0.,-1.));
#2925=DIRECTION('center_axis',(0.,0.,1.));
#2926=DIRECTION('ref_axis',(-2.22044604925031E-15,1.,0.));
#2927=DIRECTION('',(0.,0.,-1.));
#2928=DIRECTION('center_axis',(-1.,0.,0.));
#2929=DIRECTION('ref_axis',(0.,1.,0.));
#2930=DIRECTION('',(0.,0.,-1.));
#2931=DIRECTION('',(0.,-1.,0.));
#2932=DIRECTION('center_axis',(0.,0.,-1.));
#2933=DIRECTION('ref_axis',(-1.,-2.96059473233374E-15,0.));
#2934=DIRECTION('',(0.,0.,-1.));
#2935=DIRECTION('center_axis',(0.,0.,1.));
#2936=DIRECTION('ref_axis',(-1.,-2.96059473233374E-15,0.));
#2937=DIRECTION('center_axis',(0.,-1.,0.));
#2938=DIRECTION('ref_axis',(-1.,0.,0.));
#2939=DIRECTION('',(0.,0.,-1.));
#2940=DIRECTION('',(1.,0.,0.));
#2941=DIRECTION('center_axis',(-1.,0.,0.));
#2942=DIRECTION('ref_axis',(0.,0.707106781186548,0.707106781186547));
#2943=DIRECTION('center_axis',(-1.,0.,0.));
#2944=DIRECTION('ref_axis',(0.,0.,1.));
#2945=DIRECTION('',(-1.,0.,0.));
#2946=DIRECTION('center_axis',(1.,0.,0.));
#2947=DIRECTION('ref_axis',(0.,1.,0.));
#2948=DIRECTION('center_axis',(0.,0.,-1.));
#2949=DIRECTION('ref_axis',(-1.,0.,0.));
#2950=DIRECTION('center_axis',(1.38777878078144E-15,-1.,0.));
#2951=DIRECTION('ref_axis',(1.,1.38777878078144E-15,0.));
#2952=DIRECTION('center_axis',(0.,0.,-1.));
#2953=DIRECTION('ref_axis',(-0.707106781186547,-0.707106781186547,0.));
#2954=DIRECTION('center_axis',(0.,1.,0.));
#2955=DIRECTION('ref_axis',(0.707106781186548,0.,0.707106781186547));
#2956=DIRECTION('center_axis',(0.,-1.,0.));
#2957=DIRECTION('ref_axis',(1.,0.,0.));
#2958=DIRECTION('',(0.,1.,0.));
#2959=DIRECTION('center_axis',(0.,0.,-1.));
#2960=DIRECTION('ref_axis',(-1.,0.,0.));
#2961=DIRECTION('center_axis',(-1.,0.,0.));
#2962=DIRECTION('ref_axis',(0.,-1.,0.));
#2963=DIRECTION('center_axis',(0.,0.,-1.));
#2964=DIRECTION('ref_axis',(-0.707106781186546,0.707106781186549,0.));
#2965=DIRECTION('center_axis',(1.,0.,0.));
#2966=DIRECTION('ref_axis',(0.,-0.707106781186548,0.707106781186547));
#2967=DIRECTION('center_axis',(-1.,0.,0.));
#2968=DIRECTION('ref_axis',(0.,-1.,0.));
#2969=DIRECTION('',(1.,0.,0.));
#2970=DIRECTION('center_axis',(0.,0.,-1.));
#2971=DIRECTION('ref_axis',(-1.,0.,0.));
#2972=DIRECTION('center_axis',(2.77555756156289E-15,1.,0.));
#2973=DIRECTION('ref_axis',(-1.,2.77555756156289E-15,0.));
#2974=DIRECTION('center_axis',(0.,0.,-1.));
#2975=DIRECTION('ref_axis',(0.707106781186548,0.707106781186548,0.));
#2976=DIRECTION('center_axis',(0.,-1.,0.));
#2977=DIRECTION('ref_axis',(-0.707106781186548,0.,0.707106781186547));
#2978=DIRECTION('center_axis',(0.,1.,0.));
#2979=DIRECTION('ref_axis',(-1.,0.,0.));
#2980=DIRECTION('',(0.,-1.,0.));
#2981=DIRECTION('center_axis',(0.,0.,-1.));
#2982=DIRECTION('ref_axis',(-1.,0.,0.));
#2983=DIRECTION('center_axis',(0.,0.,-1.));
#2984=DIRECTION('ref_axis',(0.707106781186547,-0.707106781186548,0.));
#2985=DIRECTION('center_axis',(0.,0.,-1.));
#2986=DIRECTION('ref_axis',(0.,1.,0.));
#2987=DIRECTION('',(0.,0.,-1.));
#2988=DIRECTION('center_axis',(0.,0.,1.));
#2989=DIRECTION('ref_axis',(0.,1.,0.));
#2990=DIRECTION('',(0.,0.,-1.));
#2991=DIRECTION('center_axis',(-1.,0.,0.));
#2992=DIRECTION('ref_axis',(0.,1.,0.));
#2993=DIRECTION('',(0.,0.,-1.));
#2994=DIRECTION('',(0.,-1.,0.));
#2995=DIRECTION('center_axis',(0.,0.,-1.));
#2996=DIRECTION('ref_axis',(-1.,-1.48029736616687E-15,0.));
#2997=DIRECTION('',(0.,0.,-1.));
#2998=DIRECTION('center_axis',(0.,0.,1.));
#2999=DIRECTION('ref_axis',(-1.,-1.48029736616687E-15,0.));
#3000=DIRECTION('center_axis',(0.,-1.,0.));
#3001=DIRECTION('ref_axis',(-1.,0.,0.));
#3002=DIRECTION('',(0.,0.,-1.));
#3003=DIRECTION('',(1.,0.,0.));
#3004=DIRECTION('center_axis',(-1.,0.,0.));
#3005=DIRECTION('ref_axis',(0.,0.707106781186548,0.707106781186547));
#3006=DIRECTION('center_axis',(-1.,0.,0.));
#3007=DIRECTION('ref_axis',(0.,0.,1.));
#3008=DIRECTION('',(-1.,0.,0.));
#3009=DIRECTION('center_axis',(1.,0.,0.));
#3010=DIRECTION('ref_axis',(0.,1.,0.));
#3011=DIRECTION('center_axis',(0.,0.,-1.));
#3012=DIRECTION('ref_axis',(-1.,0.,0.));
#3013=DIRECTION('center_axis',(0.,-1.,0.));
#3014=DIRECTION('ref_axis',(1.,0.,0.));
#3015=DIRECTION('center_axis',(0.,0.,-1.));
#3016=DIRECTION('ref_axis',(-0.707106781186546,-0.707106781186549,0.));
#3017=DIRECTION('center_axis',(0.,1.,0.));
#3018=DIRECTION('ref_axis',(0.707106781186548,0.,0.707106781186547));
#3019=DIRECTION('center_axis',(0.,-1.,0.));
#3020=DIRECTION('ref_axis',(1.,0.,0.));
#3021=DIRECTION('',(0.,1.,0.));
#3022=DIRECTION('center_axis',(0.,0.,-1.));
#3023=DIRECTION('ref_axis',(-1.,0.,0.));
#3024=DIRECTION('center_axis',(-1.,-5.55111512312578E-15,0.));
#3025=DIRECTION('ref_axis',(5.55111512312578E-15,-1.,0.));
#3026=DIRECTION('center_axis',(0.,0.,-1.));
#3027=DIRECTION('ref_axis',(-0.707106781186548,0.707106781186548,0.));
#3028=DIRECTION('center_axis',(1.,0.,0.));
#3029=DIRECTION('ref_axis',(0.,-0.707106781186548,0.707106781186547));
#3030=DIRECTION('center_axis',(-1.,0.,0.));
#3031=DIRECTION('ref_axis',(0.,-1.,0.));
#3032=DIRECTION('',(1.,0.,0.));
#3033=DIRECTION('center_axis',(0.,0.,-1.));
#3034=DIRECTION('ref_axis',(-1.,0.,0.));
#3035=DIRECTION('center_axis',(0.,1.,0.));
#3036=DIRECTION('ref_axis',(-1.,0.,0.));
#3037=DIRECTION('center_axis',(0.,0.,-1.));
#3038=DIRECTION('ref_axis',(0.707106781186549,0.707106781186546,0.));
#3039=DIRECTION('center_axis',(0.,-1.,0.));
#3040=DIRECTION('ref_axis',(-0.707106781186548,0.,0.707106781186547));
#3041=DIRECTION('center_axis',(0.,1.,0.));
#3042=DIRECTION('ref_axis',(-1.,0.,0.));
#3043=DIRECTION('',(0.,-1.,0.));
#3044=DIRECTION('center_axis',(0.,0.,-1.));
#3045=DIRECTION('ref_axis',(-1.,0.,0.));
#3046=DIRECTION('center_axis',(0.,0.,-1.));
#3047=DIRECTION('ref_axis',(0.707106781186547,-0.707106781186547,0.));
#3048=DIRECTION('center_axis',(0.,0.,-1.));
#3049=DIRECTION('ref_axis',(-5.92118946466745E-15,1.,0.));
#3050=DIRECTION('',(0.,0.,-1.));
#3051=DIRECTION('center_axis',(0.,0.,1.));
#3052=DIRECTION('ref_axis',(-5.92118946466745E-15,1.,0.));
#3053=DIRECTION('',(0.,0.,-1.));
#3054=DIRECTION('center_axis',(-1.,0.,0.));
#3055=DIRECTION('ref_axis',(0.,1.,0.));
#3056=DIRECTION('',(0.,0.,-1.));
#3057=DIRECTION('',(0.,-1.,0.));
#3058=DIRECTION('center_axis',(0.,0.,-1.));
#3059=DIRECTION('ref_axis',(-1.,5.92118946466752E-15,0.));
#3060=DIRECTION('',(0.,0.,-1.));
#3061=DIRECTION('center_axis',(0.,0.,1.));
#3062=DIRECTION('ref_axis',(-1.,5.92118946466752E-15,0.));
#3063=DIRECTION('center_axis',(0.,-1.,0.));
#3064=DIRECTION('ref_axis',(-1.,0.,0.));
#3065=DIRECTION('',(0.,0.,-1.));
#3066=DIRECTION('',(1.,0.,0.));
#3067=DIRECTION('center_axis',(0.,0.,-1.));
#3068=DIRECTION('ref_axis',(1.,0.,0.));
#3069=DIRECTION('',(0.,0.,-1.));
#3070=DIRECTION('center_axis',(0.,0.,-1.));
#3071=DIRECTION('ref_axis',(1.,0.,0.));
#3072=DIRECTION('center_axis',(0.,0.,1.));
#3073=DIRECTION('ref_axis',(1.,0.,0.));
#3074=DIRECTION('center_axis',(0.,0.,1.));
#3075=DIRECTION('ref_axis',(1.,0.,0.));
#3076=DIRECTION('center_axis',(0.,0.,-1.));
#3077=DIRECTION('ref_axis',(1.,0.,0.));
#3078=DIRECTION('',(0.,0.,-1.));
#3079=DIRECTION('center_axis',(0.,0.,1.));
#3080=DIRECTION('ref_axis',(1.,0.,0.));
#3081=DIRECTION('center_axis',(0.,0.,-1.));
#3082=DIRECTION('ref_axis',(1.,0.,0.));
#3083=DIRECTION('',(0.,0.,-1.));
#3084=DIRECTION('center_axis',(0.,0.,-1.));
#3085=DIRECTION('ref_axis',(1.,0.,0.));
#3086=DIRECTION('center_axis',(0.,0.,1.));
#3087=DIRECTION('ref_axis',(1.,0.,0.));
#3088=DIRECTION('center_axis',(0.,0.,1.));
#3089=DIRECTION('ref_axis',(1.,0.,0.));
#3090=DIRECTION('center_axis',(0.,0.,-1.));
#3091=DIRECTION('ref_axis',(1.,0.,0.));
#3092=DIRECTION('',(0.,0.,-1.));
#3093=DIRECTION('center_axis',(0.,0.,1.));
#3094=DIRECTION('ref_axis',(1.,0.,0.));
#3095=DIRECTION('center_axis',(0.,0.,-1.));
#3096=DIRECTION('ref_axis',(1.,0.,0.));
#3097=DIRECTION('',(0.,0.,-1.));
#3098=DIRECTION('center_axis',(0.,0.,-1.));
#3099=DIRECTION('ref_axis',(1.,0.,0.));
#3100=DIRECTION('center_axis',(0.,0.,1.));
#3101=DIRECTION('ref_axis',(1.,0.,0.));
#3102=DIRECTION('center_axis',(0.,0.,1.));
#3103=DIRECTION('ref_axis',(1.,0.,0.));
#3104=DIRECTION('center_axis',(0.,0.,-1.));
#3105=DIRECTION('ref_axis',(1.,0.,0.));
#3106=DIRECTION('',(0.,0.,-1.));
#3107=DIRECTION('center_axis',(0.,0.,1.));
#3108=DIRECTION('ref_axis',(1.,0.,0.));
#3109=DIRECTION('center_axis',(0.,0.,-1.));
#3110=DIRECTION('ref_axis',(1.,0.,0.));
#3111=DIRECTION('',(0.,0.,-1.));
#3112=DIRECTION('center_axis',(0.,0.,-1.));
#3113=DIRECTION('ref_axis',(1.,0.,0.));
#3114=DIRECTION('center_axis',(0.,0.,1.));
#3115=DIRECTION('ref_axis',(1.,0.,0.));
#3116=DIRECTION('center_axis',(0.,0.,1.));
#3117=DIRECTION('ref_axis',(1.,0.,0.));
#3118=DIRECTION('center_axis',(0.,0.,-1.));
#3119=DIRECTION('ref_axis',(1.,0.,0.));
#3120=DIRECTION('',(0.,0.,-1.));
#3121=DIRECTION('center_axis',(0.,0.,1.));
#3122=DIRECTION('ref_axis',(1.,0.,0.));
#3123=DIRECTION('center_axis',(0.,1.,0.));
#3124=DIRECTION('ref_axis',(1.,0.,0.));
#3125=DIRECTION('',(-1.,0.,0.));
#3126=DIRECTION('',(0.,0.,-1.));
#3127=DIRECTION('center_axis',(0.,0.,-1.));
#3128=DIRECTION('ref_axis',(5.92118946466746E-15,-1.,0.));
#3129=DIRECTION('',(0.,0.,-1.));
#3130=DIRECTION('center_axis',(0.,0.,1.));
#3131=DIRECTION('ref_axis',(5.92118946466746E-15,-1.,0.));
#3132=DIRECTION('center_axis',(1.,0.,0.));
#3133=DIRECTION('ref_axis',(0.,-1.,0.));
#3134=DIRECTION('',(0.,0.,-1.));
#3135=DIRECTION('',(0.,1.,0.));
#3136=DIRECTION('center_axis',(0.,0.,-1.));
#3137=DIRECTION('ref_axis',(1.,7.40148683083432E-15,0.));
#3138=DIRECTION('center_axis',(0.,0.,1.));
#3139=DIRECTION('ref_axis',(1.,7.40148683083432E-15,0.));
#3140=DIRECTION('center_axis',(0.,0.,-1.));
#3141=DIRECTION('ref_axis',(-1.,-1.22464679914735E-16,0.));
#3142=DIRECTION('center_axis',(0.,0.,1.));
#3143=DIRECTION('ref_axis',(1.,0.,0.));
#3144=DIRECTION('',(0.,0.,-1.));
#3145=DIRECTION('center_axis',(0.,0.,1.));
#3146=DIRECTION('ref_axis',(1.,0.,0.));
#3147=DIRECTION('center_axis',(0.,0.,1.));
#3148=DIRECTION('ref_axis',(-0.707106781186548,-0.707106781186547,0.));
#3149=DIRECTION('',(0.,-1.,0.));
#3150=DIRECTION('center_axis',(0.,0.,1.));
#3151=DIRECTION('ref_axis',(-0.707106781186547,0.707106781186548,0.));
#3152=DIRECTION('',(-1.,0.,0.));
#3153=DIRECTION('center_axis',(0.,0.,1.));
#3154=DIRECTION('ref_axis',(0.707106781186547,0.707106781186547,0.));
#3155=DIRECTION('',(0.,1.,0.));
#3156=DIRECTION('center_axis',(0.,0.,1.));
#3157=DIRECTION('ref_axis',(0.707106781186547,-0.707106781186548,0.));
#3158=DIRECTION('',(1.,0.,0.));
#3159=DIRECTION('',(-1.,0.,0.));
#3160=DIRECTION('center_axis',(0.,0.,1.));
#3161=DIRECTION('ref_axis',(-1.18423789293351E-14,-1.,0.));
#3162=DIRECTION('',(0.,1.,0.));
#3163=DIRECTION('center_axis',(0.,0.,1.));
#3164=DIRECTION('ref_axis',(1.,0.,0.));
#3165=DIRECTION('',(-1.,0.,0.));
#3166=DIRECTION('center_axis',(0.,0.,1.));
#3167=DIRECTION('ref_axis',(-2.96059473233376E-15,-1.,0.));
#3168=DIRECTION('',(0.,1.,0.));
#3169=DIRECTION('center_axis',(0.,0.,1.));
#3170=DIRECTION('ref_axis',(1.,-4.44089209850066E-15,0.));
#3171=DIRECTION('',(-1.,0.,0.));
#3172=DIRECTION('center_axis',(0.,0.,1.));
#3173=DIRECTION('ref_axis',(1.48029736616688E-15,-1.,0.));
#3174=DIRECTION('',(0.,1.,0.));
#3175=DIRECTION('center_axis',(0.,0.,1.));
#3176=DIRECTION('ref_axis',(1.,0.,0.));
#3177=DIRECTION('',(-1.,0.,0.));
#3178=DIRECTION('center_axis',(0.,0.,1.));
#3179=DIRECTION('ref_axis',(0.,-1.,0.));
#3180=DIRECTION('',(0.,1.,0.));
#3181=DIRECTION('center_axis',(0.,0.,1.));
#3182=DIRECTION('ref_axis',(1.,0.,0.));
#3183=DIRECTION('',(-1.,0.,0.));
#3184=DIRECTION('center_axis',(0.,0.,1.));
#3185=DIRECTION('ref_axis',(-2.96059473233376E-15,-1.,0.));
#3186=DIRECTION('',(0.,1.,0.));
#3187=DIRECTION('center_axis',(0.,0.,1.));
#3188=DIRECTION('ref_axis',(1.,-2.96059473233376E-15,0.));
#3189=DIRECTION('',(-1.,0.,0.));
#3190=DIRECTION('center_axis',(0.,1.,0.));
#3191=DIRECTION('ref_axis',(1.,0.,0.));
#3192=DIRECTION('center_axis',(0.,1.,0.));
#3193=DIRECTION('ref_axis',(1.,0.,0.));
#3194=DIRECTION('',(0.,0.,-1.));
#3195=DIRECTION('center_axis',(0.,0.,-1.));
#3196=DIRECTION('ref_axis',(-2.96059473233376E-15,-1.,0.));
#3197=DIRECTION('',(0.,0.,-1.));
#3198=DIRECTION('center_axis',(1.,0.,0.));
#3199=DIRECTION('ref_axis',(0.,-1.,0.));
#3200=DIRECTION('',(0.,0.,-1.));
#3201=DIRECTION('center_axis',(0.,0.,-1.));
#3202=DIRECTION('ref_axis',(1.,-2.96059473233376E-15,0.));
#3203=DIRECTION('center_axis',(0.,1.,0.));
#3204=DIRECTION('ref_axis',(1.,0.,0.));
#3205=DIRECTION('',(0.,0.,-1.));
#3206=DIRECTION('center_axis',(0.,0.,-1.));
#3207=DIRECTION('ref_axis',(0.,-1.,0.));
#3208=DIRECTION('',(0.,0.,-1.));
#3209=DIRECTION('center_axis',(1.,0.,0.));
#3210=DIRECTION('ref_axis',(0.,-1.,0.));
#3211=DIRECTION('',(0.,0.,-1.));
#3212=DIRECTION('center_axis',(0.,0.,-1.));
#3213=DIRECTION('ref_axis',(1.,0.,0.));
#3214=DIRECTION('center_axis',(0.,1.,0.));
#3215=DIRECTION('ref_axis',(1.,0.,0.));
#3216=DIRECTION('',(0.,0.,-1.));
#3217=DIRECTION('center_axis',(0.,0.,-1.));
#3218=DIRECTION('ref_axis',(1.48029736616688E-15,-1.,0.));
#3219=DIRECTION('',(0.,0.,-1.));
#3220=DIRECTION('center_axis',(1.,0.,0.));
#3221=DIRECTION('ref_axis',(0.,-1.,0.));
#3222=DIRECTION('',(0.,0.,-1.));
#3223=DIRECTION('center_axis',(0.,0.,-1.));
#3224=DIRECTION('ref_axis',(1.,0.,0.));
#3225=DIRECTION('center_axis',(0.,1.,0.));
#3226=DIRECTION('ref_axis',(1.,0.,0.));
#3227=DIRECTION('',(0.,0.,-1.));
#3228=DIRECTION('center_axis',(0.,0.,-1.));
#3229=DIRECTION('ref_axis',(-2.96059473233376E-15,-1.,0.));
#3230=DIRECTION('',(0.,0.,-1.));
#3231=DIRECTION('center_axis',(1.,0.,0.));
#3232=DIRECTION('ref_axis',(0.,-1.,0.));
#3233=DIRECTION('',(0.,0.,-1.));
#3234=DIRECTION('center_axis',(0.,0.,-1.));
#3235=DIRECTION('ref_axis',(1.,-4.44089209850066E-15,0.));
#3236=DIRECTION('center_axis',(0.,1.,0.));
#3237=DIRECTION('ref_axis',(1.,0.,0.));
#3238=DIRECTION('',(0.,0.,-1.));
#3239=DIRECTION('center_axis',(0.,0.,-1.));
#3240=DIRECTION('ref_axis',(-1.18423789293351E-14,-1.,0.));
#3241=DIRECTION('',(0.,0.,-1.));
#3242=DIRECTION('center_axis',(1.,0.,0.));
#3243=DIRECTION('ref_axis',(0.,-1.,0.));
#3244=DIRECTION('',(0.,0.,-1.));
#3245=DIRECTION('center_axis',(0.,0.,-1.));
#3246=DIRECTION('ref_axis',(1.,0.,0.));
#3247=DIRECTION('center_axis',(0.,0.,-1.));
#3248=DIRECTION('ref_axis',(-1.,0.,0.));
#3249=DIRECTION('center_axis',(-1.,0.,0.));
#3250=DIRECTION('ref_axis',(0.,-1.,0.));
#3251=DIRECTION('center_axis',(0.,-1.,0.));
#3252=DIRECTION('ref_axis',(0.,0.,1.));
#3253=DIRECTION('center_axis',(0.,0.,1.));
#3254=DIRECTION('ref_axis',(-0.707106781186547,-0.707106781186547,0.));
#3255=DIRECTION('center_axis',(0.,-1.,0.));
#3256=DIRECTION('ref_axis',(-0.707106781186548,0.,0.707106781186547));
#3257=DIRECTION('center_axis',(0.,-1.,0.));
#3258=DIRECTION('ref_axis',(0.,0.,1.));
#3259=DIRECTION('',(0.,-1.,0.));
#3260=DIRECTION('center_axis',(0.,0.,-1.));
#3261=DIRECTION('ref_axis',(-1.,0.,0.));
#3262=DIRECTION('center_axis',(-1.,0.,0.));
#3263=DIRECTION('ref_axis',(0.,0.,1.));
#3264=DIRECTION('center_axis',(0.,0.,1.));
#3265=DIRECTION('ref_axis',(-0.707106781186549,0.707106781186547,0.));
#3266=DIRECTION('center_axis',(-1.,0.,0.));
#3267=DIRECTION('ref_axis',(0.,0.70710678118655,0.707106781186545));
#3268=DIRECTION('center_axis',(-1.,0.,0.));
#3269=DIRECTION('ref_axis',(0.,0.,1.));
#3270=DIRECTION('',(-1.,0.,0.));
#3271=DIRECTION('center_axis',(0.,0.,-1.));
#3272=DIRECTION('ref_axis',(-1.,0.,0.));
#3273=DIRECTION('center_axis',(-4.67462326157958E-15,1.,0.));
#3274=DIRECTION('ref_axis',(0.,0.,1.));
#3275=DIRECTION('center_axis',(0.,0.,1.));
#3276=DIRECTION('ref_axis',(0.707106781186547,0.707106781186547,0.));
#3277=DIRECTION('center_axis',(0.,1.,0.));
#3278=DIRECTION('ref_axis',(0.707106781186543,0.,0.707106781186552));
#3279=DIRECTION('center_axis',(2.92163953848726E-16,1.,0.));
#3280=DIRECTION('ref_axis',(0.,0.,1.));
#3281=DIRECTION('',(0.,1.,0.));
#3282=DIRECTION('center_axis',(0.,0.,-1.));
#3283=DIRECTION('ref_axis',(-1.,0.,0.));
#3284=DIRECTION('center_axis',(1.,0.,0.));
#3285=DIRECTION('ref_axis',(0.,0.,1.));
#3286=DIRECTION('center_axis',(0.,0.,1.));
#3287=DIRECTION('ref_axis',(0.707106781186547,-0.707106781186548,0.));
#3288=DIRECTION('center_axis',(1.,0.,0.));
#3289=DIRECTION('ref_axis',(0.,-0.707106781186548,0.707106781186547));
#3290=DIRECTION('',(1.,0.,0.));
#3291=DIRECTION('center_axis',(1.,0.,0.));
#3292=DIRECTION('ref_axis',(0.,1.,0.));
#3293=DIRECTION('',(0.,0.,1.));
#3294=DIRECTION('',(0.,0.,-1.));
#3295=DIRECTION('center_axis',(0.,0.,1.));
#3296=DIRECTION('ref_axis',(0.707106781186547,-0.707106781186548,0.));
#3297=DIRECTION('',(0.,0.,-1.));
#3298=DIRECTION('center_axis',(0.,-1.,0.));
#3299=DIRECTION('ref_axis',(1.,0.,0.));
#3300=DIRECTION('',(0.,0.,1.));
#3301=DIRECTION('center_axis',(0.,0.,1.));
#3302=DIRECTION('ref_axis',(-0.707106781186548,-0.707106781186547,0.));
#3303=DIRECTION('',(0.,0.,-1.));
#3304=DIRECTION('center_axis',(-1.,0.,0.));
#3305=DIRECTION('ref_axis',(0.,-1.,0.));
#3306=DIRECTION('',(0.,0.,1.));
#3307=DIRECTION('center_axis',(0.,0.,1.));
#3308=DIRECTION('ref_axis',(0.707106781186547,0.707106781186547,0.));
#3309=DIRECTION('',(0.,0.,1.));
#3310=DIRECTION('center_axis',(0.,0.,1.));
#3311=DIRECTION('ref_axis',(-0.707106781186547,0.707106781186548,0.));
#3312=DIRECTION('',(0.,0.,-1.));
#3313=DIRECTION('center_axis',(0.,1.,0.));
#3314=DIRECTION('ref_axis',(-1.,0.,0.));
#3315=CARTESIAN_POINT('',(0.,0.,0.));
#3316=CARTESIAN_POINT('Origin',(68.25,40.,3.8));
#3317=CARTESIAN_POINT('',(68.25,43.55,4.6));
#3318=CARTESIAN_POINT('',(68.25,42.75,3.8));
#3319=CARTESIAN_POINT('Origin',(68.25,43.55,3.8));
#3320=CARTESIAN_POINT('',(68.25,37.25,3.8));
#3321=CARTESIAN_POINT('Origin',(68.25,40.,3.8));
#3322=CARTESIAN_POINT('',(68.25,36.45,4.6));
#3323=CARTESIAN_POINT('Origin',(68.25,36.45,3.8));
#3324=CARTESIAN_POINT('Origin',(68.25,40.,4.6));
#3325=CARTESIAN_POINT('Origin',(54.125,36.45,3.8));
#3326=CARTESIAN_POINT('',(59.75,37.25,3.8));
#3327=CARTESIAN_POINT('',(59.75,36.45,4.6));
#3328=CARTESIAN_POINT('Origin',(59.75,36.45,3.8));
#3329=CARTESIAN_POINT('',(54.125,36.45,4.6));
#3330=CARTESIAN_POINT('',(54.125,37.25,3.8));
#3331=CARTESIAN_POINT('Origin',(59.75,40.,3.8));
#3332=CARTESIAN_POINT('',(59.75,42.75,3.8));
#3333=CARTESIAN_POINT('',(59.75,43.55,4.6));
#3334=CARTESIAN_POINT('Origin',(59.75,43.55,3.8));
#3335=CARTESIAN_POINT('Origin',(59.75,40.,4.6));
#3336=CARTESIAN_POINT('Origin',(59.75,40.,3.8));
#3337=CARTESIAN_POINT('Origin',(49.875,43.55,3.8));
#3338=CARTESIAN_POINT('',(49.875,43.55,4.6));
#3339=CARTESIAN_POINT('',(49.875,42.75,3.8));
#3340=CARTESIAN_POINT('Origin',(68.25,37.25,4.6));
#3341=CARTESIAN_POINT('',(68.25,37.25,1.6));
#3342=CARTESIAN_POINT('',(68.25,37.25,4.6));
#3343=CARTESIAN_POINT('',(59.75,37.25,1.6));
#3344=CARTESIAN_POINT('',(54.125,37.25,1.6));
#3345=CARTESIAN_POINT('',(59.75,37.25,4.6));
#3346=CARTESIAN_POINT('Origin',(68.25,40.,4.6));
#3347=CARTESIAN_POINT('',(68.25,42.75,1.6));
#3348=CARTESIAN_POINT('',(68.25,42.75,4.6));
#3349=CARTESIAN_POINT('Origin',(68.25,40.,1.6));
#3350=CARTESIAN_POINT('Origin',(40.,30.,4.6));
#3351=CARTESIAN_POINT('',(3.,-1.6,4.6));
#3352=CARTESIAN_POINT('',(-1.6,3.,4.6));
#3353=CARTESIAN_POINT('Origin',(3.,3.,4.6));
#3354=CARTESIAN_POINT('',(77.,-1.6,4.6));
#3355=CARTESIAN_POINT('',(18.25,-1.6,4.6));
#3356=CARTESIAN_POINT('',(81.6,3.,4.6));
#3357=CARTESIAN_POINT('Origin',(77.,3.,4.6));
#3358=CARTESIAN_POINT('',(81.6,57.,4.6));
#3359=CARTESIAN_POINT('',(81.6,13.25,4.6));
#3360=CARTESIAN_POINT('',(77.,61.6,4.6));
#3361=CARTESIAN_POINT('Origin',(77.,57.,4.6));
#3362=CARTESIAN_POINT('',(3.,61.6,4.6));
#3363=CARTESIAN_POINT('',(61.75,61.6,4.6));
#3364=CARTESIAN_POINT('',(-1.6,57.,4.6));
#3365=CARTESIAN_POINT('Origin',(3.,57.,4.6));
#3366=CARTESIAN_POINT('',(-1.6,46.75,4.6));
#3367=CARTESIAN_POINT('',(61.,8.7,4.6));
#3368=CARTESIAN_POINT('',(67.,8.7,4.6));
#3369=CARTESIAN_POINT('',(53.5,8.7,4.6));
#3370=CARTESIAN_POINT('',(58.7,11.,4.6));
#3371=CARTESIAN_POINT('Origin',(61.,11.,4.6));
#3372=CARTESIAN_POINT('',(58.7,17.,4.6));
#3373=CARTESIAN_POINT('',(58.7,20.5,4.6));
#3374=CARTESIAN_POINT('',(61.,19.3,4.6));
#3375=CARTESIAN_POINT('Origin',(61.,17.,4.6));
#3376=CARTESIAN_POINT('',(67.,19.3,4.6));
#3377=CARTESIAN_POINT('',(50.5,19.3,4.6));
#3378=CARTESIAN_POINT('',(69.3,17.,4.6));
#3379=CARTESIAN_POINT('Origin',(67.,17.,4.6));
#3380=CARTESIAN_POINT('',(69.3,11.,4.6));
#3381=CARTESIAN_POINT('',(69.3,23.5,4.6));
#3382=CARTESIAN_POINT('Origin',(67.,11.,4.6));
#3383=CARTESIAN_POINT('',(46.75,25.2,4.6));
#3384=CARTESIAN_POINT('',(53.25,25.2,4.6));
#3385=CARTESIAN_POINT('',(46.625,25.2,4.6));
#3386=CARTESIAN_POINT('',(44.45,27.5,4.6));
#3387=CARTESIAN_POINT('Origin',(46.75,27.5,4.6));
#3388=CARTESIAN_POINT('',(44.45,32.5,4.6));
#3389=CARTESIAN_POINT('',(44.45,28.75,4.6));
#3390=CARTESIAN_POINT('',(46.75,34.8,4.6));
#3391=CARTESIAN_POINT('Origin',(46.75,32.5,4.6));
#3392=CARTESIAN_POINT('',(53.25,34.8,4.6));
#3393=CARTESIAN_POINT('',(43.375,34.8,4.6));
#3394=CARTESIAN_POINT('',(55.55,32.5,4.6));
#3395=CARTESIAN_POINT('Origin',(53.25,32.5,4.6));
#3396=CARTESIAN_POINT('',(55.55,27.5,4.6));
#3397=CARTESIAN_POINT('',(55.55,31.25,4.6));
#3398=CARTESIAN_POINT('Origin',(53.25,27.5,4.6));
#3399=CARTESIAN_POINT('',(27.75,6.2,4.6));
#3400=CARTESIAN_POINT('',(34.25,6.2,4.6));
#3401=CARTESIAN_POINT('',(37.125,6.2,4.6));
#3402=CARTESIAN_POINT('',(25.45,8.5,4.6));
#3403=CARTESIAN_POINT('Origin',(27.75,8.5,4.6));
#3404=CARTESIAN_POINT('',(25.45,13.5,4.6));
#3405=CARTESIAN_POINT('',(25.45,19.25,4.6));
#3406=CARTESIAN_POINT('',(27.75,15.8,4.6));
#3407=CARTESIAN_POINT('Origin',(27.75,13.5,4.6));
#3408=CARTESIAN_POINT('',(34.25,15.8,4.6));
#3409=CARTESIAN_POINT('',(33.875,15.8,4.6));
#3410=CARTESIAN_POINT('',(36.55,13.5,4.6));
#3411=CARTESIAN_POINT('Origin',(34.25,13.5,4.6));
#3412=CARTESIAN_POINT('',(36.55,8.5,4.6));
#3413=CARTESIAN_POINT('',(36.55,21.75,4.6));
#3414=CARTESIAN_POINT('Origin',(34.25,8.49999999999999,4.6));
#3415=CARTESIAN_POINT('',(71.75,5.,4.6));
#3416=CARTESIAN_POINT('Origin',(75.,5.,4.6));
#3417=CARTESIAN_POINT('',(1.75,5.,4.6));
#3418=CARTESIAN_POINT('Origin',(5.,5.,4.6));
#3419=CARTESIAN_POINT('',(71.75,55.,4.6));
#3420=CARTESIAN_POINT('Origin',(75.,55.,4.6));
#3421=CARTESIAN_POINT('',(1.75,55.,4.6));
#3422=CARTESIAN_POINT('Origin',(5.,55.,4.6));
#3423=CARTESIAN_POINT('',(27.75,44.2,4.6));
#3424=CARTESIAN_POINT('',(34.25,44.2,4.6));
#3425=CARTESIAN_POINT('',(37.125,44.2,4.6));
#3426=CARTESIAN_POINT('',(25.45,46.5,4.6));
#3427=CARTESIAN_POINT('Origin',(27.75,46.5,4.6));
#3428=CARTESIAN_POINT('',(25.45,51.5,4.6));
#3429=CARTESIAN_POINT('',(25.45,38.25,4.6));
#3430=CARTESIAN_POINT('',(27.75,53.8,4.6));
#3431=CARTESIAN_POINT('Origin',(27.75,51.5,4.6));
#3432=CARTESIAN_POINT('',(34.25,53.8,4.6));
#3433=CARTESIAN_POINT('',(33.875,53.8,4.6));
#3434=CARTESIAN_POINT('',(36.55,51.5,4.6));
#3435=CARTESIAN_POINT('Origin',(34.25,51.5,4.6));
#3436=CARTESIAN_POINT('',(36.55,46.5,4.6));
#3437=CARTESIAN_POINT('',(36.55,40.75,4.6));
#3438=CARTESIAN_POINT('Origin',(34.25,46.5,4.6));
#3439=CARTESIAN_POINT('',(8.75,25.2,4.6));
#3440=CARTESIAN_POINT('',(15.25,25.2,4.6));
#3441=CARTESIAN_POINT('',(27.625,25.2,4.6));
#3442=CARTESIAN_POINT('',(6.45,27.5,4.6));
#3443=CARTESIAN_POINT('Origin',(8.75,27.5,4.6));
#3444=CARTESIAN_POINT('',(6.45,32.5,4.6));
#3445=CARTESIAN_POINT('',(6.45,28.75,4.6));
#3446=CARTESIAN_POINT('',(8.75,34.8,4.6));
#3447=CARTESIAN_POINT('Origin',(8.75,32.5,4.6));
#3448=CARTESIAN_POINT('',(15.25,34.8,4.6));
#3449=CARTESIAN_POINT('',(24.375,34.8,4.6));
#3450=CARTESIAN_POINT('',(17.55,32.5,4.6));
#3451=CARTESIAN_POINT('Origin',(15.25,32.5,4.6));
#3452=CARTESIAN_POINT('',(17.55,27.5,4.6));
#3453=CARTESIAN_POINT('',(17.55,31.25,4.6));
#3454=CARTESIAN_POINT('Origin',(15.25,27.5,4.6));
#3455=CARTESIAN_POINT('',(27.75,25.2,4.6));
#3456=CARTESIAN_POINT('',(34.25,25.2,4.6));
#3457=CARTESIAN_POINT('',(37.125,25.2,4.6));
#3458=CARTESIAN_POINT('',(25.45,27.5,4.6));
#3459=CARTESIAN_POINT('Origin',(27.75,27.5,4.6));
#3460=CARTESIAN_POINT('',(25.45,32.5,4.6));
#3461=CARTESIAN_POINT('',(25.45,28.75,4.6));
#3462=CARTESIAN_POINT('',(27.75,34.8,4.6));
#3463=CARTESIAN_POINT('Origin',(27.75,32.5,4.6));
#3464=CARTESIAN_POINT('',(34.25,34.8,4.6));
#3465=CARTESIAN_POINT('',(33.875,34.8,4.6));
#3466=CARTESIAN_POINT('',(36.55,32.5,4.6));
#3467=CARTESIAN_POINT('Origin',(34.25,32.5,4.6));
#3468=CARTESIAN_POINT('',(36.55,27.5,4.6));
#3469=CARTESIAN_POINT('',(36.55,31.25,4.6));
#3470=CARTESIAN_POINT('Origin',(34.25,27.5,4.6));
#3471=CARTESIAN_POINT('Origin',(53.5,8.7,3.8));
#3472=CARTESIAN_POINT('',(67.,9.5,3.8));
#3473=CARTESIAN_POINT('Origin',(67.,8.7,3.8));
#3474=CARTESIAN_POINT('',(61.,9.5,3.8));
#3475=CARTESIAN_POINT('',(53.5,9.5,3.8));
#3476=CARTESIAN_POINT('Origin',(61.,8.7,3.8));
#3477=CARTESIAN_POINT('Origin',(61.,11.,3.8));
#3478=CARTESIAN_POINT('',(59.5,11.,3.8));
#3479=CARTESIAN_POINT('Origin',(58.7,11.,3.8));
#3480=CARTESIAN_POINT('Origin',(61.,11.,3.8));
#3481=CARTESIAN_POINT('Origin',(58.7,20.5,3.8));
#3482=CARTESIAN_POINT('',(59.5,17.,3.8));
#3483=CARTESIAN_POINT('Origin',(58.7,17.,3.8));
#3484=CARTESIAN_POINT('',(59.5,20.5,3.8));
#3485=CARTESIAN_POINT('Origin',(61.,17.,3.8));
#3486=CARTESIAN_POINT('',(61.,18.5,3.8));
#3487=CARTESIAN_POINT('Origin',(61.,19.3,3.8));
#3488=CARTESIAN_POINT('Origin',(61.,17.,3.8));
#3489=CARTESIAN_POINT('Origin',(50.5,19.3,3.8));
#3490=CARTESIAN_POINT('',(67.,18.5,3.8));
#3491=CARTESIAN_POINT('Origin',(67.,19.3,3.8));
#3492=CARTESIAN_POINT('',(50.5,18.5,3.8));
#3493=CARTESIAN_POINT('Origin',(67.,17.,3.8));
#3494=CARTESIAN_POINT('',(68.5,17.,3.8));
#3495=CARTESIAN_POINT('Origin',(69.3,17.,3.8));
#3496=CARTESIAN_POINT('Origin',(67.,17.,3.8));
#3497=CARTESIAN_POINT('Origin',(69.3,23.5,3.8));
#3498=CARTESIAN_POINT('',(68.5,11.,3.8));
#3499=CARTESIAN_POINT('Origin',(69.3,11.,3.8));
#3500=CARTESIAN_POINT('',(68.5,23.5,3.8));
#3501=CARTESIAN_POINT('Origin',(67.,11.,3.8));
#3502=CARTESIAN_POINT('Origin',(67.,11.,3.8));
#3503=CARTESIAN_POINT('Origin',(61.,17.,4.6));
#3504=CARTESIAN_POINT('',(59.5,17.,1.6));
#3505=CARTESIAN_POINT('',(59.5,17.,4.6));
#3506=CARTESIAN_POINT('',(61.,18.5,1.6));
#3507=CARTESIAN_POINT('Origin',(61.,17.,1.6));
#3508=CARTESIAN_POINT('',(61.,18.5,4.6));
#3509=CARTESIAN_POINT('Origin',(59.5,11.,4.6));
#3510=CARTESIAN_POINT('',(59.5,11.,1.6));
#3511=CARTESIAN_POINT('',(59.5,11.,4.6));
#3512=CARTESIAN_POINT('',(59.5,20.5,1.6));
#3513=CARTESIAN_POINT('Origin',(61.,11.,4.6));
#3514=CARTESIAN_POINT('',(61.,9.5,1.6));
#3515=CARTESIAN_POINT('',(61.,9.5,4.6));
#3516=CARTESIAN_POINT('Origin',(61.,11.,1.6));
#3517=CARTESIAN_POINT('Origin',(67.,9.5,4.6));
#3518=CARTESIAN_POINT('',(67.,9.5,1.6));
#3519=CARTESIAN_POINT('',(67.,9.5,4.6));
#3520=CARTESIAN_POINT('',(53.5,9.5,1.6));
#3521=CARTESIAN_POINT('Origin',(37.125,25.2,3.8));
#3522=CARTESIAN_POINT('',(34.25,26.,3.8));
#3523=CARTESIAN_POINT('Origin',(34.25,25.2,3.8));
#3524=CARTESIAN_POINT('',(27.75,26.,3.8));
#3525=CARTESIAN_POINT('',(37.125,26.,3.8));
#3526=CARTESIAN_POINT('Origin',(27.75,25.2,3.8));
#3527=CARTESIAN_POINT('Origin',(27.75,27.5,3.8));
#3528=CARTESIAN_POINT('',(26.25,27.5,3.8));
#3529=CARTESIAN_POINT('Origin',(25.45,27.5,3.8));
#3530=CARTESIAN_POINT('Origin',(27.75,27.5,3.8));
#3531=CARTESIAN_POINT('Origin',(25.45,28.75,3.8));
#3532=CARTESIAN_POINT('',(26.25,32.5,3.8));
#3533=CARTESIAN_POINT('Origin',(25.45,32.5,3.8));
#3534=CARTESIAN_POINT('',(26.25,28.75,3.8));
#3535=CARTESIAN_POINT('Origin',(27.75,32.5,3.8));
#3536=CARTESIAN_POINT('',(27.75,34.,3.8));
#3537=CARTESIAN_POINT('Origin',(27.75,34.8,3.8));
#3538=CARTESIAN_POINT('Origin',(27.75,32.5,3.8));
#3539=CARTESIAN_POINT('Origin',(33.875,34.8,3.8));
#3540=CARTESIAN_POINT('',(34.25,34.,3.8));
#3541=CARTESIAN_POINT('Origin',(34.25,34.8,3.8));
#3542=CARTESIAN_POINT('',(33.875,34.,3.8));
#3543=CARTESIAN_POINT('Origin',(34.25,32.5,3.8));
#3544=CARTESIAN_POINT('',(35.75,32.5,3.8));
#3545=CARTESIAN_POINT('Origin',(36.55,32.5,3.8));
#3546=CARTESIAN_POINT('Origin',(34.25,32.5,3.8));
#3547=CARTESIAN_POINT('Origin',(36.55,31.25,3.8));
#3548=CARTESIAN_POINT('',(35.75,27.5,3.8));
#3549=CARTESIAN_POINT('Origin',(36.55,27.5,3.8));
#3550=CARTESIAN_POINT('',(35.75,31.25,3.8));
#3551=CARTESIAN_POINT('Origin',(34.25,27.5,3.8));
#3552=CARTESIAN_POINT('Origin',(34.25,27.5,3.8));
#3553=CARTESIAN_POINT('Origin',(27.75,32.5,4.6));
#3554=CARTESIAN_POINT('',(26.25,32.5,1.6));
#3555=CARTESIAN_POINT('',(26.25,32.5,4.6));
#3556=CARTESIAN_POINT('',(27.75,34.,1.6));
#3557=CARTESIAN_POINT('Origin',(27.75,32.5,1.6));
#3558=CARTESIAN_POINT('',(27.75,34.,4.6));
#3559=CARTESIAN_POINT('Origin',(26.25,27.5,4.6));
#3560=CARTESIAN_POINT('',(26.25,27.5,1.6));
#3561=CARTESIAN_POINT('',(26.25,27.5,4.6));
#3562=CARTESIAN_POINT('',(26.25,28.75,1.6));
#3563=CARTESIAN_POINT('Origin',(27.75,27.5,4.6));
#3564=CARTESIAN_POINT('',(27.75,26.,1.6));
#3565=CARTESIAN_POINT('',(27.75,26.,4.6));
#3566=CARTESIAN_POINT('Origin',(27.75,27.5,1.6));
#3567=CARTESIAN_POINT('Origin',(34.25,26.,4.6));
#3568=CARTESIAN_POINT('',(34.25,26.,1.6));
#3569=CARTESIAN_POINT('',(34.25,26.,4.6));
#3570=CARTESIAN_POINT('',(37.125,26.,1.6));
#3571=CARTESIAN_POINT('Origin',(46.625,25.2,3.8));
#3572=CARTESIAN_POINT('',(53.25,26.,3.8));
#3573=CARTESIAN_POINT('Origin',(53.25,25.2,3.8));
#3574=CARTESIAN_POINT('',(46.75,26.,3.8));
#3575=CARTESIAN_POINT('',(46.625,26.,3.8));
#3576=CARTESIAN_POINT('Origin',(46.75,25.2,3.8));
#3577=CARTESIAN_POINT('Origin',(46.75,27.5,3.8));
#3578=CARTESIAN_POINT('',(45.25,27.5,3.8));
#3579=CARTESIAN_POINT('Origin',(44.45,27.5,3.8));
#3580=CARTESIAN_POINT('Origin',(46.75,27.5,3.8));
#3581=CARTESIAN_POINT('Origin',(44.45,28.75,3.8));
#3582=CARTESIAN_POINT('',(45.25,32.5,3.8));
#3583=CARTESIAN_POINT('Origin',(44.45,32.5,3.8));
#3584=CARTESIAN_POINT('',(45.25,28.75,3.8));
#3585=CARTESIAN_POINT('Origin',(46.75,32.5,3.8));
#3586=CARTESIAN_POINT('',(46.75,34.,3.8));
#3587=CARTESIAN_POINT('Origin',(46.75,34.8,3.8));
#3588=CARTESIAN_POINT('Origin',(46.75,32.5,3.8));
#3589=CARTESIAN_POINT('Origin',(43.375,34.8,3.8));
#3590=CARTESIAN_POINT('',(53.25,34.,3.8));
#3591=CARTESIAN_POINT('Origin',(53.25,34.8,3.8));
#3592=CARTESIAN_POINT('',(43.375,34.,3.8));
#3593=CARTESIAN_POINT('Origin',(53.25,32.5,3.8));
#3594=CARTESIAN_POINT('',(54.75,32.5,3.8));
#3595=CARTESIAN_POINT('Origin',(55.55,32.5,3.8));
#3596=CARTESIAN_POINT('Origin',(53.25,32.5,3.8));
#3597=CARTESIAN_POINT('Origin',(55.55,31.25,3.8));
#3598=CARTESIAN_POINT('',(54.75,27.5,3.8));
#3599=CARTESIAN_POINT('Origin',(55.55,27.5,3.8));
#3600=CARTESIAN_POINT('',(54.75,31.25,3.8));
#3601=CARTESIAN_POINT('Origin',(53.25,27.5,3.8));
#3602=CARTESIAN_POINT('Origin',(53.25,27.5,3.8));
#3603=CARTESIAN_POINT('Origin',(46.75,32.5,4.6));
#3604=CARTESIAN_POINT('',(45.25,32.5,1.6));
#3605=CARTESIAN_POINT('',(45.25,32.5,4.6));
#3606=CARTESIAN_POINT('',(46.75,34.,1.6));
#3607=CARTESIAN_POINT('Origin',(46.75,32.5,1.6));
#3608=CARTESIAN_POINT('',(46.75,34.,4.6));
#3609=CARTESIAN_POINT('Origin',(45.25,27.5,4.6));
#3610=CARTESIAN_POINT('',(45.25,27.5,1.6));
#3611=CARTESIAN_POINT('',(45.25,27.5,4.6));
#3612=CARTESIAN_POINT('',(45.25,28.75,1.6));
#3613=CARTESIAN_POINT('Origin',(46.75,27.5,4.6));
#3614=CARTESIAN_POINT('',(46.75,26.,1.6));
#3615=CARTESIAN_POINT('',(46.75,26.,4.6));
#3616=CARTESIAN_POINT('Origin',(46.75,27.5,1.6));
#3617=CARTESIAN_POINT('Origin',(53.25,26.,4.6));
#3618=CARTESIAN_POINT('',(53.25,26.,1.6));
#3619=CARTESIAN_POINT('',(53.25,26.,4.6));
#3620=CARTESIAN_POINT('',(46.625,26.,1.6));
#3621=CARTESIAN_POINT('Origin',(27.625,25.2,3.8));
#3622=CARTESIAN_POINT('',(15.25,26.,3.8));
#3623=CARTESIAN_POINT('Origin',(15.25,25.2,3.8));
#3624=CARTESIAN_POINT('',(8.75,26.,3.8));
#3625=CARTESIAN_POINT('',(27.625,26.,3.8));
#3626=CARTESIAN_POINT('Origin',(8.75,25.2,3.8));
#3627=CARTESIAN_POINT('Origin',(8.75,27.5,3.8));
#3628=CARTESIAN_POINT('',(7.25,27.5,3.8));
#3629=CARTESIAN_POINT('Origin',(6.45,27.5,3.8));
#3630=CARTESIAN_POINT('Origin',(8.75,27.5,3.8));
#3631=CARTESIAN_POINT('Origin',(6.45,28.75,3.8));
#3632=CARTESIAN_POINT('',(7.25,32.5,3.8));
#3633=CARTESIAN_POINT('Origin',(6.45,32.5,3.8));
#3634=CARTESIAN_POINT('',(7.25,28.75,3.8));
#3635=CARTESIAN_POINT('Origin',(8.75,32.5,3.8));
#3636=CARTESIAN_POINT('',(8.75,34.,3.8));
#3637=CARTESIAN_POINT('Origin',(8.75,34.8,3.8));
#3638=CARTESIAN_POINT('Origin',(8.75,32.5,3.8));
#3639=CARTESIAN_POINT('Origin',(24.375,34.8,3.8));
#3640=CARTESIAN_POINT('',(15.25,34.,3.8));
#3641=CARTESIAN_POINT('Origin',(15.25,34.8,3.8));
#3642=CARTESIAN_POINT('',(24.375,34.,3.8));
#3643=CARTESIAN_POINT('Origin',(15.25,32.5,3.8));
#3644=CARTESIAN_POINT('',(16.75,32.5,3.8));
#3645=CARTESIAN_POINT('Origin',(17.55,32.5,3.8));
#3646=CARTESIAN_POINT('Origin',(15.25,32.5,3.8));
#3647=CARTESIAN_POINT('Origin',(17.55,31.25,3.8));
#3648=CARTESIAN_POINT('',(16.75,27.5,3.8));
#3649=CARTESIAN_POINT('Origin',(17.55,27.5,3.8));
#3650=CARTESIAN_POINT('',(16.75,31.25,3.8));
#3651=CARTESIAN_POINT('Origin',(15.25,27.5,3.8));
#3652=CARTESIAN_POINT('Origin',(15.25,27.5,3.8));
#3653=CARTESIAN_POINT('Origin',(8.75,32.5,4.6));
#3654=CARTESIAN_POINT('',(7.25,32.5,1.6));
#3655=CARTESIAN_POINT('',(7.25,32.5,4.6));
#3656=CARTESIAN_POINT('',(8.75,34.,1.6));
#3657=CARTESIAN_POINT('Origin',(8.75,32.5,1.6));
#3658=CARTESIAN_POINT('',(8.75,34.,4.6));
#3659=CARTESIAN_POINT('Origin',(7.25,27.5,4.6));
#3660=CARTESIAN_POINT('',(7.25,27.5,1.6));
#3661=CARTESIAN_POINT('',(7.25,27.5,4.6));
#3662=CARTESIAN_POINT('',(7.25,28.75,1.6));
#3663=CARTESIAN_POINT('Origin',(8.75,27.5,4.6));
#3664=CARTESIAN_POINT('',(8.75,26.,1.6));
#3665=CARTESIAN_POINT('',(8.75,26.,4.6));
#3666=CARTESIAN_POINT('Origin',(8.75,27.5,1.6));
#3667=CARTESIAN_POINT('Origin',(15.25,26.,4.6));
#3668=CARTESIAN_POINT('',(15.25,26.,1.6));
#3669=CARTESIAN_POINT('',(15.25,26.,4.6));
#3670=CARTESIAN_POINT('',(27.625,26.,1.6));
#3671=CARTESIAN_POINT('Origin',(37.125,6.2,3.8));
#3672=CARTESIAN_POINT('',(34.25,7.,3.8));
#3673=CARTESIAN_POINT('Origin',(34.25,6.2,3.8));
#3674=CARTESIAN_POINT('',(27.75,7.,3.8));
#3675=CARTESIAN_POINT('',(37.125,7.,3.8));
#3676=CARTESIAN_POINT('Origin',(27.75,6.2,3.8));
#3677=CARTESIAN_POINT('Origin',(27.75,8.5,3.8));
#3678=CARTESIAN_POINT('',(26.25,8.5,3.8));
#3679=CARTESIAN_POINT('Origin',(25.45,8.5,3.8));
#3680=CARTESIAN_POINT('Origin',(27.75,8.5,3.8));
#3681=CARTESIAN_POINT('Origin',(25.45,19.25,3.8));
#3682=CARTESIAN_POINT('',(26.25,13.5,3.8));
#3683=CARTESIAN_POINT('Origin',(25.45,13.5,3.8));
#3684=CARTESIAN_POINT('',(26.25,19.25,3.8));
#3685=CARTESIAN_POINT('Origin',(27.75,13.5,3.8));
#3686=CARTESIAN_POINT('',(27.75,15.,3.8));
#3687=CARTESIAN_POINT('Origin',(27.75,15.8,3.8));
#3688=CARTESIAN_POINT('Origin',(27.75,13.5,3.8));
#3689=CARTESIAN_POINT('Origin',(33.875,15.8,3.8));
#3690=CARTESIAN_POINT('',(34.25,15.,3.8));
#3691=CARTESIAN_POINT('Origin',(34.25,15.8,3.8));
#3692=CARTESIAN_POINT('',(33.875,15.,3.8));
#3693=CARTESIAN_POINT('Origin',(34.25,13.5,3.8));
#3694=CARTESIAN_POINT('',(35.75,13.5,3.8));
#3695=CARTESIAN_POINT('Origin',(36.55,13.5,3.8));
#3696=CARTESIAN_POINT('Origin',(34.25,13.5,3.8));
#3697=CARTESIAN_POINT('Origin',(36.55,21.75,3.8));
#3698=CARTESIAN_POINT('',(35.75,8.5,3.8));
#3699=CARTESIAN_POINT('Origin',(36.55,8.5,3.8));
#3700=CARTESIAN_POINT('',(35.75,21.75,3.8));
#3701=CARTESIAN_POINT('Origin',(34.25,8.49999999999999,3.8));
#3702=CARTESIAN_POINT('Origin',(34.25,8.49999999999999,3.8));
#3703=CARTESIAN_POINT('Origin',(27.75,13.5,4.6));
#3704=CARTESIAN_POINT('',(26.25,13.5,1.6));
#3705=CARTESIAN_POINT('',(26.25,13.5,4.6));
#3706=CARTESIAN_POINT('',(27.75,15.,1.6));
#3707=CARTESIAN_POINT('Origin',(27.75,13.5,1.6));
#3708=CARTESIAN_POINT('',(27.75,15.,4.6));
#3709=CARTESIAN_POINT('Origin',(26.25,8.5,4.6));
#3710=CARTESIAN_POINT('',(26.25,8.5,1.6));
#3711=CARTESIAN_POINT('',(26.25,8.5,4.6));
#3712=CARTESIAN_POINT('',(26.25,19.25,1.6));
#3713=CARTESIAN_POINT('Origin',(27.75,8.5,4.6));
#3714=CARTESIAN_POINT('',(27.75,7.,1.6));
#3715=CARTESIAN_POINT('',(27.75,7.,4.6));
#3716=CARTESIAN_POINT('Origin',(27.75,8.5,1.6));
#3717=CARTESIAN_POINT('Origin',(34.25,7.,4.6));
#3718=CARTESIAN_POINT('',(34.25,7.,1.6));
#3719=CARTESIAN_POINT('',(34.25,7.,4.6));
#3720=CARTESIAN_POINT('',(37.125,7.,1.6));
#3721=CARTESIAN_POINT('Origin',(37.125,44.2,3.8));
#3722=CARTESIAN_POINT('',(34.25,45.,3.8));
#3723=CARTESIAN_POINT('Origin',(34.25,44.2,3.8));
#3724=CARTESIAN_POINT('',(27.75,45.,3.8));
#3725=CARTESIAN_POINT('',(37.125,45.,3.8));
#3726=CARTESIAN_POINT('Origin',(27.75,44.2,3.8));
#3727=CARTESIAN_POINT('Origin',(27.75,46.5,3.8));
#3728=CARTESIAN_POINT('',(26.25,46.5,3.8));
#3729=CARTESIAN_POINT('Origin',(25.45,46.5,3.8));
#3730=CARTESIAN_POINT('Origin',(27.75,46.5,3.8));
#3731=CARTESIAN_POINT('Origin',(25.45,38.25,3.8));
#3732=CARTESIAN_POINT('',(26.25,51.5,3.8));
#3733=CARTESIAN_POINT('Origin',(25.45,51.5,3.8));
#3734=CARTESIAN_POINT('',(26.25,38.25,3.8));
#3735=CARTESIAN_POINT('Origin',(27.75,51.5,3.8));
#3736=CARTESIAN_POINT('',(27.75,53.,3.8));
#3737=CARTESIAN_POINT('Origin',(27.75,53.8,3.8));
#3738=CARTESIAN_POINT('Origin',(27.75,51.5,3.8));
#3739=CARTESIAN_POINT('Origin',(33.875,53.8,3.8));
#3740=CARTESIAN_POINT('',(34.25,53.,3.8));
#3741=CARTESIAN_POINT('Origin',(34.25,53.8,3.8));
#3742=CARTESIAN_POINT('',(33.875,53.,3.8));
#3743=CARTESIAN_POINT('Origin',(34.25,51.5,3.8));
#3744=CARTESIAN_POINT('',(35.75,51.5,3.8));
#3745=CARTESIAN_POINT('Origin',(36.55,51.5,3.8));
#3746=CARTESIAN_POINT('Origin',(34.25,51.5,3.8));
#3747=CARTESIAN_POINT('Origin',(36.55,40.75,3.8));
#3748=CARTESIAN_POINT('',(35.75,46.5,3.8));
#3749=CARTESIAN_POINT('Origin',(36.55,46.5,3.8));
#3750=CARTESIAN_POINT('',(35.75,40.75,3.8));
#3751=CARTESIAN_POINT('Origin',(34.25,46.5,3.8));
#3752=CARTESIAN_POINT('Origin',(34.25,46.5,3.8));
#3753=CARTESIAN_POINT('Origin',(27.75,51.5,4.6));
#3754=CARTESIAN_POINT('',(26.25,51.5,1.6));
#3755=CARTESIAN_POINT('',(26.25,51.5,4.6));
#3756=CARTESIAN_POINT('',(27.75,53.,1.6));
#3757=CARTESIAN_POINT('Origin',(27.75,51.5,1.6));
#3758=CARTESIAN_POINT('',(27.75,53.,4.6));
#3759=CARTESIAN_POINT('Origin',(26.25,46.5,4.6));
#3760=CARTESIAN_POINT('',(26.25,46.5,1.6));
#3761=CARTESIAN_POINT('',(26.25,46.5,4.6));
#3762=CARTESIAN_POINT('',(26.25,38.25,1.6));
#3763=CARTESIAN_POINT('Origin',(27.75,46.5,4.6));
#3764=CARTESIAN_POINT('',(27.75,45.,1.6));
#3765=CARTESIAN_POINT('',(27.75,45.,4.6));
#3766=CARTESIAN_POINT('Origin',(27.75,46.5,1.6));
#3767=CARTESIAN_POINT('Origin',(34.25,45.,4.6));
#3768=CARTESIAN_POINT('',(34.25,45.,1.6));
#3769=CARTESIAN_POINT('',(34.25,45.,4.6));
#3770=CARTESIAN_POINT('',(37.125,45.,1.6));
#3771=CARTESIAN_POINT('Origin',(75.,5.,4.6));
#3772=CARTESIAN_POINT('',(71.75,5.,2.8));
#3773=CARTESIAN_POINT('',(71.75,5.,4.6));
#3774=CARTESIAN_POINT('Origin',(75.,5.,2.8));
#3775=CARTESIAN_POINT('Origin',(75.,5.,2.8));
#3776=CARTESIAN_POINT('',(73.3,5.,2.8));
#3777=CARTESIAN_POINT('Origin',(75.,5.,2.8));
#3778=CARTESIAN_POINT('Origin',(75.,5.,4.6));
#3779=CARTESIAN_POINT('',(73.3,5.,1.6));
#3780=CARTESIAN_POINT('',(73.3,5.,4.6));
#3781=CARTESIAN_POINT('Origin',(75.,5.,1.6));
#3782=CARTESIAN_POINT('Origin',(5.,5.,4.6));
#3783=CARTESIAN_POINT('',(1.75,5.,2.8));
#3784=CARTESIAN_POINT('',(1.75,5.,4.6));
#3785=CARTESIAN_POINT('Origin',(5.,5.,2.8));
#3786=CARTESIAN_POINT('Origin',(5.,5.,2.8));
#3787=CARTESIAN_POINT('',(3.3,5.,2.8));
#3788=CARTESIAN_POINT('Origin',(5.,5.,2.8));
#3789=CARTESIAN_POINT('Origin',(5.,5.,4.6));
#3790=CARTESIAN_POINT('',(3.3,5.,1.6));
#3791=CARTESIAN_POINT('',(3.3,5.,4.6));
#3792=CARTESIAN_POINT('Origin',(5.,5.,1.6));
#3793=CARTESIAN_POINT('Origin',(75.,55.,4.6));
#3794=CARTESIAN_POINT('',(71.75,55.,2.8));
#3795=CARTESIAN_POINT('',(71.75,55.,4.6));
#3796=CARTESIAN_POINT('Origin',(75.,55.,2.8));
#3797=CARTESIAN_POINT('Origin',(75.,55.,2.8));
#3798=CARTESIAN_POINT('',(73.3,55.,2.8));
#3799=CARTESIAN_POINT('Origin',(75.,55.,2.8));
#3800=CARTESIAN_POINT('Origin',(75.,55.,4.6));
#3801=CARTESIAN_POINT('',(73.3,55.,1.6));
#3802=CARTESIAN_POINT('',(73.3,55.,4.6));
#3803=CARTESIAN_POINT('Origin',(75.,55.,1.6));
#3804=CARTESIAN_POINT('Origin',(5.,55.,4.6));
#3805=CARTESIAN_POINT('',(1.75,55.,2.8));
#3806=CARTESIAN_POINT('',(1.75,55.,4.6));
#3807=CARTESIAN_POINT('Origin',(5.,55.,2.8));
#3808=CARTESIAN_POINT('Origin',(5.,55.,2.8));
#3809=CARTESIAN_POINT('',(3.3,55.,2.8));
#3810=CARTESIAN_POINT('Origin',(5.,55.,2.8));
#3811=CARTESIAN_POINT('Origin',(5.,55.,4.6));
#3812=CARTESIAN_POINT('',(3.3,55.,1.6));
#3813=CARTESIAN_POINT('',(3.3,55.,4.6));
#3814=CARTESIAN_POINT('Origin',(5.,55.,1.6));
#3815=CARTESIAN_POINT('Origin',(61.,18.5,4.6));
#3816=CARTESIAN_POINT('',(67.,18.5,1.6));
#3817=CARTESIAN_POINT('',(50.5,18.5,1.6));
#3818=CARTESIAN_POINT('',(67.,18.5,4.6));
#3819=CARTESIAN_POINT('Origin',(67.,11.,4.6));
#3820=CARTESIAN_POINT('',(68.5,11.,1.6));
#3821=CARTESIAN_POINT('',(68.5,11.,4.6));
#3822=CARTESIAN_POINT('Origin',(67.,11.,1.6));
#3823=CARTESIAN_POINT('Origin',(68.5,17.,4.6));
#3824=CARTESIAN_POINT('',(68.5,17.,1.6));
#3825=CARTESIAN_POINT('',(68.5,17.,4.6));
#3826=CARTESIAN_POINT('',(68.5,23.5,1.6));
#3827=CARTESIAN_POINT('Origin',(67.,17.,4.6));
#3828=CARTESIAN_POINT('Origin',(67.,17.,1.6));
#3829=CARTESIAN_POINT('Origin',(59.75,40.,4.6));
#3830=CARTESIAN_POINT('',(59.75,42.75,1.6));
#3831=CARTESIAN_POINT('Origin',(59.75,40.,1.6));
#3832=CARTESIAN_POINT('',(59.75,42.75,4.6));
#3833=CARTESIAN_POINT('Origin',(40.,30.,1.6));
#3834=CARTESIAN_POINT('',(-3.5,3.,1.6));
#3835=CARTESIAN_POINT('',(3.,-3.5,1.6));
#3836=CARTESIAN_POINT('Origin',(3.,3.,1.6));
#3837=CARTESIAN_POINT('',(-3.5,57.,1.6));
#3838=CARTESIAN_POINT('',(-3.5,63.5,1.6));
#3839=CARTESIAN_POINT('',(2.99999999999999,63.5,1.6));
#3840=CARTESIAN_POINT('Origin',(3.,57.,1.6));
#3841=CARTESIAN_POINT('',(77.,63.5,1.6));
#3842=CARTESIAN_POINT('',(83.5,63.5,1.6));
#3843=CARTESIAN_POINT('',(83.5,57.,1.6));
#3844=CARTESIAN_POINT('Origin',(77.,57.,1.6));
#3845=CARTESIAN_POINT('',(83.5,3.,1.6));
#3846=CARTESIAN_POINT('',(83.5,-3.5,1.6));
#3847=CARTESIAN_POINT('',(77.,-3.5,1.6));
#3848=CARTESIAN_POINT('Origin',(77.,3.,1.6));
#3849=CARTESIAN_POINT('',(-3.5,-3.5,1.6));
#3850=CARTESIAN_POINT('',(49.875,42.75,1.6));
#3851=CARTESIAN_POINT('',(35.75,46.5,1.6));
#3852=CARTESIAN_POINT('Origin',(34.25,46.5,1.6));
#3853=CARTESIAN_POINT('',(35.75,51.5,1.6));
#3854=CARTESIAN_POINT('',(35.75,40.75,1.6));
#3855=CARTESIAN_POINT('',(34.25,53.,1.6));
#3856=CARTESIAN_POINT('Origin',(34.25,51.5,1.6));
#3857=CARTESIAN_POINT('',(33.875,53.,1.6));
#3858=CARTESIAN_POINT('',(35.75,8.5,1.6));
#3859=CARTESIAN_POINT('Origin',(34.25,8.49999999999999,1.6));
#3860=CARTESIAN_POINT('',(35.75,13.5,1.6));
#3861=CARTESIAN_POINT('',(35.75,21.75,1.6));
#3862=CARTESIAN_POINT('',(34.25,15.,1.6));
#3863=CARTESIAN_POINT('Origin',(34.25,13.5,1.6));
#3864=CARTESIAN_POINT('',(33.875,15.,1.6));
#3865=CARTESIAN_POINT('',(16.75,27.5,1.6));
#3866=CARTESIAN_POINT('Origin',(15.25,27.5,1.6));
#3867=CARTESIAN_POINT('',(16.75,32.5,1.6));
#3868=CARTESIAN_POINT('',(16.75,31.25,1.6));
#3869=CARTESIAN_POINT('',(15.25,34.,1.6));
#3870=CARTESIAN_POINT('Origin',(15.25,32.5,1.6));
#3871=CARTESIAN_POINT('',(24.375,34.,1.6));
#3872=CARTESIAN_POINT('',(54.75,27.5,1.6));
#3873=CARTESIAN_POINT('Origin',(53.25,27.5,1.6));
#3874=CARTESIAN_POINT('',(54.75,32.5,1.6));
#3875=CARTESIAN_POINT('',(54.75,31.25,1.6));
#3876=CARTESIAN_POINT('',(53.25,34.,1.6));
#3877=CARTESIAN_POINT('Origin',(53.25,32.5,1.6));
#3878=CARTESIAN_POINT('',(43.375,34.,1.6));
#3879=CARTESIAN_POINT('',(35.75,27.5,1.6));
#3880=CARTESIAN_POINT('Origin',(34.25,27.5,1.6));
#3881=CARTESIAN_POINT('',(35.75,32.5,1.6));
#3882=CARTESIAN_POINT('',(35.75,31.25,1.6));
#3883=CARTESIAN_POINT('',(34.25,34.,1.6));
#3884=CARTESIAN_POINT('Origin',(34.25,32.5,1.6));
#3885=CARTESIAN_POINT('',(33.875,34.,1.6));
#3886=CARTESIAN_POINT('Origin',(59.75,42.75,4.6));
#3887=CARTESIAN_POINT('Origin',(27.75,34.,4.6));
#3888=CARTESIAN_POINT('',(34.25,34.,4.6));
#3889=CARTESIAN_POINT('Origin',(34.25,27.5,4.6));
#3890=CARTESIAN_POINT('',(35.75,27.5,4.6));
#3891=CARTESIAN_POINT('Origin',(35.75,32.5,4.6));
#3892=CARTESIAN_POINT('',(35.75,32.5,4.6));
#3893=CARTESIAN_POINT('Origin',(34.25,32.5,4.6));
#3894=CARTESIAN_POINT('Origin',(46.75,34.,4.6));
#3895=CARTESIAN_POINT('',(53.25,34.,4.6));
#3896=CARTESIAN_POINT('Origin',(53.25,27.5,4.6));
#3897=CARTESIAN_POINT('',(54.75,27.5,4.6));
#3898=CARTESIAN_POINT('Origin',(54.75,32.5,4.6));
#3899=CARTESIAN_POINT('',(54.75,32.5,4.6));
#3900=CARTESIAN_POINT('Origin',(53.25,32.5,4.6));
#3901=CARTESIAN_POINT('Origin',(8.75,34.,4.6));
#3902=CARTESIAN_POINT('',(15.25,34.,4.6));
#3903=CARTESIAN_POINT('Origin',(15.25,27.5,4.6));
#3904=CARTESIAN_POINT('',(16.75,27.5,4.6));
#3905=CARTESIAN_POINT('Origin',(16.75,32.5,4.6));
#3906=CARTESIAN_POINT('',(16.75,32.5,4.6));
#3907=CARTESIAN_POINT('Origin',(15.25,32.5,4.6));
#3908=CARTESIAN_POINT('Origin',(27.75,15.,4.6));
#3909=CARTESIAN_POINT('',(34.25,15.,4.6));
#3910=CARTESIAN_POINT('Origin',(34.25,8.49999999999999,4.6));
#3911=CARTESIAN_POINT('',(35.75,8.5,4.6));
#3912=CARTESIAN_POINT('Origin',(35.75,13.5,4.6));
#3913=CARTESIAN_POINT('',(35.75,13.5,4.6));
#3914=CARTESIAN_POINT('Origin',(34.25,13.5,4.6));
#3915=CARTESIAN_POINT('Origin',(27.75,53.,4.6));
#3916=CARTESIAN_POINT('',(34.25,53.,4.6));
#3917=CARTESIAN_POINT('Origin',(34.25,46.5,4.6));
#3918=CARTESIAN_POINT('',(35.75,46.5,4.6));
#3919=CARTESIAN_POINT('Origin',(35.75,51.5,4.6));
#3920=CARTESIAN_POINT('',(35.75,51.5,4.6));
#3921=CARTESIAN_POINT('Origin',(34.25,51.5,4.6));
#3922=CARTESIAN_POINT('Origin',(3.,3.,2.7));
#3923=CARTESIAN_POINT('',(3.,-3.5,2.7));
#3924=CARTESIAN_POINT('Origin',(3.,-1.6,2.7));
#3925=CARTESIAN_POINT('',(-3.5,3.,2.7));
#3926=CARTESIAN_POINT('Origin',(-1.6,3.,2.7));
#3927=CARTESIAN_POINT('Origin',(3.,3.,2.7));
#3928=CARTESIAN_POINT('Origin',(-1.6,46.75,2.7));
#3929=CARTESIAN_POINT('',(-3.5,57.,2.7));
#3930=CARTESIAN_POINT('Origin',(-1.6,57.,2.7));
#3931=CARTESIAN_POINT('',(-3.5,46.75,2.7));
#3932=CARTESIAN_POINT('Origin',(3.,57.,2.7));
#3933=CARTESIAN_POINT('',(3.,63.5,2.7));
#3934=CARTESIAN_POINT('Origin',(3.,61.6,2.7));
#3935=CARTESIAN_POINT('Origin',(3.,57.,2.7));
#3936=CARTESIAN_POINT('Origin',(61.75,61.6,2.7));
#3937=CARTESIAN_POINT('',(77.,63.5,2.7));
#3938=CARTESIAN_POINT('Origin',(77.,61.6,2.7));
#3939=CARTESIAN_POINT('',(61.75,63.5,2.7));
#3940=CARTESIAN_POINT('Origin',(77.,57.,2.7));
#3941=CARTESIAN_POINT('',(83.5,57.,2.7));
#3942=CARTESIAN_POINT('Origin',(81.6,57.,2.7));
#3943=CARTESIAN_POINT('Origin',(77.,57.,2.7));
#3944=CARTESIAN_POINT('Origin',(81.6,13.25,2.7));
#3945=CARTESIAN_POINT('',(83.5,3.,2.7));
#3946=CARTESIAN_POINT('Origin',(81.6,3.,2.7));
#3947=CARTESIAN_POINT('',(83.5,13.25,2.7));
#3948=CARTESIAN_POINT('Origin',(77.,3.,2.7));
#3949=CARTESIAN_POINT('',(77.,-3.5,2.7));
#3950=CARTESIAN_POINT('Origin',(77.,-1.6,2.7));
#3951=CARTESIAN_POINT('Origin',(77.,3.,2.7));
#3952=CARTESIAN_POINT('Origin',(18.25,-1.6,2.7));
#3953=CARTESIAN_POINT('',(18.25,-3.5,2.7));
#3954=CARTESIAN_POINT('Origin',(83.5,-3.5,1.6));
#3955=CARTESIAN_POINT('',(83.5,3.,1.6));
#3956=CARTESIAN_POINT('',(83.5,57.,1.6));
#3957=CARTESIAN_POINT('Origin',(77.,3.,1.6));
#3958=CARTESIAN_POINT('',(77.,-3.5,1.6));
#3959=CARTESIAN_POINT('Origin',(-3.5,-3.5,1.6));
#3960=CARTESIAN_POINT('',(3.,-3.5,1.6));
#3961=CARTESIAN_POINT('Origin',(3.,3.,1.6));
#3962=CARTESIAN_POINT('',(-3.5,3.,1.6));
#3963=CARTESIAN_POINT('Origin',(-3.5,63.5,1.6));
#3964=CARTESIAN_POINT('',(-3.5,57.,1.6));
#3965=CARTESIAN_POINT('Origin',(77.,57.,1.6));
#3966=CARTESIAN_POINT('',(77.,63.5,1.6));
#3967=CARTESIAN_POINT('Origin',(3.,57.,1.6));
#3968=CARTESIAN_POINT('',(3.,63.5,1.6));
#3969=CARTESIAN_POINT('Origin',(83.5,63.5,1.6));
#3970=UNCERTAINTY_MEASURE_WITH_UNIT(LENGTH_MEASURE(0.01),#3974,
'DISTANCE_ACCURACY_VALUE',
'Maximum model space distance between geometric entities at asserted c
onnectivities');
#3971=UNCERTAINTY_MEASURE_WITH_UNIT(LENGTH_MEASURE(0.01),#3974,
'DISTANCE_ACCURACY_VALUE',
'Maximum model space distance between geometric entities at asserted c
onnectivities');
#3972=(
GEOMETRIC_REPRESENTATION_CONTEXT(3)
GLOBAL_UNCERTAINTY_ASSIGNED_CONTEXT((#3970))
GLOBAL_UNIT_ASSIGNED_CONTEXT((#3974,#3975,#3976))
REPRESENTATION_CONTEXT('','3D')
);
#3973=(
GEOMETRIC_REPRESENTATION_CONTEXT(3)
GLOBAL_UNCERTAINTY_ASSIGNED_CONTEXT((#3971))
GLOBAL_UNIT_ASSIGNED_CONTEXT((#3974,#3975,#3976))
REPRESENTATION_CONTEXT('','3D')
);
#3974=(
LENGTH_UNIT()
NAMED_UNIT(*)
SI_UNIT(.MILLI.,.METRE.)
);
#3975=(
NAMED_UNIT(*)
PLANE_ANGLE_UNIT()
SI_UNIT($,.RADIAN.)
);
#3976=(
NAMED_UNIT(*)
SI_UNIT($,.STERADIAN.)
SOLID_ANGLE_UNIT()
);
#3977=SHAPE_DEFINITION_REPRESENTATION(#3978,#3979);
#3978=PRODUCT_DEFINITION_SHAPE('',$,#3981);
#3979=SHAPE_REPRESENTATION('',(#2254),#3972);
#3980=PRODUCT_DEFINITION_CONTEXT('part definition',#3985,'design');
#3981=PRODUCT_DEFINITION('input-board 1','input-board v4',#3982,#3980);
#3982=PRODUCT_DEFINITION_FORMATION('',$,#3987);
#3983=PRODUCT_RELATED_PRODUCT_CATEGORY('input-board v4',
'input-board v4',(#3987));
#3984=APPLICATION_PROTOCOL_DEFINITION('international standard',
'automotive_design',2009,#3985);
#3985=APPLICATION_CONTEXT(
'Core Data for Automotive Mechanical Design Process');
#3986=PRODUCT_CONTEXT('part definition',#3985,'mechanical');
#3987=PRODUCT('input-board 1','input-board v4',
'KiCad electronic assembly',(#3986));
#3988=PRESENTATION_STYLE_ASSIGNMENT((#3989));
#3989=SURFACE_STYLE_USAGE(.BOTH.,#3990);
#3990=SURFACE_SIDE_STYLE('',(#3991));
#3991=SURFACE_STYLE_FILL_AREA(#3992);
#3992=FILL_AREA_STYLE('Steel - Satin',(#3993));
#3993=FILL_AREA_STYLE_COLOUR('Steel - Satin',#3994);
#3994=COLOUR_RGB('Steel - Satin',0.627450980392157,0.627450980392157,0.627450980392157);
ENDSEC;
END-ISO-10303-21;
