ISO-10303-21;
HEADER;
/* Generated by software containing ST-Developer
 * from STEP Tools, Inc. (www.steptools.com) 
 */

FILE_DESCRIPTION(
/* description */ ('KiCad electronic assembly'),
/* implementation_level */ '2;1');

FILE_NAME(
/* name */ 'input-board-back-tray.step',
/* time_stamp */ '2026-08-07T22:46:35+09:00',
/* author */ (''),
/* organization */ (''),
/* preprocessor_version */ 'ST-DEVELOPER v20.1',
/* originating_system */ 'Autodesk Translation Framework v15.8.0.0',
/* authorisation */ '');

FILE_SCHEMA (('AUTOMOTIVE_DESIGN { 1 0 10303 214 3 1 1 }'));
ENDSEC;

DATA;
#10=MECHANICAL_DESIGN_GEOMETRIC_PRESENTATION_REPRESENTATION('',(#13),#3602);
#11=SHAPE_REPRESENTATION_RELATIONSHIP('SRR','None',#3608,#12);
#12=ADVANCED_BREP_SHAPE_REPRESENTATION('',(#14),#3601);
#13=STYLED_ITEM('',(#3617),#14);
#14=MANIFOLD_SOLID_BREP('InputEnclosure_BackTray',#1984);
#15=(
BOUNDED_SURFACE()
B_SPLINE_SURFACE(2,2,((#3181,#3182,#3183),(#3184,#3185,#3186),(#3187,#3188,
#3189)),.UNSPECIFIED.,.F.,.F.,.F.)
B_SPLINE_SURFACE_WITH_KNOTS((3,3),(3,3),(-1.5707963267949,0.),(1.5707963267949,
3.14159265358979),.UNSPECIFIED.)
GEOMETRIC_REPRESENTATION_ITEM()
RATIONAL_B_SPLINE_SURFACE(((1.,0.707106781186548,1.),(0.707106781186548,
0.500000000000001,0.707106781186548),(1.,0.707106781186548,1.)))
REPRESENTATION_ITEM('')
SURFACE()
);
#16=(
BOUNDED_SURFACE()
B_SPLINE_SURFACE(2,2,((#3213,#3214,#3215),(#3216,#3217,#3218),(#3219,#3220,
#3221)),.UNSPECIFIED.,.F.,.F.,.F.)
B_SPLINE_SURFACE_WITH_KNOTS((3,3),(3,3),(-1.5707963267949,0.),(1.5707963267949,
3.14159265358979),.UNSPECIFIED.)
GEOMETRIC_REPRESENTATION_ITEM()
RATIONAL_B_SPLINE_SURFACE(((1.,0.707106781186548,1.),(0.707106781186548,
0.5,0.707106781186548),(1.,0.707106781186548,1.)))
REPRESENTATION_ITEM('')
SURFACE()
);
#17=(
BOUNDED_SURFACE()
B_SPLINE_SURFACE(2,2,((#3233,#3234,#3235),(#3236,#3237,#3238),(#3239,#3240,
#3241)),.UNSPECIFIED.,.F.,.F.,.F.)
B_SPLINE_SURFACE_WITH_KNOTS((3,3),(3,3),(-1.5707963267949,0.),(-3.14159265358979,
-1.5707963267949),.UNSPECIFIED.)
GEOMETRIC_REPRESENTATION_ITEM()
RATIONAL_B_SPLINE_SURFACE(((1.,0.707106781186548,1.),(0.707106781186547,
0.5,0.707106781186547),(1.,0.707106781186548,1.)))
REPRESENTATION_ITEM('')
SURFACE()
);
#18=(
BOUNDED_SURFACE()
B_SPLINE_SURFACE(2,2,((#3265,#3266,#3267),(#3268,#3269,#3270),(#3271,#3272,
#3273)),.UNSPECIFIED.,.F.,.F.,.F.)
B_SPLINE_SURFACE_WITH_KNOTS((3,3),(3,3),(-1.5707963267949,0.),(-3.14159265358979,
-1.5707963267949),.UNSPECIFIED.)
GEOMETRIC_REPRESENTATION_ITEM()
RATIONAL_B_SPLINE_SURFACE(((1.,0.707106781186548,1.),(0.707106781186549,
0.500000000000001,0.707106781186549),(1.,0.707106781186548,1.)))
REPRESENTATION_ITEM('')
SURFACE()
);
#19=(
BOUNDED_SURFACE()
B_SPLINE_SURFACE(2,2,((#3285,#3286,#3287),(#3288,#3289,#3290),(#3291,#3292,
#3293)),.UNSPECIFIED.,.F.,.F.,.F.)
B_SPLINE_SURFACE_WITH_KNOTS((3,3),(3,3),(-1.5707963267949,0.),(-1.5707963267949,
0.),.UNSPECIFIED.)
GEOMETRIC_REPRESENTATION_ITEM()
RATIONAL_B_SPLINE_SURFACE(((1.,0.707106781186548,1.),(0.707106781186539,
0.499999999999994,0.707106781186539),(1.,0.707106781186548,1.)))
REPRESENTATION_ITEM('')
SURFACE()
);
#20=(
BOUNDED_SURFACE()
B_SPLINE_SURFACE(2,2,((#3317,#3318,#3319),(#3320,#3321,#3322),(#3323,#3324,
#3325)),.UNSPECIFIED.,.F.,.F.,.F.)
B_SPLINE_SURFACE_WITH_KNOTS((3,3),(3,3),(-1.5707963267949,0.),(-1.5707963267949,
0.),.UNSPECIFIED.)
GEOMETRIC_REPRESENTATION_ITEM()
RATIONAL_B_SPLINE_SURFACE(((1.,0.707106781186548,1.),(0.707106781186538,
0.499999999999993,0.707106781186538),(1.,0.707106781186548,1.)))
REPRESENTATION_ITEM('')
SURFACE()
);
#21=(
BOUNDED_SURFACE()
B_SPLINE_SURFACE(2,2,((#3337,#3338,#3339),(#3340,#3341,#3342),(#3343,#3344,
#3345)),.UNSPECIFIED.,.F.,.F.,.F.)
B_SPLINE_SURFACE_WITH_KNOTS((3,3),(3,3),(-1.5707963267949,0.),(0.,1.5707963267949),
 .UNSPECIFIED.)
GEOMETRIC_REPRESENTATION_ITEM()
RATIONAL_B_SPLINE_SURFACE(((1.,0.707106781186548,1.),(0.707106781186538,
0.499999999999994,0.707106781186538),(1.,0.707106781186548,1.)))
REPRESENTATION_ITEM('')
SURFACE()
);
#22=(
BOUNDED_SURFACE()
B_SPLINE_SURFACE(2,2,((#3369,#3370,#3371),(#3372,#3373,#3374),(#3375,#3376,
#3377)),.UNSPECIFIED.,.F.,.F.,.F.)
B_SPLINE_SURFACE_WITH_KNOTS((3,3),(3,3),(-1.5707963267949,0.),(0.,1.5707963267949),
 .UNSPECIFIED.)
GEOMETRIC_REPRESENTATION_ITEM()
RATIONAL_B_SPLINE_SURFACE(((1.,0.707106781186548,1.),(0.707106781186543,
0.499999999999997,0.707106781186543),(1.,0.707106781186548,1.)))
REPRESENTATION_ITEM('')
SURFACE()
);
#23=B_SPLINE_CURVE_WITH_KNOTS('',3,(#3121,#3122,#3123,#3124,#3125),
 .UNSPECIFIED.,.F.,.F.,(4,1,4),(-4.73646637659181,-4.66933288784879,-4.57982156952478),
 .UNSPECIFIED.);
#24=B_SPLINE_CURVE_WITH_KNOTS('',3,(#3126,#3127,#3128,#3129,#3130),
 .UNSPECIFIED.,.F.,.F.,(4,1,4),(4.57982156952478,4.66933288784879,4.73646637659181),
 .UNSPECIFIED.);
#25=B_SPLINE_CURVE_WITH_KNOTS('',3,(#3165,#3166,#3167,#3168,#3169),
 .UNSPECIFIED.,.F.,.F.,(4,1,4),(-0.156644943725409,-0.0671335473108895,
0.),.UNSPECIFIED.);
#26=B_SPLINE_CURVE_WITH_KNOTS('',3,(#3170,#3171,#3172,#3173,#3174),
 .UNSPECIFIED.,.F.,.F.,(4,1,4),(0.,0.0671335473108895,0.156644943725409),
 .UNSPECIFIED.);
#27=B_SPLINE_SURFACE_WITH_KNOTS('',3,3,((#3093,#3094,#3095,#3096,#3097),
(#3098,#3099,#3100,#3101,#3102),(#3103,#3104,#3105,#3106,#3107),(#3108,
#3109,#3110,#3111,#3112),(#3113,#3114,#3115,#3116,#3117)),.UNSPECIFIED.,
 .F.,.F.,.F.,(4,1,4),(4,1,4),(0.,0.571428571428571,1.),(4.57982156952478,
4.66933288784879,4.73646637659181),.UNSPECIFIED.);
#28=B_SPLINE_SURFACE_WITH_KNOTS('',3,3,((#3137,#3138,#3139,#3140,#3141),
(#3142,#3143,#3144,#3145,#3146),(#3147,#3148,#3149,#3150,#3151),(#3152,
#3153,#3154,#3155,#3156),(#3157,#3158,#3159,#3160,#3161)),.UNSPECIFIED.,
 .F.,.F.,.F.,(4,1,4),(4,1,4),(0.,0.571428571428571,1.),(0.,0.0671335473108895,
0.156644943725409),.UNSPECIFIED.);
#29=TOROIDAL_SURFACE('',#2014,2.3,0.5);
#30=TOROIDAL_SURFACE('',#2026,2.3,0.5);
#31=TOROIDAL_SURFACE('',#2038,2.3,0.5);
#32=TOROIDAL_SURFACE('',#2050,2.3,0.5);
#33=TOROIDAL_SURFACE('',#2080,4.5,1.5);
#34=TOROIDAL_SURFACE('',#2096,4.5,1.5);
#35=TOROIDAL_SURFACE('',#2112,4.5,1.5);
#36=TOROIDAL_SURFACE('',#2128,4.5,1.5);
#37=TOROIDAL_SURFACE('',#2145,2.,1.);
#38=TOROIDAL_SURFACE('',#2152,2.,0.999999999999996);
#39=TOROIDAL_SURFACE('',#2163,2.,1.);
#40=TOROIDAL_SURFACE('',#2170,2.,0.999999999999996);
#41=TOROIDAL_SURFACE('',#2191,3.5,3.);
#42=TOROIDAL_SURFACE('',#2197,3.5,3.);
#43=TOROIDAL_SURFACE('',#2202,3.5,3.);
#44=TOROIDAL_SURFACE('',#2207,3.5,3.);
#45=FACE_BOUND('',#212,.T.);
#46=FACE_BOUND('',#216,.T.);
#47=FACE_BOUND('',#217,.T.);
#48=FACE_BOUND('',#218,.T.);
#49=FACE_BOUND('',#229,.T.);
#50=FACE_BOUND('',#233,.T.);
#51=FACE_BOUND('',#237,.T.);
#52=FACE_BOUND('',#241,.T.);
#53=FACE_BOUND('',#289,.T.);
#54=FACE_BOUND('',#290,.T.);
#55=FACE_BOUND('',#291,.T.);
#56=PLANE('',#1989);
#57=PLANE('',#1996);
#58=PLANE('',#2004);
#59=PLANE('',#2005);
#60=PLANE('',#2010);
#61=PLANE('',#2011);
#62=PLANE('',#2021);
#63=PLANE('',#2033);
#64=PLANE('',#2045);
#65=PLANE('',#2057);
#66=PLANE('',#2062);
#67=PLANE('',#2063);
#68=PLANE('',#2064);
#69=PLANE('',#2065);
#70=PLANE('',#2137);
#71=PLANE('',#2139);
#72=PLANE('',#2141);
#73=PLANE('',#2143);
#74=PLANE('',#2156);
#75=PLANE('',#2157);
#76=PLANE('',#2158);
#77=PLANE('',#2180);
#78=PLANE('',#2181);
#79=PLANE('',#2190);
#80=PLANE('',#2211);
#81=PLANE('',#2213);
#82=PLANE('',#2216);
#83=PLANE('',#2218);
#84=PLANE('',#2220);
#85=PLANE('',#2222);
#86=PLANE('',#2224);
#87=PLANE('',#2227);
#88=PLANE('',#2229);
#89=PLANE('',#2231);
#90=PLANE('',#2234);
#91=PLANE('',#2237);
#92=FACE_OUTER_BOUND('',#210,.T.);
#93=FACE_OUTER_BOUND('',#211,.T.);
#94=FACE_OUTER_BOUND('',#213,.T.);
#95=FACE_OUTER_BOUND('',#214,.T.);
#96=FACE_OUTER_BOUND('',#215,.T.);
#97=FACE_OUTER_BOUND('',#219,.T.);
#98=FACE_OUTER_BOUND('',#220,.T.);
#99=FACE_OUTER_BOUND('',#221,.T.);
#100=FACE_OUTER_BOUND('',#222,.T.);
#101=FACE_OUTER_BOUND('',#223,.T.);
#102=FACE_OUTER_BOUND('',#224,.T.);
#103=FACE_OUTER_BOUND('',#225,.T.);
#104=FACE_OUTER_BOUND('',#226,.T.);
#105=FACE_OUTER_BOUND('',#227,.T.);
#106=FACE_OUTER_BOUND('',#228,.T.);
#107=FACE_OUTER_BOUND('',#230,.T.);
#108=FACE_OUTER_BOUND('',#231,.T.);
#109=FACE_OUTER_BOUND('',#232,.T.);
#110=FACE_OUTER_BOUND('',#234,.T.);
#111=FACE_OUTER_BOUND('',#235,.T.);
#112=FACE_OUTER_BOUND('',#236,.T.);
#113=FACE_OUTER_BOUND('',#238,.T.);
#114=FACE_OUTER_BOUND('',#239,.T.);
#115=FACE_OUTER_BOUND('',#240,.T.);
#116=FACE_OUTER_BOUND('',#242,.T.);
#117=FACE_OUTER_BOUND('',#243,.T.);
#118=FACE_OUTER_BOUND('',#244,.T.);
#119=FACE_OUTER_BOUND('',#245,.T.);
#120=FACE_OUTER_BOUND('',#246,.T.);
#121=FACE_OUTER_BOUND('',#247,.T.);
#122=FACE_OUTER_BOUND('',#248,.T.);
#123=FACE_OUTER_BOUND('',#249,.T.);
#124=FACE_OUTER_BOUND('',#250,.T.);
#125=FACE_OUTER_BOUND('',#251,.T.);
#126=FACE_OUTER_BOUND('',#252,.T.);
#127=FACE_OUTER_BOUND('',#253,.T.);
#128=FACE_OUTER_BOUND('',#254,.T.);
#129=FACE_OUTER_BOUND('',#255,.T.);
#130=FACE_OUTER_BOUND('',#256,.T.);
#131=FACE_OUTER_BOUND('',#257,.T.);
#132=FACE_OUTER_BOUND('',#258,.T.);
#133=FACE_OUTER_BOUND('',#259,.T.);
#134=FACE_OUTER_BOUND('',#260,.T.);
#135=FACE_OUTER_BOUND('',#261,.T.);
#136=FACE_OUTER_BOUND('',#262,.T.);
#137=FACE_OUTER_BOUND('',#263,.T.);
#138=FACE_OUTER_BOUND('',#264,.T.);
#139=FACE_OUTER_BOUND('',#265,.T.);
#140=FACE_OUTER_BOUND('',#266,.T.);
#141=FACE_OUTER_BOUND('',#267,.T.);
#142=FACE_OUTER_BOUND('',#268,.T.);
#143=FACE_OUTER_BOUND('',#269,.T.);
#144=FACE_OUTER_BOUND('',#270,.T.);
#145=FACE_OUTER_BOUND('',#271,.T.);
#146=FACE_OUTER_BOUND('',#272,.T.);
#147=FACE_OUTER_BOUND('',#273,.T.);
#148=FACE_OUTER_BOUND('',#274,.T.);
#149=FACE_OUTER_BOUND('',#275,.T.);
#150=FACE_OUTER_BOUND('',#276,.T.);
#151=FACE_OUTER_BOUND('',#277,.T.);
#152=FACE_OUTER_BOUND('',#278,.T.);
#153=FACE_OUTER_BOUND('',#279,.T.);
#154=FACE_OUTER_BOUND('',#280,.T.);
#155=FACE_OUTER_BOUND('',#281,.T.);
#156=FACE_OUTER_BOUND('',#282,.T.);
#157=FACE_OUTER_BOUND('',#283,.T.);
#158=FACE_OUTER_BOUND('',#284,.T.);
#159=FACE_OUTER_BOUND('',#285,.T.);
#160=FACE_OUTER_BOUND('',#286,.T.);
#161=FACE_OUTER_BOUND('',#287,.T.);
#162=FACE_OUTER_BOUND('',#288,.T.);
#163=FACE_OUTER_BOUND('',#292,.T.);
#164=FACE_OUTER_BOUND('',#293,.T.);
#165=FACE_OUTER_BOUND('',#294,.T.);
#166=FACE_OUTER_BOUND('',#295,.T.);
#167=FACE_OUTER_BOUND('',#296,.T.);
#168=FACE_OUTER_BOUND('',#297,.T.);
#169=FACE_OUTER_BOUND('',#298,.T.);
#170=FACE_OUTER_BOUND('',#299,.T.);
#171=FACE_OUTER_BOUND('',#300,.T.);
#172=FACE_OUTER_BOUND('',#301,.T.);
#173=FACE_OUTER_BOUND('',#302,.T.);
#174=FACE_OUTER_BOUND('',#303,.T.);
#175=FACE_OUTER_BOUND('',#304,.T.);
#176=FACE_OUTER_BOUND('',#305,.T.);
#177=FACE_OUTER_BOUND('',#306,.T.);
#178=FACE_OUTER_BOUND('',#307,.T.);
#179=FACE_OUTER_BOUND('',#308,.T.);
#180=FACE_OUTER_BOUND('',#309,.T.);
#181=FACE_OUTER_BOUND('',#310,.T.);
#182=FACE_OUTER_BOUND('',#311,.T.);
#183=FACE_OUTER_BOUND('',#312,.T.);
#184=FACE_OUTER_BOUND('',#313,.T.);
#185=FACE_OUTER_BOUND('',#314,.T.);
#186=FACE_OUTER_BOUND('',#315,.T.);
#187=FACE_OUTER_BOUND('',#316,.T.);
#188=FACE_OUTER_BOUND('',#317,.T.);
#189=FACE_OUTER_BOUND('',#318,.T.);
#190=FACE_OUTER_BOUND('',#319,.T.);
#191=FACE_OUTER_BOUND('',#320,.T.);
#192=FACE_OUTER_BOUND('',#321,.T.);
#193=FACE_OUTER_BOUND('',#322,.T.);
#194=FACE_OUTER_BOUND('',#323,.T.);
#195=FACE_OUTER_BOUND('',#324,.T.);
#196=FACE_OUTER_BOUND('',#325,.T.);
#197=FACE_OUTER_BOUND('',#326,.T.);
#198=FACE_OUTER_BOUND('',#327,.T.);
#199=FACE_OUTER_BOUND('',#328,.T.);
#200=FACE_OUTER_BOUND('',#329,.T.);
#201=FACE_OUTER_BOUND('',#330,.T.);
#202=FACE_OUTER_BOUND('',#331,.T.);
#203=FACE_OUTER_BOUND('',#332,.T.);
#204=FACE_OUTER_BOUND('',#333,.T.);
#205=FACE_OUTER_BOUND('',#334,.T.);
#206=FACE_OUTER_BOUND('',#335,.T.);
#207=FACE_OUTER_BOUND('',#336,.T.);
#208=FACE_OUTER_BOUND('',#337,.T.);
#209=FACE_OUTER_BOUND('',#338,.T.);
#210=EDGE_LOOP('',(#1232,#1233,#1234,#1235));
#211=EDGE_LOOP('',(#1236));
#212=EDGE_LOOP('',(#1237));
#213=EDGE_LOOP('',(#1238,#1239,#1240,#1241));
#214=EDGE_LOOP('',(#1242,#1243,#1244,#1245));
#215=EDGE_LOOP('',(#1246,#1247,#1248,#1249,#1250,#1251,#1252,#1253));
#216=EDGE_LOOP('',(#1254));
#217=EDGE_LOOP('',(#1255,#1256,#1257,#1258));
#218=EDGE_LOOP('',(#1259,#1260,#1261,#1262));
#219=EDGE_LOOP('',(#1263,#1264,#1265,#1266));
#220=EDGE_LOOP('',(#1267,#1268,#1269,#1270));
#221=EDGE_LOOP('',(#1271,#1272,#1273,#1274));
#222=EDGE_LOOP('',(#1275,#1276,#1277,#1278));
#223=EDGE_LOOP('',(#1279,#1280,#1281,#1282));
#224=EDGE_LOOP('',(#1283,#1284,#1285,#1286));
#225=EDGE_LOOP('',(#1287,#1288,#1289,#1290));
#226=EDGE_LOOP('',(#1291,#1292,#1293,#1294,#1295));
#227=EDGE_LOOP('',(#1296,#1297,#1298,#1299,#1300));
#228=EDGE_LOOP('',(#1301,#1302,#1303,#1304,#1305,#1306,#1307,#1308));
#229=EDGE_LOOP('',(#1309));
#230=EDGE_LOOP('',(#1310,#1311,#1312,#1313,#1314));
#231=EDGE_LOOP('',(#1315,#1316,#1317,#1318,#1319));
#232=EDGE_LOOP('',(#1320,#1321,#1322,#1323,#1324,#1325,#1326,#1327));
#233=EDGE_LOOP('',(#1328));
#234=EDGE_LOOP('',(#1329,#1330,#1331,#1332,#1333));
#235=EDGE_LOOP('',(#1334,#1335,#1336,#1337,#1338));
#236=EDGE_LOOP('',(#1339,#1340,#1341,#1342,#1343,#1344,#1345,#1346));
#237=EDGE_LOOP('',(#1347));
#238=EDGE_LOOP('',(#1348,#1349,#1350,#1351,#1352));
#239=EDGE_LOOP('',(#1353,#1354,#1355,#1356,#1357));
#240=EDGE_LOOP('',(#1358,#1359,#1360,#1361,#1362,#1363,#1364,#1365));
#241=EDGE_LOOP('',(#1366));
#242=EDGE_LOOP('',(#1367));
#243=EDGE_LOOP('',(#1368));
#244=EDGE_LOOP('',(#1369));
#245=EDGE_LOOP('',(#1370));
#246=EDGE_LOOP('',(#1371,#1372,#1373,#1374));
#247=EDGE_LOOP('',(#1375,#1376,#1377,#1378));
#248=EDGE_LOOP('',(#1379,#1380,#1381,#1382));
#249=EDGE_LOOP('',(#1383,#1384,#1385,#1386));
#250=EDGE_LOOP('',(#1387,#1388,#1389,#1390));
#251=EDGE_LOOP('',(#1391,#1392,#1393,#1394));
#252=EDGE_LOOP('',(#1395,#1396,#1397,#1398));
#253=EDGE_LOOP('',(#1399,#1400,#1401,#1402));
#254=EDGE_LOOP('',(#1403,#1404,#1405,#1406));
#255=EDGE_LOOP('',(#1407,#1408,#1409,#1410));
#256=EDGE_LOOP('',(#1411,#1412,#1413,#1414));
#257=EDGE_LOOP('',(#1415,#1416,#1417,#1418));
#258=EDGE_LOOP('',(#1419,#1420,#1421,#1422));
#259=EDGE_LOOP('',(#1423,#1424,#1425,#1426));
#260=EDGE_LOOP('',(#1427,#1428,#1429,#1430));
#261=EDGE_LOOP('',(#1431,#1432,#1433,#1434));
#262=EDGE_LOOP('',(#1435,#1436,#1437,#1438));
#263=EDGE_LOOP('',(#1439,#1440,#1441,#1442));
#264=EDGE_LOOP('',(#1443,#1444,#1445,#1446));
#265=EDGE_LOOP('',(#1447,#1448,#1449,#1450));
#266=EDGE_LOOP('',(#1451,#1452,#1453,#1454));
#267=EDGE_LOOP('',(#1455,#1456,#1457,#1458));
#268=EDGE_LOOP('',(#1459,#1460,#1461,#1462));
#269=EDGE_LOOP('',(#1463,#1464,#1465,#1466));
#270=EDGE_LOOP('',(#1467,#1468,#1469,#1470));
#271=EDGE_LOOP('',(#1471,#1472,#1473,#1474));
#272=EDGE_LOOP('',(#1475,#1476,#1477,#1478));
#273=EDGE_LOOP('',(#1479,#1480,#1481,#1482));
#274=EDGE_LOOP('',(#1483,#1484,#1485,#1486));
#275=EDGE_LOOP('',(#1487,#1488,#1489,#1490));
#276=EDGE_LOOP('',(#1491,#1492,#1493,#1494));
#277=EDGE_LOOP('',(#1495,#1496,#1497,#1498,#1499,#1500,#1501,#1502));
#278=EDGE_LOOP('',(#1503,#1504,#1505,#1506));
#279=EDGE_LOOP('',(#1507,#1508,#1509,#1510));
#280=EDGE_LOOP('',(#1511,#1512,#1513,#1514));
#281=EDGE_LOOP('',(#1515,#1516,#1517,#1518));
#282=EDGE_LOOP('',(#1519,#1520,#1521,#1522));
#283=EDGE_LOOP('',(#1523,#1524,#1525,#1526,#1527));
#284=EDGE_LOOP('',(#1528,#1529,#1530,#1531));
#285=EDGE_LOOP('',(#1532,#1533,#1534,#1535,#1536));
#286=EDGE_LOOP('',(#1537,#1538,#1539,#1540,#1541,#1542,#1543));
#287=EDGE_LOOP('',(#1544,#1545,#1546,#1547,#1548,#1549,#1550));
#288=EDGE_LOOP('',(#1551,#1552,#1553,#1554,#1555,#1556,#1557,#1558,#1559,
#1560,#1561,#1562,#1563,#1564,#1565,#1566,#1567,#1568,#1569,#1570,#1571,
#1572,#1573,#1574,#1575,#1576,#1577,#1578));
#289=EDGE_LOOP('',(#1579));
#290=EDGE_LOOP('',(#1580,#1581,#1582,#1583));
#291=EDGE_LOOP('',(#1584,#1585,#1586,#1587));
#292=EDGE_LOOP('',(#1588,#1589,#1590,#1591));
#293=EDGE_LOOP('',(#1592,#1593,#1594,#1595));
#294=EDGE_LOOP('',(#1596,#1597,#1598,#1599));
#295=EDGE_LOOP('',(#1600,#1601,#1602,#1603));
#296=EDGE_LOOP('',(#1604,#1605,#1606,#1607));
#297=EDGE_LOOP('',(#1608,#1609,#1610,#1611));
#298=EDGE_LOOP('',(#1612,#1613,#1614,#1615));
#299=EDGE_LOOP('',(#1616,#1617,#1618,#1619));
#300=EDGE_LOOP('',(#1620,#1621,#1622,#1623));
#301=EDGE_LOOP('',(#1624,#1625,#1626,#1627));
#302=EDGE_LOOP('',(#1628,#1629,#1630,#1631,#1632,#1633,#1634,#1635,#1636,
#1637,#1638,#1639,#1640,#1641,#1642,#1643,#1644,#1645,#1646,#1647,#1648,
#1649,#1650,#1651));
#303=EDGE_LOOP('',(#1652,#1653,#1654,#1655));
#304=EDGE_LOOP('',(#1656,#1657,#1658,#1659));
#305=EDGE_LOOP('',(#1660,#1661,#1662,#1663));
#306=EDGE_LOOP('',(#1664,#1665,#1666,#1667));
#307=EDGE_LOOP('',(#1668,#1669,#1670,#1671));
#308=EDGE_LOOP('',(#1672,#1673,#1674,#1675));
#309=EDGE_LOOP('',(#1676,#1677,#1678,#1679));
#310=EDGE_LOOP('',(#1680,#1681,#1682,#1683));
#311=EDGE_LOOP('',(#1684,#1685,#1686,#1687));
#312=EDGE_LOOP('',(#1688,#1689,#1690,#1691,#1692,#1693,#1694,#1695,#1696,
#1697));
#313=EDGE_LOOP('',(#1698,#1699,#1700,#1701));
#314=EDGE_LOOP('',(#1702,#1703,#1704,#1705));
#315=EDGE_LOOP('',(#1706,#1707,#1708,#1709));
#316=EDGE_LOOP('',(#1710,#1711,#1712,#1713));
#317=EDGE_LOOP('',(#1714,#1715,#1716,#1717));
#318=EDGE_LOOP('',(#1718,#1719,#1720,#1721));
#319=EDGE_LOOP('',(#1722,#1723,#1724,#1725,#1726,#1727,#1728,#1729));
#320=EDGE_LOOP('',(#1730,#1731,#1732,#1733));
#321=EDGE_LOOP('',(#1734,#1735,#1736,#1737,#1738,#1739,#1740,#1741));
#322=EDGE_LOOP('',(#1742,#1743,#1744,#1745));
#323=EDGE_LOOP('',(#1746,#1747,#1748,#1749));
#324=EDGE_LOOP('',(#1750,#1751,#1752,#1753));
#325=EDGE_LOOP('',(#1754,#1755,#1756,#1757));
#326=EDGE_LOOP('',(#1758,#1759,#1760,#1761));
#327=EDGE_LOOP('',(#1762,#1763,#1764,#1765));
#328=EDGE_LOOP('',(#1766,#1767,#1768,#1769));
#329=EDGE_LOOP('',(#1770,#1771,#1772,#1773));
#330=EDGE_LOOP('',(#1774,#1775,#1776,#1777));
#331=EDGE_LOOP('',(#1778,#1779,#1780,#1781));
#332=EDGE_LOOP('',(#1782,#1783,#1784,#1785));
#333=EDGE_LOOP('',(#1786,#1787,#1788,#1789));
#334=EDGE_LOOP('',(#1790,#1791,#1792,#1793));
#335=EDGE_LOOP('',(#1794,#1795,#1796,#1797));
#336=EDGE_LOOP('',(#1798,#1799,#1800,#1801));
#337=EDGE_LOOP('',(#1802,#1803,#1804,#1805));
#338=EDGE_LOOP('',(#1806,#1807,#1808,#1809));
#339=LINE('',#2890,#480);
#340=LINE('',#2898,#481);
#341=LINE('',#2902,#482);
#342=LINE('',#2906,#483);
#343=LINE('',#2913,#484);
#344=LINE('',#2917,#485);
#345=LINE('',#2921,#486);
#346=LINE('',#2924,#487);
#347=LINE('',#2926,#488);
#348=LINE('',#2929,#489);
#349=LINE('',#2934,#490);
#350=LINE('',#2937,#491);
#351=LINE('',#2940,#492);
#352=LINE('',#2941,#493);
#353=LINE('',#2944,#494);
#354=LINE('',#2945,#495);
#355=LINE('',#2950,#496);
#356=LINE('',#2953,#497);
#357=LINE('',#2956,#498);
#358=LINE('',#2957,#499);
#359=LINE('',#2960,#500);
#360=LINE('',#2961,#501);
#361=LINE('',#2974,#502);
#362=LINE('',#2981,#503);
#363=LINE('',#2985,#504);
#364=LINE('',#2989,#505);
#365=LINE('',#2992,#506);
#366=LINE('',#3003,#507);
#367=LINE('',#3010,#508);
#368=LINE('',#3014,#509);
#369=LINE('',#3018,#510);
#370=LINE('',#3021,#511);
#371=LINE('',#3032,#512);
#372=LINE('',#3039,#513);
#373=LINE('',#3043,#514);
#374=LINE('',#3047,#515);
#375=LINE('',#3050,#516);
#376=LINE('',#3061,#517);
#377=LINE('',#3068,#518);
#378=LINE('',#3072,#519);
#379=LINE('',#3076,#520);
#380=LINE('',#3079,#521);
#381=LINE('',#3089,#522);
#382=LINE('',#3092,#523);
#383=LINE('',#3135,#524);
#384=LINE('',#3136,#525);
#385=LINE('',#3177,#526);
#386=LINE('',#3180,#527);
#387=LINE('',#3199,#528);
#388=LINE('',#3200,#529);
#389=LINE('',#3211,#530);
#390=LINE('',#3212,#531);
#391=LINE('',#3231,#532);
#392=LINE('',#3232,#533);
#393=LINE('',#3251,#534);
#394=LINE('',#3252,#535);
#395=LINE('',#3263,#536);
#396=LINE('',#3264,#537);
#397=LINE('',#3283,#538);
#398=LINE('',#3284,#539);
#399=LINE('',#3303,#540);
#400=LINE('',#3304,#541);
#401=LINE('',#3315,#542);
#402=LINE('',#3316,#543);
#403=LINE('',#3335,#544);
#404=LINE('',#3336,#545);
#405=LINE('',#3355,#546);
#406=LINE('',#3356,#547);
#407=LINE('',#3367,#548);
#408=LINE('',#3368,#549);
#409=LINE('',#3381,#550);
#410=LINE('',#3382,#551);
#411=LINE('',#3384,#552);
#412=LINE('',#3386,#553);
#413=LINE('',#3388,#554);
#414=LINE('',#3390,#555);
#415=LINE('',#3392,#556);
#416=LINE('',#3393,#557);
#417=LINE('',#3395,#558);
#418=LINE('',#3397,#559);
#419=LINE('',#3399,#560);
#420=LINE('',#3401,#561);
#421=LINE('',#3403,#562);
#422=LINE('',#3415,#563);
#423=LINE('',#3423,#564);
#424=LINE('',#3425,#565);
#425=LINE('',#3427,#566);
#426=LINE('',#3428,#567);
#427=LINE('',#3431,#568);
#428=LINE('',#3433,#569);
#429=LINE('',#3434,#570);
#430=LINE('',#3439,#571);
#431=LINE('',#3443,#572);
#432=LINE('',#3457,#573);
#433=LINE('',#3458,#574);
#434=LINE('',#3472,#575);
#435=LINE('',#3473,#576);
#436=LINE('',#3475,#577);
#437=LINE('',#3476,#578);
#438=LINE('',#3478,#579);
#439=LINE('',#3479,#580);
#440=LINE('',#3481,#581);
#441=LINE('',#3482,#582);
#442=LINE('',#3484,#583);
#443=LINE('',#3489,#584);
#444=LINE('',#3493,#585);
#445=LINE('',#3497,#586);
#446=LINE('',#3501,#587);
#447=LINE('',#3505,#588);
#448=LINE('',#3509,#589);
#449=LINE('',#3512,#590);
#450=LINE('',#3513,#591);
#451=LINE('',#3524,#592);
#452=LINE('',#3532,#593);
#453=LINE('',#3540,#594);
#454=LINE('',#3546,#595);
#455=LINE('',#3548,#596);
#456=LINE('',#3549,#597);
#457=LINE('',#3551,#598);
#458=LINE('',#3553,#599);
#459=LINE('',#3555,#600);
#460=LINE('',#3557,#601);
#461=LINE('',#3558,#602);
#462=LINE('',#3560,#603);
#463=LINE('',#3562,#604);
#464=LINE('',#3563,#605);
#465=LINE('',#3565,#606);
#466=LINE('',#3566,#607);
#467=LINE('',#3567,#608);
#468=LINE('',#3569,#609);
#469=LINE('',#3571,#610);
#470=LINE('',#3572,#611);
#471=LINE('',#3573,#612);
#472=LINE('',#3575,#613);
#473=LINE('',#3577,#614);
#474=LINE('',#3579,#615);
#475=LINE('',#3581,#616);
#476=LINE('',#3584,#617);
#477=LINE('',#3593,#618);
#478=LINE('',#3595,#619);
#479=LINE('',#3597,#620);
#480=VECTOR('',#2244,6.);
#481=VECTOR('',#2255,2.25);
#482=VECTOR('',#2258,10.);
#483=VECTOR('',#2261,10.);
#484=VECTOR('',#2268,10.);
#485=VECTOR('',#2271,10.);
#486=VECTOR('',#2274,10.);
#487=VECTOR('',#2277,10.);
#488=VECTOR('',#2278,10.);
#489=VECTOR('',#2281,10.);
#490=VECTOR('',#2284,10.);
#491=VECTOR('',#2287,10.);
#492=VECTOR('',#2290,10.);
#493=VECTOR('',#2291,10.);
#494=VECTOR('',#2294,10.);
#495=VECTOR('',#2295,10.);
#496=VECTOR('',#2302,10.);
#497=VECTOR('',#2305,10.);
#498=VECTOR('',#2308,10.);
#499=VECTOR('',#2309,10.);
#500=VECTOR('',#2312,10.);
#501=VECTOR('',#2313,10.);
#502=VECTOR('',#2330,1.8);
#503=VECTOR('',#2337,10.);
#504=VECTOR('',#2340,10.);
#505=VECTOR('',#2343,10.);
#506=VECTOR('',#2346,10.);
#507=VECTOR('',#2359,1.8);
#508=VECTOR('',#2366,10.);
#509=VECTOR('',#2369,10.);
#510=VECTOR('',#2372,10.);
#511=VECTOR('',#2375,10.);
#512=VECTOR('',#2388,1.8);
#513=VECTOR('',#2395,10.);
#514=VECTOR('',#2398,10.);
#515=VECTOR('',#2401,10.);
#516=VECTOR('',#2404,10.);
#517=VECTOR('',#2417,1.8);
#518=VECTOR('',#2424,10.);
#519=VECTOR('',#2427,10.);
#520=VECTOR('',#2430,10.);
#521=VECTOR('',#2433,10.);
#522=VECTOR('',#2446,10.);
#523=VECTOR('',#2449,10.);
#524=VECTOR('',#2456,10.);
#525=VECTOR('',#2457,10.);
#526=VECTOR('',#2462,10.);
#527=VECTOR('',#2465,10.);
#528=VECTOR('',#2476,10.);
#529=VECTOR('',#2477,10.);
#530=VECTOR('',#2490,10.);
#531=VECTOR('',#2491,10.);
#532=VECTOR('',#2502,10.);
#533=VECTOR('',#2503,10.);
#534=VECTOR('',#2514,10.);
#535=VECTOR('',#2515,10.);
#536=VECTOR('',#2528,10.);
#537=VECTOR('',#2529,10.);
#538=VECTOR('',#2540,10.);
#539=VECTOR('',#2541,10.);
#540=VECTOR('',#2552,10.);
#541=VECTOR('',#2553,10.);
#542=VECTOR('',#2566,10.);
#543=VECTOR('',#2567,10.);
#544=VECTOR('',#2578,10.);
#545=VECTOR('',#2579,10.);
#546=VECTOR('',#2590,10.);
#547=VECTOR('',#2591,10.);
#548=VECTOR('',#2604,10.);
#549=VECTOR('',#2605,10.);
#550=VECTOR('',#2612,10.);
#551=VECTOR('',#2613,10.);
#552=VECTOR('',#2616,10.);
#553=VECTOR('',#2619,10.);
#554=VECTOR('',#2622,10.);
#555=VECTOR('',#2623,10.);
#556=VECTOR('',#2624,10.);
#557=VECTOR('',#2625,10.);
#558=VECTOR('',#2628,10.);
#559=VECTOR('',#2631,10.);
#560=VECTOR('',#2634,10.);
#561=VECTOR('',#2637,10.);
#562=VECTOR('',#2640,10.);
#563=VECTOR('',#2655,10.);
#564=VECTOR('',#2666,10.);
#565=VECTOR('',#2667,10.);
#566=VECTOR('',#2668,10.);
#567=VECTOR('',#2669,10.);
#568=VECTOR('',#2672,10.);
#569=VECTOR('',#2673,10.);
#570=VECTOR('',#2674,10.);
#571=VECTOR('',#2681,10.);
#572=VECTOR('',#2686,10.);
#573=VECTOR('',#2701,10.);
#574=VECTOR('',#2702,10.);
#575=VECTOR('',#2717,10.);
#576=VECTOR('',#2718,10.);
#577=VECTOR('',#2721,10.);
#578=VECTOR('',#2722,10.);
#579=VECTOR('',#2725,10.);
#580=VECTOR('',#2726,10.);
#581=VECTOR('',#2729,10.);
#582=VECTOR('',#2730,10.);
#583=VECTOR('',#2733,10.);
#584=VECTOR('',#2738,10.);
#585=VECTOR('',#2741,10.);
#586=VECTOR('',#2746,10.);
#587=VECTOR('',#2749,10.);
#588=VECTOR('',#2752,10.);
#589=VECTOR('',#2755,10.);
#590=VECTOR('',#2758,10.);
#591=VECTOR('',#2759,10.);
#592=VECTOR('',#2774,10.);
#593=VECTOR('',#2785,10.);
#594=VECTOR('',#2796,10.);
#595=VECTOR('',#2805,10.);
#596=VECTOR('',#2808,10.);
#597=VECTOR('',#2809,10.);
#598=VECTOR('',#2812,10.);
#599=VECTOR('',#2815,10.);
#600=VECTOR('',#2818,10.);
#601=VECTOR('',#2821,10.);
#602=VECTOR('',#2822,10.);
#603=VECTOR('',#2825,10.);
#604=VECTOR('',#2828,10.);
#605=VECTOR('',#2829,10.);
#606=VECTOR('',#2832,10.);
#607=VECTOR('',#2833,10.);
#608=VECTOR('',#2834,10.);
#609=VECTOR('',#2837,10.);
#610=VECTOR('',#2840,10.);
#611=VECTOR('',#2841,10.);
#612=VECTOR('',#2842,10.);
#613=VECTOR('',#2845,10.);
#614=VECTOR('',#2848,10.);
#615=VECTOR('',#2851,10.);
#616=VECTOR('',#2854,10.);
#617=VECTOR('',#2859,10.);
#618=VECTOR('',#2876,10.);
#619=VECTOR('',#2879,10.);
#620=VECTOR('',#2882,10.);
#621=CIRCLE('',#1987,6.);
#622=CIRCLE('',#1988,6.);
#623=CIRCLE('',#1990,2.25);
#624=CIRCLE('',#1992,2.25);
#625=CIRCLE('',#1994,2.25);
#626=CIRCLE('',#1995,2.25);
#627=CIRCLE('',#1997,3.5);
#628=CIRCLE('',#1998,3.5);
#629=CIRCLE('',#1999,3.5);
#630=CIRCLE('',#2000,3.5);
#631=CIRCLE('',#2001,4.25);
#632=CIRCLE('',#2002,2.25);
#633=CIRCLE('',#2003,4.25);
#634=CIRCLE('',#2007,4.25);
#635=CIRCLE('',#2009,2.25);
#636=CIRCLE('',#2013,4.25);
#637=CIRCLE('',#2015,2.3);
#638=CIRCLE('',#2016,0.5);
#639=CIRCLE('',#2017,1.8);
#640=CIRCLE('',#2018,1.8);
#641=CIRCLE('',#2020,1.8);
#642=CIRCLE('',#2022,3.);
#643=CIRCLE('',#2023,3.);
#644=CIRCLE('',#2024,3.5);
#645=CIRCLE('',#2025,3.);
#646=CIRCLE('',#2027,2.3);
#647=CIRCLE('',#2028,0.5);
#648=CIRCLE('',#2029,1.8);
#649=CIRCLE('',#2030,1.8);
#650=CIRCLE('',#2032,1.8);
#651=CIRCLE('',#2034,3.);
#652=CIRCLE('',#2035,3.);
#653=CIRCLE('',#2036,3.5);
#654=CIRCLE('',#2037,3.);
#655=CIRCLE('',#2039,2.3);
#656=CIRCLE('',#2040,0.5);
#657=CIRCLE('',#2041,1.8);
#658=CIRCLE('',#2042,1.8);
#659=CIRCLE('',#2044,1.8);
#660=CIRCLE('',#2046,3.);
#661=CIRCLE('',#2047,3.);
#662=CIRCLE('',#2048,3.5);
#663=CIRCLE('',#2049,3.);
#664=CIRCLE('',#2051,2.3);
#665=CIRCLE('',#2052,0.5);
#666=CIRCLE('',#2053,1.8);
#667=CIRCLE('',#2054,1.8);
#668=CIRCLE('',#2056,1.8);
#669=CIRCLE('',#2058,3.);
#670=CIRCLE('',#2059,3.);
#671=CIRCLE('',#2060,3.5);
#672=CIRCLE('',#2061,3.);
#673=CIRCLE('',#2067,1.5);
#674=CIRCLE('',#2068,1.5);
#675=CIRCLE('',#2069,1.5);
#676=CIRCLE('',#2071,1.5);
#677=CIRCLE('',#2072,1.5);
#678=CIRCLE('',#2074,1.5);
#679=CIRCLE('',#2075,1.5);
#680=CIRCLE('',#2076,1.5);
#681=CIRCLE('',#2077,3.);
#682=CIRCLE('',#2079,1.5);
#683=CIRCLE('',#2081,1.5);
#684=CIRCLE('',#2082,4.5);
#685=CIRCLE('',#2083,3.);
#686=CIRCLE('',#2085,1.5);
#687=CIRCLE('',#2086,1.5);
#688=CIRCLE('',#2087,1.5);
#689=CIRCLE('',#2088,3.);
#690=CIRCLE('',#2090,1.5);
#691=CIRCLE('',#2091,1.5);
#692=CIRCLE('',#2092,1.5);
#693=CIRCLE('',#2093,3.);
#694=CIRCLE('',#2095,1.5);
#695=CIRCLE('',#2097,1.5);
#696=CIRCLE('',#2098,4.5);
#697=CIRCLE('',#2099,3.);
#698=CIRCLE('',#2101,1.5);
#699=CIRCLE('',#2102,1.5);
#700=CIRCLE('',#2103,1.5);
#701=CIRCLE('',#2104,3.);
#702=CIRCLE('',#2106,1.5);
#703=CIRCLE('',#2107,1.49999999999999);
#704=CIRCLE('',#2108,1.5);
#705=CIRCLE('',#2109,3.);
#706=CIRCLE('',#2111,1.5);
#707=CIRCLE('',#2113,1.5);
#708=CIRCLE('',#2114,4.5);
#709=CIRCLE('',#2115,3.);
#710=CIRCLE('',#2117,1.5);
#711=CIRCLE('',#2118,1.5);
#712=CIRCLE('',#2119,1.5);
#713=CIRCLE('',#2120,3.);
#714=CIRCLE('',#2122,1.5);
#715=CIRCLE('',#2123,1.5);
#716=CIRCLE('',#2124,1.5);
#717=CIRCLE('',#2125,3.);
#718=CIRCLE('',#2127,1.5);
#719=CIRCLE('',#2129,1.49999999999999);
#720=CIRCLE('',#2130,4.5);
#721=CIRCLE('',#2131,3.);
#722=CIRCLE('',#2133,1.5);
#723=CIRCLE('',#2134,1.5);
#724=CIRCLE('',#2135,3.);
#725=CIRCLE('',#2146,1.);
#726=CIRCLE('',#2147,1.00000000000001);
#727=CIRCLE('',#2148,0.999999999999996);
#728=CIRCLE('',#2149,2.00000000000001);
#729=CIRCLE('',#2151,0.999999999999996);
#730=CIRCLE('',#2153,2.);
#731=CIRCLE('',#2154,0.999999999999996);
#732=CIRCLE('',#2155,1.);
#733=CIRCLE('',#2160,1.);
#734=CIRCLE('',#2162,1.);
#735=CIRCLE('',#2164,1.00000000000001);
#736=CIRCLE('',#2165,0.999999999999996);
#737=CIRCLE('',#2166,2.);
#738=CIRCLE('',#2167,1.);
#739=CIRCLE('',#2169,1.);
#740=CIRCLE('',#2171,2.);
#741=CIRCLE('',#2172,1.);
#742=CIRCLE('',#2173,1.);
#743=CIRCLE('',#2174,0.999999999999996);
#744=CIRCLE('',#2176,1.);
#745=CIRCLE('',#2182,3.5);
#746=CIRCLE('',#2183,3.5);
#747=CIRCLE('',#2184,3.5);
#748=CIRCLE('',#2185,3.5);
#749=CIRCLE('',#2186,6.5);
#750=CIRCLE('',#2187,6.5);
#751=CIRCLE('',#2188,6.5);
#752=CIRCLE('',#2189,6.5);
#753=CIRCLE('',#2192,3.);
#754=CIRCLE('',#2193,3.);
#755=CIRCLE('',#2194,6.5);
#756=CIRCLE('',#2196,3.);
#757=CIRCLE('',#2198,3.);
#758=CIRCLE('',#2199,6.5);
#759=CIRCLE('',#2201,3.);
#760=CIRCLE('',#2203,3.);
#761=CIRCLE('',#2204,6.5);
#762=CIRCLE('',#2206,3.);
#763=CIRCLE('',#2208,3.);
#764=CIRCLE('',#2209,6.5);
#765=VERTEX_POINT('',#2887);
#766=VERTEX_POINT('',#2889);
#767=VERTEX_POINT('',#2893);
#768=VERTEX_POINT('',#2896);
#769=VERTEX_POINT('',#2900);
#770=VERTEX_POINT('',#2901);
#771=VERTEX_POINT('',#2903);
#772=VERTEX_POINT('',#2905);
#773=VERTEX_POINT('',#2909);
#774=VERTEX_POINT('',#2910);
#775=VERTEX_POINT('',#2912);
#776=VERTEX_POINT('',#2914);
#777=VERTEX_POINT('',#2916);
#778=VERTEX_POINT('',#2918);
#779=VERTEX_POINT('',#2920);
#780=VERTEX_POINT('',#2922);
#781=VERTEX_POINT('',#2925);
#782=VERTEX_POINT('',#2927);
#783=VERTEX_POINT('',#2930);
#784=VERTEX_POINT('',#2931);
#785=VERTEX_POINT('',#2933);
#786=VERTEX_POINT('',#2935);
#787=VERTEX_POINT('',#2939);
#788=VERTEX_POINT('',#2943);
#789=VERTEX_POINT('',#2949);
#790=VERTEX_POINT('',#2951);
#791=VERTEX_POINT('',#2955);
#792=VERTEX_POINT('',#2959);
#793=VERTEX_POINT('',#2965);
#794=VERTEX_POINT('',#2967);
#795=VERTEX_POINT('',#2969);
#796=VERTEX_POINT('',#2973);
#797=VERTEX_POINT('',#2977);
#798=VERTEX_POINT('',#2978);
#799=VERTEX_POINT('',#2980);
#800=VERTEX_POINT('',#2982);
#801=VERTEX_POINT('',#2984);
#802=VERTEX_POINT('',#2986);
#803=VERTEX_POINT('',#2988);
#804=VERTEX_POINT('',#2990);
#805=VERTEX_POINT('',#2994);
#806=VERTEX_POINT('',#2996);
#807=VERTEX_POINT('',#2998);
#808=VERTEX_POINT('',#3002);
#809=VERTEX_POINT('',#3006);
#810=VERTEX_POINT('',#3007);
#811=VERTEX_POINT('',#3009);
#812=VERTEX_POINT('',#3011);
#813=VERTEX_POINT('',#3013);
#814=VERTEX_POINT('',#3015);
#815=VERTEX_POINT('',#3017);
#816=VERTEX_POINT('',#3019);
#817=VERTEX_POINT('',#3023);
#818=VERTEX_POINT('',#3025);
#819=VERTEX_POINT('',#3027);
#820=VERTEX_POINT('',#3031);
#821=VERTEX_POINT('',#3035);
#822=VERTEX_POINT('',#3036);
#823=VERTEX_POINT('',#3038);
#824=VERTEX_POINT('',#3040);
#825=VERTEX_POINT('',#3042);
#826=VERTEX_POINT('',#3044);
#827=VERTEX_POINT('',#3046);
#828=VERTEX_POINT('',#3048);
#829=VERTEX_POINT('',#3052);
#830=VERTEX_POINT('',#3054);
#831=VERTEX_POINT('',#3056);
#832=VERTEX_POINT('',#3060);
#833=VERTEX_POINT('',#3064);
#834=VERTEX_POINT('',#3065);
#835=VERTEX_POINT('',#3067);
#836=VERTEX_POINT('',#3069);
#837=VERTEX_POINT('',#3071);
#838=VERTEX_POINT('',#3073);
#839=VERTEX_POINT('',#3075);
#840=VERTEX_POINT('',#3077);
#841=VERTEX_POINT('',#3085);
#842=VERTEX_POINT('',#3086);
#843=VERTEX_POINT('',#3088);
#844=VERTEX_POINT('',#3090);
#845=VERTEX_POINT('',#3118);
#846=VERTEX_POINT('',#3119);
#847=VERTEX_POINT('',#3132);
#848=VERTEX_POINT('',#3133);
#849=VERTEX_POINT('',#3162);
#850=VERTEX_POINT('',#3163);
#851=VERTEX_POINT('',#3176);
#852=VERTEX_POINT('',#3178);
#853=VERTEX_POINT('',#3190);
#854=VERTEX_POINT('',#3191);
#855=VERTEX_POINT('',#3196);
#856=VERTEX_POINT('',#3197);
#857=VERTEX_POINT('',#3202);
#858=VERTEX_POINT('',#3203);
#859=VERTEX_POINT('',#3208);
#860=VERTEX_POINT('',#3209);
#861=VERTEX_POINT('',#3222);
#862=VERTEX_POINT('',#3223);
#863=VERTEX_POINT('',#3228);
#864=VERTEX_POINT('',#3229);
#865=VERTEX_POINT('',#3242);
#866=VERTEX_POINT('',#3243);
#867=VERTEX_POINT('',#3248);
#868=VERTEX_POINT('',#3249);
#869=VERTEX_POINT('',#3254);
#870=VERTEX_POINT('',#3255);
#871=VERTEX_POINT('',#3260);
#872=VERTEX_POINT('',#3261);
#873=VERTEX_POINT('',#3274);
#874=VERTEX_POINT('',#3275);
#875=VERTEX_POINT('',#3280);
#876=VERTEX_POINT('',#3281);
#877=VERTEX_POINT('',#3294);
#878=VERTEX_POINT('',#3295);
#879=VERTEX_POINT('',#3300);
#880=VERTEX_POINT('',#3301);
#881=VERTEX_POINT('',#3306);
#882=VERTEX_POINT('',#3307);
#883=VERTEX_POINT('',#3312);
#884=VERTEX_POINT('',#3313);
#885=VERTEX_POINT('',#3326);
#886=VERTEX_POINT('',#3327);
#887=VERTEX_POINT('',#3332);
#888=VERTEX_POINT('',#3333);
#889=VERTEX_POINT('',#3346);
#890=VERTEX_POINT('',#3347);
#891=VERTEX_POINT('',#3352);
#892=VERTEX_POINT('',#3353);
#893=VERTEX_POINT('',#3358);
#894=VERTEX_POINT('',#3359);
#895=VERTEX_POINT('',#3364);
#896=VERTEX_POINT('',#3365);
#897=VERTEX_POINT('',#3389);
#898=VERTEX_POINT('',#3391);
#899=VERTEX_POINT('',#3405);
#900=VERTEX_POINT('',#3407);
#901=VERTEX_POINT('',#3409);
#902=VERTEX_POINT('',#3413);
#903=VERTEX_POINT('',#3417);
#904=VERTEX_POINT('',#3419);
#905=VERTEX_POINT('',#3424);
#906=VERTEX_POINT('',#3426);
#907=VERTEX_POINT('',#3430);
#908=VERTEX_POINT('',#3432);
#909=VERTEX_POINT('',#3437);
#910=VERTEX_POINT('',#3441);
#911=VERTEX_POINT('',#3445);
#912=VERTEX_POINT('',#3446);
#913=VERTEX_POINT('',#3448);
#914=VERTEX_POINT('',#3450);
#915=VERTEX_POINT('',#3454);
#916=VERTEX_POINT('',#3455);
#917=VERTEX_POINT('',#3460);
#918=VERTEX_POINT('',#3461);
#919=VERTEX_POINT('',#3463);
#920=VERTEX_POINT('',#3465);
#921=VERTEX_POINT('',#3469);
#922=VERTEX_POINT('',#3470);
#923=VERTEX_POINT('',#3486);
#924=VERTEX_POINT('',#3488);
#925=VERTEX_POINT('',#3490);
#926=VERTEX_POINT('',#3492);
#927=VERTEX_POINT('',#3496);
#928=VERTEX_POINT('',#3498);
#929=VERTEX_POINT('',#3500);
#930=VERTEX_POINT('',#3502);
#931=VERTEX_POINT('',#3504);
#932=VERTEX_POINT('',#3506);
#933=VERTEX_POINT('',#3508);
#934=VERTEX_POINT('',#3510);
#935=VERTEX_POINT('',#3516);
#936=VERTEX_POINT('',#3518);
#937=VERTEX_POINT('',#3522);
#938=VERTEX_POINT('',#3526);
#939=VERTEX_POINT('',#3530);
#940=VERTEX_POINT('',#3534);
#941=VERTEX_POINT('',#3538);
#942=VERTEX_POINT('',#3542);
#943=EDGE_CURVE('',#765,#765,#621,.T.);
#944=EDGE_CURVE('',#765,#766,#339,.T.);
#945=EDGE_CURVE('',#766,#766,#622,.T.);
#946=EDGE_CURVE('',#767,#767,#623,.T.);
#947=EDGE_CURVE('',#768,#768,#624,.T.);
#948=EDGE_CURVE('',#768,#767,#340,.T.);
#949=EDGE_CURVE('',#769,#770,#341,.T.);
#950=EDGE_CURVE('',#771,#770,#625,.T.);
#951=EDGE_CURVE('',#772,#771,#342,.T.);
#952=EDGE_CURVE('',#769,#772,#626,.T.);
#953=EDGE_CURVE('',#773,#774,#627,.T.);
#954=EDGE_CURVE('',#775,#773,#343,.T.);
#955=EDGE_CURVE('',#776,#775,#628,.T.);
#956=EDGE_CURVE('',#777,#776,#344,.T.);
#957=EDGE_CURVE('',#778,#777,#629,.T.);
#958=EDGE_CURVE('',#779,#778,#345,.T.);
#959=EDGE_CURVE('',#780,#779,#630,.T.);
#960=EDGE_CURVE('',#774,#780,#346,.T.);
#961=EDGE_CURVE('',#772,#781,#347,.T.);
#962=EDGE_CURVE('',#781,#782,#631,.T.);
#963=EDGE_CURVE('',#782,#769,#348,.T.);
#964=EDGE_CURVE('',#783,#784,#632,.T.);
#965=EDGE_CURVE('',#784,#785,#349,.T.);
#966=EDGE_CURVE('',#785,#786,#633,.T.);
#967=EDGE_CURVE('',#786,#783,#350,.T.);
#968=EDGE_CURVE('',#770,#787,#351,.T.);
#969=EDGE_CURVE('',#787,#782,#352,.T.);
#970=EDGE_CURVE('',#788,#771,#353,.T.);
#971=EDGE_CURVE('',#781,#788,#354,.T.);
#972=EDGE_CURVE('',#787,#788,#634,.T.);
#973=EDGE_CURVE('',#783,#789,#355,.T.);
#974=EDGE_CURVE('',#790,#789,#635,.T.);
#975=EDGE_CURVE('',#784,#790,#356,.T.);
#976=EDGE_CURVE('',#789,#791,#357,.T.);
#977=EDGE_CURVE('',#791,#786,#358,.T.);
#978=EDGE_CURVE('',#792,#790,#359,.T.);
#979=EDGE_CURVE('',#785,#792,#360,.T.);
#980=EDGE_CURVE('',#791,#792,#636,.T.);
#981=EDGE_CURVE('',#793,#793,#637,.T.);
#982=EDGE_CURVE('',#793,#794,#638,.T.);
#983=EDGE_CURVE('',#794,#795,#639,.T.);
#984=EDGE_CURVE('',#795,#794,#640,.T.);
#985=EDGE_CURVE('',#795,#796,#361,.T.);
#986=EDGE_CURVE('',#796,#796,#641,.T.);
#987=EDGE_CURVE('',#797,#798,#642,.T.);
#988=EDGE_CURVE('',#797,#799,#362,.T.);
#989=EDGE_CURVE('',#800,#799,#643,.T.);
#990=EDGE_CURVE('',#801,#800,#363,.T.);
#991=EDGE_CURVE('',#802,#801,#644,.T.);
#992=EDGE_CURVE('',#803,#802,#364,.T.);
#993=EDGE_CURVE('',#804,#803,#645,.T.);
#994=EDGE_CURVE('',#804,#798,#365,.T.);
#995=EDGE_CURVE('',#805,#805,#646,.T.);
#996=EDGE_CURVE('',#805,#806,#647,.T.);
#997=EDGE_CURVE('',#806,#807,#648,.T.);
#998=EDGE_CURVE('',#807,#806,#649,.T.);
#999=EDGE_CURVE('',#807,#808,#366,.T.);
#1000=EDGE_CURVE('',#808,#808,#650,.T.);
#1001=EDGE_CURVE('',#809,#810,#651,.T.);
#1002=EDGE_CURVE('',#809,#811,#367,.T.);
#1003=EDGE_CURVE('',#812,#811,#652,.T.);
#1004=EDGE_CURVE('',#813,#812,#368,.T.);
#1005=EDGE_CURVE('',#814,#813,#653,.T.);
#1006=EDGE_CURVE('',#815,#814,#369,.T.);
#1007=EDGE_CURVE('',#816,#815,#654,.T.);
#1008=EDGE_CURVE('',#816,#810,#370,.T.);
#1009=EDGE_CURVE('',#817,#817,#655,.T.);
#1010=EDGE_CURVE('',#817,#818,#656,.T.);
#1011=EDGE_CURVE('',#818,#819,#657,.T.);
#1012=EDGE_CURVE('',#819,#818,#658,.T.);
#1013=EDGE_CURVE('',#819,#820,#371,.T.);
#1014=EDGE_CURVE('',#820,#820,#659,.T.);
#1015=EDGE_CURVE('',#821,#822,#660,.T.);
#1016=EDGE_CURVE('',#821,#823,#372,.T.);
#1017=EDGE_CURVE('',#824,#823,#661,.T.);
#1018=EDGE_CURVE('',#825,#824,#373,.T.);
#1019=EDGE_CURVE('',#826,#825,#662,.T.);
#1020=EDGE_CURVE('',#827,#826,#374,.T.);
#1021=EDGE_CURVE('',#828,#827,#663,.T.);
#1022=EDGE_CURVE('',#828,#822,#375,.T.);
#1023=EDGE_CURVE('',#829,#829,#664,.T.);
#1024=EDGE_CURVE('',#829,#830,#665,.T.);
#1025=EDGE_CURVE('',#830,#831,#666,.T.);
#1026=EDGE_CURVE('',#831,#830,#667,.T.);
#1027=EDGE_CURVE('',#831,#832,#376,.T.);
#1028=EDGE_CURVE('',#832,#832,#668,.T.);
#1029=EDGE_CURVE('',#833,#834,#669,.T.);
#1030=EDGE_CURVE('',#833,#835,#377,.T.);
#1031=EDGE_CURVE('',#836,#835,#670,.T.);
#1032=EDGE_CURVE('',#837,#836,#378,.T.);
#1033=EDGE_CURVE('',#838,#837,#671,.T.);
#1034=EDGE_CURVE('',#839,#838,#379,.T.);
#1035=EDGE_CURVE('',#840,#839,#672,.T.);
#1036=EDGE_CURVE('',#840,#834,#380,.T.);
#1037=EDGE_CURVE('',#841,#842,#673,.T.);
#1038=EDGE_CURVE('',#842,#843,#381,.T.);
#1039=EDGE_CURVE('',#843,#844,#674,.T.);
#1040=EDGE_CURVE('',#844,#841,#382,.T.);
#1041=EDGE_CURVE('',#845,#846,#675,.T.);
#1042=EDGE_CURVE('',#846,#842,#23,.T.);
#1043=EDGE_CURVE('',#841,#845,#24,.T.);
#1044=EDGE_CURVE('',#847,#848,#676,.T.);
#1045=EDGE_CURVE('',#848,#846,#383,.T.);
#1046=EDGE_CURVE('',#845,#847,#384,.T.);
#1047=EDGE_CURVE('',#849,#850,#677,.T.);
#1048=EDGE_CURVE('',#850,#848,#25,.T.);
#1049=EDGE_CURVE('',#847,#849,#26,.T.);
#1050=EDGE_CURVE('',#849,#851,#385,.T.);
#1051=EDGE_CURVE('',#851,#852,#678,.T.);
#1052=EDGE_CURVE('',#852,#850,#386,.T.);
#1053=EDGE_CURVE('',#853,#854,#679,.T.);
#1054=EDGE_CURVE('',#854,#852,#680,.T.);
#1055=EDGE_CURVE('',#851,#853,#681,.T.);
#1056=EDGE_CURVE('',#855,#856,#682,.T.);
#1057=EDGE_CURVE('',#856,#854,#387,.T.);
#1058=EDGE_CURVE('',#853,#855,#388,.T.);
#1059=EDGE_CURVE('',#857,#858,#683,.T.);
#1060=EDGE_CURVE('',#858,#856,#684,.T.);
#1061=EDGE_CURVE('',#855,#857,#685,.T.);
#1062=EDGE_CURVE('',#859,#860,#686,.T.);
#1063=EDGE_CURVE('',#860,#858,#389,.T.);
#1064=EDGE_CURVE('',#857,#859,#390,.T.);
#1065=EDGE_CURVE('',#861,#862,#687,.T.);
#1066=EDGE_CURVE('',#862,#860,#688,.T.);
#1067=EDGE_CURVE('',#859,#861,#689,.T.);
#1068=EDGE_CURVE('',#863,#864,#690,.T.);
#1069=EDGE_CURVE('',#864,#862,#391,.T.);
#1070=EDGE_CURVE('',#861,#863,#392,.T.);
#1071=EDGE_CURVE('',#865,#866,#691,.T.);
#1072=EDGE_CURVE('',#866,#864,#692,.T.);
#1073=EDGE_CURVE('',#863,#865,#693,.T.);
#1074=EDGE_CURVE('',#867,#868,#694,.T.);
#1075=EDGE_CURVE('',#868,#866,#393,.T.);
#1076=EDGE_CURVE('',#865,#867,#394,.T.);
#1077=EDGE_CURVE('',#869,#870,#695,.T.);
#1078=EDGE_CURVE('',#870,#868,#696,.T.);
#1079=EDGE_CURVE('',#867,#869,#697,.T.);
#1080=EDGE_CURVE('',#871,#872,#698,.T.);
#1081=EDGE_CURVE('',#872,#870,#395,.T.);
#1082=EDGE_CURVE('',#869,#871,#396,.T.);
#1083=EDGE_CURVE('',#873,#874,#699,.T.);
#1084=EDGE_CURVE('',#874,#872,#700,.T.);
#1085=EDGE_CURVE('',#871,#873,#701,.T.);
#1086=EDGE_CURVE('',#875,#876,#702,.T.);
#1087=EDGE_CURVE('',#876,#874,#397,.T.);
#1088=EDGE_CURVE('',#873,#875,#398,.T.);
#1089=EDGE_CURVE('',#877,#878,#703,.T.);
#1090=EDGE_CURVE('',#878,#876,#704,.T.);
#1091=EDGE_CURVE('',#875,#877,#705,.T.);
#1092=EDGE_CURVE('',#879,#880,#706,.T.);
#1093=EDGE_CURVE('',#880,#878,#399,.T.);
#1094=EDGE_CURVE('',#877,#879,#400,.T.);
#1095=EDGE_CURVE('',#881,#882,#707,.T.);
#1096=EDGE_CURVE('',#882,#880,#708,.T.);
#1097=EDGE_CURVE('',#879,#881,#709,.T.);
#1098=EDGE_CURVE('',#883,#884,#710,.T.);
#1099=EDGE_CURVE('',#884,#882,#401,.T.);
#1100=EDGE_CURVE('',#881,#883,#402,.T.);
#1101=EDGE_CURVE('',#885,#886,#711,.T.);
#1102=EDGE_CURVE('',#886,#884,#712,.T.);
#1103=EDGE_CURVE('',#883,#885,#713,.T.);
#1104=EDGE_CURVE('',#887,#888,#714,.T.);
#1105=EDGE_CURVE('',#888,#886,#403,.T.);
#1106=EDGE_CURVE('',#885,#887,#404,.T.);
#1107=EDGE_CURVE('',#889,#890,#715,.T.);
#1108=EDGE_CURVE('',#890,#888,#716,.T.);
#1109=EDGE_CURVE('',#887,#889,#717,.T.);
#1110=EDGE_CURVE('',#891,#892,#718,.T.);
#1111=EDGE_CURVE('',#892,#890,#405,.T.);
#1112=EDGE_CURVE('',#889,#891,#406,.T.);
#1113=EDGE_CURVE('',#893,#894,#719,.T.);
#1114=EDGE_CURVE('',#894,#892,#720,.T.);
#1115=EDGE_CURVE('',#891,#893,#721,.T.);
#1116=EDGE_CURVE('',#895,#896,#722,.T.);
#1117=EDGE_CURVE('',#896,#894,#407,.T.);
#1118=EDGE_CURVE('',#893,#895,#408,.T.);
#1119=EDGE_CURVE('',#843,#896,#723,.T.);
#1120=EDGE_CURVE('',#895,#844,#724,.T.);
#1121=EDGE_CURVE('',#867,#809,#409,.T.);
#1122=EDGE_CURVE('',#810,#869,#410,.T.);
#1123=EDGE_CURVE('',#811,#865,#411,.T.);
#1124=EDGE_CURVE('',#863,#812,#412,.T.);
#1125=EDGE_CURVE('',#839,#861,#413,.T.);
#1126=EDGE_CURVE('',#897,#838,#414,.T.);
#1127=EDGE_CURVE('',#898,#897,#415,.T.);
#1128=EDGE_CURVE('',#813,#898,#416,.T.);
#1129=EDGE_CURVE('',#859,#840,#417,.T.);
#1130=EDGE_CURVE('',#834,#857,#418,.T.);
#1131=EDGE_CURVE('',#855,#833,#419,.T.);
#1132=EDGE_CURVE('',#835,#853,#420,.T.);
#1133=EDGE_CURVE('',#851,#836,#421,.T.);
#1134=EDGE_CURVE('',#899,#847,#725,.T.);
#1135=EDGE_CURVE('',#900,#899,#726,.F.);
#1136=EDGE_CURVE('',#901,#900,#727,.T.);
#1137=EDGE_CURVE('',#901,#849,#728,.T.);
#1138=EDGE_CURVE('',#845,#902,#729,.T.);
#1139=EDGE_CURVE('',#902,#899,#422,.T.);
#1140=EDGE_CURVE('',#841,#903,#730,.T.);
#1141=EDGE_CURVE('',#904,#903,#731,.T.);
#1142=EDGE_CURVE('',#902,#904,#732,.F.);
#1143=EDGE_CURVE('',#827,#844,#423,.T.);
#1144=EDGE_CURVE('',#905,#826,#424,.T.);
#1145=EDGE_CURVE('',#906,#905,#425,.T.);
#1146=EDGE_CURVE('',#903,#906,#426,.T.);
#1147=EDGE_CURVE('',#907,#901,#427,.T.);
#1148=EDGE_CURVE('',#908,#907,#428,.T.);
#1149=EDGE_CURVE('',#837,#908,#429,.T.);
#1150=EDGE_CURVE('',#906,#909,#733,.T.);
#1151=EDGE_CURVE('',#909,#904,#430,.T.);
#1152=EDGE_CURVE('',#910,#907,#734,.T.);
#1153=EDGE_CURVE('',#900,#910,#431,.T.);
#1154=EDGE_CURVE('',#911,#912,#735,.F.);
#1155=EDGE_CURVE('',#913,#911,#736,.T.);
#1156=EDGE_CURVE('',#913,#914,#737,.T.);
#1157=EDGE_CURVE('',#912,#914,#738,.T.);
#1158=EDGE_CURVE('',#915,#916,#739,.T.);
#1159=EDGE_CURVE('',#916,#913,#432,.T.);
#1160=EDGE_CURVE('',#911,#915,#433,.T.);
#1161=EDGE_CURVE('',#917,#918,#740,.T.);
#1162=EDGE_CURVE('',#919,#918,#741,.T.);
#1163=EDGE_CURVE('',#920,#919,#742,.F.);
#1164=EDGE_CURVE('',#917,#920,#743,.T.);
#1165=EDGE_CURVE('',#921,#922,#744,.T.);
#1166=EDGE_CURVE('',#922,#919,#434,.T.);
#1167=EDGE_CURVE('',#918,#921,#435,.T.);
#1168=EDGE_CURVE('',#919,#900,#436,.T.);
#1169=EDGE_CURVE('',#899,#920,#437,.T.);
#1170=EDGE_CURVE('',#914,#917,#438,.T.);
#1171=EDGE_CURVE('',#920,#912,#439,.T.);
#1172=EDGE_CURVE('',#904,#911,#440,.T.);
#1173=EDGE_CURVE('',#912,#902,#441,.T.);
#1174=EDGE_CURVE('',#910,#922,#442,.T.);
#1175=EDGE_CURVE('',#923,#905,#745,.T.);
#1176=EDGE_CURVE('',#923,#924,#443,.T.);
#1177=EDGE_CURVE('',#925,#924,#746,.T.);
#1178=EDGE_CURVE('',#925,#926,#444,.T.);
#1179=EDGE_CURVE('',#898,#926,#747,.T.);
#1180=EDGE_CURVE('',#908,#897,#748,.T.);
#1181=EDGE_CURVE('',#921,#927,#445,.T.);
#1182=EDGE_CURVE('',#928,#927,#749,.T.);
#1183=EDGE_CURVE('',#928,#929,#446,.T.);
#1184=EDGE_CURVE('',#930,#929,#750,.T.);
#1185=EDGE_CURVE('',#930,#931,#447,.T.);
#1186=EDGE_CURVE('',#932,#931,#751,.T.);
#1187=EDGE_CURVE('',#932,#933,#448,.T.);
#1188=EDGE_CURVE('',#934,#933,#752,.T.);
#1189=EDGE_CURVE('',#934,#916,#449,.T.);
#1190=EDGE_CURVE('',#915,#909,#450,.T.);
#1191=EDGE_CURVE('',#935,#773,#753,.T.);
#1192=EDGE_CURVE('',#774,#936,#754,.T.);
#1193=EDGE_CURVE('',#936,#935,#755,.T.);
#1194=EDGE_CURVE('',#780,#937,#756,.T.);
#1195=EDGE_CURVE('',#937,#936,#451,.T.);
#1196=EDGE_CURVE('',#779,#938,#757,.T.);
#1197=EDGE_CURVE('',#938,#937,#758,.T.);
#1198=EDGE_CURVE('',#778,#939,#759,.T.);
#1199=EDGE_CURVE('',#939,#938,#452,.T.);
#1200=EDGE_CURVE('',#777,#940,#760,.T.);
#1201=EDGE_CURVE('',#940,#939,#761,.T.);
#1202=EDGE_CURVE('',#776,#941,#762,.T.);
#1203=EDGE_CURVE('',#941,#940,#453,.T.);
#1204=EDGE_CURVE('',#775,#942,#763,.T.);
#1205=EDGE_CURVE('',#942,#941,#764,.T.);
#1206=EDGE_CURVE('',#935,#942,#454,.T.);
#1207=EDGE_CURVE('',#940,#934,#455,.T.);
#1208=EDGE_CURVE('',#927,#941,#456,.T.);
#1209=EDGE_CURVE('',#942,#928,#457,.T.);
#1210=EDGE_CURVE('',#929,#935,#458,.T.);
#1211=EDGE_CURVE('',#936,#930,#459,.T.);
#1212=EDGE_CURVE('',#891,#821,#460,.T.);
#1213=EDGE_CURVE('',#822,#893,#461,.T.);
#1214=EDGE_CURVE('',#823,#889,#462,.T.);
#1215=EDGE_CURVE('',#871,#816,#463,.T.);
#1216=EDGE_CURVE('',#815,#873,#464,.T.);
#1217=EDGE_CURVE('',#926,#814,#465,.T.);
#1218=EDGE_CURVE('',#801,#925,#466,.T.);
#1219=EDGE_CURVE('',#875,#800,#467,.T.);
#1220=EDGE_CURVE('',#887,#824,#468,.T.);
#1221=EDGE_CURVE('',#803,#885,#469,.T.);
#1222=EDGE_CURVE('',#924,#802,#470,.T.);
#1223=EDGE_CURVE('',#825,#923,#471,.T.);
#1224=EDGE_CURVE('',#883,#804,#472,.T.);
#1225=EDGE_CURVE('',#798,#881,#473,.T.);
#1226=EDGE_CURVE('',#879,#797,#474,.T.);
#1227=EDGE_CURVE('',#799,#877,#475,.T.);
#1228=EDGE_CURVE('',#895,#828,#476,.T.);
#1229=EDGE_CURVE('',#931,#937,#477,.T.);
#1230=EDGE_CURVE('',#938,#932,#478,.T.);
#1231=EDGE_CURVE('',#933,#939,#479,.T.);
#1232=ORIENTED_EDGE('',*,*,#943,.F.);
#1233=ORIENTED_EDGE('',*,*,#944,.T.);
#1234=ORIENTED_EDGE('',*,*,#945,.T.);
#1235=ORIENTED_EDGE('',*,*,#944,.F.);
#1236=ORIENTED_EDGE('',*,*,#945,.F.);
#1237=ORIENTED_EDGE('',*,*,#946,.F.);
#1238=ORIENTED_EDGE('',*,*,#947,.F.);
#1239=ORIENTED_EDGE('',*,*,#948,.T.);
#1240=ORIENTED_EDGE('',*,*,#946,.T.);
#1241=ORIENTED_EDGE('',*,*,#948,.F.);
#1242=ORIENTED_EDGE('',*,*,#949,.T.);
#1243=ORIENTED_EDGE('',*,*,#950,.F.);
#1244=ORIENTED_EDGE('',*,*,#951,.F.);
#1245=ORIENTED_EDGE('',*,*,#952,.F.);
#1246=ORIENTED_EDGE('',*,*,#953,.F.);
#1247=ORIENTED_EDGE('',*,*,#954,.F.);
#1248=ORIENTED_EDGE('',*,*,#955,.F.);
#1249=ORIENTED_EDGE('',*,*,#956,.F.);
#1250=ORIENTED_EDGE('',*,*,#957,.F.);
#1251=ORIENTED_EDGE('',*,*,#958,.F.);
#1252=ORIENTED_EDGE('',*,*,#959,.F.);
#1253=ORIENTED_EDGE('',*,*,#960,.F.);
#1254=ORIENTED_EDGE('',*,*,#947,.T.);
#1255=ORIENTED_EDGE('',*,*,#952,.T.);
#1256=ORIENTED_EDGE('',*,*,#961,.T.);
#1257=ORIENTED_EDGE('',*,*,#962,.T.);
#1258=ORIENTED_EDGE('',*,*,#963,.T.);
#1259=ORIENTED_EDGE('',*,*,#964,.T.);
#1260=ORIENTED_EDGE('',*,*,#965,.T.);
#1261=ORIENTED_EDGE('',*,*,#966,.T.);
#1262=ORIENTED_EDGE('',*,*,#967,.T.);
#1263=ORIENTED_EDGE('',*,*,#968,.F.);
#1264=ORIENTED_EDGE('',*,*,#949,.F.);
#1265=ORIENTED_EDGE('',*,*,#963,.F.);
#1266=ORIENTED_EDGE('',*,*,#969,.F.);
#1267=ORIENTED_EDGE('',*,*,#970,.F.);
#1268=ORIENTED_EDGE('',*,*,#971,.F.);
#1269=ORIENTED_EDGE('',*,*,#961,.F.);
#1270=ORIENTED_EDGE('',*,*,#951,.T.);
#1271=ORIENTED_EDGE('',*,*,#969,.T.);
#1272=ORIENTED_EDGE('',*,*,#962,.F.);
#1273=ORIENTED_EDGE('',*,*,#971,.T.);
#1274=ORIENTED_EDGE('',*,*,#972,.F.);
#1275=ORIENTED_EDGE('',*,*,#973,.T.);
#1276=ORIENTED_EDGE('',*,*,#974,.F.);
#1277=ORIENTED_EDGE('',*,*,#975,.F.);
#1278=ORIENTED_EDGE('',*,*,#964,.F.);
#1279=ORIENTED_EDGE('',*,*,#976,.F.);
#1280=ORIENTED_EDGE('',*,*,#973,.F.);
#1281=ORIENTED_EDGE('',*,*,#967,.F.);
#1282=ORIENTED_EDGE('',*,*,#977,.F.);
#1283=ORIENTED_EDGE('',*,*,#978,.F.);
#1284=ORIENTED_EDGE('',*,*,#979,.F.);
#1285=ORIENTED_EDGE('',*,*,#965,.F.);
#1286=ORIENTED_EDGE('',*,*,#975,.T.);
#1287=ORIENTED_EDGE('',*,*,#977,.T.);
#1288=ORIENTED_EDGE('',*,*,#966,.F.);
#1289=ORIENTED_EDGE('',*,*,#979,.T.);
#1290=ORIENTED_EDGE('',*,*,#980,.F.);
#1291=ORIENTED_EDGE('',*,*,#981,.T.);
#1292=ORIENTED_EDGE('',*,*,#982,.T.);
#1293=ORIENTED_EDGE('',*,*,#983,.T.);
#1294=ORIENTED_EDGE('',*,*,#984,.T.);
#1295=ORIENTED_EDGE('',*,*,#982,.F.);
#1296=ORIENTED_EDGE('',*,*,#984,.F.);
#1297=ORIENTED_EDGE('',*,*,#985,.T.);
#1298=ORIENTED_EDGE('',*,*,#986,.T.);
#1299=ORIENTED_EDGE('',*,*,#985,.F.);
#1300=ORIENTED_EDGE('',*,*,#983,.F.);
#1301=ORIENTED_EDGE('',*,*,#987,.F.);
#1302=ORIENTED_EDGE('',*,*,#988,.T.);
#1303=ORIENTED_EDGE('',*,*,#989,.F.);
#1304=ORIENTED_EDGE('',*,*,#990,.F.);
#1305=ORIENTED_EDGE('',*,*,#991,.F.);
#1306=ORIENTED_EDGE('',*,*,#992,.F.);
#1307=ORIENTED_EDGE('',*,*,#993,.F.);
#1308=ORIENTED_EDGE('',*,*,#994,.T.);
#1309=ORIENTED_EDGE('',*,*,#981,.F.);
#1310=ORIENTED_EDGE('',*,*,#995,.T.);
#1311=ORIENTED_EDGE('',*,*,#996,.T.);
#1312=ORIENTED_EDGE('',*,*,#997,.T.);
#1313=ORIENTED_EDGE('',*,*,#998,.T.);
#1314=ORIENTED_EDGE('',*,*,#996,.F.);
#1315=ORIENTED_EDGE('',*,*,#998,.F.);
#1316=ORIENTED_EDGE('',*,*,#999,.T.);
#1317=ORIENTED_EDGE('',*,*,#1000,.T.);
#1318=ORIENTED_EDGE('',*,*,#999,.F.);
#1319=ORIENTED_EDGE('',*,*,#997,.F.);
#1320=ORIENTED_EDGE('',*,*,#1001,.F.);
#1321=ORIENTED_EDGE('',*,*,#1002,.T.);
#1322=ORIENTED_EDGE('',*,*,#1003,.F.);
#1323=ORIENTED_EDGE('',*,*,#1004,.F.);
#1324=ORIENTED_EDGE('',*,*,#1005,.F.);
#1325=ORIENTED_EDGE('',*,*,#1006,.F.);
#1326=ORIENTED_EDGE('',*,*,#1007,.F.);
#1327=ORIENTED_EDGE('',*,*,#1008,.T.);
#1328=ORIENTED_EDGE('',*,*,#995,.F.);
#1329=ORIENTED_EDGE('',*,*,#1009,.T.);
#1330=ORIENTED_EDGE('',*,*,#1010,.T.);
#1331=ORIENTED_EDGE('',*,*,#1011,.T.);
#1332=ORIENTED_EDGE('',*,*,#1012,.T.);
#1333=ORIENTED_EDGE('',*,*,#1010,.F.);
#1334=ORIENTED_EDGE('',*,*,#1012,.F.);
#1335=ORIENTED_EDGE('',*,*,#1013,.T.);
#1336=ORIENTED_EDGE('',*,*,#1014,.T.);
#1337=ORIENTED_EDGE('',*,*,#1013,.F.);
#1338=ORIENTED_EDGE('',*,*,#1011,.F.);
#1339=ORIENTED_EDGE('',*,*,#1015,.F.);
#1340=ORIENTED_EDGE('',*,*,#1016,.T.);
#1341=ORIENTED_EDGE('',*,*,#1017,.F.);
#1342=ORIENTED_EDGE('',*,*,#1018,.F.);
#1343=ORIENTED_EDGE('',*,*,#1019,.F.);
#1344=ORIENTED_EDGE('',*,*,#1020,.F.);
#1345=ORIENTED_EDGE('',*,*,#1021,.F.);
#1346=ORIENTED_EDGE('',*,*,#1022,.T.);
#1347=ORIENTED_EDGE('',*,*,#1009,.F.);
#1348=ORIENTED_EDGE('',*,*,#1023,.T.);
#1349=ORIENTED_EDGE('',*,*,#1024,.T.);
#1350=ORIENTED_EDGE('',*,*,#1025,.T.);
#1351=ORIENTED_EDGE('',*,*,#1026,.T.);
#1352=ORIENTED_EDGE('',*,*,#1024,.F.);
#1353=ORIENTED_EDGE('',*,*,#1026,.F.);
#1354=ORIENTED_EDGE('',*,*,#1027,.T.);
#1355=ORIENTED_EDGE('',*,*,#1028,.T.);
#1356=ORIENTED_EDGE('',*,*,#1027,.F.);
#1357=ORIENTED_EDGE('',*,*,#1025,.F.);
#1358=ORIENTED_EDGE('',*,*,#1029,.F.);
#1359=ORIENTED_EDGE('',*,*,#1030,.T.);
#1360=ORIENTED_EDGE('',*,*,#1031,.F.);
#1361=ORIENTED_EDGE('',*,*,#1032,.F.);
#1362=ORIENTED_EDGE('',*,*,#1033,.F.);
#1363=ORIENTED_EDGE('',*,*,#1034,.F.);
#1364=ORIENTED_EDGE('',*,*,#1035,.F.);
#1365=ORIENTED_EDGE('',*,*,#1036,.T.);
#1366=ORIENTED_EDGE('',*,*,#1023,.F.);
#1367=ORIENTED_EDGE('',*,*,#986,.F.);
#1368=ORIENTED_EDGE('',*,*,#1000,.F.);
#1369=ORIENTED_EDGE('',*,*,#1014,.F.);
#1370=ORIENTED_EDGE('',*,*,#1028,.F.);
#1371=ORIENTED_EDGE('',*,*,#1037,.T.);
#1372=ORIENTED_EDGE('',*,*,#1038,.T.);
#1373=ORIENTED_EDGE('',*,*,#1039,.T.);
#1374=ORIENTED_EDGE('',*,*,#1040,.T.);
#1375=ORIENTED_EDGE('',*,*,#1041,.T.);
#1376=ORIENTED_EDGE('',*,*,#1042,.T.);
#1377=ORIENTED_EDGE('',*,*,#1037,.F.);
#1378=ORIENTED_EDGE('',*,*,#1043,.T.);
#1379=ORIENTED_EDGE('',*,*,#1044,.T.);
#1380=ORIENTED_EDGE('',*,*,#1045,.T.);
#1381=ORIENTED_EDGE('',*,*,#1041,.F.);
#1382=ORIENTED_EDGE('',*,*,#1046,.T.);
#1383=ORIENTED_EDGE('',*,*,#1047,.T.);
#1384=ORIENTED_EDGE('',*,*,#1048,.T.);
#1385=ORIENTED_EDGE('',*,*,#1044,.F.);
#1386=ORIENTED_EDGE('',*,*,#1049,.T.);
#1387=ORIENTED_EDGE('',*,*,#1047,.F.);
#1388=ORIENTED_EDGE('',*,*,#1050,.T.);
#1389=ORIENTED_EDGE('',*,*,#1051,.T.);
#1390=ORIENTED_EDGE('',*,*,#1052,.T.);
#1391=ORIENTED_EDGE('',*,*,#1053,.T.);
#1392=ORIENTED_EDGE('',*,*,#1054,.T.);
#1393=ORIENTED_EDGE('',*,*,#1051,.F.);
#1394=ORIENTED_EDGE('',*,*,#1055,.T.);
#1395=ORIENTED_EDGE('',*,*,#1056,.T.);
#1396=ORIENTED_EDGE('',*,*,#1057,.T.);
#1397=ORIENTED_EDGE('',*,*,#1053,.F.);
#1398=ORIENTED_EDGE('',*,*,#1058,.T.);
#1399=ORIENTED_EDGE('',*,*,#1059,.T.);
#1400=ORIENTED_EDGE('',*,*,#1060,.T.);
#1401=ORIENTED_EDGE('',*,*,#1056,.F.);
#1402=ORIENTED_EDGE('',*,*,#1061,.T.);
#1403=ORIENTED_EDGE('',*,*,#1062,.T.);
#1404=ORIENTED_EDGE('',*,*,#1063,.T.);
#1405=ORIENTED_EDGE('',*,*,#1059,.F.);
#1406=ORIENTED_EDGE('',*,*,#1064,.T.);
#1407=ORIENTED_EDGE('',*,*,#1065,.T.);
#1408=ORIENTED_EDGE('',*,*,#1066,.T.);
#1409=ORIENTED_EDGE('',*,*,#1062,.F.);
#1410=ORIENTED_EDGE('',*,*,#1067,.T.);
#1411=ORIENTED_EDGE('',*,*,#1068,.T.);
#1412=ORIENTED_EDGE('',*,*,#1069,.T.);
#1413=ORIENTED_EDGE('',*,*,#1065,.F.);
#1414=ORIENTED_EDGE('',*,*,#1070,.T.);
#1415=ORIENTED_EDGE('',*,*,#1071,.T.);
#1416=ORIENTED_EDGE('',*,*,#1072,.T.);
#1417=ORIENTED_EDGE('',*,*,#1068,.F.);
#1418=ORIENTED_EDGE('',*,*,#1073,.T.);
#1419=ORIENTED_EDGE('',*,*,#1074,.T.);
#1420=ORIENTED_EDGE('',*,*,#1075,.T.);
#1421=ORIENTED_EDGE('',*,*,#1071,.F.);
#1422=ORIENTED_EDGE('',*,*,#1076,.T.);
#1423=ORIENTED_EDGE('',*,*,#1077,.T.);
#1424=ORIENTED_EDGE('',*,*,#1078,.T.);
#1425=ORIENTED_EDGE('',*,*,#1074,.F.);
#1426=ORIENTED_EDGE('',*,*,#1079,.T.);
#1427=ORIENTED_EDGE('',*,*,#1080,.T.);
#1428=ORIENTED_EDGE('',*,*,#1081,.T.);
#1429=ORIENTED_EDGE('',*,*,#1077,.F.);
#1430=ORIENTED_EDGE('',*,*,#1082,.T.);
#1431=ORIENTED_EDGE('',*,*,#1083,.T.);
#1432=ORIENTED_EDGE('',*,*,#1084,.T.);
#1433=ORIENTED_EDGE('',*,*,#1080,.F.);
#1434=ORIENTED_EDGE('',*,*,#1085,.T.);
#1435=ORIENTED_EDGE('',*,*,#1086,.T.);
#1436=ORIENTED_EDGE('',*,*,#1087,.T.);
#1437=ORIENTED_EDGE('',*,*,#1083,.F.);
#1438=ORIENTED_EDGE('',*,*,#1088,.T.);
#1439=ORIENTED_EDGE('',*,*,#1089,.T.);
#1440=ORIENTED_EDGE('',*,*,#1090,.T.);
#1441=ORIENTED_EDGE('',*,*,#1086,.F.);
#1442=ORIENTED_EDGE('',*,*,#1091,.T.);
#1443=ORIENTED_EDGE('',*,*,#1092,.T.);
#1444=ORIENTED_EDGE('',*,*,#1093,.T.);
#1445=ORIENTED_EDGE('',*,*,#1089,.F.);
#1446=ORIENTED_EDGE('',*,*,#1094,.T.);
#1447=ORIENTED_EDGE('',*,*,#1095,.T.);
#1448=ORIENTED_EDGE('',*,*,#1096,.T.);
#1449=ORIENTED_EDGE('',*,*,#1092,.F.);
#1450=ORIENTED_EDGE('',*,*,#1097,.T.);
#1451=ORIENTED_EDGE('',*,*,#1098,.T.);
#1452=ORIENTED_EDGE('',*,*,#1099,.T.);
#1453=ORIENTED_EDGE('',*,*,#1095,.F.);
#1454=ORIENTED_EDGE('',*,*,#1100,.T.);
#1455=ORIENTED_EDGE('',*,*,#1101,.T.);
#1456=ORIENTED_EDGE('',*,*,#1102,.T.);
#1457=ORIENTED_EDGE('',*,*,#1098,.F.);
#1458=ORIENTED_EDGE('',*,*,#1103,.T.);
#1459=ORIENTED_EDGE('',*,*,#1104,.T.);
#1460=ORIENTED_EDGE('',*,*,#1105,.T.);
#1461=ORIENTED_EDGE('',*,*,#1101,.F.);
#1462=ORIENTED_EDGE('',*,*,#1106,.T.);
#1463=ORIENTED_EDGE('',*,*,#1107,.T.);
#1464=ORIENTED_EDGE('',*,*,#1108,.T.);
#1465=ORIENTED_EDGE('',*,*,#1104,.F.);
#1466=ORIENTED_EDGE('',*,*,#1109,.T.);
#1467=ORIENTED_EDGE('',*,*,#1110,.T.);
#1468=ORIENTED_EDGE('',*,*,#1111,.T.);
#1469=ORIENTED_EDGE('',*,*,#1107,.F.);
#1470=ORIENTED_EDGE('',*,*,#1112,.T.);
#1471=ORIENTED_EDGE('',*,*,#1113,.T.);
#1472=ORIENTED_EDGE('',*,*,#1114,.T.);
#1473=ORIENTED_EDGE('',*,*,#1110,.F.);
#1474=ORIENTED_EDGE('',*,*,#1115,.T.);
#1475=ORIENTED_EDGE('',*,*,#1116,.T.);
#1476=ORIENTED_EDGE('',*,*,#1117,.T.);
#1477=ORIENTED_EDGE('',*,*,#1113,.F.);
#1478=ORIENTED_EDGE('',*,*,#1118,.T.);
#1479=ORIENTED_EDGE('',*,*,#1039,.F.);
#1480=ORIENTED_EDGE('',*,*,#1119,.T.);
#1481=ORIENTED_EDGE('',*,*,#1116,.F.);
#1482=ORIENTED_EDGE('',*,*,#1120,.T.);
#1483=ORIENTED_EDGE('',*,*,#1079,.F.);
#1484=ORIENTED_EDGE('',*,*,#1121,.T.);
#1485=ORIENTED_EDGE('',*,*,#1001,.T.);
#1486=ORIENTED_EDGE('',*,*,#1122,.T.);
#1487=ORIENTED_EDGE('',*,*,#1076,.F.);
#1488=ORIENTED_EDGE('',*,*,#1123,.F.);
#1489=ORIENTED_EDGE('',*,*,#1002,.F.);
#1490=ORIENTED_EDGE('',*,*,#1121,.F.);
#1491=ORIENTED_EDGE('',*,*,#1073,.F.);
#1492=ORIENTED_EDGE('',*,*,#1124,.T.);
#1493=ORIENTED_EDGE('',*,*,#1003,.T.);
#1494=ORIENTED_EDGE('',*,*,#1123,.T.);
#1495=ORIENTED_EDGE('',*,*,#1070,.F.);
#1496=ORIENTED_EDGE('',*,*,#1125,.F.);
#1497=ORIENTED_EDGE('',*,*,#1034,.T.);
#1498=ORIENTED_EDGE('',*,*,#1126,.F.);
#1499=ORIENTED_EDGE('',*,*,#1127,.F.);
#1500=ORIENTED_EDGE('',*,*,#1128,.F.);
#1501=ORIENTED_EDGE('',*,*,#1004,.T.);
#1502=ORIENTED_EDGE('',*,*,#1124,.F.);
#1503=ORIENTED_EDGE('',*,*,#1067,.F.);
#1504=ORIENTED_EDGE('',*,*,#1129,.T.);
#1505=ORIENTED_EDGE('',*,*,#1035,.T.);
#1506=ORIENTED_EDGE('',*,*,#1125,.T.);
#1507=ORIENTED_EDGE('',*,*,#1064,.F.);
#1508=ORIENTED_EDGE('',*,*,#1130,.F.);
#1509=ORIENTED_EDGE('',*,*,#1036,.F.);
#1510=ORIENTED_EDGE('',*,*,#1129,.F.);
#1511=ORIENTED_EDGE('',*,*,#1061,.F.);
#1512=ORIENTED_EDGE('',*,*,#1131,.T.);
#1513=ORIENTED_EDGE('',*,*,#1029,.T.);
#1514=ORIENTED_EDGE('',*,*,#1130,.T.);
#1515=ORIENTED_EDGE('',*,*,#1058,.F.);
#1516=ORIENTED_EDGE('',*,*,#1132,.F.);
#1517=ORIENTED_EDGE('',*,*,#1030,.F.);
#1518=ORIENTED_EDGE('',*,*,#1131,.F.);
#1519=ORIENTED_EDGE('',*,*,#1055,.F.);
#1520=ORIENTED_EDGE('',*,*,#1133,.T.);
#1521=ORIENTED_EDGE('',*,*,#1031,.T.);
#1522=ORIENTED_EDGE('',*,*,#1132,.T.);
#1523=ORIENTED_EDGE('',*,*,#1049,.F.);
#1524=ORIENTED_EDGE('',*,*,#1134,.F.);
#1525=ORIENTED_EDGE('',*,*,#1135,.F.);
#1526=ORIENTED_EDGE('',*,*,#1136,.F.);
#1527=ORIENTED_EDGE('',*,*,#1137,.T.);
#1528=ORIENTED_EDGE('',*,*,#1046,.F.);
#1529=ORIENTED_EDGE('',*,*,#1138,.T.);
#1530=ORIENTED_EDGE('',*,*,#1139,.T.);
#1531=ORIENTED_EDGE('',*,*,#1134,.T.);
#1532=ORIENTED_EDGE('',*,*,#1043,.F.);
#1533=ORIENTED_EDGE('',*,*,#1140,.T.);
#1534=ORIENTED_EDGE('',*,*,#1141,.F.);
#1535=ORIENTED_EDGE('',*,*,#1142,.F.);
#1536=ORIENTED_EDGE('',*,*,#1138,.F.);
#1537=ORIENTED_EDGE('',*,*,#1040,.F.);
#1538=ORIENTED_EDGE('',*,*,#1143,.F.);
#1539=ORIENTED_EDGE('',*,*,#1020,.T.);
#1540=ORIENTED_EDGE('',*,*,#1144,.F.);
#1541=ORIENTED_EDGE('',*,*,#1145,.F.);
#1542=ORIENTED_EDGE('',*,*,#1146,.F.);
#1543=ORIENTED_EDGE('',*,*,#1140,.F.);
#1544=ORIENTED_EDGE('',*,*,#1050,.F.);
#1545=ORIENTED_EDGE('',*,*,#1137,.F.);
#1546=ORIENTED_EDGE('',*,*,#1147,.F.);
#1547=ORIENTED_EDGE('',*,*,#1148,.F.);
#1548=ORIENTED_EDGE('',*,*,#1149,.F.);
#1549=ORIENTED_EDGE('',*,*,#1032,.T.);
#1550=ORIENTED_EDGE('',*,*,#1133,.F.);
#1551=ORIENTED_EDGE('',*,*,#1038,.F.);
#1552=ORIENTED_EDGE('',*,*,#1042,.F.);
#1553=ORIENTED_EDGE('',*,*,#1045,.F.);
#1554=ORIENTED_EDGE('',*,*,#1048,.F.);
#1555=ORIENTED_EDGE('',*,*,#1052,.F.);
#1556=ORIENTED_EDGE('',*,*,#1054,.F.);
#1557=ORIENTED_EDGE('',*,*,#1057,.F.);
#1558=ORIENTED_EDGE('',*,*,#1060,.F.);
#1559=ORIENTED_EDGE('',*,*,#1063,.F.);
#1560=ORIENTED_EDGE('',*,*,#1066,.F.);
#1561=ORIENTED_EDGE('',*,*,#1069,.F.);
#1562=ORIENTED_EDGE('',*,*,#1072,.F.);
#1563=ORIENTED_EDGE('',*,*,#1075,.F.);
#1564=ORIENTED_EDGE('',*,*,#1078,.F.);
#1565=ORIENTED_EDGE('',*,*,#1081,.F.);
#1566=ORIENTED_EDGE('',*,*,#1084,.F.);
#1567=ORIENTED_EDGE('',*,*,#1087,.F.);
#1568=ORIENTED_EDGE('',*,*,#1090,.F.);
#1569=ORIENTED_EDGE('',*,*,#1093,.F.);
#1570=ORIENTED_EDGE('',*,*,#1096,.F.);
#1571=ORIENTED_EDGE('',*,*,#1099,.F.);
#1572=ORIENTED_EDGE('',*,*,#1102,.F.);
#1573=ORIENTED_EDGE('',*,*,#1105,.F.);
#1574=ORIENTED_EDGE('',*,*,#1108,.F.);
#1575=ORIENTED_EDGE('',*,*,#1111,.F.);
#1576=ORIENTED_EDGE('',*,*,#1114,.F.);
#1577=ORIENTED_EDGE('',*,*,#1117,.F.);
#1578=ORIENTED_EDGE('',*,*,#1119,.F.);
#1579=ORIENTED_EDGE('',*,*,#943,.T.);
#1580=ORIENTED_EDGE('',*,*,#950,.T.);
#1581=ORIENTED_EDGE('',*,*,#968,.T.);
#1582=ORIENTED_EDGE('',*,*,#972,.T.);
#1583=ORIENTED_EDGE('',*,*,#970,.T.);
#1584=ORIENTED_EDGE('',*,*,#974,.T.);
#1585=ORIENTED_EDGE('',*,*,#976,.T.);
#1586=ORIENTED_EDGE('',*,*,#980,.T.);
#1587=ORIENTED_EDGE('',*,*,#978,.T.);
#1588=ORIENTED_EDGE('',*,*,#1150,.T.);
#1589=ORIENTED_EDGE('',*,*,#1151,.T.);
#1590=ORIENTED_EDGE('',*,*,#1141,.T.);
#1591=ORIENTED_EDGE('',*,*,#1146,.T.);
#1592=ORIENTED_EDGE('',*,*,#1152,.T.);
#1593=ORIENTED_EDGE('',*,*,#1147,.T.);
#1594=ORIENTED_EDGE('',*,*,#1136,.T.);
#1595=ORIENTED_EDGE('',*,*,#1153,.T.);
#1596=ORIENTED_EDGE('',*,*,#1154,.F.);
#1597=ORIENTED_EDGE('',*,*,#1155,.F.);
#1598=ORIENTED_EDGE('',*,*,#1156,.T.);
#1599=ORIENTED_EDGE('',*,*,#1157,.F.);
#1600=ORIENTED_EDGE('',*,*,#1158,.T.);
#1601=ORIENTED_EDGE('',*,*,#1159,.T.);
#1602=ORIENTED_EDGE('',*,*,#1155,.T.);
#1603=ORIENTED_EDGE('',*,*,#1160,.T.);
#1604=ORIENTED_EDGE('',*,*,#1161,.T.);
#1605=ORIENTED_EDGE('',*,*,#1162,.F.);
#1606=ORIENTED_EDGE('',*,*,#1163,.F.);
#1607=ORIENTED_EDGE('',*,*,#1164,.F.);
#1608=ORIENTED_EDGE('',*,*,#1165,.T.);
#1609=ORIENTED_EDGE('',*,*,#1166,.T.);
#1610=ORIENTED_EDGE('',*,*,#1162,.T.);
#1611=ORIENTED_EDGE('',*,*,#1167,.T.);
#1612=ORIENTED_EDGE('',*,*,#1163,.T.);
#1613=ORIENTED_EDGE('',*,*,#1168,.T.);
#1614=ORIENTED_EDGE('',*,*,#1135,.T.);
#1615=ORIENTED_EDGE('',*,*,#1169,.T.);
#1616=ORIENTED_EDGE('',*,*,#1157,.T.);
#1617=ORIENTED_EDGE('',*,*,#1170,.T.);
#1618=ORIENTED_EDGE('',*,*,#1164,.T.);
#1619=ORIENTED_EDGE('',*,*,#1171,.T.);
#1620=ORIENTED_EDGE('',*,*,#1142,.T.);
#1621=ORIENTED_EDGE('',*,*,#1172,.T.);
#1622=ORIENTED_EDGE('',*,*,#1154,.T.);
#1623=ORIENTED_EDGE('',*,*,#1173,.T.);
#1624=ORIENTED_EDGE('',*,*,#1153,.F.);
#1625=ORIENTED_EDGE('',*,*,#1168,.F.);
#1626=ORIENTED_EDGE('',*,*,#1166,.F.);
#1627=ORIENTED_EDGE('',*,*,#1174,.F.);
#1628=ORIENTED_EDGE('',*,*,#1150,.F.);
#1629=ORIENTED_EDGE('',*,*,#1145,.T.);
#1630=ORIENTED_EDGE('',*,*,#1175,.F.);
#1631=ORIENTED_EDGE('',*,*,#1176,.T.);
#1632=ORIENTED_EDGE('',*,*,#1177,.F.);
#1633=ORIENTED_EDGE('',*,*,#1178,.T.);
#1634=ORIENTED_EDGE('',*,*,#1179,.F.);
#1635=ORIENTED_EDGE('',*,*,#1127,.T.);
#1636=ORIENTED_EDGE('',*,*,#1180,.F.);
#1637=ORIENTED_EDGE('',*,*,#1148,.T.);
#1638=ORIENTED_EDGE('',*,*,#1152,.F.);
#1639=ORIENTED_EDGE('',*,*,#1174,.T.);
#1640=ORIENTED_EDGE('',*,*,#1165,.F.);
#1641=ORIENTED_EDGE('',*,*,#1181,.T.);
#1642=ORIENTED_EDGE('',*,*,#1182,.F.);
#1643=ORIENTED_EDGE('',*,*,#1183,.T.);
#1644=ORIENTED_EDGE('',*,*,#1184,.F.);
#1645=ORIENTED_EDGE('',*,*,#1185,.T.);
#1646=ORIENTED_EDGE('',*,*,#1186,.F.);
#1647=ORIENTED_EDGE('',*,*,#1187,.T.);
#1648=ORIENTED_EDGE('',*,*,#1188,.F.);
#1649=ORIENTED_EDGE('',*,*,#1189,.T.);
#1650=ORIENTED_EDGE('',*,*,#1158,.F.);
#1651=ORIENTED_EDGE('',*,*,#1190,.T.);
#1652=ORIENTED_EDGE('',*,*,#1139,.F.);
#1653=ORIENTED_EDGE('',*,*,#1173,.F.);
#1654=ORIENTED_EDGE('',*,*,#1171,.F.);
#1655=ORIENTED_EDGE('',*,*,#1169,.F.);
#1656=ORIENTED_EDGE('',*,*,#1191,.T.);
#1657=ORIENTED_EDGE('',*,*,#953,.T.);
#1658=ORIENTED_EDGE('',*,*,#1192,.T.);
#1659=ORIENTED_EDGE('',*,*,#1193,.T.);
#1660=ORIENTED_EDGE('',*,*,#1194,.T.);
#1661=ORIENTED_EDGE('',*,*,#1195,.T.);
#1662=ORIENTED_EDGE('',*,*,#1192,.F.);
#1663=ORIENTED_EDGE('',*,*,#960,.T.);
#1664=ORIENTED_EDGE('',*,*,#1196,.T.);
#1665=ORIENTED_EDGE('',*,*,#1197,.T.);
#1666=ORIENTED_EDGE('',*,*,#1194,.F.);
#1667=ORIENTED_EDGE('',*,*,#959,.T.);
#1668=ORIENTED_EDGE('',*,*,#1198,.T.);
#1669=ORIENTED_EDGE('',*,*,#1199,.T.);
#1670=ORIENTED_EDGE('',*,*,#1196,.F.);
#1671=ORIENTED_EDGE('',*,*,#958,.T.);
#1672=ORIENTED_EDGE('',*,*,#1200,.T.);
#1673=ORIENTED_EDGE('',*,*,#1201,.T.);
#1674=ORIENTED_EDGE('',*,*,#1198,.F.);
#1675=ORIENTED_EDGE('',*,*,#957,.T.);
#1676=ORIENTED_EDGE('',*,*,#1202,.T.);
#1677=ORIENTED_EDGE('',*,*,#1203,.T.);
#1678=ORIENTED_EDGE('',*,*,#1200,.F.);
#1679=ORIENTED_EDGE('',*,*,#956,.T.);
#1680=ORIENTED_EDGE('',*,*,#1204,.T.);
#1681=ORIENTED_EDGE('',*,*,#1205,.T.);
#1682=ORIENTED_EDGE('',*,*,#1202,.F.);
#1683=ORIENTED_EDGE('',*,*,#955,.T.);
#1684=ORIENTED_EDGE('',*,*,#1191,.F.);
#1685=ORIENTED_EDGE('',*,*,#1206,.T.);
#1686=ORIENTED_EDGE('',*,*,#1204,.F.);
#1687=ORIENTED_EDGE('',*,*,#954,.T.);
#1688=ORIENTED_EDGE('',*,*,#1159,.F.);
#1689=ORIENTED_EDGE('',*,*,#1189,.F.);
#1690=ORIENTED_EDGE('',*,*,#1207,.F.);
#1691=ORIENTED_EDGE('',*,*,#1203,.F.);
#1692=ORIENTED_EDGE('',*,*,#1208,.F.);
#1693=ORIENTED_EDGE('',*,*,#1181,.F.);
#1694=ORIENTED_EDGE('',*,*,#1167,.F.);
#1695=ORIENTED_EDGE('',*,*,#1161,.F.);
#1696=ORIENTED_EDGE('',*,*,#1170,.F.);
#1697=ORIENTED_EDGE('',*,*,#1156,.F.);
#1698=ORIENTED_EDGE('',*,*,#1205,.F.);
#1699=ORIENTED_EDGE('',*,*,#1209,.T.);
#1700=ORIENTED_EDGE('',*,*,#1182,.T.);
#1701=ORIENTED_EDGE('',*,*,#1208,.T.);
#1702=ORIENTED_EDGE('',*,*,#1206,.F.);
#1703=ORIENTED_EDGE('',*,*,#1210,.F.);
#1704=ORIENTED_EDGE('',*,*,#1183,.F.);
#1705=ORIENTED_EDGE('',*,*,#1209,.F.);
#1706=ORIENTED_EDGE('',*,*,#1193,.F.);
#1707=ORIENTED_EDGE('',*,*,#1211,.T.);
#1708=ORIENTED_EDGE('',*,*,#1184,.T.);
#1709=ORIENTED_EDGE('',*,*,#1210,.T.);
#1710=ORIENTED_EDGE('',*,*,#1115,.F.);
#1711=ORIENTED_EDGE('',*,*,#1212,.T.);
#1712=ORIENTED_EDGE('',*,*,#1015,.T.);
#1713=ORIENTED_EDGE('',*,*,#1213,.T.);
#1714=ORIENTED_EDGE('',*,*,#1112,.F.);
#1715=ORIENTED_EDGE('',*,*,#1214,.F.);
#1716=ORIENTED_EDGE('',*,*,#1016,.F.);
#1717=ORIENTED_EDGE('',*,*,#1212,.F.);
#1718=ORIENTED_EDGE('',*,*,#1085,.F.);
#1719=ORIENTED_EDGE('',*,*,#1215,.T.);
#1720=ORIENTED_EDGE('',*,*,#1007,.T.);
#1721=ORIENTED_EDGE('',*,*,#1216,.T.);
#1722=ORIENTED_EDGE('',*,*,#1088,.F.);
#1723=ORIENTED_EDGE('',*,*,#1216,.F.);
#1724=ORIENTED_EDGE('',*,*,#1006,.T.);
#1725=ORIENTED_EDGE('',*,*,#1217,.F.);
#1726=ORIENTED_EDGE('',*,*,#1178,.F.);
#1727=ORIENTED_EDGE('',*,*,#1218,.F.);
#1728=ORIENTED_EDGE('',*,*,#990,.T.);
#1729=ORIENTED_EDGE('',*,*,#1219,.F.);
#1730=ORIENTED_EDGE('',*,*,#1109,.F.);
#1731=ORIENTED_EDGE('',*,*,#1220,.T.);
#1732=ORIENTED_EDGE('',*,*,#1017,.T.);
#1733=ORIENTED_EDGE('',*,*,#1214,.T.);
#1734=ORIENTED_EDGE('',*,*,#1106,.F.);
#1735=ORIENTED_EDGE('',*,*,#1221,.F.);
#1736=ORIENTED_EDGE('',*,*,#992,.T.);
#1737=ORIENTED_EDGE('',*,*,#1222,.F.);
#1738=ORIENTED_EDGE('',*,*,#1176,.F.);
#1739=ORIENTED_EDGE('',*,*,#1223,.F.);
#1740=ORIENTED_EDGE('',*,*,#1018,.T.);
#1741=ORIENTED_EDGE('',*,*,#1220,.F.);
#1742=ORIENTED_EDGE('',*,*,#1103,.F.);
#1743=ORIENTED_EDGE('',*,*,#1224,.T.);
#1744=ORIENTED_EDGE('',*,*,#993,.T.);
#1745=ORIENTED_EDGE('',*,*,#1221,.T.);
#1746=ORIENTED_EDGE('',*,*,#1100,.F.);
#1747=ORIENTED_EDGE('',*,*,#1225,.F.);
#1748=ORIENTED_EDGE('',*,*,#994,.F.);
#1749=ORIENTED_EDGE('',*,*,#1224,.F.);
#1750=ORIENTED_EDGE('',*,*,#1097,.F.);
#1751=ORIENTED_EDGE('',*,*,#1226,.T.);
#1752=ORIENTED_EDGE('',*,*,#987,.T.);
#1753=ORIENTED_EDGE('',*,*,#1225,.T.);
#1754=ORIENTED_EDGE('',*,*,#1094,.F.);
#1755=ORIENTED_EDGE('',*,*,#1227,.F.);
#1756=ORIENTED_EDGE('',*,*,#988,.F.);
#1757=ORIENTED_EDGE('',*,*,#1226,.F.);
#1758=ORIENTED_EDGE('',*,*,#1091,.F.);
#1759=ORIENTED_EDGE('',*,*,#1219,.T.);
#1760=ORIENTED_EDGE('',*,*,#989,.T.);
#1761=ORIENTED_EDGE('',*,*,#1227,.T.);
#1762=ORIENTED_EDGE('',*,*,#1120,.F.);
#1763=ORIENTED_EDGE('',*,*,#1228,.T.);
#1764=ORIENTED_EDGE('',*,*,#1021,.T.);
#1765=ORIENTED_EDGE('',*,*,#1143,.T.);
#1766=ORIENTED_EDGE('',*,*,#1151,.F.);
#1767=ORIENTED_EDGE('',*,*,#1190,.F.);
#1768=ORIENTED_EDGE('',*,*,#1160,.F.);
#1769=ORIENTED_EDGE('',*,*,#1172,.F.);
#1770=ORIENTED_EDGE('',*,*,#991,.T.);
#1771=ORIENTED_EDGE('',*,*,#1218,.T.);
#1772=ORIENTED_EDGE('',*,*,#1177,.T.);
#1773=ORIENTED_EDGE('',*,*,#1222,.T.);
#1774=ORIENTED_EDGE('',*,*,#1082,.F.);
#1775=ORIENTED_EDGE('',*,*,#1122,.F.);
#1776=ORIENTED_EDGE('',*,*,#1008,.F.);
#1777=ORIENTED_EDGE('',*,*,#1215,.F.);
#1778=ORIENTED_EDGE('',*,*,#1005,.T.);
#1779=ORIENTED_EDGE('',*,*,#1128,.T.);
#1780=ORIENTED_EDGE('',*,*,#1179,.T.);
#1781=ORIENTED_EDGE('',*,*,#1217,.T.);
#1782=ORIENTED_EDGE('',*,*,#1118,.F.);
#1783=ORIENTED_EDGE('',*,*,#1213,.F.);
#1784=ORIENTED_EDGE('',*,*,#1022,.F.);
#1785=ORIENTED_EDGE('',*,*,#1228,.F.);
#1786=ORIENTED_EDGE('',*,*,#1019,.T.);
#1787=ORIENTED_EDGE('',*,*,#1223,.T.);
#1788=ORIENTED_EDGE('',*,*,#1175,.T.);
#1789=ORIENTED_EDGE('',*,*,#1144,.T.);
#1790=ORIENTED_EDGE('',*,*,#1033,.T.);
#1791=ORIENTED_EDGE('',*,*,#1149,.T.);
#1792=ORIENTED_EDGE('',*,*,#1180,.T.);
#1793=ORIENTED_EDGE('',*,*,#1126,.T.);
#1794=ORIENTED_EDGE('',*,*,#1195,.F.);
#1795=ORIENTED_EDGE('',*,*,#1229,.F.);
#1796=ORIENTED_EDGE('',*,*,#1185,.F.);
#1797=ORIENTED_EDGE('',*,*,#1211,.F.);
#1798=ORIENTED_EDGE('',*,*,#1197,.F.);
#1799=ORIENTED_EDGE('',*,*,#1230,.T.);
#1800=ORIENTED_EDGE('',*,*,#1186,.T.);
#1801=ORIENTED_EDGE('',*,*,#1229,.T.);
#1802=ORIENTED_EDGE('',*,*,#1201,.F.);
#1803=ORIENTED_EDGE('',*,*,#1207,.T.);
#1804=ORIENTED_EDGE('',*,*,#1188,.T.);
#1805=ORIENTED_EDGE('',*,*,#1231,.T.);
#1806=ORIENTED_EDGE('',*,*,#1199,.F.);
#1807=ORIENTED_EDGE('',*,*,#1231,.F.);
#1808=ORIENTED_EDGE('',*,*,#1187,.F.);
#1809=ORIENTED_EDGE('',*,*,#1230,.F.);
#1810=CYLINDRICAL_SURFACE('',#1986,6.);
#1811=CYLINDRICAL_SURFACE('',#1991,2.25);
#1812=CYLINDRICAL_SURFACE('',#1993,2.25);
#1813=CYLINDRICAL_SURFACE('',#2006,4.25);
#1814=CYLINDRICAL_SURFACE('',#2008,2.25);
#1815=CYLINDRICAL_SURFACE('',#2012,4.25);
#1816=CYLINDRICAL_SURFACE('',#2019,1.8);
#1817=CYLINDRICAL_SURFACE('',#2031,1.8);
#1818=CYLINDRICAL_SURFACE('',#2043,1.8);
#1819=CYLINDRICAL_SURFACE('',#2055,1.8);
#1820=CYLINDRICAL_SURFACE('',#2066,1.5);
#1821=CYLINDRICAL_SURFACE('',#2070,1.5);
#1822=CYLINDRICAL_SURFACE('',#2073,1.5);
#1823=CYLINDRICAL_SURFACE('',#2078,1.5);
#1824=CYLINDRICAL_SURFACE('',#2084,1.5);
#1825=CYLINDRICAL_SURFACE('',#2089,1.5);
#1826=CYLINDRICAL_SURFACE('',#2094,1.5);
#1827=CYLINDRICAL_SURFACE('',#2100,1.5);
#1828=CYLINDRICAL_SURFACE('',#2105,1.5);
#1829=CYLINDRICAL_SURFACE('',#2110,1.5);
#1830=CYLINDRICAL_SURFACE('',#2116,1.5);
#1831=CYLINDRICAL_SURFACE('',#2121,1.5);
#1832=CYLINDRICAL_SURFACE('',#2126,1.5);
#1833=CYLINDRICAL_SURFACE('',#2132,1.5);
#1834=CYLINDRICAL_SURFACE('',#2136,3.);
#1835=CYLINDRICAL_SURFACE('',#2138,3.);
#1836=CYLINDRICAL_SURFACE('',#2140,3.);
#1837=CYLINDRICAL_SURFACE('',#2142,3.);
#1838=CYLINDRICAL_SURFACE('',#2144,3.);
#1839=CYLINDRICAL_SURFACE('',#2150,1.);
#1840=CYLINDRICAL_SURFACE('',#2159,1.);
#1841=CYLINDRICAL_SURFACE('',#2161,1.);
#1842=CYLINDRICAL_SURFACE('',#2168,1.);
#1843=CYLINDRICAL_SURFACE('',#2175,1.);
#1844=CYLINDRICAL_SURFACE('',#2177,1.);
#1845=CYLINDRICAL_SURFACE('',#2178,1.);
#1846=CYLINDRICAL_SURFACE('',#2179,1.);
#1847=CYLINDRICAL_SURFACE('',#2195,3.);
#1848=CYLINDRICAL_SURFACE('',#2200,3.);
#1849=CYLINDRICAL_SURFACE('',#2205,3.);
#1850=CYLINDRICAL_SURFACE('',#2210,3.);
#1851=CYLINDRICAL_SURFACE('',#2212,6.5);
#1852=CYLINDRICAL_SURFACE('',#2214,6.5);
#1853=CYLINDRICAL_SURFACE('',#2215,3.);
#1854=CYLINDRICAL_SURFACE('',#2217,3.);
#1855=CYLINDRICAL_SURFACE('',#2219,3.);
#1856=CYLINDRICAL_SURFACE('',#2221,3.);
#1857=CYLINDRICAL_SURFACE('',#2223,3.);
#1858=CYLINDRICAL_SURFACE('',#2225,3.);
#1859=CYLINDRICAL_SURFACE('',#2226,3.);
#1860=CYLINDRICAL_SURFACE('',#2228,3.5);
#1861=CYLINDRICAL_SURFACE('',#2230,3.5);
#1862=CYLINDRICAL_SURFACE('',#2232,3.5);
#1863=CYLINDRICAL_SURFACE('',#2233,3.5);
#1864=CYLINDRICAL_SURFACE('',#2235,6.5);
#1865=CYLINDRICAL_SURFACE('',#2236,6.5);
#1866=ADVANCED_FACE('',(#92),#1810,.F.);
#1867=ADVANCED_FACE('',(#93,#45),#56,.T.);
#1868=ADVANCED_FACE('',(#94),#1811,.F.);
#1869=ADVANCED_FACE('',(#95),#1812,.F.);
#1870=ADVANCED_FACE('',(#96,#46,#47,#48),#57,.F.);
#1871=ADVANCED_FACE('',(#97),#58,.F.);
#1872=ADVANCED_FACE('',(#98),#59,.F.);
#1873=ADVANCED_FACE('',(#99),#1813,.F.);
#1874=ADVANCED_FACE('',(#100),#1814,.F.);
#1875=ADVANCED_FACE('',(#101),#60,.F.);
#1876=ADVANCED_FACE('',(#102),#61,.F.);
#1877=ADVANCED_FACE('',(#103),#1815,.F.);
#1878=ADVANCED_FACE('',(#104),#29,.T.);
#1879=ADVANCED_FACE('',(#105),#1816,.F.);
#1880=ADVANCED_FACE('',(#106,#49),#62,.T.);
#1881=ADVANCED_FACE('',(#107),#30,.T.);
#1882=ADVANCED_FACE('',(#108),#1817,.F.);
#1883=ADVANCED_FACE('',(#109,#50),#63,.T.);
#1884=ADVANCED_FACE('',(#110),#31,.T.);
#1885=ADVANCED_FACE('',(#111),#1818,.F.);
#1886=ADVANCED_FACE('',(#112,#51),#64,.T.);
#1887=ADVANCED_FACE('',(#113),#32,.T.);
#1888=ADVANCED_FACE('',(#114),#1819,.F.);
#1889=ADVANCED_FACE('',(#115,#52),#65,.T.);
#1890=ADVANCED_FACE('',(#116),#66,.T.);
#1891=ADVANCED_FACE('',(#117),#67,.T.);
#1892=ADVANCED_FACE('',(#118),#68,.T.);
#1893=ADVANCED_FACE('',(#119),#69,.T.);
#1894=ADVANCED_FACE('',(#120),#1820,.F.);
#1895=ADVANCED_FACE('',(#121),#27,.T.);
#1896=ADVANCED_FACE('',(#122),#1821,.F.);
#1897=ADVANCED_FACE('',(#123),#28,.T.);
#1898=ADVANCED_FACE('',(#124),#1822,.F.);
#1899=ADVANCED_FACE('',(#125),#15,.T.);
#1900=ADVANCED_FACE('',(#126),#1823,.F.);
#1901=ADVANCED_FACE('',(#127),#33,.F.);
#1902=ADVANCED_FACE('',(#128),#1824,.F.);
#1903=ADVANCED_FACE('',(#129),#16,.T.);
#1904=ADVANCED_FACE('',(#130),#1825,.F.);
#1905=ADVANCED_FACE('',(#131),#17,.T.);
#1906=ADVANCED_FACE('',(#132),#1826,.F.);
#1907=ADVANCED_FACE('',(#133),#34,.F.);
#1908=ADVANCED_FACE('',(#134),#1827,.F.);
#1909=ADVANCED_FACE('',(#135),#18,.T.);
#1910=ADVANCED_FACE('',(#136),#1828,.F.);
#1911=ADVANCED_FACE('',(#137),#19,.T.);
#1912=ADVANCED_FACE('',(#138),#1829,.F.);
#1913=ADVANCED_FACE('',(#139),#35,.F.);
#1914=ADVANCED_FACE('',(#140),#1830,.F.);
#1915=ADVANCED_FACE('',(#141),#20,.T.);
#1916=ADVANCED_FACE('',(#142),#1831,.F.);
#1917=ADVANCED_FACE('',(#143),#21,.T.);
#1918=ADVANCED_FACE('',(#144),#1832,.F.);
#1919=ADVANCED_FACE('',(#145),#36,.F.);
#1920=ADVANCED_FACE('',(#146),#1833,.F.);
#1921=ADVANCED_FACE('',(#147),#22,.T.);
#1922=ADVANCED_FACE('',(#148),#1834,.T.);
#1923=ADVANCED_FACE('',(#149),#70,.T.);
#1924=ADVANCED_FACE('',(#150),#1835,.F.);
#1925=ADVANCED_FACE('',(#151),#71,.T.);
#1926=ADVANCED_FACE('',(#152),#1836,.F.);
#1927=ADVANCED_FACE('',(#153),#72,.T.);
#1928=ADVANCED_FACE('',(#154),#1837,.T.);
#1929=ADVANCED_FACE('',(#155),#73,.T.);
#1930=ADVANCED_FACE('',(#156),#1838,.F.);
#1931=ADVANCED_FACE('',(#157),#37,.T.);
#1932=ADVANCED_FACE('',(#158),#1839,.T.);
#1933=ADVANCED_FACE('',(#159),#38,.T.);
#1934=ADVANCED_FACE('',(#160),#74,.T.);
#1935=ADVANCED_FACE('',(#161),#75,.T.);
#1936=ADVANCED_FACE('',(#162,#53,#54,#55),#76,.T.);
#1937=ADVANCED_FACE('',(#163),#1840,.T.);
#1938=ADVANCED_FACE('',(#164),#1841,.T.);
#1939=ADVANCED_FACE('',(#165),#39,.T.);
#1940=ADVANCED_FACE('',(#166),#1842,.T.);
#1941=ADVANCED_FACE('',(#167),#40,.T.);
#1942=ADVANCED_FACE('',(#168),#1843,.T.);
#1943=ADVANCED_FACE('',(#169),#1844,.F.);
#1944=ADVANCED_FACE('',(#170),#1845,.T.);
#1945=ADVANCED_FACE('',(#171),#1846,.F.);
#1946=ADVANCED_FACE('',(#172),#77,.F.);
#1947=ADVANCED_FACE('',(#173),#78,.T.);
#1948=ADVANCED_FACE('',(#174),#79,.F.);
#1949=ADVANCED_FACE('',(#175),#41,.T.);
#1950=ADVANCED_FACE('',(#176),#1847,.T.);
#1951=ADVANCED_FACE('',(#177),#42,.T.);
#1952=ADVANCED_FACE('',(#178),#1848,.T.);
#1953=ADVANCED_FACE('',(#179),#43,.T.);
#1954=ADVANCED_FACE('',(#180),#1849,.T.);
#1955=ADVANCED_FACE('',(#181),#44,.T.);
#1956=ADVANCED_FACE('',(#182),#1850,.T.);
#1957=ADVANCED_FACE('',(#183),#80,.T.);
#1958=ADVANCED_FACE('',(#184),#1851,.T.);
#1959=ADVANCED_FACE('',(#185),#81,.T.);
#1960=ADVANCED_FACE('',(#186),#1852,.T.);
#1961=ADVANCED_FACE('',(#187),#1853,.T.);
#1962=ADVANCED_FACE('',(#188),#82,.T.);
#1963=ADVANCED_FACE('',(#189),#1854,.F.);
#1964=ADVANCED_FACE('',(#190),#83,.T.);
#1965=ADVANCED_FACE('',(#191),#1855,.F.);
#1966=ADVANCED_FACE('',(#192),#84,.T.);
#1967=ADVANCED_FACE('',(#193),#1856,.F.);
#1968=ADVANCED_FACE('',(#194),#85,.T.);
#1969=ADVANCED_FACE('',(#195),#1857,.T.);
#1970=ADVANCED_FACE('',(#196),#86,.T.);
#1971=ADVANCED_FACE('',(#197),#1858,.F.);
#1972=ADVANCED_FACE('',(#198),#1859,.F.);
#1973=ADVANCED_FACE('',(#199),#87,.F.);
#1974=ADVANCED_FACE('',(#200),#1860,.F.);
#1975=ADVANCED_FACE('',(#201),#88,.T.);
#1976=ADVANCED_FACE('',(#202),#1861,.F.);
#1977=ADVANCED_FACE('',(#203),#89,.T.);
#1978=ADVANCED_FACE('',(#204),#1862,.F.);
#1979=ADVANCED_FACE('',(#205),#1863,.F.);
#1980=ADVANCED_FACE('',(#206),#90,.T.);
#1981=ADVANCED_FACE('',(#207),#1864,.T.);
#1982=ADVANCED_FACE('',(#208),#1865,.T.);
#1983=ADVANCED_FACE('',(#209),#91,.T.);
#1984=CLOSED_SHELL('',(#1866,#1867,#1868,#1869,#1870,#1871,#1872,#1873,
#1874,#1875,#1876,#1877,#1878,#1879,#1880,#1881,#1882,#1883,#1884,#1885,
#1886,#1887,#1888,#1889,#1890,#1891,#1892,#1893,#1894,#1895,#1896,#1897,
#1898,#1899,#1900,#1901,#1902,#1903,#1904,#1905,#1906,#1907,#1908,#1909,
#1910,#1911,#1912,#1913,#1914,#1915,#1916,#1917,#1918,#1919,#1920,#1921,
#1922,#1923,#1924,#1925,#1926,#1927,#1928,#1929,#1930,#1931,#1932,#1933,
#1934,#1935,#1936,#1937,#1938,#1939,#1940,#1941,#1942,#1943,#1944,#1945,
#1946,#1947,#1948,#1949,#1950,#1951,#1952,#1953,#1954,#1955,#1956,#1957,
#1958,#1959,#1960,#1961,#1962,#1963,#1964,#1965,#1966,#1967,#1968,#1969,
#1970,#1971,#1972,#1973,#1974,#1975,#1976,#1977,#1978,#1979,#1980,#1981,
#1982,#1983));
#1985=AXIS2_PLACEMENT_3D('',#2885,#2238,#2239);
#1986=AXIS2_PLACEMENT_3D('',#2886,#2240,#2241);
#1987=AXIS2_PLACEMENT_3D('',#2888,#2242,#2243);
#1988=AXIS2_PLACEMENT_3D('',#2891,#2245,#2246);
#1989=AXIS2_PLACEMENT_3D('',#2892,#2247,#2248);
#1990=AXIS2_PLACEMENT_3D('',#2894,#2249,#2250);
#1991=AXIS2_PLACEMENT_3D('',#2895,#2251,#2252);
#1992=AXIS2_PLACEMENT_3D('',#2897,#2253,#2254);
#1993=AXIS2_PLACEMENT_3D('',#2899,#2256,#2257);
#1994=AXIS2_PLACEMENT_3D('',#2904,#2259,#2260);
#1995=AXIS2_PLACEMENT_3D('',#2907,#2262,#2263);
#1996=AXIS2_PLACEMENT_3D('',#2908,#2264,#2265);
#1997=AXIS2_PLACEMENT_3D('',#2911,#2266,#2267);
#1998=AXIS2_PLACEMENT_3D('',#2915,#2269,#2270);
#1999=AXIS2_PLACEMENT_3D('',#2919,#2272,#2273);
#2000=AXIS2_PLACEMENT_3D('',#2923,#2275,#2276);
#2001=AXIS2_PLACEMENT_3D('',#2928,#2279,#2280);
#2002=AXIS2_PLACEMENT_3D('',#2932,#2282,#2283);
#2003=AXIS2_PLACEMENT_3D('',#2936,#2285,#2286);
#2004=AXIS2_PLACEMENT_3D('',#2938,#2288,#2289);
#2005=AXIS2_PLACEMENT_3D('',#2942,#2292,#2293);
#2006=AXIS2_PLACEMENT_3D('',#2946,#2296,#2297);
#2007=AXIS2_PLACEMENT_3D('',#2947,#2298,#2299);
#2008=AXIS2_PLACEMENT_3D('',#2948,#2300,#2301);
#2009=AXIS2_PLACEMENT_3D('',#2952,#2303,#2304);
#2010=AXIS2_PLACEMENT_3D('',#2954,#2306,#2307);
#2011=AXIS2_PLACEMENT_3D('',#2958,#2310,#2311);
#2012=AXIS2_PLACEMENT_3D('',#2962,#2314,#2315);
#2013=AXIS2_PLACEMENT_3D('',#2963,#2316,#2317);
#2014=AXIS2_PLACEMENT_3D('',#2964,#2318,#2319);
#2015=AXIS2_PLACEMENT_3D('',#2966,#2320,#2321);
#2016=AXIS2_PLACEMENT_3D('',#2968,#2322,#2323);
#2017=AXIS2_PLACEMENT_3D('',#2970,#2324,#2325);
#2018=AXIS2_PLACEMENT_3D('',#2971,#2326,#2327);
#2019=AXIS2_PLACEMENT_3D('',#2972,#2328,#2329);
#2020=AXIS2_PLACEMENT_3D('',#2975,#2331,#2332);
#2021=AXIS2_PLACEMENT_3D('',#2976,#2333,#2334);
#2022=AXIS2_PLACEMENT_3D('',#2979,#2335,#2336);
#2023=AXIS2_PLACEMENT_3D('',#2983,#2338,#2339);
#2024=AXIS2_PLACEMENT_3D('',#2987,#2341,#2342);
#2025=AXIS2_PLACEMENT_3D('',#2991,#2344,#2345);
#2026=AXIS2_PLACEMENT_3D('',#2993,#2347,#2348);
#2027=AXIS2_PLACEMENT_3D('',#2995,#2349,#2350);
#2028=AXIS2_PLACEMENT_3D('',#2997,#2351,#2352);
#2029=AXIS2_PLACEMENT_3D('',#2999,#2353,#2354);
#2030=AXIS2_PLACEMENT_3D('',#3000,#2355,#2356);
#2031=AXIS2_PLACEMENT_3D('',#3001,#2357,#2358);
#2032=AXIS2_PLACEMENT_3D('',#3004,#2360,#2361);
#2033=AXIS2_PLACEMENT_3D('',#3005,#2362,#2363);
#2034=AXIS2_PLACEMENT_3D('',#3008,#2364,#2365);
#2035=AXIS2_PLACEMENT_3D('',#3012,#2367,#2368);
#2036=AXIS2_PLACEMENT_3D('',#3016,#2370,#2371);
#2037=AXIS2_PLACEMENT_3D('',#3020,#2373,#2374);
#2038=AXIS2_PLACEMENT_3D('',#3022,#2376,#2377);
#2039=AXIS2_PLACEMENT_3D('',#3024,#2378,#2379);
#2040=AXIS2_PLACEMENT_3D('',#3026,#2380,#2381);
#2041=AXIS2_PLACEMENT_3D('',#3028,#2382,#2383);
#2042=AXIS2_PLACEMENT_3D('',#3029,#2384,#2385);
#2043=AXIS2_PLACEMENT_3D('',#3030,#2386,#2387);
#2044=AXIS2_PLACEMENT_3D('',#3033,#2389,#2390);
#2045=AXIS2_PLACEMENT_3D('',#3034,#2391,#2392);
#2046=AXIS2_PLACEMENT_3D('',#3037,#2393,#2394);
#2047=AXIS2_PLACEMENT_3D('',#3041,#2396,#2397);
#2048=AXIS2_PLACEMENT_3D('',#3045,#2399,#2400);
#2049=AXIS2_PLACEMENT_3D('',#3049,#2402,#2403);
#2050=AXIS2_PLACEMENT_3D('',#3051,#2405,#2406);
#2051=AXIS2_PLACEMENT_3D('',#3053,#2407,#2408);
#2052=AXIS2_PLACEMENT_3D('',#3055,#2409,#2410);
#2053=AXIS2_PLACEMENT_3D('',#3057,#2411,#2412);
#2054=AXIS2_PLACEMENT_3D('',#3058,#2413,#2414);
#2055=AXIS2_PLACEMENT_3D('',#3059,#2415,#2416);
#2056=AXIS2_PLACEMENT_3D('',#3062,#2418,#2419);
#2057=AXIS2_PLACEMENT_3D('',#3063,#2420,#2421);
#2058=AXIS2_PLACEMENT_3D('',#3066,#2422,#2423);
#2059=AXIS2_PLACEMENT_3D('',#3070,#2425,#2426);
#2060=AXIS2_PLACEMENT_3D('',#3074,#2428,#2429);
#2061=AXIS2_PLACEMENT_3D('',#3078,#2431,#2432);
#2062=AXIS2_PLACEMENT_3D('',#3080,#2434,#2435);
#2063=AXIS2_PLACEMENT_3D('',#3081,#2436,#2437);
#2064=AXIS2_PLACEMENT_3D('',#3082,#2438,#2439);
#2065=AXIS2_PLACEMENT_3D('',#3083,#2440,#2441);
#2066=AXIS2_PLACEMENT_3D('',#3084,#2442,#2443);
#2067=AXIS2_PLACEMENT_3D('',#3087,#2444,#2445);
#2068=AXIS2_PLACEMENT_3D('',#3091,#2447,#2448);
#2069=AXIS2_PLACEMENT_3D('',#3120,#2450,#2451);
#2070=AXIS2_PLACEMENT_3D('',#3131,#2452,#2453);
#2071=AXIS2_PLACEMENT_3D('',#3134,#2454,#2455);
#2072=AXIS2_PLACEMENT_3D('',#3164,#2458,#2459);
#2073=AXIS2_PLACEMENT_3D('',#3175,#2460,#2461);
#2074=AXIS2_PLACEMENT_3D('',#3179,#2463,#2464);
#2075=AXIS2_PLACEMENT_3D('',#3192,#2466,#2467);
#2076=AXIS2_PLACEMENT_3D('',#3193,#2468,#2469);
#2077=AXIS2_PLACEMENT_3D('',#3194,#2470,#2471);
#2078=AXIS2_PLACEMENT_3D('',#3195,#2472,#2473);
#2079=AXIS2_PLACEMENT_3D('',#3198,#2474,#2475);
#2080=AXIS2_PLACEMENT_3D('',#3201,#2478,#2479);
#2081=AXIS2_PLACEMENT_3D('',#3204,#2480,#2481);
#2082=AXIS2_PLACEMENT_3D('',#3205,#2482,#2483);
#2083=AXIS2_PLACEMENT_3D('',#3206,#2484,#2485);
#2084=AXIS2_PLACEMENT_3D('',#3207,#2486,#2487);
#2085=AXIS2_PLACEMENT_3D('',#3210,#2488,#2489);
#2086=AXIS2_PLACEMENT_3D('',#3224,#2492,#2493);
#2087=AXIS2_PLACEMENT_3D('',#3225,#2494,#2495);
#2088=AXIS2_PLACEMENT_3D('',#3226,#2496,#2497);
#2089=AXIS2_PLACEMENT_3D('',#3227,#2498,#2499);
#2090=AXIS2_PLACEMENT_3D('',#3230,#2500,#2501);
#2091=AXIS2_PLACEMENT_3D('',#3244,#2504,#2505);
#2092=AXIS2_PLACEMENT_3D('',#3245,#2506,#2507);
#2093=AXIS2_PLACEMENT_3D('',#3246,#2508,#2509);
#2094=AXIS2_PLACEMENT_3D('',#3247,#2510,#2511);
#2095=AXIS2_PLACEMENT_3D('',#3250,#2512,#2513);
#2096=AXIS2_PLACEMENT_3D('',#3253,#2516,#2517);
#2097=AXIS2_PLACEMENT_3D('',#3256,#2518,#2519);
#2098=AXIS2_PLACEMENT_3D('',#3257,#2520,#2521);
#2099=AXIS2_PLACEMENT_3D('',#3258,#2522,#2523);
#2100=AXIS2_PLACEMENT_3D('',#3259,#2524,#2525);
#2101=AXIS2_PLACEMENT_3D('',#3262,#2526,#2527);
#2102=AXIS2_PLACEMENT_3D('',#3276,#2530,#2531);
#2103=AXIS2_PLACEMENT_3D('',#3277,#2532,#2533);
#2104=AXIS2_PLACEMENT_3D('',#3278,#2534,#2535);
#2105=AXIS2_PLACEMENT_3D('',#3279,#2536,#2537);
#2106=AXIS2_PLACEMENT_3D('',#3282,#2538,#2539);
#2107=AXIS2_PLACEMENT_3D('',#3296,#2542,#2543);
#2108=AXIS2_PLACEMENT_3D('',#3297,#2544,#2545);
#2109=AXIS2_PLACEMENT_3D('',#3298,#2546,#2547);
#2110=AXIS2_PLACEMENT_3D('',#3299,#2548,#2549);
#2111=AXIS2_PLACEMENT_3D('',#3302,#2550,#2551);
#2112=AXIS2_PLACEMENT_3D('',#3305,#2554,#2555);
#2113=AXIS2_PLACEMENT_3D('',#3308,#2556,#2557);
#2114=AXIS2_PLACEMENT_3D('',#3309,#2558,#2559);
#2115=AXIS2_PLACEMENT_3D('',#3310,#2560,#2561);
#2116=AXIS2_PLACEMENT_3D('',#3311,#2562,#2563);
#2117=AXIS2_PLACEMENT_3D('',#3314,#2564,#2565);
#2118=AXIS2_PLACEMENT_3D('',#3328,#2568,#2569);
#2119=AXIS2_PLACEMENT_3D('',#3329,#2570,#2571);
#2120=AXIS2_PLACEMENT_3D('',#3330,#2572,#2573);
#2121=AXIS2_PLACEMENT_3D('',#3331,#2574,#2575);
#2122=AXIS2_PLACEMENT_3D('',#3334,#2576,#2577);
#2123=AXIS2_PLACEMENT_3D('',#3348,#2580,#2581);
#2124=AXIS2_PLACEMENT_3D('',#3349,#2582,#2583);
#2125=AXIS2_PLACEMENT_3D('',#3350,#2584,#2585);
#2126=AXIS2_PLACEMENT_3D('',#3351,#2586,#2587);
#2127=AXIS2_PLACEMENT_3D('',#3354,#2588,#2589);
#2128=AXIS2_PLACEMENT_3D('',#3357,#2592,#2593);
#2129=AXIS2_PLACEMENT_3D('',#3360,#2594,#2595);
#2130=AXIS2_PLACEMENT_3D('',#3361,#2596,#2597);
#2131=AXIS2_PLACEMENT_3D('',#3362,#2598,#2599);
#2132=AXIS2_PLACEMENT_3D('',#3363,#2600,#2601);
#2133=AXIS2_PLACEMENT_3D('',#3366,#2602,#2603);
#2134=AXIS2_PLACEMENT_3D('',#3378,#2606,#2607);
#2135=AXIS2_PLACEMENT_3D('',#3379,#2608,#2609);
#2136=AXIS2_PLACEMENT_3D('',#3380,#2610,#2611);
#2137=AXIS2_PLACEMENT_3D('',#3383,#2614,#2615);
#2138=AXIS2_PLACEMENT_3D('',#3385,#2617,#2618);
#2139=AXIS2_PLACEMENT_3D('',#3387,#2620,#2621);
#2140=AXIS2_PLACEMENT_3D('',#3394,#2626,#2627);
#2141=AXIS2_PLACEMENT_3D('',#3396,#2629,#2630);
#2142=AXIS2_PLACEMENT_3D('',#3398,#2632,#2633);
#2143=AXIS2_PLACEMENT_3D('',#3400,#2635,#2636);
#2144=AXIS2_PLACEMENT_3D('',#3402,#2638,#2639);
#2145=AXIS2_PLACEMENT_3D('',#3404,#2641,#2642);
#2146=AXIS2_PLACEMENT_3D('',#3406,#2643,#2644);
#2147=AXIS2_PLACEMENT_3D('',#3408,#2645,#2646);
#2148=AXIS2_PLACEMENT_3D('',#3410,#2647,#2648);
#2149=AXIS2_PLACEMENT_3D('',#3411,#2649,#2650);
#2150=AXIS2_PLACEMENT_3D('',#3412,#2651,#2652);
#2151=AXIS2_PLACEMENT_3D('',#3414,#2653,#2654);
#2152=AXIS2_PLACEMENT_3D('',#3416,#2656,#2657);
#2153=AXIS2_PLACEMENT_3D('',#3418,#2658,#2659);
#2154=AXIS2_PLACEMENT_3D('',#3420,#2660,#2661);
#2155=AXIS2_PLACEMENT_3D('',#3421,#2662,#2663);
#2156=AXIS2_PLACEMENT_3D('',#3422,#2664,#2665);
#2157=AXIS2_PLACEMENT_3D('',#3429,#2670,#2671);
#2158=AXIS2_PLACEMENT_3D('',#3435,#2675,#2676);
#2159=AXIS2_PLACEMENT_3D('',#3436,#2677,#2678);
#2160=AXIS2_PLACEMENT_3D('',#3438,#2679,#2680);
#2161=AXIS2_PLACEMENT_3D('',#3440,#2682,#2683);
#2162=AXIS2_PLACEMENT_3D('',#3442,#2684,#2685);
#2163=AXIS2_PLACEMENT_3D('',#3444,#2687,#2688);
#2164=AXIS2_PLACEMENT_3D('',#3447,#2689,#2690);
#2165=AXIS2_PLACEMENT_3D('',#3449,#2691,#2692);
#2166=AXIS2_PLACEMENT_3D('',#3451,#2693,#2694);
#2167=AXIS2_PLACEMENT_3D('',#3452,#2695,#2696);
#2168=AXIS2_PLACEMENT_3D('',#3453,#2697,#2698);
#2169=AXIS2_PLACEMENT_3D('',#3456,#2699,#2700);
#2170=AXIS2_PLACEMENT_3D('',#3459,#2703,#2704);
#2171=AXIS2_PLACEMENT_3D('',#3462,#2705,#2706);
#2172=AXIS2_PLACEMENT_3D('',#3464,#2707,#2708);
#2173=AXIS2_PLACEMENT_3D('',#3466,#2709,#2710);
#2174=AXIS2_PLACEMENT_3D('',#3467,#2711,#2712);
#2175=AXIS2_PLACEMENT_3D('',#3468,#2713,#2714);
#2176=AXIS2_PLACEMENT_3D('',#3471,#2715,#2716);
#2177=AXIS2_PLACEMENT_3D('',#3474,#2719,#2720);
#2178=AXIS2_PLACEMENT_3D('',#3477,#2723,#2724);
#2179=AXIS2_PLACEMENT_3D('',#3480,#2727,#2728);
#2180=AXIS2_PLACEMENT_3D('',#3483,#2731,#2732);
#2181=AXIS2_PLACEMENT_3D('',#3485,#2734,#2735);
#2182=AXIS2_PLACEMENT_3D('',#3487,#2736,#2737);
#2183=AXIS2_PLACEMENT_3D('',#3491,#2739,#2740);
#2184=AXIS2_PLACEMENT_3D('',#3494,#2742,#2743);
#2185=AXIS2_PLACEMENT_3D('',#3495,#2744,#2745);
#2186=AXIS2_PLACEMENT_3D('',#3499,#2747,#2748);
#2187=AXIS2_PLACEMENT_3D('',#3503,#2750,#2751);
#2188=AXIS2_PLACEMENT_3D('',#3507,#2753,#2754);
#2189=AXIS2_PLACEMENT_3D('',#3511,#2756,#2757);
#2190=AXIS2_PLACEMENT_3D('',#3514,#2760,#2761);
#2191=AXIS2_PLACEMENT_3D('',#3515,#2762,#2763);
#2192=AXIS2_PLACEMENT_3D('',#3517,#2764,#2765);
#2193=AXIS2_PLACEMENT_3D('',#3519,#2766,#2767);
#2194=AXIS2_PLACEMENT_3D('',#3520,#2768,#2769);
#2195=AXIS2_PLACEMENT_3D('',#3521,#2770,#2771);
#2196=AXIS2_PLACEMENT_3D('',#3523,#2772,#2773);
#2197=AXIS2_PLACEMENT_3D('',#3525,#2775,#2776);
#2198=AXIS2_PLACEMENT_3D('',#3527,#2777,#2778);
#2199=AXIS2_PLACEMENT_3D('',#3528,#2779,#2780);
#2200=AXIS2_PLACEMENT_3D('',#3529,#2781,#2782);
#2201=AXIS2_PLACEMENT_3D('',#3531,#2783,#2784);
#2202=AXIS2_PLACEMENT_3D('',#3533,#2786,#2787);
#2203=AXIS2_PLACEMENT_3D('',#3535,#2788,#2789);
#2204=AXIS2_PLACEMENT_3D('',#3536,#2790,#2791);
#2205=AXIS2_PLACEMENT_3D('',#3537,#2792,#2793);
#2206=AXIS2_PLACEMENT_3D('',#3539,#2794,#2795);
#2207=AXIS2_PLACEMENT_3D('',#3541,#2797,#2798);
#2208=AXIS2_PLACEMENT_3D('',#3543,#2799,#2800);
#2209=AXIS2_PLACEMENT_3D('',#3544,#2801,#2802);
#2210=AXIS2_PLACEMENT_3D('',#3545,#2803,#2804);
#2211=AXIS2_PLACEMENT_3D('',#3547,#2806,#2807);
#2212=AXIS2_PLACEMENT_3D('',#3550,#2810,#2811);
#2213=AXIS2_PLACEMENT_3D('',#3552,#2813,#2814);
#2214=AXIS2_PLACEMENT_3D('',#3554,#2816,#2817);
#2215=AXIS2_PLACEMENT_3D('',#3556,#2819,#2820);
#2216=AXIS2_PLACEMENT_3D('',#3559,#2823,#2824);
#2217=AXIS2_PLACEMENT_3D('',#3561,#2826,#2827);
#2218=AXIS2_PLACEMENT_3D('',#3564,#2830,#2831);
#2219=AXIS2_PLACEMENT_3D('',#3568,#2835,#2836);
#2220=AXIS2_PLACEMENT_3D('',#3570,#2838,#2839);
#2221=AXIS2_PLACEMENT_3D('',#3574,#2843,#2844);
#2222=AXIS2_PLACEMENT_3D('',#3576,#2846,#2847);
#2223=AXIS2_PLACEMENT_3D('',#3578,#2849,#2850);
#2224=AXIS2_PLACEMENT_3D('',#3580,#2852,#2853);
#2225=AXIS2_PLACEMENT_3D('',#3582,#2855,#2856);
#2226=AXIS2_PLACEMENT_3D('',#3583,#2857,#2858);
#2227=AXIS2_PLACEMENT_3D('',#3585,#2860,#2861);
#2228=AXIS2_PLACEMENT_3D('',#3586,#2862,#2863);
#2229=AXIS2_PLACEMENT_3D('',#3587,#2864,#2865);
#2230=AXIS2_PLACEMENT_3D('',#3588,#2866,#2867);
#2231=AXIS2_PLACEMENT_3D('',#3589,#2868,#2869);
#2232=AXIS2_PLACEMENT_3D('',#3590,#2870,#2871);
#2233=AXIS2_PLACEMENT_3D('',#3591,#2872,#2873);
#2234=AXIS2_PLACEMENT_3D('',#3592,#2874,#2875);
#2235=AXIS2_PLACEMENT_3D('',#3594,#2877,#2878);
#2236=AXIS2_PLACEMENT_3D('',#3596,#2880,#2881);
#2237=AXIS2_PLACEMENT_3D('',#3598,#2883,#2884);
#2238=DIRECTION('axis',(0.,0.,1.));
#2239=DIRECTION('refdir',(1.,0.,0.));
#2240=DIRECTION('center_axis',(0.,0.,-1.));
#2241=DIRECTION('ref_axis',(1.,0.,0.));
#2242=DIRECTION('center_axis',(0.,0.,-1.));
#2243=DIRECTION('ref_axis',(1.,0.,0.));
#2244=DIRECTION('',(0.,0.,-1.));
#2245=DIRECTION('center_axis',(0.,0.,-1.));
#2246=DIRECTION('ref_axis',(1.,0.,0.));
#2247=DIRECTION('center_axis',(0.,0.,1.));
#2248=DIRECTION('ref_axis',(1.,0.,0.));
#2249=DIRECTION('center_axis',(0.,0.,1.));
#2250=DIRECTION('ref_axis',(1.,0.,0.));
#2251=DIRECTION('center_axis',(0.,0.,1.));
#2252=DIRECTION('ref_axis',(1.,0.,0.));
#2253=DIRECTION('center_axis',(0.,0.,1.));
#2254=DIRECTION('ref_axis',(1.,0.,0.));
#2255=DIRECTION('',(0.,0.,1.));
#2256=DIRECTION('center_axis',(0.,0.,1.));
#2257=DIRECTION('ref_axis',(1.,0.,0.));
#2258=DIRECTION('',(0.,0.,1.));
#2259=DIRECTION('center_axis',(0.,0.,-1.));
#2260=DIRECTION('ref_axis',(1.,0.,0.));
#2261=DIRECTION('',(0.,0.,1.));
#2262=DIRECTION('center_axis',(0.,0.,1.));
#2263=DIRECTION('ref_axis',(1.,0.,0.));
#2264=DIRECTION('center_axis',(0.,0.,1.));
#2265=DIRECTION('ref_axis',(1.,0.,0.));
#2266=DIRECTION('center_axis',(0.,0.,1.));
#2267=DIRECTION('ref_axis',(-0.707106781186547,-0.707106781186547,0.));
#2268=DIRECTION('',(0.,-1.,0.));
#2269=DIRECTION('center_axis',(0.,0.,1.));
#2270=DIRECTION('ref_axis',(-0.707106781186548,0.707106781186547,0.));
#2271=DIRECTION('',(-1.,0.,0.));
#2272=DIRECTION('center_axis',(0.,0.,1.));
#2273=DIRECTION('ref_axis',(0.707106781186548,0.707106781186548,0.));
#2274=DIRECTION('',(0.,1.,0.));
#2275=DIRECTION('center_axis',(0.,0.,1.));
#2276=DIRECTION('ref_axis',(0.707106781186547,-0.707106781186548,0.));
#2277=DIRECTION('',(1.,0.,0.));
#2278=DIRECTION('',(0.,-1.,0.));
#2279=DIRECTION('center_axis',(0.,0.,1.));
#2280=DIRECTION('ref_axis',(1.,0.,0.));
#2281=DIRECTION('',(0.,1.,0.));
#2282=DIRECTION('center_axis',(0.,0.,1.));
#2283=DIRECTION('ref_axis',(1.,0.,0.));
#2284=DIRECTION('',(0.,-1.,0.));
#2285=DIRECTION('center_axis',(0.,0.,1.));
#2286=DIRECTION('ref_axis',(1.,0.,0.));
#2287=DIRECTION('',(0.,1.,0.));
#2288=DIRECTION('center_axis',(1.,0.,0.));
#2289=DIRECTION('ref_axis',(0.,1.,0.));
#2290=DIRECTION('',(0.,-1.,0.));
#2291=DIRECTION('',(0.,0.,-1.));
#2292=DIRECTION('center_axis',(-1.,0.,0.));
#2293=DIRECTION('ref_axis',(0.,-1.,0.));
#2294=DIRECTION('',(0.,1.,0.));
#2295=DIRECTION('',(0.,0.,1.));
#2296=DIRECTION('center_axis',(0.,0.,1.));
#2297=DIRECTION('ref_axis',(1.83758917935762E-15,-1.,0.));
#2298=DIRECTION('center_axis',(0.,0.,-1.));
#2299=DIRECTION('ref_axis',(1.,0.,0.));
#2300=DIRECTION('center_axis',(0.,0.,1.));
#2301=DIRECTION('ref_axis',(1.,0.,0.));
#2302=DIRECTION('',(0.,0.,1.));
#2303=DIRECTION('center_axis',(0.,0.,-1.));
#2304=DIRECTION('ref_axis',(1.,0.,0.));
#2305=DIRECTION('',(0.,0.,1.));
#2306=DIRECTION('center_axis',(1.,0.,0.));
#2307=DIRECTION('ref_axis',(0.,1.,0.));
#2308=DIRECTION('',(0.,-1.,0.));
#2309=DIRECTION('',(0.,0.,-1.));
#2310=DIRECTION('center_axis',(-1.,0.,0.));
#2311=DIRECTION('ref_axis',(0.,-1.,0.));
#2312=DIRECTION('',(0.,1.,0.));
#2313=DIRECTION('',(0.,0.,1.));
#2314=DIRECTION('center_axis',(0.,0.,1.));
#2315=DIRECTION('ref_axis',(6.12323399573677E-17,-1.,0.));
#2316=DIRECTION('center_axis',(0.,0.,-1.));
#2317=DIRECTION('ref_axis',(1.,0.,0.));
#2318=DIRECTION('center_axis',(0.,0.,-1.));
#2319=DIRECTION('ref_axis',(-1.,0.,0.));
#2320=DIRECTION('center_axis',(0.,0.,1.));
#2321=DIRECTION('ref_axis',(1.,0.,0.));
#2322=DIRECTION('center_axis',(-1.98254111540207E-16,-1.,0.));
#2323=DIRECTION('ref_axis',(1.,-1.98254111540207E-16,0.));
#2324=DIRECTION('center_axis',(0.,0.,-1.));
#2325=DIRECTION('ref_axis',(1.,0.,0.));
#2326=DIRECTION('center_axis',(0.,0.,-1.));
#2327=DIRECTION('ref_axis',(1.,0.,0.));
#2328=DIRECTION('center_axis',(0.,0.,-1.));
#2329=DIRECTION('ref_axis',(1.,0.,0.));
#2330=DIRECTION('',(0.,0.,-1.));
#2331=DIRECTION('center_axis',(0.,0.,-1.));
#2332=DIRECTION('ref_axis',(1.,0.,0.));
#2333=DIRECTION('center_axis',(0.,0.,1.));
#2334=DIRECTION('ref_axis',(1.,0.,0.));
#2335=DIRECTION('center_axis',(0.,0.,-1.));
#2336=DIRECTION('ref_axis',(-0.707106781186548,0.707106781186547,0.));
#2337=DIRECTION('',(0.,-1.,0.));
#2338=DIRECTION('center_axis',(0.,0.,1.));
#2339=DIRECTION('ref_axis',(0.707106781186548,-0.707106781186547,0.));
#2340=DIRECTION('',(-1.,0.,0.));
#2341=DIRECTION('center_axis',(0.,0.,-1.));
#2342=DIRECTION('ref_axis',(0.707106781186547,-0.707106781186548,0.));
#2343=DIRECTION('',(0.,-1.,0.));
#2344=DIRECTION('center_axis',(0.,0.,1.));
#2345=DIRECTION('ref_axis',(0.707106781186549,-0.707106781186546,0.));
#2346=DIRECTION('',(-1.,0.,0.));
#2347=DIRECTION('center_axis',(0.,0.,-1.));
#2348=DIRECTION('ref_axis',(-1.,0.,0.));
#2349=DIRECTION('center_axis',(0.,0.,1.));
#2350=DIRECTION('ref_axis',(1.,0.,0.));
#2351=DIRECTION('center_axis',(-1.98254111540207E-16,-1.,0.));
#2352=DIRECTION('ref_axis',(1.,-1.98254111540207E-16,0.));
#2353=DIRECTION('center_axis',(0.,0.,-1.));
#2354=DIRECTION('ref_axis',(1.,0.,0.));
#2355=DIRECTION('center_axis',(0.,0.,-1.));
#2356=DIRECTION('ref_axis',(1.,0.,0.));
#2357=DIRECTION('center_axis',(0.,0.,-1.));
#2358=DIRECTION('ref_axis',(1.,0.,0.));
#2359=DIRECTION('',(0.,0.,-1.));
#2360=DIRECTION('center_axis',(0.,0.,-1.));
#2361=DIRECTION('ref_axis',(1.,0.,0.));
#2362=DIRECTION('center_axis',(0.,0.,1.));
#2363=DIRECTION('ref_axis',(1.,0.,0.));
#2364=DIRECTION('center_axis',(0.,0.,-1.));
#2365=DIRECTION('ref_axis',(0.707106781186548,0.707106781186548,0.));
#2366=DIRECTION('',(-1.,0.,0.));
#2367=DIRECTION('center_axis',(0.,0.,1.));
#2368=DIRECTION('ref_axis',(-0.707106781186548,-0.707106781186547,0.));
#2369=DIRECTION('',(0.,1.,0.));
#2370=DIRECTION('center_axis',(0.,0.,-1.));
#2371=DIRECTION('ref_axis',(-0.707106781186547,-0.707106781186548,0.));
#2372=DIRECTION('',(-1.,0.,0.));
#2373=DIRECTION('center_axis',(0.,0.,1.));
#2374=DIRECTION('ref_axis',(-0.707106781186547,-0.707106781186548,0.));
#2375=DIRECTION('',(0.,1.,0.));
#2376=DIRECTION('center_axis',(0.,0.,-1.));
#2377=DIRECTION('ref_axis',(-1.,0.,0.));
#2378=DIRECTION('center_axis',(0.,0.,1.));
#2379=DIRECTION('ref_axis',(1.,0.,0.));
#2380=DIRECTION('center_axis',(0.,-1.,0.));
#2381=DIRECTION('ref_axis',(1.,0.,0.));
#2382=DIRECTION('center_axis',(0.,0.,-1.));
#2383=DIRECTION('ref_axis',(1.,0.,0.));
#2384=DIRECTION('center_axis',(0.,0.,-1.));
#2385=DIRECTION('ref_axis',(1.,0.,0.));
#2386=DIRECTION('center_axis',(0.,0.,-1.));
#2387=DIRECTION('ref_axis',(1.,0.,0.));
#2388=DIRECTION('',(0.,0.,-1.));
#2389=DIRECTION('center_axis',(0.,0.,-1.));
#2390=DIRECTION('ref_axis',(1.,0.,0.));
#2391=DIRECTION('center_axis',(0.,0.,1.));
#2392=DIRECTION('ref_axis',(1.,0.,0.));
#2393=DIRECTION('center_axis',(0.,0.,-1.));
#2394=DIRECTION('ref_axis',(-0.707106781186548,-0.707106781186548,0.));
#2395=DIRECTION('',(1.,0.,0.));
#2396=DIRECTION('center_axis',(0.,0.,1.));
#2397=DIRECTION('ref_axis',(0.707106781186545,0.70710678118655,0.));
#2398=DIRECTION('',(0.,-1.,0.));
#2399=DIRECTION('center_axis',(0.,0.,-1.));
#2400=DIRECTION('ref_axis',(0.707106781186548,0.707106781186548,0.));
#2401=DIRECTION('',(1.,0.,0.));
#2402=DIRECTION('center_axis',(0.,0.,1.));
#2403=DIRECTION('ref_axis',(0.707106781186548,0.707106781186548,0.));
#2404=DIRECTION('',(0.,-1.,0.));
#2405=DIRECTION('center_axis',(0.,0.,-1.));
#2406=DIRECTION('ref_axis',(-1.,0.,0.));
#2407=DIRECTION('center_axis',(0.,0.,1.));
#2408=DIRECTION('ref_axis',(1.,0.,0.));
#2409=DIRECTION('center_axis',(0.,-1.,0.));
#2410=DIRECTION('ref_axis',(1.,0.,0.));
#2411=DIRECTION('center_axis',(0.,0.,-1.));
#2412=DIRECTION('ref_axis',(1.,0.,0.));
#2413=DIRECTION('center_axis',(0.,0.,-1.));
#2414=DIRECTION('ref_axis',(1.,0.,0.));
#2415=DIRECTION('center_axis',(0.,0.,-1.));
#2416=DIRECTION('ref_axis',(1.,0.,0.));
#2417=DIRECTION('',(0.,0.,-1.));
#2418=DIRECTION('center_axis',(0.,0.,-1.));
#2419=DIRECTION('ref_axis',(1.,0.,0.));
#2420=DIRECTION('center_axis',(0.,0.,1.));
#2421=DIRECTION('ref_axis',(1.,0.,0.));
#2422=DIRECTION('center_axis',(0.,0.,-1.));
#2423=DIRECTION('ref_axis',(0.707106781186547,-0.707106781186548,0.));
#2424=DIRECTION('',(0.,1.,0.));
#2425=DIRECTION('center_axis',(0.,0.,1.));
#2426=DIRECTION('ref_axis',(-0.707106781186548,0.707106781186547,0.));
#2427=DIRECTION('',(1.,0.,0.));
#2428=DIRECTION('center_axis',(0.,0.,-1.));
#2429=DIRECTION('ref_axis',(-0.707106781186548,0.707106781186547,0.));
#2430=DIRECTION('',(0.,1.,0.));
#2431=DIRECTION('center_axis',(0.,0.,1.));
#2432=DIRECTION('ref_axis',(-0.707106781186547,0.707106781186548,0.));
#2433=DIRECTION('',(1.,0.,0.));
#2434=DIRECTION('center_axis',(0.,0.,1.));
#2435=DIRECTION('ref_axis',(1.,0.,0.));
#2436=DIRECTION('center_axis',(0.,0.,1.));
#2437=DIRECTION('ref_axis',(1.,0.,0.));
#2438=DIRECTION('center_axis',(0.,0.,1.));
#2439=DIRECTION('ref_axis',(1.,0.,0.));
#2440=DIRECTION('center_axis',(0.,0.,1.));
#2441=DIRECTION('ref_axis',(1.,0.,0.));
#2442=DIRECTION('center_axis',(-1.,0.,0.));
#2443=DIRECTION('ref_axis',(0.,0.707106781186549,-0.707106781186546));
#2444=DIRECTION('center_axis',(-1.,0.,0.));
#2445=DIRECTION('ref_axis',(0.,1.,0.));
#2446=DIRECTION('',(1.,0.,0.));
#2447=DIRECTION('center_axis',(1.,0.,0.));
#2448=DIRECTION('ref_axis',(0.,0.,-1.));
#2449=DIRECTION('',(-1.,0.,0.));
#2450=DIRECTION('center_axis',(-1.,6.20709313116851E-15,0.));
#2451=DIRECTION('ref_axis',(5.9211894646675E-15,0.953939201416946,-0.3));
#2452=DIRECTION('center_axis',(-1.,0.,0.));
#2453=DIRECTION('ref_axis',(0.,0.591607978309962,-0.806225774829855));
#2454=DIRECTION('center_axis',(-1.,0.,0.));
#2455=DIRECTION('ref_axis',(0.,0.953939201416945,-0.300000000000001));
#2456=DIRECTION('',(1.,0.,0.));
#2457=DIRECTION('',(-1.,0.,0.));
#2458=DIRECTION('center_axis',(-1.,5.92118946466749E-15,0.));
#2459=DIRECTION('ref_axis',(5.92118946466749E-15,1.,-2.22044604925031E-15));
#2460=DIRECTION('center_axis',(-1.,0.,0.));
#2461=DIRECTION('ref_axis',(0.,0.707106781186549,-0.707106781186546));
#2462=DIRECTION('',(-1.,0.,0.));
#2463=DIRECTION('center_axis',(-1.,0.,0.));
#2464=DIRECTION('ref_axis',(0.,1.,0.));
#2465=DIRECTION('',(1.,0.,0.));
#2466=DIRECTION('center_axis',(0.,-1.,0.));
#2467=DIRECTION('ref_axis',(-1.,0.,0.));
#2468=DIRECTION('center_axis',(0.,0.,-1.));
#2469=DIRECTION('ref_axis',(-0.707106781186548,0.707106781186547,0.));
#2470=DIRECTION('center_axis',(0.,0.,1.));
#2471=DIRECTION('ref_axis',(-0.707106781186548,0.707106781186547,0.));
#2472=DIRECTION('center_axis',(0.,-1.,0.));
#2473=DIRECTION('ref_axis',(-0.707106781186549,0.,-0.707106781186546));
#2474=DIRECTION('center_axis',(0.,-1.,0.));
#2475=DIRECTION('ref_axis',(-1.,0.,0.));
#2476=DIRECTION('',(0.,1.,0.));
#2477=DIRECTION('',(0.,-1.,0.));
#2478=DIRECTION('center_axis',(0.,0.,1.));
#2479=DIRECTION('ref_axis',(1.,0.,0.));
#2480=DIRECTION('center_axis',(-1.,0.,0.));
#2481=DIRECTION('ref_axis',(0.,1.,0.));
#2482=DIRECTION('center_axis',(0.,0.,1.));
#2483=DIRECTION('ref_axis',(0.707106781186547,-0.707106781186548,0.));
#2484=DIRECTION('center_axis',(0.,0.,-1.));
#2485=DIRECTION('ref_axis',(0.707106781186547,-0.707106781186548,0.));
#2486=DIRECTION('center_axis',(-1.,0.,0.));
#2487=DIRECTION('ref_axis',(0.,0.707106781186549,-0.707106781186546));
#2488=DIRECTION('center_axis',(-1.,3.70074341541718E-16,0.));
#2489=DIRECTION('ref_axis',(3.70074341541718E-16,1.,0.));
#2490=DIRECTION('',(1.,0.,0.));
#2491=DIRECTION('',(-1.,0.,0.));
#2492=DIRECTION('center_axis',(0.,-1.,0.));
#2493=DIRECTION('ref_axis',(-1.,0.,0.));
#2494=DIRECTION('center_axis',(0.,0.,-1.));
#2495=DIRECTION('ref_axis',(-0.707106781186547,0.707106781186548,0.));
#2496=DIRECTION('center_axis',(0.,0.,1.));
#2497=DIRECTION('ref_axis',(-0.707106781186547,0.707106781186548,0.));
#2498=DIRECTION('center_axis',(0.,-1.,0.));
#2499=DIRECTION('ref_axis',(-0.707106781186548,0.,-0.707106781186547));
#2500=DIRECTION('center_axis',(0.,-1.,0.));
#2501=DIRECTION('ref_axis',(-1.,0.,0.));
#2502=DIRECTION('',(0.,1.,0.));
#2503=DIRECTION('',(0.,-1.,0.));
#2504=DIRECTION('center_axis',(1.,0.,0.));
#2505=DIRECTION('ref_axis',(0.,-1.,0.));
#2506=DIRECTION('center_axis',(0.,0.,-1.));
#2507=DIRECTION('ref_axis',(-0.707106781186547,-0.707106781186547,0.));
#2508=DIRECTION('center_axis',(0.,0.,1.));
#2509=DIRECTION('ref_axis',(-0.707106781186547,-0.707106781186547,0.));
#2510=DIRECTION('center_axis',(1.,0.,0.));
#2511=DIRECTION('ref_axis',(0.,-0.707106781186549,-0.707106781186546));
#2512=DIRECTION('center_axis',(1.,0.,0.));
#2513=DIRECTION('ref_axis',(0.,-1.,0.));
#2514=DIRECTION('',(-1.,0.,0.));
#2515=DIRECTION('',(1.,0.,0.));
#2516=DIRECTION('center_axis',(0.,0.,1.));
#2517=DIRECTION('ref_axis',(1.,0.,0.));
#2518=DIRECTION('center_axis',(0.,-1.,0.));
#2519=DIRECTION('ref_axis',(-1.,0.,0.));
#2520=DIRECTION('center_axis',(0.,0.,1.));
#2521=DIRECTION('ref_axis',(0.707106781186548,0.707106781186548,0.));
#2522=DIRECTION('center_axis',(0.,0.,-1.));
#2523=DIRECTION('ref_axis',(0.707106781186548,0.707106781186548,0.));
#2524=DIRECTION('center_axis',(0.,-1.,0.));
#2525=DIRECTION('ref_axis',(-0.707106781186549,0.,-0.707106781186546));
#2526=DIRECTION('center_axis',(-3.70074341541719E-16,-1.,0.));
#2527=DIRECTION('ref_axis',(-1.,3.70074341541719E-16,0.));
#2528=DIRECTION('',(0.,1.,0.));
#2529=DIRECTION('',(0.,-1.,0.));
#2530=DIRECTION('center_axis',(1.,0.,0.));
#2531=DIRECTION('ref_axis',(0.,-1.,0.));
#2532=DIRECTION('center_axis',(0.,0.,-1.));
#2533=DIRECTION('ref_axis',(-0.707106781186548,-0.707106781186547,0.));
#2534=DIRECTION('center_axis',(0.,0.,1.));
#2535=DIRECTION('ref_axis',(-0.707106781186548,-0.707106781186547,0.));
#2536=DIRECTION('center_axis',(1.,0.,0.));
#2537=DIRECTION('ref_axis',(0.,-0.707106781186548,-0.707106781186547));
#2538=DIRECTION('center_axis',(1.,0.,0.));
#2539=DIRECTION('ref_axis',(0.,-1.,0.));
#2540=DIRECTION('',(-1.,0.,0.));
#2541=DIRECTION('',(1.,0.,0.));
#2542=DIRECTION('center_axis',(0.,1.,0.));
#2543=DIRECTION('ref_axis',(1.,0.,0.));
#2544=DIRECTION('center_axis',(0.,0.,-1.));
#2545=DIRECTION('ref_axis',(0.707106781186548,-0.707106781186547,0.));
#2546=DIRECTION('center_axis',(0.,0.,1.));
#2547=DIRECTION('ref_axis',(0.707106781186548,-0.707106781186547,0.));
#2548=DIRECTION('center_axis',(0.,1.,0.));
#2549=DIRECTION('ref_axis',(0.707106781186549,0.,-0.707106781186546));
#2550=DIRECTION('center_axis',(0.,1.,0.));
#2551=DIRECTION('ref_axis',(1.,0.,0.));
#2552=DIRECTION('',(0.,-1.,0.));
#2553=DIRECTION('',(0.,1.,0.));
#2554=DIRECTION('center_axis',(0.,0.,1.));
#2555=DIRECTION('ref_axis',(1.,0.,0.));
#2556=DIRECTION('center_axis',(1.,0.,0.));
#2557=DIRECTION('ref_axis',(0.,-1.,0.));
#2558=DIRECTION('center_axis',(0.,0.,1.));
#2559=DIRECTION('ref_axis',(-0.707106781186548,0.707106781186547,0.));
#2560=DIRECTION('center_axis',(0.,0.,-1.));
#2561=DIRECTION('ref_axis',(-0.707106781186548,0.707106781186547,0.));
#2562=DIRECTION('center_axis',(1.,0.,0.));
#2563=DIRECTION('ref_axis',(0.,-0.707106781186549,-0.707106781186546));
#2564=DIRECTION('center_axis',(1.,0.,0.));
#2565=DIRECTION('ref_axis',(0.,-1.,0.));
#2566=DIRECTION('',(-1.,0.,0.));
#2567=DIRECTION('',(1.,0.,0.));
#2568=DIRECTION('center_axis',(0.,1.,0.));
#2569=DIRECTION('ref_axis',(1.,0.,0.));
#2570=DIRECTION('center_axis',(0.,0.,-1.));
#2571=DIRECTION('ref_axis',(0.707106781186548,-0.707106781186547,0.));
#2572=DIRECTION('center_axis',(0.,0.,1.));
#2573=DIRECTION('ref_axis',(0.707106781186548,-0.707106781186547,0.));
#2574=DIRECTION('center_axis',(0.,1.,0.));
#2575=DIRECTION('ref_axis',(0.707106781186549,0.,-0.707106781186546));
#2576=DIRECTION('center_axis',(0.,1.,0.));
#2577=DIRECTION('ref_axis',(1.,0.,0.));
#2578=DIRECTION('',(0.,-1.,0.));
#2579=DIRECTION('',(0.,1.,0.));
#2580=DIRECTION('center_axis',(-1.,0.,0.));
#2581=DIRECTION('ref_axis',(0.,1.,0.));
#2582=DIRECTION('center_axis',(0.,0.,-1.));
#2583=DIRECTION('ref_axis',(0.707106781186549,0.707106781186546,0.));
#2584=DIRECTION('center_axis',(0.,0.,1.));
#2585=DIRECTION('ref_axis',(0.707106781186549,0.707106781186546,0.));
#2586=DIRECTION('center_axis',(-1.,0.,0.));
#2587=DIRECTION('ref_axis',(0.,0.707106781186549,-0.707106781186546));
#2588=DIRECTION('center_axis',(-1.,0.,0.));
#2589=DIRECTION('ref_axis',(0.,1.,0.));
#2590=DIRECTION('',(1.,0.,0.));
#2591=DIRECTION('',(-1.,0.,0.));
#2592=DIRECTION('center_axis',(0.,0.,1.));
#2593=DIRECTION('ref_axis',(1.,0.,0.));
#2594=DIRECTION('center_axis',(0.,1.,0.));
#2595=DIRECTION('ref_axis',(1.,0.,0.));
#2596=DIRECTION('center_axis',(0.,0.,1.));
#2597=DIRECTION('ref_axis',(-0.707106781186548,-0.707106781186548,0.));
#2598=DIRECTION('center_axis',(0.,0.,-1.));
#2599=DIRECTION('ref_axis',(-0.707106781186548,-0.707106781186548,0.));
#2600=DIRECTION('center_axis',(0.,1.,0.));
#2601=DIRECTION('ref_axis',(0.707106781186549,0.,-0.707106781186546));
#2602=DIRECTION('center_axis',(0.,1.,0.));
#2603=DIRECTION('ref_axis',(1.,0.,0.));
#2604=DIRECTION('',(0.,-1.,0.));
#2605=DIRECTION('',(0.,1.,0.));
#2606=DIRECTION('center_axis',(0.,0.,-1.));
#2607=DIRECTION('ref_axis',(0.707106781186548,0.707106781186548,0.));
#2608=DIRECTION('center_axis',(0.,0.,1.));
#2609=DIRECTION('ref_axis',(0.707106781186548,0.707106781186548,0.));
#2610=DIRECTION('center_axis',(0.,0.,1.));
#2611=DIRECTION('ref_axis',(0.707106781186548,0.707106781186548,0.));
#2612=DIRECTION('',(0.,0.,1.));
#2613=DIRECTION('',(0.,0.,-1.));
#2614=DIRECTION('center_axis',(0.,1.,0.));
#2615=DIRECTION('ref_axis',(-1.,0.,0.));
#2616=DIRECTION('',(0.,0.,-1.));
#2617=DIRECTION('center_axis',(0.,0.,-1.));
#2618=DIRECTION('ref_axis',(-0.707106781186548,-0.707106781186547,0.));
#2619=DIRECTION('',(0.,0.,1.));
#2620=DIRECTION('center_axis',(1.,0.,0.));
#2621=DIRECTION('ref_axis',(0.,1.,0.));
#2622=DIRECTION('',(0.,0.,-1.));
#2623=DIRECTION('',(0.,0.,-1.));
#2624=DIRECTION('',(0.,1.,0.));
#2625=DIRECTION('',(0.,0.,1.));
#2626=DIRECTION('center_axis',(0.,0.,1.));
#2627=DIRECTION('ref_axis',(-0.707106781186547,0.707106781186548,0.));
#2628=DIRECTION('',(0.,0.,1.));
#2629=DIRECTION('center_axis',(0.,-1.,0.));
#2630=DIRECTION('ref_axis',(1.,0.,0.));
#2631=DIRECTION('',(0.,0.,-1.));
#2632=DIRECTION('center_axis',(0.,0.,1.));
#2633=DIRECTION('ref_axis',(0.707106781186547,-0.707106781186548,0.));
#2634=DIRECTION('',(0.,0.,1.));
#2635=DIRECTION('center_axis',(1.,0.,0.));
#2636=DIRECTION('ref_axis',(0.,1.,0.));
#2637=DIRECTION('',(0.,0.,-1.));
#2638=DIRECTION('center_axis',(0.,0.,-1.));
#2639=DIRECTION('ref_axis',(-0.707106781186548,0.707106781186547,0.));
#2640=DIRECTION('',(0.,0.,1.));
#2641=DIRECTION('center_axis',(0.,1.,0.));
#2642=DIRECTION('ref_axis',(0.,0.,1.));
#2643=DIRECTION('center_axis',(1.,0.,0.));
#2644=DIRECTION('ref_axis',(0.,0.,1.));
#2645=DIRECTION('center_axis',(0.,1.,0.));
#2646=DIRECTION('ref_axis',(-1.,0.,0.));
#2647=DIRECTION('center_axis',(0.,0.,1.));
#2648=DIRECTION('ref_axis',(0.,-1.,0.));
#2649=DIRECTION('center_axis',(0.,-1.,0.));
#2650=DIRECTION('ref_axis',(-0.707106781186549,0.,-0.707106781186546));
#2651=DIRECTION('center_axis',(-1.,0.,0.));
#2652=DIRECTION('ref_axis',(0.,-0.707106781186546,0.707106781186549));
#2653=DIRECTION('center_axis',(-1.,0.,0.));
#2654=DIRECTION('ref_axis',(0.,-1.,0.));
#2655=DIRECTION('',(-1.,0.,0.));
#2656=DIRECTION('center_axis',(0.,-1.,0.));
#2657=DIRECTION('ref_axis',(0.,0.,-1.));
#2658=DIRECTION('center_axis',(0.,-1.,0.));
#2659=DIRECTION('ref_axis',(0.707106781186546,0.,-0.707106781186549));
#2660=DIRECTION('center_axis',(0.,0.,1.));
#2661=DIRECTION('ref_axis',(-1.,0.,0.));
#2662=DIRECTION('center_axis',(0.,1.,0.));
#2663=DIRECTION('ref_axis',(0.,0.,-1.));
#2664=DIRECTION('center_axis',(0.,-1.,0.));
#2665=DIRECTION('ref_axis',(1.,0.,0.));
#2666=DIRECTION('',(0.,0.,-1.));
#2667=DIRECTION('',(0.,0.,-1.));
#2668=DIRECTION('',(1.,0.,0.));
#2669=DIRECTION('',(0.,0.,1.));
#2670=DIRECTION('center_axis',(0.,-1.,0.));
#2671=DIRECTION('ref_axis',(1.,0.,0.));
#2672=DIRECTION('',(0.,0.,-1.));
#2673=DIRECTION('',(1.,0.,0.));
#2674=DIRECTION('',(0.,0.,1.));
#2675=DIRECTION('center_axis',(0.,0.,1.));
#2676=DIRECTION('ref_axis',(1.,0.,0.));
#2677=DIRECTION('center_axis',(0.,0.,-1.));
#2678=DIRECTION('ref_axis',(-0.707106781186548,-0.707106781186548,0.));
#2679=DIRECTION('center_axis',(0.,0.,-1.));
#2680=DIRECTION('ref_axis',(-0.707106781186548,-0.707106781186548,0.));
#2681=DIRECTION('',(0.,0.,-1.));
#2682=DIRECTION('center_axis',(0.,0.,1.));
#2683=DIRECTION('ref_axis',(0.707106781186551,-0.707106781186544,0.));
#2684=DIRECTION('center_axis',(0.,0.,-1.));
#2685=DIRECTION('ref_axis',(0.707106781186551,-0.707106781186544,0.));
#2686=DIRECTION('',(0.,0.,1.));
#2687=DIRECTION('center_axis',(0.,-1.,0.));
#2688=DIRECTION('ref_axis',(0.,0.,-1.));
#2689=DIRECTION('center_axis',(0.,-1.,0.));
#2690=DIRECTION('ref_axis',(1.,0.,0.));
#2691=DIRECTION('center_axis',(0.,0.,1.));
#2692=DIRECTION('ref_axis',(0.,1.,0.));
#2693=DIRECTION('center_axis',(0.,1.,0.));
#2694=DIRECTION('ref_axis',(0.707106781186546,0.,-0.707106781186549));
#2695=DIRECTION('center_axis',(-1.,0.,0.));
#2696=DIRECTION('ref_axis',(0.,0.,1.));
#2697=DIRECTION('center_axis',(0.,0.,1.));
#2698=DIRECTION('ref_axis',(-0.707106781186548,0.707106781186548,0.));
#2699=DIRECTION('center_axis',(0.,0.,-1.));
#2700=DIRECTION('ref_axis',(-0.707106781186548,0.707106781186548,0.));
#2701=DIRECTION('',(0.,0.,-1.));
#2702=DIRECTION('',(0.,0.,1.));
#2703=DIRECTION('center_axis',(0.,1.,0.));
#2704=DIRECTION('ref_axis',(0.,0.,1.));
#2705=DIRECTION('center_axis',(0.,1.,0.));
#2706=DIRECTION('ref_axis',(-0.707106781186549,0.,-0.707106781186546));
#2707=DIRECTION('center_axis',(0.,0.,1.));
#2708=DIRECTION('ref_axis',(1.,0.,0.));
#2709=DIRECTION('center_axis',(0.,-1.,0.));
#2710=DIRECTION('ref_axis',(0.,0.,-1.));
#2711=DIRECTION('center_axis',(1.,0.,0.));
#2712=DIRECTION('ref_axis',(0.,1.,0.));
#2713=DIRECTION('center_axis',(0.,0.,-1.));
#2714=DIRECTION('ref_axis',(0.707106781186551,0.707106781186544,0.));
#2715=DIRECTION('center_axis',(0.,0.,-1.));
#2716=DIRECTION('ref_axis',(0.707106781186551,0.707106781186544,0.));
#2717=DIRECTION('',(0.,0.,-1.));
#2718=DIRECTION('',(0.,0.,1.));
#2719=DIRECTION('center_axis',(0.,1.,0.));
#2720=DIRECTION('ref_axis',(-0.707106781186549,0.,-0.707106781186546));
#2721=DIRECTION('',(0.,-1.,0.));
#2722=DIRECTION('',(0.,1.,0.));
#2723=DIRECTION('center_axis',(1.,0.,0.));
#2724=DIRECTION('ref_axis',(0.,0.707106781186546,0.707106781186549));
#2725=DIRECTION('',(-1.,0.,0.));
#2726=DIRECTION('',(1.,0.,0.));
#2727=DIRECTION('center_axis',(0.,-1.,0.));
#2728=DIRECTION('ref_axis',(0.707106781186553,0.,-0.707106781186542));
#2729=DIRECTION('',(0.,1.,0.));
#2730=DIRECTION('',(0.,-1.,0.));
#2731=DIRECTION('center_axis',(-1.,0.,0.));
#2732=DIRECTION('ref_axis',(0.,1.,0.));
#2733=DIRECTION('',(0.,1.,0.));
#2734=DIRECTION('center_axis',(0.,0.,1.));
#2735=DIRECTION('ref_axis',(1.,0.,0.));
#2736=DIRECTION('center_axis',(0.,0.,1.));
#2737=DIRECTION('ref_axis',(0.707106781186548,0.707106781186548,0.));
#2738=DIRECTION('',(0.,-1.,0.));
#2739=DIRECTION('center_axis',(0.,0.,1.));
#2740=DIRECTION('ref_axis',(0.707106781186547,-0.707106781186548,0.));
#2741=DIRECTION('',(-1.,0.,0.));
#2742=DIRECTION('center_axis',(0.,0.,1.));
#2743=DIRECTION('ref_axis',(-0.707106781186547,-0.707106781186548,0.));
#2744=DIRECTION('center_axis',(0.,0.,1.));
#2745=DIRECTION('ref_axis',(-0.707106781186548,0.707106781186547,0.));
#2746=DIRECTION('',(-1.,0.,0.));
#2747=DIRECTION('center_axis',(0.,0.,-1.));
#2748=DIRECTION('ref_axis',(-0.707106781186547,0.707106781186548,0.));
#2749=DIRECTION('',(0.,-1.,0.));
#2750=DIRECTION('center_axis',(0.,0.,-1.));
#2751=DIRECTION('ref_axis',(-0.707106781186548,-0.707106781186547,0.));
#2752=DIRECTION('',(1.,0.,0.));
#2753=DIRECTION('center_axis',(0.,0.,-1.));
#2754=DIRECTION('ref_axis',(0.707106781186547,-0.707106781186548,0.));
#2755=DIRECTION('',(0.,1.,0.));
#2756=DIRECTION('center_axis',(0.,0.,-1.));
#2757=DIRECTION('ref_axis',(0.707106781186547,0.707106781186547,0.));
#2758=DIRECTION('',(-1.,0.,0.));
#2759=DIRECTION('',(0.,-1.,0.));
#2760=DIRECTION('center_axis',(0.,0.,-1.));
#2761=DIRECTION('ref_axis',(-1.,0.,0.));
#2762=DIRECTION('center_axis',(0.,0.,1.));
#2763=DIRECTION('ref_axis',(1.,0.,0.));
#2764=DIRECTION('center_axis',(0.,-1.,0.));
#2765=DIRECTION('ref_axis',(-1.,0.,0.));
#2766=DIRECTION('center_axis',(-1.,0.,0.));
#2767=DIRECTION('ref_axis',(0.,0.,-1.));
#2768=DIRECTION('center_axis',(0.,0.,-1.));
#2769=DIRECTION('ref_axis',(-0.707106781186548,-0.707106781186548,0.));
#2770=DIRECTION('center_axis',(1.,0.,0.));
#2771=DIRECTION('ref_axis',(0.,-0.707106781186548,-0.707106781186547));
#2772=DIRECTION('center_axis',(-1.,0.,0.));
#2773=DIRECTION('ref_axis',(0.,0.,-1.));
#2774=DIRECTION('',(-1.,0.,0.));
#2775=DIRECTION('center_axis',(0.,0.,1.));
#2776=DIRECTION('ref_axis',(1.,0.,0.));
#2777=DIRECTION('center_axis',(0.,-1.,0.));
#2778=DIRECTION('ref_axis',(0.,0.,-1.));
#2779=DIRECTION('center_axis',(0.,0.,-1.));
#2780=DIRECTION('ref_axis',(0.707106781186547,-0.707106781186548,0.));
#2781=DIRECTION('center_axis',(0.,1.,0.));
#2782=DIRECTION('ref_axis',(0.707106781186548,0.,-0.707106781186547));
#2783=DIRECTION('center_axis',(0.,-1.,0.));
#2784=DIRECTION('ref_axis',(0.,0.,-1.));
#2785=DIRECTION('',(0.,-1.,0.));
#2786=DIRECTION('center_axis',(0.,0.,1.));
#2787=DIRECTION('ref_axis',(1.,0.,0.));
#2788=DIRECTION('center_axis',(1.,0.,0.));
#2789=DIRECTION('ref_axis',(0.,0.,-1.));
#2790=DIRECTION('center_axis',(0.,0.,-1.));
#2791=DIRECTION('ref_axis',(0.707106781186547,0.707106781186547,0.));
#2792=DIRECTION('center_axis',(-1.,0.,0.));
#2793=DIRECTION('ref_axis',(0.,0.707106781186548,-0.707106781186547));
#2794=DIRECTION('center_axis',(1.,0.,0.));
#2795=DIRECTION('ref_axis',(0.,0.,-1.));
#2796=DIRECTION('',(1.,0.,0.));
#2797=DIRECTION('center_axis',(0.,0.,1.));
#2798=DIRECTION('ref_axis',(1.,0.,0.));
#2799=DIRECTION('center_axis',(0.,1.,0.));
#2800=DIRECTION('ref_axis',(0.,0.,-1.));
#2801=DIRECTION('center_axis',(0.,0.,-1.));
#2802=DIRECTION('ref_axis',(-0.707106781186549,0.707106781186547,0.));
#2803=DIRECTION('center_axis',(0.,-1.,0.));
#2804=DIRECTION('ref_axis',(-0.707106781186548,0.,-0.707106781186547));
#2805=DIRECTION('',(0.,1.,0.));
#2806=DIRECTION('center_axis',(0.,1.,0.));
#2807=DIRECTION('ref_axis',(-1.,0.,0.));
#2808=DIRECTION('',(0.,0.,1.));
#2809=DIRECTION('',(0.,0.,-1.));
#2810=DIRECTION('center_axis',(0.,0.,1.));
#2811=DIRECTION('ref_axis',(-0.707106781186547,0.707106781186548,0.));
#2812=DIRECTION('',(0.,0.,1.));
#2813=DIRECTION('center_axis',(-1.,0.,0.));
#2814=DIRECTION('ref_axis',(0.,-1.,0.));
#2815=DIRECTION('',(0.,0.,-1.));
#2816=DIRECTION('center_axis',(0.,0.,1.));
#2817=DIRECTION('ref_axis',(-0.707106781186548,-0.707106781186547,0.));
#2818=DIRECTION('',(0.,0.,1.));
#2819=DIRECTION('center_axis',(0.,0.,1.));
#2820=DIRECTION('ref_axis',(-0.707106781186548,-0.707106781186548,0.));
#2821=DIRECTION('',(0.,0.,1.));
#2822=DIRECTION('',(0.,0.,-1.));
#2823=DIRECTION('center_axis',(0.,-1.,0.));
#2824=DIRECTION('ref_axis',(1.,0.,0.));
#2825=DIRECTION('',(0.,0.,-1.));
#2826=DIRECTION('center_axis',(0.,0.,1.));
#2827=DIRECTION('ref_axis',(-0.707106781186547,-0.707106781186548,0.));
#2828=DIRECTION('',(0.,0.,1.));
#2829=DIRECTION('',(0.,0.,-1.));
#2830=DIRECTION('center_axis',(0.,1.,0.));
#2831=DIRECTION('ref_axis',(-1.,0.,0.));
#2832=DIRECTION('',(0.,0.,-1.));
#2833=DIRECTION('',(0.,0.,1.));
#2834=DIRECTION('',(0.,0.,1.));
#2835=DIRECTION('center_axis',(0.,0.,-1.));
#2836=DIRECTION('ref_axis',(0.707106781186545,0.70710678118655,0.));
#2837=DIRECTION('',(0.,0.,1.));
#2838=DIRECTION('center_axis',(-1.,0.,0.));
#2839=DIRECTION('ref_axis',(0.,-1.,0.));
#2840=DIRECTION('',(0.,0.,-1.));
#2841=DIRECTION('',(0.,0.,-1.));
#2842=DIRECTION('',(0.,0.,1.));
#2843=DIRECTION('center_axis',(0.,0.,1.));
#2844=DIRECTION('ref_axis',(0.707106781186549,-0.707106781186546,0.));
#2845=DIRECTION('',(0.,0.,1.));
#2846=DIRECTION('center_axis',(0.,1.,0.));
#2847=DIRECTION('ref_axis',(-1.,0.,0.));
#2848=DIRECTION('',(0.,0.,-1.));
#2849=DIRECTION('center_axis',(0.,0.,1.));
#2850=DIRECTION('ref_axis',(-0.707106781186548,0.707106781186547,0.));
#2851=DIRECTION('',(0.,0.,1.));
#2852=DIRECTION('center_axis',(-1.,0.,0.));
#2853=DIRECTION('ref_axis',(0.,-1.,0.));
#2854=DIRECTION('',(0.,0.,-1.));
#2855=DIRECTION('center_axis',(0.,0.,-1.));
#2856=DIRECTION('ref_axis',(0.707106781186548,-0.707106781186547,0.));
#2857=DIRECTION('center_axis',(0.,0.,1.));
#2858=DIRECTION('ref_axis',(0.707106781186548,0.707106781186548,0.));
#2859=DIRECTION('',(0.,0.,1.));
#2860=DIRECTION('center_axis',(1.,0.,0.));
#2861=DIRECTION('ref_axis',(0.,-1.,0.));
#2862=DIRECTION('center_axis',(0.,0.,1.));
#2863=DIRECTION('ref_axis',(0.707106781186547,-0.707106781186548,0.));
#2864=DIRECTION('center_axis',(1.,0.,0.));
#2865=DIRECTION('ref_axis',(0.,1.,0.));
#2866=DIRECTION('center_axis',(0.,0.,1.));
#2867=DIRECTION('ref_axis',(-0.707106781186547,-0.707106781186548,0.));
#2868=DIRECTION('center_axis',(-1.,0.,0.));
#2869=DIRECTION('ref_axis',(0.,-1.,0.));
#2870=DIRECTION('center_axis',(0.,0.,1.));
#2871=DIRECTION('ref_axis',(0.707106781186548,0.707106781186548,0.));
#2872=DIRECTION('center_axis',(0.,0.,1.));
#2873=DIRECTION('ref_axis',(-0.707106781186548,0.707106781186547,0.));
#2874=DIRECTION('center_axis',(0.,-1.,0.));
#2875=DIRECTION('ref_axis',(1.,0.,0.));
#2876=DIRECTION('',(0.,0.,-1.));
#2877=DIRECTION('center_axis',(0.,0.,1.));
#2878=DIRECTION('ref_axis',(0.707106781186547,-0.707106781186548,0.));
#2879=DIRECTION('',(0.,0.,1.));
#2880=DIRECTION('center_axis',(0.,0.,1.));
#2881=DIRECTION('ref_axis',(0.707106781186547,0.707106781186547,0.));
#2882=DIRECTION('',(0.,0.,-1.));
#2883=DIRECTION('center_axis',(1.,0.,0.));
#2884=DIRECTION('ref_axis',(0.,1.,0.));
#2885=CARTESIAN_POINT('',(0.,0.,0.));
#2886=CARTESIAN_POINT('Origin',(40.,48.,-6.));
#2887=CARTESIAN_POINT('',(34.,48.,-6.));
#2888=CARTESIAN_POINT('Origin',(40.,48.,-6.));
#2889=CARTESIAN_POINT('',(34.,48.,-7.5));
#2890=CARTESIAN_POINT('',(34.,48.,-6.));
#2891=CARTESIAN_POINT('Origin',(40.,48.,-7.5));
#2892=CARTESIAN_POINT('Origin',(40.,48.,-7.5));
#2893=CARTESIAN_POINT('',(37.75,48.,-7.5));
#2894=CARTESIAN_POINT('Origin',(40.,48.,-7.5));
#2895=CARTESIAN_POINT('Origin',(40.,48.,-9.));
#2896=CARTESIAN_POINT('',(37.75,48.,-9.));
#2897=CARTESIAN_POINT('Origin',(40.,48.,-9.));
#2898=CARTESIAN_POINT('',(37.75,48.,-9.));
#2899=CARTESIAN_POINT('Origin',(66.,50.,-9.));
#2900=CARTESIAN_POINT('',(68.25,50.,-9.));
#2901=CARTESIAN_POINT('',(68.25,50.,-6.));
#2902=CARTESIAN_POINT('',(68.25,50.,-9.));
#2903=CARTESIAN_POINT('',(63.75,50.,-6.));
#2904=CARTESIAN_POINT('Origin',(66.,50.,-6.));
#2905=CARTESIAN_POINT('',(63.75,50.,-9.));
#2906=CARTESIAN_POINT('',(63.75,50.,-9.));
#2907=CARTESIAN_POINT('Origin',(66.,50.,-9.));
#2908=CARTESIAN_POINT('Origin',(40.,30.,-9.));
#2909=CARTESIAN_POINT('',(-0.5,3.,-9.));
#2910=CARTESIAN_POINT('',(3.,-0.500000000000002,-9.));
#2911=CARTESIAN_POINT('Origin',(3.,3.,-9.));
#2912=CARTESIAN_POINT('',(-0.500000000000002,57.,-9.));
#2913=CARTESIAN_POINT('',(-0.499999999999998,46.75,-9.));
#2914=CARTESIAN_POINT('',(3.,60.5,-9.));
#2915=CARTESIAN_POINT('Origin',(3.,57.,-9.));
#2916=CARTESIAN_POINT('',(77.,60.5,-9.));
#2917=CARTESIAN_POINT('',(61.75,60.5,-9.));
#2918=CARTESIAN_POINT('',(80.5,57.,-9.));
#2919=CARTESIAN_POINT('Origin',(77.,57.,-9.));
#2920=CARTESIAN_POINT('',(80.5,3.,-9.));
#2921=CARTESIAN_POINT('',(80.5,13.25,-9.));
#2922=CARTESIAN_POINT('',(77.,-0.499999999999998,-9.));
#2923=CARTESIAN_POINT('Origin',(77.,3.,-9.));
#2924=CARTESIAN_POINT('',(18.25,-0.499999999999998,-9.));
#2925=CARTESIAN_POINT('',(63.75,45.605551275464,-9.));
#2926=CARTESIAN_POINT('',(63.75,40.,-9.));
#2927=CARTESIAN_POINT('',(68.25,45.605551275464,-9.));
#2928=CARTESIAN_POINT('Origin',(66.,42.,-9.));
#2929=CARTESIAN_POINT('',(68.25,36.,-9.));
#2930=CARTESIAN_POINT('',(16.25,50.,-9.));
#2931=CARTESIAN_POINT('',(11.75,50.,-9.));
#2932=CARTESIAN_POINT('Origin',(14.,50.,-9.));
#2933=CARTESIAN_POINT('',(11.75,45.605551275464,-9.));
#2934=CARTESIAN_POINT('',(11.75,40.,-9.));
#2935=CARTESIAN_POINT('',(16.25,45.605551275464,-9.));
#2936=CARTESIAN_POINT('Origin',(14.,42.,-9.));
#2937=CARTESIAN_POINT('',(16.25,36.,-9.));
#2938=CARTESIAN_POINT('Origin',(68.25,42.,-9.));
#2939=CARTESIAN_POINT('',(68.25,45.605551275464,-6.));
#2940=CARTESIAN_POINT('',(68.25,36.,-6.));
#2941=CARTESIAN_POINT('',(68.25,45.605551275464,-9.));
#2942=CARTESIAN_POINT('Origin',(63.75,50.,-9.));
#2943=CARTESIAN_POINT('',(63.75,45.605551275464,-6.));
#2944=CARTESIAN_POINT('',(63.75,40.,-6.));
#2945=CARTESIAN_POINT('',(63.75,45.605551275464,-9.));
#2946=CARTESIAN_POINT('Origin',(66.,42.,-9.));
#2947=CARTESIAN_POINT('Origin',(66.,42.,-6.));
#2948=CARTESIAN_POINT('Origin',(14.,50.,-9.));
#2949=CARTESIAN_POINT('',(16.25,50.,-6.));
#2950=CARTESIAN_POINT('',(16.25,50.,-9.));
#2951=CARTESIAN_POINT('',(11.75,50.,-6.));
#2952=CARTESIAN_POINT('Origin',(14.,50.,-6.));
#2953=CARTESIAN_POINT('',(11.75,50.,-9.));
#2954=CARTESIAN_POINT('Origin',(16.25,42.,-9.));
#2955=CARTESIAN_POINT('',(16.25,45.605551275464,-6.));
#2956=CARTESIAN_POINT('',(16.25,36.,-6.));
#2957=CARTESIAN_POINT('',(16.25,45.605551275464,-9.));
#2958=CARTESIAN_POINT('Origin',(11.75,50.,-9.));
#2959=CARTESIAN_POINT('',(11.75,45.605551275464,-6.));
#2960=CARTESIAN_POINT('',(11.75,40.,-6.));
#2961=CARTESIAN_POINT('',(11.75,45.605551275464,-9.));
#2962=CARTESIAN_POINT('Origin',(14.,42.,-9.));
#2963=CARTESIAN_POINT('Origin',(14.,42.,-6.));
#2964=CARTESIAN_POINT('Origin',(75.,5.,-0.5));
#2965=CARTESIAN_POINT('',(77.3,5.,0.));
#2966=CARTESIAN_POINT('Origin',(75.,5.,0.));
#2967=CARTESIAN_POINT('',(76.8,5.,-0.5));
#2968=CARTESIAN_POINT('Origin',(77.3,5.,-0.5));
#2969=CARTESIAN_POINT('',(73.2,5.,-0.5));
#2970=CARTESIAN_POINT('Origin',(75.,5.,-0.5));
#2971=CARTESIAN_POINT('Origin',(75.,5.,-0.5));
#2972=CARTESIAN_POINT('Origin',(75.,5.,0.));
#2973=CARTESIAN_POINT('',(73.2,5.,-5.));
#2974=CARTESIAN_POINT('',(73.2,5.,0.));
#2975=CARTESIAN_POINT('Origin',(75.,5.,-5.));
#2976=CARTESIAN_POINT('Origin',(75.,5.,0.));
#2977=CARTESIAN_POINT('',(69.5,7.5,0.));
#2978=CARTESIAN_POINT('',(72.5,10.5,0.));
#2979=CARTESIAN_POINT('Origin',(72.5,7.5,0.));
#2980=CARTESIAN_POINT('',(69.5,2.5,0.));
#2981=CARTESIAN_POINT('',(69.5,-0.5,0.));
#2982=CARTESIAN_POINT('',(66.5,-0.5,0.));
#2983=CARTESIAN_POINT('Origin',(66.5,2.5,0.));
#2984=CARTESIAN_POINT('',(77.,-0.5,0.));
#2985=CARTESIAN_POINT('',(77.75,-0.5,0.));
#2986=CARTESIAN_POINT('',(80.5,3.,0.));
#2987=CARTESIAN_POINT('Origin',(77.,3.,0.));
#2988=CARTESIAN_POINT('',(80.5,13.5,0.));
#2989=CARTESIAN_POINT('',(80.5,32.75,0.));
#2990=CARTESIAN_POINT('',(77.5,10.5,0.));
#2991=CARTESIAN_POINT('Origin',(77.5,13.5,0.));
#2992=CARTESIAN_POINT('',(69.5,10.5,0.));
#2993=CARTESIAN_POINT('Origin',(5.,5.,-0.5));
#2994=CARTESIAN_POINT('',(7.3,5.,0.));
#2995=CARTESIAN_POINT('Origin',(5.,5.,0.));
#2996=CARTESIAN_POINT('',(6.8,5.,-0.5));
#2997=CARTESIAN_POINT('Origin',(7.3,5.,-0.5));
#2998=CARTESIAN_POINT('',(3.2,5.,-0.5));
#2999=CARTESIAN_POINT('Origin',(5.,5.,-0.5));
#3000=CARTESIAN_POINT('Origin',(5.,5.,-0.5));
#3001=CARTESIAN_POINT('Origin',(5.,5.,0.));
#3002=CARTESIAN_POINT('',(3.2,5.,-5.));
#3003=CARTESIAN_POINT('',(3.2,5.,0.));
#3004=CARTESIAN_POINT('Origin',(5.,5.,-5.));
#3005=CARTESIAN_POINT('Origin',(5.,5.,0.));
#3006=CARTESIAN_POINT('',(7.5,10.5,0.));
#3007=CARTESIAN_POINT('',(10.5,7.5,0.));
#3008=CARTESIAN_POINT('Origin',(7.5,7.5,0.));
#3009=CARTESIAN_POINT('',(2.5,10.5,0.));
#3010=CARTESIAN_POINT('',(10.5,10.5,0.));
#3011=CARTESIAN_POINT('',(-0.5,13.5,0.));
#3012=CARTESIAN_POINT('Origin',(2.5,13.5,0.));
#3013=CARTESIAN_POINT('',(-0.5,3.,0.));
#3014=CARTESIAN_POINT('',(-0.5,2.25,0.));
#3015=CARTESIAN_POINT('',(3.,-0.5,0.));
#3016=CARTESIAN_POINT('Origin',(3.,3.,0.));
#3017=CARTESIAN_POINT('',(13.5,-0.5,0.));
#3018=CARTESIAN_POINT('',(42.75,-0.5,0.));
#3019=CARTESIAN_POINT('',(10.5,2.5,0.));
#3020=CARTESIAN_POINT('Origin',(13.5,2.5,0.));
#3021=CARTESIAN_POINT('',(10.5,-0.5,0.));
#3022=CARTESIAN_POINT('Origin',(75.,55.,-0.5));
#3023=CARTESIAN_POINT('',(77.3,55.,0.));
#3024=CARTESIAN_POINT('Origin',(75.,55.,0.));
#3025=CARTESIAN_POINT('',(76.8,55.,-0.5));
#3026=CARTESIAN_POINT('Origin',(77.3,55.,-0.5));
#3027=CARTESIAN_POINT('',(73.2,55.,-0.5));
#3028=CARTESIAN_POINT('Origin',(75.,55.,-0.5));
#3029=CARTESIAN_POINT('Origin',(75.,55.,-0.5));
#3030=CARTESIAN_POINT('Origin',(75.,55.,0.));
#3031=CARTESIAN_POINT('',(73.2,55.,-5.));
#3032=CARTESIAN_POINT('',(73.2,55.,0.));
#3033=CARTESIAN_POINT('Origin',(75.,55.,-5.));
#3034=CARTESIAN_POINT('Origin',(75.,55.,0.));
#3035=CARTESIAN_POINT('',(72.5,49.5,0.));
#3036=CARTESIAN_POINT('',(69.5,52.5,0.));
#3037=CARTESIAN_POINT('Origin',(72.5,52.5,0.));
#3038=CARTESIAN_POINT('',(77.5,49.5,0.));
#3039=CARTESIAN_POINT('',(69.5,49.5,0.));
#3040=CARTESIAN_POINT('',(80.5,46.5,0.));
#3041=CARTESIAN_POINT('Origin',(77.5,46.5,0.));
#3042=CARTESIAN_POINT('',(80.5,57.,0.));
#3043=CARTESIAN_POINT('',(80.5,57.75,0.));
#3044=CARTESIAN_POINT('',(77.,60.5,0.));
#3045=CARTESIAN_POINT('Origin',(77.,57.,0.));
#3046=CARTESIAN_POINT('',(66.5,60.5,0.));
#3047=CARTESIAN_POINT('',(37.25,60.5,0.));
#3048=CARTESIAN_POINT('',(69.5,57.5,0.));
#3049=CARTESIAN_POINT('Origin',(66.5,57.5,0.));
#3050=CARTESIAN_POINT('',(69.5,60.5,0.));
#3051=CARTESIAN_POINT('Origin',(5.,55.,-0.5));
#3052=CARTESIAN_POINT('',(7.3,55.,0.));
#3053=CARTESIAN_POINT('Origin',(5.,55.,0.));
#3054=CARTESIAN_POINT('',(6.8,55.,-0.5));
#3055=CARTESIAN_POINT('Origin',(7.3,55.,-0.5));
#3056=CARTESIAN_POINT('',(3.2,55.,-0.5));
#3057=CARTESIAN_POINT('Origin',(5.,55.,-0.5));
#3058=CARTESIAN_POINT('Origin',(5.,55.,-0.5));
#3059=CARTESIAN_POINT('Origin',(5.,55.,0.));
#3060=CARTESIAN_POINT('',(3.2,55.,-5.));
#3061=CARTESIAN_POINT('',(3.2,55.,0.));
#3062=CARTESIAN_POINT('Origin',(5.,55.,-5.));
#3063=CARTESIAN_POINT('Origin',(5.,55.,0.));
#3064=CARTESIAN_POINT('',(10.5,52.5,0.));
#3065=CARTESIAN_POINT('',(7.5,49.5,0.));
#3066=CARTESIAN_POINT('Origin',(7.5,52.5,0.));
#3067=CARTESIAN_POINT('',(10.5,57.5,0.));
#3068=CARTESIAN_POINT('',(10.5,60.5,0.));
#3069=CARTESIAN_POINT('',(13.5,60.5,0.));
#3070=CARTESIAN_POINT('Origin',(13.5,57.5,0.));
#3071=CARTESIAN_POINT('',(3.,60.5,0.));
#3072=CARTESIAN_POINT('',(2.25,60.5,0.));
#3073=CARTESIAN_POINT('',(-0.5,57.,0.));
#3074=CARTESIAN_POINT('Origin',(3.,57.,0.));
#3075=CARTESIAN_POINT('',(-0.5,46.5,0.));
#3076=CARTESIAN_POINT('',(-0.5,27.25,0.));
#3077=CARTESIAN_POINT('',(2.5,49.5,0.));
#3078=CARTESIAN_POINT('Origin',(2.5,46.5,0.));
#3079=CARTESIAN_POINT('',(10.5,49.5,0.));
#3080=CARTESIAN_POINT('Origin',(75.,5.,-5.));
#3081=CARTESIAN_POINT('Origin',(5.,5.,-5.));
#3082=CARTESIAN_POINT('Origin',(75.,55.,-5.));
#3083=CARTESIAN_POINT('Origin',(5.,55.,-5.));
#3084=CARTESIAN_POINT('Origin',(19.75,59.,-4.5));
#3085=CARTESIAN_POINT('',(46.0612494995996,60.5,-4.5));
#3086=CARTESIAN_POINT('',(46.0612494995996,59.,-6.));
#3087=CARTESIAN_POINT('Origin',(46.0612494995996,59.,-4.5));
#3088=CARTESIAN_POINT('',(66.5,59.,-6.));
#3089=CARTESIAN_POINT('',(19.75,59.,-6.));
#3090=CARTESIAN_POINT('',(66.5,60.5,-4.5));
#3091=CARTESIAN_POINT('Origin',(66.5,59.,-4.5));
#3092=CARTESIAN_POINT('',(19.75,60.5,-4.5));
#3093=CARTESIAN_POINT('Ctrl Pts',(46.0612494995996,59.,-6.));
#3094=CARTESIAN_POINT('Ctrl Pts',(45.7628784385195,59.,-6.));
#3095=CARTESIAN_POINT('Ctrl Pts',(45.2435130650803,59.0627380144694,-6.));
#3096=CARTESIAN_POINT('Ctrl Pts',(44.7237741412468,59.1151519964576,-6.));
#3097=CARTESIAN_POINT('Ctrl Pts',(44.5,59.1151519964576,-6.));
#3098=CARTESIAN_POINT('Ctrl Pts',(46.0612494995996,59.4487989505128,-6.));
#3099=CARTESIAN_POINT('Ctrl Pts',(45.7956643605349,59.4317914158507,-5.99930388178587));
#3100=CARTESIAN_POINT('Ctrl Pts',(45.3067725305319,59.4502781706636,-5.9997204477431));
#3101=CARTESIAN_POINT('Ctrl Pts',(44.7441783628741,59.4768959029661,-6.));
#3102=CARTESIAN_POINT('Ctrl Pts',(44.5,59.4768959029661,-6.));
#3103=CARTESIAN_POINT('Ctrl Pts',(46.0612494995996,60.2258382221751,-5.62345748292254));
#3104=CARTESIAN_POINT('Ctrl Pts',(45.8519760212569,60.1817661009958,-5.65322740697025));
#3105=CARTESIAN_POINT('Ctrl Pts',(45.416388357431,60.1251558915276,-5.7181943349611));
#3106=CARTESIAN_POINT('Ctrl Pts',(44.7796045749677,60.1070970526863,-5.76062950040399));
#3107=CARTESIAN_POINT('Ctrl Pts',(44.5,60.1070970526863,-5.76062950040399));
#3108=CARTESIAN_POINT('Ctrl Pts',(46.0612494995996,60.5,-4.83659921288462));
#3109=CARTESIAN_POINT('Ctrl Pts',(45.8720541489564,60.4802276818852,-4.91166552199283));
#3110=CARTESIAN_POINT('Ctrl Pts',(45.4725860092616,60.4651205137416,-5.08438532291277));
#3111=CARTESIAN_POINT('Ctrl Pts',(44.7997764263627,60.4646684196187,-5.20881126996907));
#3112=CARTESIAN_POINT('Ctrl Pts',(44.5,60.4646684196187,-5.20881126996907));
#3113=CARTESIAN_POINT('Ctrl Pts',(46.0612494995996,60.5,-4.5));
#3114=CARTESIAN_POINT('Ctrl Pts',(45.8719703577278,60.5,-4.58734343808867));
#3115=CARTESIAN_POINT('Ctrl Pts',(45.4826510048893,60.5250952057877,-4.79385423615164));
#3116=CARTESIAN_POINT('Ctrl Pts',(44.8043328320957,60.5460607985831,-4.95));
#3117=CARTESIAN_POINT('Ctrl Pts',(44.5,60.5460607985831,-4.95));
#3118=CARTESIAN_POINT('',(44.5,60.5460607985831,-4.95));
#3119=CARTESIAN_POINT('',(44.5,59.1151519964576,-6.));
#3120=CARTESIAN_POINT('Origin',(44.5,59.1151519964576,-4.5));
#3121=CARTESIAN_POINT('Ctrl Pts',(44.5,59.1151519964576,-6.));
#3122=CARTESIAN_POINT('Ctrl Pts',(44.7237741412468,59.1151519964576,-6.));
#3123=CARTESIAN_POINT('Ctrl Pts',(45.2435130650803,59.0627380144694,-6.));
#3124=CARTESIAN_POINT('Ctrl Pts',(45.7628784385195,59.,-6.));
#3125=CARTESIAN_POINT('Ctrl Pts',(46.0612494995996,59.,-6.));
#3126=CARTESIAN_POINT('Ctrl Pts',(46.0612494995996,60.5,-4.5));
#3127=CARTESIAN_POINT('Ctrl Pts',(45.8719703577278,60.5,-4.58734343808867));
#3128=CARTESIAN_POINT('Ctrl Pts',(45.4826510048893,60.5250952057877,-4.79385423615164));
#3129=CARTESIAN_POINT('Ctrl Pts',(44.8043328320957,60.5460607985831,-4.95));
#3130=CARTESIAN_POINT('Ctrl Pts',(44.5,60.5460607985831,-4.95));
#3131=CARTESIAN_POINT('Origin',(19.75,59.1151519964576,-4.5));
#3132=CARTESIAN_POINT('',(35.5,60.5460607985831,-4.95));
#3133=CARTESIAN_POINT('',(35.5,59.1151519964576,-6.));
#3134=CARTESIAN_POINT('Origin',(35.5,59.1151519964576,-4.5));
#3135=CARTESIAN_POINT('',(19.75,59.1151519964576,-6.));
#3136=CARTESIAN_POINT('',(19.75,60.5460607985831,-4.95));
#3137=CARTESIAN_POINT('Ctrl Pts',(35.5,59.1151519964576,-6.));
#3138=CARTESIAN_POINT('Ctrl Pts',(35.2762215089637,59.1151519964576,-6.));
#3139=CARTESIAN_POINT('Ctrl Pts',(34.7565600015891,59.062741592227,-6.));
#3140=CARTESIAN_POINT('Ctrl Pts',(34.2371218217821,59.,-6.));
#3141=CARTESIAN_POINT('Ctrl Pts',(33.9387505004004,59.,-6.));
#3142=CARTESIAN_POINT('Ctrl Pts',(35.5,59.4768959029661,-6.));
#3143=CARTESIAN_POINT('Ctrl Pts',(35.2558168907131,59.4768959029661,-6.));
#3144=CARTESIAN_POINT('Ctrl Pts',(34.6933078512647,59.4502803790321,-5.99972068302361));
#3145=CARTESIAN_POINT('Ctrl Pts',(34.2043358711642,59.4317914010132,-5.99930388117857));
#3146=CARTESIAN_POINT('Ctrl Pts',(33.9387505004004,59.4487989505128,-6.));
#3147=CARTESIAN_POINT('Ctrl Pts',(35.5,60.107102384246,-5.76063797771162));
#3148=CARTESIAN_POINT('Ctrl Pts',(35.2203899899941,60.107102384246,-5.76063797771162));
#3149=CARTESIAN_POINT('Ctrl Pts',(34.5837043787235,60.1251638666492,-5.71820838130449));
#3150=CARTESIAN_POINT('Ctrl Pts',(34.1480241613157,60.1817807185942,-5.65324502725073));
#3151=CARTESIAN_POINT('Ctrl Pts',(33.9387505004004,60.2258528782224,-5.62347507723147));
#3152=CARTESIAN_POINT('Ctrl Pts',(35.5,60.4646684196187,-5.20881126996907));
#3153=CARTESIAN_POINT('Ctrl Pts',(35.2002177464927,60.4646684196187,-5.20881126996907));
#3154=CARTESIAN_POINT('Ctrl Pts',(34.5275133809778,60.4651208399496,-5.0843925924208));
#3155=CARTESIAN_POINT('Ctrl Pts',(34.1279460161,60.4802276646356,-4.91166558748137));
#3156=CARTESIAN_POINT('Ctrl Pts',(33.9387505004004,60.5,-4.83659921288462));
#3157=CARTESIAN_POINT('Ctrl Pts',(35.5,60.5460607985831,-4.95));
#3158=CARTESIAN_POINT('Ctrl Pts',(35.1956612521909,60.5460607985831,-4.95));
#3159=CARTESIAN_POINT('Ctrl Pts',(34.5174495605355,60.5250966368908,-4.79386356995038));
#3160=CARTESIAN_POINT('Ctrl Pts',(34.1280298074016,60.5,-4.58734351428789));
#3161=CARTESIAN_POINT('Ctrl Pts',(33.9387505004004,60.5,-4.5));
#3162=CARTESIAN_POINT('',(33.9387505004004,60.5,-4.5));
#3163=CARTESIAN_POINT('',(33.9387505004004,59.,-6.));
#3164=CARTESIAN_POINT('Origin',(33.9387505004004,59.,-4.5));
#3165=CARTESIAN_POINT('Ctrl Pts',(33.9387505004004,59.,-6.));
#3166=CARTESIAN_POINT('Ctrl Pts',(34.2371218217821,59.,-6.));
#3167=CARTESIAN_POINT('Ctrl Pts',(34.7565600015891,59.062741592227,-6.));
#3168=CARTESIAN_POINT('Ctrl Pts',(35.2762215089637,59.1151519964576,-6.));
#3169=CARTESIAN_POINT('Ctrl Pts',(35.5,59.1151519964576,-6.));
#3170=CARTESIAN_POINT('Ctrl Pts',(35.5,60.5460607985831,-4.95));
#3171=CARTESIAN_POINT('Ctrl Pts',(35.1956612521909,60.5460607985831,-4.95));
#3172=CARTESIAN_POINT('Ctrl Pts',(34.5174495605355,60.5250966368908,-4.79386356995038));
#3173=CARTESIAN_POINT('Ctrl Pts',(34.1280298074016,60.5,-4.58734351428789));
#3174=CARTESIAN_POINT('Ctrl Pts',(33.9387505004004,60.5,-4.5));
#3175=CARTESIAN_POINT('Origin',(19.75,59.,-4.5));
#3176=CARTESIAN_POINT('',(13.5,60.5,-4.5));
#3177=CARTESIAN_POINT('',(19.75,60.5,-4.5));
#3178=CARTESIAN_POINT('',(13.5,59.,-6.));
#3179=CARTESIAN_POINT('Origin',(13.5,59.,-4.5));
#3180=CARTESIAN_POINT('',(19.75,59.,-6.));
#3181=CARTESIAN_POINT('Ctrl Pts',(13.5,59.,-6.));
#3182=CARTESIAN_POINT('Ctrl Pts',(12.,59.,-6.));
#3183=CARTESIAN_POINT('Ctrl Pts',(12.,57.5,-6.));
#3184=CARTESIAN_POINT('Ctrl Pts',(13.5,60.5,-6.00000000000001));
#3185=CARTESIAN_POINT('Ctrl Pts',(10.5,60.5,-6.00000000000001));
#3186=CARTESIAN_POINT('Ctrl Pts',(10.5,57.5,-6.00000000000001));
#3187=CARTESIAN_POINT('Ctrl Pts',(13.5,60.5,-4.5));
#3188=CARTESIAN_POINT('Ctrl Pts',(10.5,60.5,-4.5));
#3189=CARTESIAN_POINT('Ctrl Pts',(10.5,57.5,-4.5));
#3190=CARTESIAN_POINT('',(10.5,57.5,-4.5));
#3191=CARTESIAN_POINT('',(12.,57.5,-6.));
#3192=CARTESIAN_POINT('Origin',(12.,57.5,-4.5));
#3193=CARTESIAN_POINT('Origin',(13.5,57.5,-6.));
#3194=CARTESIAN_POINT('Origin',(13.5,57.5,-4.5));
#3195=CARTESIAN_POINT('Origin',(12.,39.75,-4.5));
#3196=CARTESIAN_POINT('',(10.5,52.5,-4.5));
#3197=CARTESIAN_POINT('',(12.,52.5,-6.));
#3198=CARTESIAN_POINT('Origin',(12.,52.5,-4.5));
#3199=CARTESIAN_POINT('',(12.,39.75,-6.));
#3200=CARTESIAN_POINT('',(10.5,39.75,-4.5));
#3201=CARTESIAN_POINT('Origin',(7.5,52.5,-4.5));
#3202=CARTESIAN_POINT('',(7.5,49.5,-4.5));
#3203=CARTESIAN_POINT('',(7.5,48.,-6.));
#3204=CARTESIAN_POINT('Origin',(7.5,48.,-4.5));
#3205=CARTESIAN_POINT('Origin',(7.5,52.5,-6.));
#3206=CARTESIAN_POINT('Origin',(7.5,52.5,-4.5));
#3207=CARTESIAN_POINT('Origin',(19.75,48.,-4.5));
#3208=CARTESIAN_POINT('',(2.5,49.5,-4.5));
#3209=CARTESIAN_POINT('',(2.5,48.,-6.));
#3210=CARTESIAN_POINT('Origin',(2.5,48.,-4.5));
#3211=CARTESIAN_POINT('',(19.75,48.,-6.));
#3212=CARTESIAN_POINT('',(19.75,49.5,-4.5));
#3213=CARTESIAN_POINT('Ctrl Pts',(2.5,48.,-6.));
#3214=CARTESIAN_POINT('Ctrl Pts',(1.00000000000001,48.,-6.));
#3215=CARTESIAN_POINT('Ctrl Pts',(1.00000000000001,46.5,-6.));
#3216=CARTESIAN_POINT('Ctrl Pts',(2.5,49.5,-6.00000000000001));
#3217=CARTESIAN_POINT('Ctrl Pts',(-0.499999999999999,49.5,-6.00000000000001));
#3218=CARTESIAN_POINT('Ctrl Pts',(-0.499999999999999,46.5,-6.00000000000001));
#3219=CARTESIAN_POINT('Ctrl Pts',(2.5,49.5,-4.5));
#3220=CARTESIAN_POINT('Ctrl Pts',(-0.499999999999999,49.5,-4.5));
#3221=CARTESIAN_POINT('Ctrl Pts',(-0.499999999999999,46.5,-4.5));
#3222=CARTESIAN_POINT('',(-0.5,46.5,-4.5));
#3223=CARTESIAN_POINT('',(1.,46.5,-6.));
#3224=CARTESIAN_POINT('Origin',(1.,46.5,-4.5));
#3225=CARTESIAN_POINT('Origin',(2.5,46.5,-6.));
#3226=CARTESIAN_POINT('Origin',(2.5,46.5,-4.5));
#3227=CARTESIAN_POINT('Origin',(1.,14.75,-4.5));
#3228=CARTESIAN_POINT('',(-0.5,13.5,-4.5));
#3229=CARTESIAN_POINT('',(1.,13.5,-6.));
#3230=CARTESIAN_POINT('Origin',(1.,13.5,-4.5));
#3231=CARTESIAN_POINT('',(1.,14.75,-6.));
#3232=CARTESIAN_POINT('',(-0.5,14.75,-4.5));
#3233=CARTESIAN_POINT('Ctrl Pts',(1.,13.5,-6.));
#3234=CARTESIAN_POINT('Ctrl Pts',(1.,12.,-6.));
#3235=CARTESIAN_POINT('Ctrl Pts',(2.5,12.,-6.));
#3236=CARTESIAN_POINT('Ctrl Pts',(-0.5,13.5,-6.));
#3237=CARTESIAN_POINT('Ctrl Pts',(-0.5,10.5,-6.));
#3238=CARTESIAN_POINT('Ctrl Pts',(2.5,10.5,-6.));
#3239=CARTESIAN_POINT('Ctrl Pts',(-0.5,13.5,-4.5));
#3240=CARTESIAN_POINT('Ctrl Pts',(-0.5,10.5,-4.5));
#3241=CARTESIAN_POINT('Ctrl Pts',(2.5,10.5,-4.5));
#3242=CARTESIAN_POINT('',(2.5,10.5,-4.5));
#3243=CARTESIAN_POINT('',(2.5,12.,-6.));
#3244=CARTESIAN_POINT('Origin',(2.5,12.,-4.5));
#3245=CARTESIAN_POINT('Origin',(2.5,13.5,-6.));
#3246=CARTESIAN_POINT('Origin',(2.5,13.5,-4.5));
#3247=CARTESIAN_POINT('Origin',(25.25,12.,-4.5));
#3248=CARTESIAN_POINT('',(7.5,10.5,-4.5));
#3249=CARTESIAN_POINT('',(7.5,12.,-6.));
#3250=CARTESIAN_POINT('Origin',(7.5,12.,-4.5));
#3251=CARTESIAN_POINT('',(25.25,12.,-6.));
#3252=CARTESIAN_POINT('',(25.25,10.5,-4.5));
#3253=CARTESIAN_POINT('Origin',(7.5,7.5,-4.5));
#3254=CARTESIAN_POINT('',(10.5,7.5,-4.5));
#3255=CARTESIAN_POINT('',(12.,7.5,-6.));
#3256=CARTESIAN_POINT('Origin',(12.,7.5,-4.5));
#3257=CARTESIAN_POINT('Origin',(7.5,7.5,-6.));
#3258=CARTESIAN_POINT('Origin',(7.5,7.5,-4.5));
#3259=CARTESIAN_POINT('Origin',(12.,14.75,-4.5));
#3260=CARTESIAN_POINT('',(10.5,2.5,-4.5));
#3261=CARTESIAN_POINT('',(12.,2.5,-6.));
#3262=CARTESIAN_POINT('Origin',(12.,2.5,-4.5));
#3263=CARTESIAN_POINT('',(12.,14.75,-6.));
#3264=CARTESIAN_POINT('',(10.5,14.75,-4.5));
#3265=CARTESIAN_POINT('Ctrl Pts',(12.,2.5,-6.));
#3266=CARTESIAN_POINT('Ctrl Pts',(12.,1.,-6.));
#3267=CARTESIAN_POINT('Ctrl Pts',(13.5,1.,-6.));
#3268=CARTESIAN_POINT('Ctrl Pts',(10.5,2.5,-6.));
#3269=CARTESIAN_POINT('Ctrl Pts',(10.5,-0.499999999999997,-6.));
#3270=CARTESIAN_POINT('Ctrl Pts',(13.5,-0.499999999999998,-6.));
#3271=CARTESIAN_POINT('Ctrl Pts',(10.5,2.5,-4.5));
#3272=CARTESIAN_POINT('Ctrl Pts',(10.5,-0.499999999999997,-4.5));
#3273=CARTESIAN_POINT('Ctrl Pts',(13.5,-0.499999999999998,-4.5));
#3274=CARTESIAN_POINT('',(13.5,-0.5,-4.5));
#3275=CARTESIAN_POINT('',(13.5,1.,-6.));
#3276=CARTESIAN_POINT('Origin',(13.5,1.,-4.5));
#3277=CARTESIAN_POINT('Origin',(13.5,2.5,-6.));
#3278=CARTESIAN_POINT('Origin',(13.5,2.5,-4.5));
#3279=CARTESIAN_POINT('Origin',(60.25,1.,-4.5));
#3280=CARTESIAN_POINT('',(66.5,-0.5,-4.5));
#3281=CARTESIAN_POINT('',(66.5,1.,-6.));
#3282=CARTESIAN_POINT('Origin',(66.5,1.,-4.5));
#3283=CARTESIAN_POINT('',(60.25,1.,-6.));
#3284=CARTESIAN_POINT('',(60.25,-0.5,-4.5));
#3285=CARTESIAN_POINT('Ctrl Pts',(66.5,0.999999999999996,-6.));
#3286=CARTESIAN_POINT('Ctrl Pts',(68.,0.999999999999997,-6.));
#3287=CARTESIAN_POINT('Ctrl Pts',(68.,2.5,-6.));
#3288=CARTESIAN_POINT('Ctrl Pts',(66.5,-0.500000000000007,-6.));
#3289=CARTESIAN_POINT('Ctrl Pts',(69.5,-0.500000000000007,-6.));
#3290=CARTESIAN_POINT('Ctrl Pts',(69.5,2.5,-6.));
#3291=CARTESIAN_POINT('Ctrl Pts',(66.5,-0.500000000000007,-4.5));
#3292=CARTESIAN_POINT('Ctrl Pts',(69.5,-0.500000000000007,-4.5));
#3293=CARTESIAN_POINT('Ctrl Pts',(69.5,2.5,-4.5));
#3294=CARTESIAN_POINT('',(69.5,2.5,-4.5));
#3295=CARTESIAN_POINT('',(68.,2.5,-6.));
#3296=CARTESIAN_POINT('Origin',(68.,2.5,-4.5));
#3297=CARTESIAN_POINT('Origin',(66.5,2.5,-6.));
#3298=CARTESIAN_POINT('Origin',(66.5,2.5,-4.5));
#3299=CARTESIAN_POINT('Origin',(68.,20.25,-4.5));
#3300=CARTESIAN_POINT('',(69.5,7.5,-4.5));
#3301=CARTESIAN_POINT('',(68.,7.5,-6.));
#3302=CARTESIAN_POINT('Origin',(68.,7.5,-4.5));
#3303=CARTESIAN_POINT('',(68.,20.25,-6.));
#3304=CARTESIAN_POINT('',(69.5,20.25,-4.5));
#3305=CARTESIAN_POINT('Origin',(72.5,7.5,-4.5));
#3306=CARTESIAN_POINT('',(72.5,10.5,-4.5));
#3307=CARTESIAN_POINT('',(72.5,12.,-6.));
#3308=CARTESIAN_POINT('Origin',(72.5,12.,-4.5));
#3309=CARTESIAN_POINT('Origin',(72.5,7.5,-6.));
#3310=CARTESIAN_POINT('Origin',(72.5,7.5,-4.5));
#3311=CARTESIAN_POINT('Origin',(60.25,12.,-4.5));
#3312=CARTESIAN_POINT('',(77.5,10.5,-4.5));
#3313=CARTESIAN_POINT('',(77.5,12.,-6.));
#3314=CARTESIAN_POINT('Origin',(77.5,12.,-4.5));
#3315=CARTESIAN_POINT('',(60.25,12.,-6.));
#3316=CARTESIAN_POINT('',(60.25,10.5,-4.5));
#3317=CARTESIAN_POINT('Ctrl Pts',(77.5,12.,-6.));
#3318=CARTESIAN_POINT('Ctrl Pts',(79.,12.,-6.));
#3319=CARTESIAN_POINT('Ctrl Pts',(79.,13.5,-6.));
#3320=CARTESIAN_POINT('Ctrl Pts',(77.5,10.5,-6.));
#3321=CARTESIAN_POINT('Ctrl Pts',(80.5,10.5,-6.));
#3322=CARTESIAN_POINT('Ctrl Pts',(80.5,13.5,-6.));
#3323=CARTESIAN_POINT('Ctrl Pts',(77.5,10.5,-4.5));
#3324=CARTESIAN_POINT('Ctrl Pts',(80.5,10.5,-4.5));
#3325=CARTESIAN_POINT('Ctrl Pts',(80.5,13.5,-4.5));
#3326=CARTESIAN_POINT('',(80.5,13.5,-4.5));
#3327=CARTESIAN_POINT('',(79.,13.5,-6.));
#3328=CARTESIAN_POINT('Origin',(79.,13.5,-4.5));
#3329=CARTESIAN_POINT('Origin',(77.5,13.5,-6.));
#3330=CARTESIAN_POINT('Origin',(77.5,13.5,-4.5));
#3331=CARTESIAN_POINT('Origin',(79.,45.25,-4.5));
#3332=CARTESIAN_POINT('',(80.5,46.5,-4.5));
#3333=CARTESIAN_POINT('',(79.,46.5,-6.));
#3334=CARTESIAN_POINT('Origin',(79.,46.5,-4.5));
#3335=CARTESIAN_POINT('',(79.,45.25,-6.));
#3336=CARTESIAN_POINT('',(80.5,45.25,-4.5));
#3337=CARTESIAN_POINT('Ctrl Pts',(79.,46.5,-6.));
#3338=CARTESIAN_POINT('Ctrl Pts',(79.,48.,-6.));
#3339=CARTESIAN_POINT('Ctrl Pts',(77.5,48.,-6.));
#3340=CARTESIAN_POINT('Ctrl Pts',(80.5,46.5,-6.00000000000001));
#3341=CARTESIAN_POINT('Ctrl Pts',(80.5,49.5,-6.00000000000001));
#3342=CARTESIAN_POINT('Ctrl Pts',(77.5,49.5,-6.00000000000001));
#3343=CARTESIAN_POINT('Ctrl Pts',(80.5,46.5,-4.5));
#3344=CARTESIAN_POINT('Ctrl Pts',(80.5,49.5,-4.5));
#3345=CARTESIAN_POINT('Ctrl Pts',(77.5,49.5,-4.5));
#3346=CARTESIAN_POINT('',(77.5,49.5,-4.5));
#3347=CARTESIAN_POINT('',(77.5,48.,-6.));
#3348=CARTESIAN_POINT('Origin',(77.5,48.,-4.5));
#3349=CARTESIAN_POINT('Origin',(77.5,46.5,-6.));
#3350=CARTESIAN_POINT('Origin',(77.5,46.5,-4.5));
#3351=CARTESIAN_POINT('Origin',(54.75,48.,-4.5));
#3352=CARTESIAN_POINT('',(72.5,49.5,-4.5));
#3353=CARTESIAN_POINT('',(72.5,48.,-6.));
#3354=CARTESIAN_POINT('Origin',(72.5,48.,-4.5));
#3355=CARTESIAN_POINT('',(54.75,48.,-6.));
#3356=CARTESIAN_POINT('',(54.75,49.5,-4.5));
#3357=CARTESIAN_POINT('Origin',(72.5,52.5,-4.5));
#3358=CARTESIAN_POINT('',(69.5,52.5,-4.5));
#3359=CARTESIAN_POINT('',(68.,52.5,-6.));
#3360=CARTESIAN_POINT('Origin',(68.,52.5,-4.5));
#3361=CARTESIAN_POINT('Origin',(72.5,52.5,-6.));
#3362=CARTESIAN_POINT('Origin',(72.5,52.5,-4.5));
#3363=CARTESIAN_POINT('Origin',(68.,45.25,-4.5));
#3364=CARTESIAN_POINT('',(69.5,57.5,-4.5));
#3365=CARTESIAN_POINT('',(68.,57.5,-6.));
#3366=CARTESIAN_POINT('Origin',(68.,57.5,-4.5));
#3367=CARTESIAN_POINT('',(68.,45.25,-6.));
#3368=CARTESIAN_POINT('',(69.5,45.25,-4.5));
#3369=CARTESIAN_POINT('Ctrl Pts',(68.,57.5,-6.));
#3370=CARTESIAN_POINT('Ctrl Pts',(68.,59.,-6.));
#3371=CARTESIAN_POINT('Ctrl Pts',(66.5,59.,-6.));
#3372=CARTESIAN_POINT('Ctrl Pts',(69.5,57.5,-6.00000000000001));
#3373=CARTESIAN_POINT('Ctrl Pts',(69.5,60.5,-6.00000000000001));
#3374=CARTESIAN_POINT('Ctrl Pts',(66.5,60.5,-6.00000000000001));
#3375=CARTESIAN_POINT('Ctrl Pts',(69.5,57.5,-4.5));
#3376=CARTESIAN_POINT('Ctrl Pts',(69.5,60.5,-4.5));
#3377=CARTESIAN_POINT('Ctrl Pts',(66.5,60.5,-4.5));
#3378=CARTESIAN_POINT('Origin',(66.5,57.5,-6.));
#3379=CARTESIAN_POINT('Origin',(66.5,57.5,-4.5));
#3380=CARTESIAN_POINT('Origin',(7.5,7.5,-6.));
#3381=CARTESIAN_POINT('',(7.5,10.5,-6.));
#3382=CARTESIAN_POINT('',(10.5,7.5,-6.));
#3383=CARTESIAN_POINT('Origin',(10.5,10.5,-6.));
#3384=CARTESIAN_POINT('',(2.5,10.5,-6.));
#3385=CARTESIAN_POINT('Origin',(2.5,13.5,-6.));
#3386=CARTESIAN_POINT('',(-0.5,13.5,-6.));
#3387=CARTESIAN_POINT('Origin',(-0.5,-0.499999999999998,-6.));
#3388=CARTESIAN_POINT('',(-0.5,46.5,-6.));
#3389=CARTESIAN_POINT('',(-0.5,57.,1.6));
#3390=CARTESIAN_POINT('',(-0.5,57.,-6.));
#3391=CARTESIAN_POINT('',(-0.5,3.,1.6));
#3392=CARTESIAN_POINT('',(-0.5,60.5,1.6));
#3393=CARTESIAN_POINT('',(-0.5,3.,-6.));
#3394=CARTESIAN_POINT('Origin',(2.5,46.5,-6.));
#3395=CARTESIAN_POINT('',(2.5,49.5,-6.));
#3396=CARTESIAN_POINT('Origin',(-0.5,49.5,-6.));
#3397=CARTESIAN_POINT('',(7.5,49.5,-6.));
#3398=CARTESIAN_POINT('Origin',(7.5,52.5,-6.));
#3399=CARTESIAN_POINT('',(10.5,52.5,-6.));
#3400=CARTESIAN_POINT('Origin',(10.5,49.5,-6.));
#3401=CARTESIAN_POINT('',(10.5,57.5,-6.));
#3402=CARTESIAN_POINT('Origin',(13.5,57.5,-6.));
#3403=CARTESIAN_POINT('',(13.5,60.5,-6.));
#3404=CARTESIAN_POINT('Origin',(35.5,61.5,-3.25));
#3405=CARTESIAN_POINT('',(35.5,61.5,-4.25));
#3406=CARTESIAN_POINT('Origin',(35.5,61.5,-5.25));
#3407=CARTESIAN_POINT('',(34.5,61.5,-3.25));
#3408=CARTESIAN_POINT('Origin',(35.5,61.5,-3.25));
#3409=CARTESIAN_POINT('',(33.5,60.5,-3.25));
#3410=CARTESIAN_POINT('Origin',(33.5,61.5,-3.25));
#3411=CARTESIAN_POINT('Origin',(35.5,60.5,-3.25));
#3412=CARTESIAN_POINT('Origin',(19.75,61.5,-5.25));
#3413=CARTESIAN_POINT('',(44.5,61.5,-4.25));
#3414=CARTESIAN_POINT('Origin',(44.5,61.5,-5.25));
#3415=CARTESIAN_POINT('',(19.75,61.5,-4.25));
#3416=CARTESIAN_POINT('Origin',(44.5,61.5,-3.25));
#3417=CARTESIAN_POINT('',(46.5,60.5,-3.25));
#3418=CARTESIAN_POINT('Origin',(44.5,60.5,-3.25));
#3419=CARTESIAN_POINT('',(45.5,61.5,-3.25));
#3420=CARTESIAN_POINT('Origin',(46.5,61.5,-3.25));
#3421=CARTESIAN_POINT('Origin',(44.5,61.5,-3.25));
#3422=CARTESIAN_POINT('Origin',(-0.500000000000007,60.5,-6.));
#3423=CARTESIAN_POINT('',(66.5,60.5,-6.));
#3424=CARTESIAN_POINT('',(77.,60.5,1.6));
#3425=CARTESIAN_POINT('',(77.,60.5,-6.));
#3426=CARTESIAN_POINT('',(46.5,60.5,1.6));
#3427=CARTESIAN_POINT('',(80.5,60.5,1.6));
#3428=CARTESIAN_POINT('',(46.5,60.5,-2.2));
#3429=CARTESIAN_POINT('Origin',(-0.500000000000007,60.5,-6.));
#3430=CARTESIAN_POINT('',(33.5,60.5,1.6));
#3431=CARTESIAN_POINT('',(33.5,60.5,-2.2));
#3432=CARTESIAN_POINT('',(3.,60.5,1.6));
#3433=CARTESIAN_POINT('',(80.5,60.5,1.6));
#3434=CARTESIAN_POINT('',(3.,60.5,-6.));
#3435=CARTESIAN_POINT('Origin',(40.,30.,-6.));
#3436=CARTESIAN_POINT('Origin',(46.5,61.5,-2.2));
#3437=CARTESIAN_POINT('',(45.5,61.5,1.6));
#3438=CARTESIAN_POINT('Origin',(46.5,61.5,1.6));
#3439=CARTESIAN_POINT('',(45.5,61.5,-2.2));
#3440=CARTESIAN_POINT('Origin',(33.5,61.5,-2.2));
#3441=CARTESIAN_POINT('',(34.5,61.5,1.6));
#3442=CARTESIAN_POINT('Origin',(33.5,61.5,1.6));
#3443=CARTESIAN_POINT('',(34.5,61.5,-2.2));
#3444=CARTESIAN_POINT('Origin',(44.5,62.5,-3.25));
#3445=CARTESIAN_POINT('',(45.5,62.5,-3.25));
#3446=CARTESIAN_POINT('',(44.5,62.5,-4.25));
#3447=CARTESIAN_POINT('Origin',(44.5,62.5,-3.25));
#3448=CARTESIAN_POINT('',(46.5,63.5,-3.25));
#3449=CARTESIAN_POINT('Origin',(46.5,62.5,-3.25));
#3450=CARTESIAN_POINT('',(44.5,63.5,-5.25));
#3451=CARTESIAN_POINT('Origin',(44.5,63.5,-3.25));
#3452=CARTESIAN_POINT('Origin',(44.5,62.5,-5.25));
#3453=CARTESIAN_POINT('Origin',(46.5,62.5,-3.7));
#3454=CARTESIAN_POINT('',(45.5,62.5,1.6));
#3455=CARTESIAN_POINT('',(46.5,63.5,1.6));
#3456=CARTESIAN_POINT('Origin',(46.5,62.5,1.6));
#3457=CARTESIAN_POINT('',(46.5,63.5,-3.7));
#3458=CARTESIAN_POINT('',(45.5,62.5,-3.7));
#3459=CARTESIAN_POINT('Origin',(35.5,62.5,-3.25));
#3460=CARTESIAN_POINT('',(35.5,63.5,-5.25));
#3461=CARTESIAN_POINT('',(33.5,63.5,-3.25));
#3462=CARTESIAN_POINT('Origin',(35.5,63.5,-3.25));
#3463=CARTESIAN_POINT('',(34.5,62.5,-3.25));
#3464=CARTESIAN_POINT('Origin',(33.5,62.5,-3.25));
#3465=CARTESIAN_POINT('',(35.5,62.5,-4.25));
#3466=CARTESIAN_POINT('Origin',(35.5,62.5,-3.25));
#3467=CARTESIAN_POINT('Origin',(35.5,62.5,-5.25));
#3468=CARTESIAN_POINT('Origin',(33.5,62.5,-3.7));
#3469=CARTESIAN_POINT('',(33.5,63.5,1.6));
#3470=CARTESIAN_POINT('',(34.5,62.5,1.6));
#3471=CARTESIAN_POINT('Origin',(33.5,62.5,1.6));
#3472=CARTESIAN_POINT('',(34.5,62.5,-3.7));
#3473=CARTESIAN_POINT('',(33.5,63.5,-3.7));
#3474=CARTESIAN_POINT('Origin',(35.5,61.2,-3.25));
#3475=CARTESIAN_POINT('',(34.5,61.2,-3.25));
#3476=CARTESIAN_POINT('',(35.5,61.2,-4.25));
#3477=CARTESIAN_POINT('Origin',(61.75,62.5,-5.25));
#3478=CARTESIAN_POINT('',(61.75,63.5,-5.25));
#3479=CARTESIAN_POINT('',(61.75,62.5,-4.25));
#3480=CARTESIAN_POINT('Origin',(44.5,62.8,-3.25));
#3481=CARTESIAN_POINT('',(45.5,62.8,-3.25));
#3482=CARTESIAN_POINT('',(44.5,62.8,-4.25));
#3483=CARTESIAN_POINT('Origin',(34.5,60.4,1.6));
#3484=CARTESIAN_POINT('',(34.5,45.2,1.6));
#3485=CARTESIAN_POINT('Origin',(40.,30.,1.6));
#3486=CARTESIAN_POINT('',(80.5,57.,1.6));
#3487=CARTESIAN_POINT('Origin',(77.,57.,1.6));
#3488=CARTESIAN_POINT('',(80.5,3.,1.6));
#3489=CARTESIAN_POINT('',(80.5,-0.5,1.6));
#3490=CARTESIAN_POINT('',(77.,-0.5,1.6));
#3491=CARTESIAN_POINT('Origin',(77.,3.,1.6));
#3492=CARTESIAN_POINT('',(3.,-0.5,1.6));
#3493=CARTESIAN_POINT('',(-0.5,-0.5,1.6));
#3494=CARTESIAN_POINT('Origin',(3.,3.,1.6));
#3495=CARTESIAN_POINT('Origin',(3.,57.,1.6));
#3496=CARTESIAN_POINT('',(2.99999999999999,63.5,1.6));
#3497=CARTESIAN_POINT('',(83.5,63.5,1.6));
#3498=CARTESIAN_POINT('',(-3.5,57.,1.6));
#3499=CARTESIAN_POINT('Origin',(3.,57.,1.6));
#3500=CARTESIAN_POINT('',(-3.5,3.,1.6));
#3501=CARTESIAN_POINT('',(-3.5,63.5,1.6));
#3502=CARTESIAN_POINT('',(3.,-3.5,1.6));
#3503=CARTESIAN_POINT('Origin',(3.,3.,1.6));
#3504=CARTESIAN_POINT('',(77.,-3.5,1.6));
#3505=CARTESIAN_POINT('',(-3.5,-3.5,1.6));
#3506=CARTESIAN_POINT('',(83.5,3.,1.6));
#3507=CARTESIAN_POINT('Origin',(77.,3.,1.6));
#3508=CARTESIAN_POINT('',(83.5,57.,1.6));
#3509=CARTESIAN_POINT('',(83.5,-3.5,1.6));
#3510=CARTESIAN_POINT('',(77.,63.5,1.6));
#3511=CARTESIAN_POINT('Origin',(77.,57.,1.6));
#3512=CARTESIAN_POINT('',(83.5,63.5,1.6));
#3513=CARTESIAN_POINT('',(45.5,46.8,1.6));
#3514=CARTESIAN_POINT('Origin',(40.,62.,-4.25));
#3515=CARTESIAN_POINT('Origin',(3.,3.,-6.));
#3516=CARTESIAN_POINT('',(-3.5,3.,-6.));
#3517=CARTESIAN_POINT('Origin',(-0.5,3.,-6.));
#3518=CARTESIAN_POINT('',(3.,-3.5,-6.));
#3519=CARTESIAN_POINT('Origin',(3.,-0.500000000000002,-6.));
#3520=CARTESIAN_POINT('Origin',(3.,3.,-6.));
#3521=CARTESIAN_POINT('Origin',(18.25,-0.499999999999998,-6.));
#3522=CARTESIAN_POINT('',(77.,-3.5,-6.));
#3523=CARTESIAN_POINT('Origin',(77.,-0.499999999999998,-6.));
#3524=CARTESIAN_POINT('',(18.25,-3.5,-6.));
#3525=CARTESIAN_POINT('Origin',(77.,3.,-6.));
#3526=CARTESIAN_POINT('',(83.5,3.,-6.));
#3527=CARTESIAN_POINT('Origin',(80.5,3.,-6.));
#3528=CARTESIAN_POINT('Origin',(77.,3.,-6.));
#3529=CARTESIAN_POINT('Origin',(80.5,13.25,-6.));
#3530=CARTESIAN_POINT('',(83.5,57.,-6.));
#3531=CARTESIAN_POINT('Origin',(80.5,57.,-6.));
#3532=CARTESIAN_POINT('',(83.5,13.25,-6.));
#3533=CARTESIAN_POINT('Origin',(77.,57.,-6.));
#3534=CARTESIAN_POINT('',(77.,63.5,-6.));
#3535=CARTESIAN_POINT('Origin',(77.,60.5,-6.));
#3536=CARTESIAN_POINT('Origin',(77.,57.,-6.));
#3537=CARTESIAN_POINT('Origin',(61.75,60.5,-6.));
#3538=CARTESIAN_POINT('',(3.,63.5,-6.));
#3539=CARTESIAN_POINT('Origin',(3.,60.5,-6.));
#3540=CARTESIAN_POINT('',(61.75,63.5,-6.));
#3541=CARTESIAN_POINT('Origin',(3.,57.,-6.));
#3542=CARTESIAN_POINT('',(-3.5,57.,-6.));
#3543=CARTESIAN_POINT('Origin',(-0.500000000000002,57.,-6.));
#3544=CARTESIAN_POINT('Origin',(3.,57.,-6.));
#3545=CARTESIAN_POINT('Origin',(-0.499999999999998,46.75,-6.));
#3546=CARTESIAN_POINT('',(-3.5,46.75,-6.));
#3547=CARTESIAN_POINT('Origin',(83.5,63.5,-9.));
#3548=CARTESIAN_POINT('',(77.,63.5,-9.));
#3549=CARTESIAN_POINT('',(3.,63.5,-9.));
#3550=CARTESIAN_POINT('Origin',(3.,57.,-9.));
#3551=CARTESIAN_POINT('',(-3.5,57.,-9.));
#3552=CARTESIAN_POINT('Origin',(-3.5,63.5,-9.));
#3553=CARTESIAN_POINT('',(-3.5,3.,-9.));
#3554=CARTESIAN_POINT('Origin',(3.,3.,-9.));
#3555=CARTESIAN_POINT('',(3.,-3.5,-9.));
#3556=CARTESIAN_POINT('Origin',(72.5,52.5,-6.));
#3557=CARTESIAN_POINT('',(72.5,49.5,-6.));
#3558=CARTESIAN_POINT('',(69.5,52.5,-6.));
#3559=CARTESIAN_POINT('Origin',(69.5,49.5,-6.));
#3560=CARTESIAN_POINT('',(77.5,49.5,-6.));
#3561=CARTESIAN_POINT('Origin',(13.5,2.5,-6.));
#3562=CARTESIAN_POINT('',(10.5,2.5,-6.));
#3563=CARTESIAN_POINT('',(13.5,-0.5,-6.));
#3564=CARTESIAN_POINT('Origin',(80.5,-0.5,-6.));
#3565=CARTESIAN_POINT('',(3.,-0.5,-6.));
#3566=CARTESIAN_POINT('',(77.,-0.5,-6.));
#3567=CARTESIAN_POINT('',(66.5,-0.5,-6.));
#3568=CARTESIAN_POINT('Origin',(77.5,46.5,-6.));
#3569=CARTESIAN_POINT('',(80.5,46.5,-6.));
#3570=CARTESIAN_POINT('Origin',(80.5,60.5,-6.));
#3571=CARTESIAN_POINT('',(80.5,13.5,-6.));
#3572=CARTESIAN_POINT('',(80.5,3.,-6.));
#3573=CARTESIAN_POINT('',(80.5,57.,-6.));
#3574=CARTESIAN_POINT('Origin',(77.5,13.5,-6.));
#3575=CARTESIAN_POINT('',(77.5,10.5,-6.));
#3576=CARTESIAN_POINT('Origin',(80.5,10.5,-6.));
#3577=CARTESIAN_POINT('',(72.5,10.5,-6.));
#3578=CARTESIAN_POINT('Origin',(72.5,7.5,-6.));
#3579=CARTESIAN_POINT('',(69.5,7.5,-6.));
#3580=CARTESIAN_POINT('Origin',(69.5,10.5,-6.));
#3581=CARTESIAN_POINT('',(69.5,2.5,-6.));
#3582=CARTESIAN_POINT('Origin',(66.5,2.5,-6.));
#3583=CARTESIAN_POINT('Origin',(66.5,57.5,-6.));
#3584=CARTESIAN_POINT('',(69.5,57.5,-6.));
#3585=CARTESIAN_POINT('Origin',(45.5,63.6,1.6));
#3586=CARTESIAN_POINT('Origin',(77.,3.,-6.));
#3587=CARTESIAN_POINT('Origin',(10.5,-0.5,-6.));
#3588=CARTESIAN_POINT('Origin',(3.,3.,-6.));
#3589=CARTESIAN_POINT('Origin',(69.5,60.5,-6.));
#3590=CARTESIAN_POINT('Origin',(77.,57.,-6.));
#3591=CARTESIAN_POINT('Origin',(3.,57.,-6.));
#3592=CARTESIAN_POINT('Origin',(-3.5,-3.5,-9.));
#3593=CARTESIAN_POINT('',(77.,-3.5,-9.));
#3594=CARTESIAN_POINT('Origin',(77.,3.,-9.));
#3595=CARTESIAN_POINT('',(83.5,3.,-9.));
#3596=CARTESIAN_POINT('Origin',(77.,57.,-9.));
#3597=CARTESIAN_POINT('',(83.5,57.,-9.));
#3598=CARTESIAN_POINT('Origin',(83.5,-3.5,-9.));
#3599=UNCERTAINTY_MEASURE_WITH_UNIT(LENGTH_MEASURE(0.01),#3603,
'DISTANCE_ACCURACY_VALUE',
'Maximum model space distance between geometric entities at asserted c
onnectivities');
#3600=UNCERTAINTY_MEASURE_WITH_UNIT(LENGTH_MEASURE(0.01),#3603,
'DISTANCE_ACCURACY_VALUE',
'Maximum model space distance between geometric entities at asserted c
onnectivities');
#3601=(
GEOMETRIC_REPRESENTATION_CONTEXT(3)
GLOBAL_UNCERTAINTY_ASSIGNED_CONTEXT((#3599))
GLOBAL_UNIT_ASSIGNED_CONTEXT((#3603,#3604,#3605))
REPRESENTATION_CONTEXT('','3D')
);
#3602=(
GEOMETRIC_REPRESENTATION_CONTEXT(3)
GLOBAL_UNCERTAINTY_ASSIGNED_CONTEXT((#3600))
GLOBAL_UNIT_ASSIGNED_CONTEXT((#3603,#3604,#3605))
REPRESENTATION_CONTEXT('','3D')
);
#3603=(
LENGTH_UNIT()
NAMED_UNIT(*)
SI_UNIT(.MILLI.,.METRE.)
);
#3604=(
NAMED_UNIT(*)
PLANE_ANGLE_UNIT()
SI_UNIT($,.RADIAN.)
);
#3605=(
NAMED_UNIT(*)
SI_UNIT($,.STERADIAN.)
SOLID_ANGLE_UNIT()
);
#3606=SHAPE_DEFINITION_REPRESENTATION(#3607,#3608);
#3607=PRODUCT_DEFINITION_SHAPE('',$,#3610);
#3608=SHAPE_REPRESENTATION('',(#1985),#3601);
#3609=PRODUCT_DEFINITION_CONTEXT('part definition',#3614,'design');
#3610=PRODUCT_DEFINITION('input-board 1','input-board v7',#3611,#3609);
#3611=PRODUCT_DEFINITION_FORMATION('',$,#3616);
#3612=PRODUCT_RELATED_PRODUCT_CATEGORY('input-board v7',
'input-board v7',(#3616));
#3613=APPLICATION_PROTOCOL_DEFINITION('international standard',
'automotive_design',2009,#3614);
#3614=APPLICATION_CONTEXT(
'Core Data for Automotive Mechanical Design Process');
#3615=PRODUCT_CONTEXT('part definition',#3614,'mechanical');
#3616=PRODUCT('input-board 1','input-board v7',
'KiCad electronic assembly',(#3615));
#3617=PRESENTATION_STYLE_ASSIGNMENT((#3618));
#3618=SURFACE_STYLE_USAGE(.BOTH.,#3619);
#3619=SURFACE_SIDE_STYLE('',(#3620));
#3620=SURFACE_STYLE_FILL_AREA(#3621);
#3621=FILL_AREA_STYLE('Steel - Satin',(#3622));
#3622=FILL_AREA_STYLE_COLOUR('Steel - Satin',#3623);
#3623=COLOUR_RGB('Steel - Satin',0.627450980392157,0.627450980392157,0.627450980392157);
ENDSEC;
END-ISO-10303-21;
