ISO-10303-21;
HEADER;
/* Generated by software containing ST-Developer
 * from STEP Tools, Inc. (www.steptools.com) 
 */

FILE_DESCRIPTION(
/* description */ (''),
/* implementation_level */ '2;1');

FILE_NAME(
/* name */ 'triangle brackets - corner bracket corner.step',
/* time_stamp */ '2026-08-25T01:13:00+09:00',
/* author */ (''),
/* organization */ (''),
/* preprocessor_version */ 'ST-DEVELOPER v20.1',
/* originating_system */ 'Autodesk Translation Framework v15.8.0.0',
/* authorisation */ '');

FILE_SCHEMA (('AUTOMOTIVE_DESIGN { 1 0 10303 214 3 1 1 }'));
ENDSEC;

DATA;
#10=MECHANICAL_DESIGN_GEOMETRIC_PRESENTATION_REPRESENTATION('',(#13),#4753);
#11=SHAPE_REPRESENTATION_RELATIONSHIP('SRR','None',#4760,#12);
#12=ADVANCED_BREP_SHAPE_REPRESENTATION('',(#14),#4752);
#13=STYLED_ITEM('',(#4769),#14);
#14=MANIFOLD_SOLID_BREP('CornerBracketCorner (1)',#1887);
#15=FACE_BOUND('',#369,.T.);
#16=FACE_BOUND('',#373,.T.);
#17=FACE_BOUND('',#376,.T.);
#18=FACE_BOUND('',#380,.T.);
#19=FACE_BOUND('',#383,.T.);
#20=FACE_BOUND('',#399,.T.);
#21=FACE_BOUND('',#410,.T.);
#22=FACE_BOUND('',#416,.T.);
#23=FACE_BOUND('',#460,.T.);
#24=TOROIDAL_SURFACE('',#1952,3.5,0.5);
#25=TOROIDAL_SURFACE('',#1960,3.5,0.5);
#26=TOROIDAL_SURFACE('',#1968,2.3,0.5);
#27=TOROIDAL_SURFACE('',#1977,3.5,0.5);
#28=TOROIDAL_SURFACE('',#1981,3.5,0.5);
#29=TOROIDAL_SURFACE('',#1988,33.5,0.5);
#30=TOROIDAL_SURFACE('',#1998,33.5,0.5);
#31=PLANE('',#1914);
#32=PLANE('',#1944);
#33=PLANE('',#1958);
#34=PLANE('',#1966);
#35=PLANE('',#1973);
#36=PLANE('',#1980);
#37=PLANE('',#1984);
#38=PLANE('',#2011);
#39=PLANE('',#2013);
#40=PLANE('',#2023);
#41=PLANE('',#2028);
#42=PLANE('',#2040);
#43=PLANE('',#2041);
#44=PLANE('',#2050);
#45=PLANE('',#2059);
#46=PLANE('',#2062);
#47=PLANE('',#2066);
#48=PLANE('',#2079);
#49=PLANE('',#2080);
#50=PLANE('',#2081);
#51=PLANE('',#2083);
#52=PLANE('',#2092);
#53=B_SPLINE_SURFACE_WITH_KNOTS('',3,3,((#2590,#2591,#2592,#2593,#2594),
(#2595,#2596,#2597,#2598,#2599),(#2600,#2601,#2602,#2603,#2604),(#2605,
#2606,#2607,#2608,#2609)),.UNSPECIFIED.,.F.,.F.,.F.,(4,4),(4,1,4),(0.532168977191555,
1.),(-8.80960911313224,-8.40005447920749,-7.85398163397448),
 .UNSPECIFIED.);
#54=B_SPLINE_SURFACE_WITH_KNOTS('',3,3,((#2633,#2634,#2635,#2636,#2637),
(#2638,#2639,#2640,#2641,#2642),(#2643,#2644,#2645,#2646,#2647),(#2648,
#2649,#2650,#2651,#2652)),.UNSPECIFIED.,.F.,.F.,.F.,(4,4),(4,1,4),(0.532168977191552,
1.),(7.85398163397448,8.26353626789923,8.80960911313223),.UNSPECIFIED.);
#55=B_SPLINE_SURFACE_WITH_KNOTS('',3,3,((#2683,#2684,#2685,#2686),(#2687,
#2688,#2689,#2690),(#2691,#2692,#2693,#2694),(#2695,#2696,#2697,#2698),
(#2699,#2700,#2701,#2702)),.UNSPECIFIED.,.F.,.F.,.F.,(4,1,4),(4,4),(0.,
0.5,1.),(0.886292556185675,1.68945406023529),.UNSPECIFIED.);
#56=B_SPLINE_SURFACE_WITH_KNOTS('',3,3,((#2708,#2709,#2710,#2711,#2712,
#2713,#2714,#2715,#2716),(#2717,#2718,#2719,#2720,#2721,#2722,#2723,#2724,
#2725),(#2726,#2727,#2728,#2729,#2730,#2731,#2732,#2733,#2734),(#2735,#2736,
#2737,#2738,#2739,#2740,#2741,#2742,#2743),(#2744,#2745,#2746,#2747,#2748,
#2749,#2750,#2751,#2752),(#2753,#2754,#2755,#2756,#2757,#2758,#2759,#2760,
#2761)),.UNSPECIFIED.,.F.,.F.,.F.,(4,1,1,4),(4,1,1,1,1,1,4),(0.,0.285714285714286,
0.571428571428571,1.),(0.,0.114724831539448,0.172087247309172,0.229449663078896,
0.28681207884862,0.344174494618343,0.401536910388067),.UNSPECIFIED.);
#57=B_SPLINE_SURFACE_WITH_KNOTS('',3,3,((#2783,#2784,#2785,#2786),(#2787,
#2788,#2789,#2790),(#2791,#2792,#2793,#2794),(#2795,#2796,#2797,#2798),
(#2799,#2800,#2801,#2802)),.UNSPECIFIED.,.F.,.F.,.F.,(4,1,4),(4,4),(0.,
0.5,1.),(-1.3522201971948,-1.15699638252117),.UNSPECIFIED.);
#58=B_SPLINE_SURFACE_WITH_KNOTS('',3,3,((#2808,#2809,#2810,#2811),(#2812,
#2813,#2814,#2815),(#2816,#2817,#2818,#2819),(#2820,#2821,#2822,#2823),
(#2824,#2825,#2826,#2827)),.UNSPECIFIED.,.F.,.F.,.F.,(4,1,4),(4,4),(0.,
0.5,1.),(0.,0.212697239020189),.UNSPECIFIED.);
#59=B_SPLINE_SURFACE_WITH_KNOTS('',3,3,((#2839,#2840,#2841,#2842),(#2843,
#2844,#2845,#2846),(#2847,#2848,#2849,#2850),(#2851,#2852,#2853,#2854),
(#2855,#2856,#2857,#2858)),.UNSPECIFIED.,.F.,.F.,.F.,(4,1,4),(4,4),(0.,
0.571428571428571,1.),(-0.409569725428281,-0.360518313807125),
 .UNSPECIFIED.);
#60=B_SPLINE_SURFACE_WITH_KNOTS('',3,3,((#2955,#2956,#2957,#2958,#2959),
(#2960,#2961,#2962,#2963,#2964),(#2965,#2966,#2967,#2968,#2969),(#2970,
#2971,#2972,#2973,#2974),(#2975,#2976,#2977,#2978,#2979)),.UNSPECIFIED.,
 .F.,.F.,.F.,(4,1,4),(4,1,4),(0.,0.5,1.),(0.,0.138339652904586,0.322792523444034),
 .UNSPECIFIED.);
#61=B_SPLINE_SURFACE_WITH_KNOTS('',3,3,((#2996,#2997,#2998,#2999),(#3000,
#3001,#3002,#3003),(#3004,#3005,#3006,#3007),(#3008,#3009,#3010,#3011),
(#3012,#3013,#3014,#3015)),.UNSPECIFIED.,.F.,.F.,.F.,(4,1,4),(4,4),(0.,
0.5,1.),(1.15699638235118,1.3522201971948),.UNSPECIFIED.);
#62=B_SPLINE_SURFACE_WITH_KNOTS('',3,3,((#3021,#3022,#3023,#3024),(#3025,
#3026,#3027,#3028),(#3029,#3030,#3031,#3032),(#3033,#3034,#3035,#3036),
(#3037,#3038,#3039,#3040)),.UNSPECIFIED.,.F.,.F.,.F.,(4,1,4),(4,4),(0.,
0.5,1.),(3.255979020787E-17,0.0863350719395404),.UNSPECIFIED.);
#63=B_SPLINE_SURFACE_WITH_KNOTS('',3,3,((#3052,#3053,#3054,#3055),(#3056,
#3057,#3058,#3059),(#3060,#3061,#3062,#3063),(#3064,#3065,#3066,#3067),
(#3068,#3069,#3070,#3071)),.UNSPECIFIED.,.F.,.F.,.F.,(4,1,4),(4,4),(0.,
0.5,1.),(-1.3195357890353,-1.31593431445015),.UNSPECIFIED.);
#64=B_SPLINE_SURFACE_WITH_KNOTS('',3,3,((#3077,#3078,#3079,#3080,#3081,
#3082,#3083,#3084),(#3085,#3086,#3087,#3088,#3089,#3090,#3091,#3092),(#3093,
#3094,#3095,#3096,#3097,#3098,#3099,#3100),(#3101,#3102,#3103,#3104,#3105,
#3106,#3107,#3108),(#3109,#3110,#3111,#3112,#3113,#3114,#3115,#3116),(#3117,
#3118,#3119,#3120,#3121,#3122,#3123,#3124)),.UNSPECIFIED.,.F.,.F.,.F.,(4,
1,1,4),(4,1,1,1,1,4),(0.,0.285714285714286,0.571428571428571,1.),(0.,0.0673438022827195,
0.134687604565439,0.224479340942398,0.258151242083758,0.314271077319358),
 .UNSPECIFIED.);
#65=B_SPLINE_SURFACE_WITH_KNOTS('',3,3,((#3144,#3145,#3146,#3147),(#3148,
#3149,#3150,#3151),(#3152,#3153,#3154,#3155),(#3156,#3157,#3158,#3159),
(#3160,#3161,#3162,#3163)),.UNSPECIFIED.,.F.,.F.,.F.,(4,1,4),(4,4),(0.,
0.5,1.),(0.886292556185675,1.68962991380564),.UNSPECIFIED.);
#66=B_SPLINE_SURFACE_WITH_KNOTS('',3,3,((#3166,#3167,#3168,#3169),(#3170,
#3171,#3172,#3173),(#3174,#3175,#3176,#3177),(#3178,#3179,#3180,#3181),
(#3182,#3183,#3184,#3185)),.UNSPECIFIED.,.F.,.F.,.F.,(4,1,4),(4,4),(0.,
0.571428571428571,1.),(0.151606633811221,0.255528326304441),
 .UNSPECIFIED.);
#67=B_SPLINE_SURFACE_WITH_KNOTS('',3,3,((#3406,#3407,#3408,#3409,#3410),
(#3411,#3412,#3413,#3414,#3415),(#3416,#3417,#3418,#3419,#3420),(#3421,
#3422,#3423,#3424,#3425),(#3426,#3427,#3428,#3429,#3430)),.UNSPECIFIED.,
 .F.,.F.,.F.,(4,1,4),(4,1,4),(0.,0.5,1.),(-1.5707963267949,-0.995213953705668,
-0.227770789586695),.UNSPECIFIED.);
#68=B_SPLINE_SURFACE_WITH_KNOTS('',3,3,((#3443,#3444,#3445,#3446),(#3447,
#3448,#3449,#3450),(#3451,#3452,#3453,#3454),(#3455,#3456,#3457,#3458),
(#3459,#3460,#3461,#3462)),.UNSPECIFIED.,.F.,.F.,.F.,(4,1,4),(4,4),(0.,
0.5,1.),(1.73047800709189E-16,0.0583142301813465),.UNSPECIFIED.);
#69=B_SPLINE_SURFACE_WITH_KNOTS('',3,3,((#3474,#3475,#3476,#3477,#3478),
(#3479,#3480,#3481,#3482,#3483),(#3484,#3485,#3486,#3487,#3488),(#3489,
#3490,#3491,#3492,#3493),(#3494,#3495,#3496,#3497,#3498)),.UNSPECIFIED.,
 .F.,.F.,.F.,(4,1,4),(4,1,4),(0.,0.5,1.),(-1.5707963267949,-0.995213953702845,
-0.227770789580109),.UNSPECIFIED.);
#70=B_SPLINE_SURFACE_WITH_KNOTS('',3,3,((#3502,#3503,#3504,#3505),(#3506,
#3507,#3508,#3509),(#3510,#3511,#3512,#3513),(#3514,#3515,#3516,#3517),
(#3518,#3519,#3520,#3521)),.UNSPECIFIED.,.F.,.F.,.F.,(4,1,4),(4,4),(0.,
0.5,1.),(3.51300009069994E-17,0.0583142301836802),.UNSPECIFIED.);
#71=B_SPLINE_SURFACE_WITH_KNOTS('',3,3,((#3614,#3615,#3616,#3617),(#3618,
#3619,#3620,#3621),(#3622,#3623,#3624,#3625),(#3626,#3627,#3628,#3629),
(#3630,#3631,#3632,#3633)),.UNSPECIFIED.,.F.,.F.,.F.,(4,1,4),(4,4),(0.,
0.5,1.),(0.,0.0583142301836801),.UNSPECIFIED.);
#72=B_SPLINE_SURFACE_WITH_KNOTS('',3,3,((#3645,#3646,#3647,#3648,#3649),
(#3650,#3651,#3652,#3653,#3654),(#3655,#3656,#3657,#3658,#3659),(#3660,
#3661,#3662,#3663,#3664),(#3665,#3666,#3667,#3668,#3669)),.UNSPECIFIED.,
 .F.,.F.,.F.,(4,1,4),(4,1,4),(0.,0.5,1.),(-1.5707963267949,-0.803353162675924,
-0.227770789586695),.UNSPECIFIED.);
#73=B_SPLINE_SURFACE_WITH_KNOTS('',3,3,((#3673,#3674,#3675,#3676),(#3677,
#3678,#3679,#3680),(#3681,#3682,#3683,#3684),(#3685,#3686,#3687,#3688),
(#3689,#3690,#3691,#3692)),.UNSPECIFIED.,.F.,.F.,.F.,(4,1,4),(4,4),(0.,
0.5,1.),(0.,0.0583142301813464),.UNSPECIFIED.);
#74=B_SPLINE_SURFACE_WITH_KNOTS('',3,3,((#3703,#3704,#3705,#3706,#3707),
(#3708,#3709,#3710,#3711,#3712),(#3713,#3714,#3715,#3716,#3717),(#3718,
#3719,#3720,#3721,#3722),(#3723,#3724,#3725,#3726,#3727)),.UNSPECIFIED.,
 .F.,.F.,.F.,(4,1,4),(4,1,4),(0.,0.5,1.),(-1.5707963267949,-0.995213953702845,
-0.227770789580109),.UNSPECIFIED.);
#75=B_SPLINE_SURFACE_WITH_KNOTS('',3,3,((#3754,#3755,#3756,#3757,#3758,
#3759,#3760,#3761),(#3762,#3763,#3764,#3765,#3766,#3767,#3768,#3769),(#3770,
#3771,#3772,#3773,#3774,#3775,#3776,#3777),(#3778,#3779,#3780,#3781,#3782,
#3783,#3784,#3785)),.UNSPECIFIED.,.F.,.F.,.F.,(4,4),(4,1,1,1,1,4),(0.,1.),
(0.223003837837323,0.706664579033614,1.19032532022991,1.43215569082805,
1.6739860614262,1.91581643202434),.UNSPECIFIED.);
#76=B_SPLINE_SURFACE_WITH_KNOTS('',3,3,((#3971,#3972,#3973,#3974),(#3975,
#3976,#3977,#3978),(#3979,#3980,#3981,#3982),(#3983,#3984,#3985,#3986),
(#3987,#3988,#3989,#3990)),.UNSPECIFIED.,.F.,.F.,.F.,(4,1,4),(4,4),(0.,
0.5,1.),(0.522109536004074,0.62205417201409),.UNSPECIFIED.);
#77=B_SPLINE_SURFACE_WITH_KNOTS('',3,3,((#4054,#4055,#4056,#4057,#4058),
(#4059,#4060,#4061,#4062,#4063),(#4064,#4065,#4066,#4067,#4068),(#4069,
#4070,#4071,#4072,#4073)),.UNSPECIFIED.,.F.,.F.,.F.,(4,4),(4,1,4),(0.,1.),
(-0.0186637419304879,-0.010664995388851,-1.71512754891421E-15),
 .UNSPECIFIED.);
#78=B_SPLINE_SURFACE_WITH_KNOTS('',3,3,((#4115,#4116,#4117,#4118),(#4119,
#4120,#4121,#4122),(#4123,#4124,#4125,#4126),(#4127,#4128,#4129,#4130)),
 .UNSPECIFIED.,.F.,.F.,.F.,(4,4),(4,4),(0.,1.),(-0.223230125510574,-0.168288680419074),
 .UNSPECIFIED.);
#79=B_SPLINE_SURFACE_WITH_KNOTS('',3,3,((#4137,#4138,#4139,#4140,#4141,
#4142,#4143),(#4144,#4145,#4146,#4147,#4148,#4149,#4150),(#4151,#4152,#4153,
#4154,#4155,#4156,#4157),(#4158,#4159,#4160,#4161,#4162,#4163,#4164)),
 .UNSPECIFIED.,.F.,.F.,.F.,(4,4),(4,1,1,1,4),(0.,1.),(-0.347861648019226,
-0.199859937195192,-0.10119212997917,-0.0518582263711589,-0.00252432276314774),
 .UNSPECIFIED.);
#80=B_SPLINE_SURFACE_WITH_KNOTS('',3,3,((#4188,#4189,#4190,#4191,#4192,
#4193),(#4194,#4195,#4196,#4197,#4198,#4199),(#4200,#4201,#4202,#4203,#4204,
#4205),(#4206,#4207,#4208,#4209,#4210,#4211)),.UNSPECIFIED.,.F.,.F.,.F.,
(4,4),(4,2,4),(0.,1.),(0.752713847425936,0.754981044293527,0.7559083422195),
 .UNSPECIFIED.);
#81=B_SPLINE_SURFACE_WITH_KNOTS('',3,3,((#4232,#4233,#4234,#4235,#4236,
#4237,#4238,#4239),(#4240,#4241,#4242,#4243,#4244,#4245,#4246,#4247),(#4248,
#4249,#4250,#4251,#4252,#4253,#4254,#4255),(#4256,#4257,#4258,#4259,#4260,
#4261,#4262,#4263)),.UNSPECIFIED.,.F.,.F.,.F.,(4,4),(4,1,1,1,1,4),(0.,1.),
(0.273884022386521,0.515698923729066,0.757513825071611,0.999328726414156,
1.48295852909925,1.96658833178434),.UNSPECIFIED.);
#82=B_SPLINE_SURFACE_WITH_KNOTS('',3,3,((#4414,#4415,#4416,#4417),(#4418,
#4419,#4420,#4421),(#4422,#4423,#4424,#4425),(#4426,#4427,#4428,#4429),
(#4430,#4431,#4432,#4433)),.UNSPECIFIED.,.F.,.F.,.F.,(4,1,4),(4,4),(0.,
0.571428571428571,1.),(0.0190534817582519,0.848494549313075),
 .UNSPECIFIED.);
#83=B_SPLINE_SURFACE_WITH_KNOTS('',3,3,((#4488,#4489,#4490,#4491),(#4492,
#4493,#4494,#4495),(#4496,#4497,#4498,#4499),(#4500,#4501,#4502,#4503)),
 .UNSPECIFIED.,.F.,.F.,.F.,(4,4),(4,4),(0.299373427874401,0.91431884792446),
(0.123216153824788,0.839519517643924),.UNSPECIFIED.);
#84=B_SPLINE_SURFACE_WITH_KNOTS('',3,3,((#4508,#4509,#4510,#4511),(#4512,
#4513,#4514,#4515),(#4516,#4517,#4518,#4519),(#4520,#4521,#4522,#4523),
(#4524,#4525,#4526,#4527)),.UNSPECIFIED.,.F.,.F.,.F.,(4,1,4),(4,4),(0.,
0.571428571428571,1.),(0.103883506886016,1.73264508277242),
 .UNSPECIFIED.);
#85=B_SPLINE_SURFACE_WITH_KNOTS('',3,3,((#4612,#4613,#4614,#4615),(#4616,
#4617,#4618,#4619),(#4620,#4621,#4622,#4623),(#4624,#4625,#4626,#4627),
(#4628,#4629,#4630,#4631)),.UNSPECIFIED.,.F.,.F.,.F.,(4,1,4),(4,4),(0.,
0.571428571428571,1.),(0.0966389839791733,1.72540053840872),
 .UNSPECIFIED.);
#86=B_SPLINE_SURFACE_WITH_KNOTS('',3,3,((#4670,#4671,#4672,#4673),(#4674,
#4675,#4676,#4677),(#4678,#4679,#4680,#4681),(#4682,#4683,#4684,#4685),
(#4686,#4687,#4688,#4689)),.UNSPECIFIED.,.F.,.F.,.F.,(4,1,4),(4,4),(0.,
0.5,1.),(-0.0133488226968477,0.0711820392005308),.UNSPECIFIED.);
#87=B_SPLINE_SURFACE_WITH_KNOTS('',3,3,((#4701,#4702,#4703,#4704),(#4705,
#4706,#4707,#4708),(#4709,#4710,#4711,#4712),(#4713,#4714,#4715,#4716),
(#4717,#4718,#4719,#4720)),.UNSPECIFIED.,.F.,.F.,.F.,(4,1,4),(4,4),(0.,
0.571428571428571,1.),(0.0413808100184909,0.870821877738278),
 .UNSPECIFIED.);
#88=B_SPLINE_SURFACE_WITH_KNOTS('',3,3,((#4725,#4726,#4727,#4728),(#4729,
#4730,#4731,#4732),(#4733,#4734,#4735,#4736),(#4737,#4738,#4739,#4740)),
 .UNSPECIFIED.,.F.,.F.,.F.,(4,4),(4,4),(0.299373427873682,0.91431884792446),
(0.123216153824655,0.839519517634365),.UNSPECIFIED.);
#89=ELLIPSE('',#1906,0.565685424949238,0.4);
#90=ELLIPSE('',#1907,0.611316969989557,0.4);
#91=ELLIPSE('',#1909,0.565685424949238,0.4);
#92=ELLIPSE('',#1911,0.611316969989558,0.4);
#93=ELLIPSE('',#1915,8.11996824485913,3.);
#94=ELLIPSE('',#1919,8.16567561320048,3.);
#95=ELLIPSE('',#1920,8.32095296345418,3.4);
#96=ELLIPSE('',#1923,3.84646043705722,3.);
#97=ELLIPSE('',#1924,4.16596422138338,3.4);
#98=ELLIPSE('',#1926,1.94830596052631,1.8);
#99=ELLIPSE('',#1928,3.05451567205074,3.);
#100=ELLIPSE('',#1932,3.84646043705722,3.);
#101=ELLIPSE('',#1933,4.16596422138338,3.4);
#102=ELLIPSE('',#1936,3.11126983722081,2.2);
#103=ELLIPSE('',#1937,2.84253408071038,1.8);
#104=ELLIPSE('',#1939,8.14122676843023,2.99);
#105=ELLIPSE('',#1940,8.2964795723852,3.39);
#106=ELLIPSE('',#1942,2.54558441227158,1.8);
#107=ELLIPSE('',#1943,2.54558441227157,1.8);
#108=ELLIPSE('',#1946,3.1190628188337,1.8);
#109=ELLIPSE('',#1947,2.54558441227157,1.8);
#110=ELLIPSE('',#1948,2.54558441227157,1.8);
#111=ELLIPSE('',#1986,3.90512483795333,3.);
#112=ELLIPSE('',#1987,3.90512483795333,3.);
#113=ELLIPSE('',#1993,3.90512483795333,3.);
#114=ELLIPSE('',#1994,3.90512483795333,3.);
#115=ELLIPSE('',#1996,3.90512483795333,3.);
#116=ELLIPSE('',#2004,3.90512483795333,3.);
#117=ELLIPSE('',#2005,3.90512483795333,3.);
#118=ELLIPSE('',#2007,3.90512483795333,3.);
#119=ELLIPSE('',#2010,3.62544769987721,3.);
#120=ELLIPSE('',#2016,3.62544769987722,3.);
#121=ELLIPSE('',#2018,2.54558441227156,1.8);
#122=ELLIPSE('',#2019,2.54558441227157,1.8);
#123=ELLIPSE('',#2020,2.54558441227156,1.8);
#124=ELLIPSE('',#2022,2.54558441227157,1.8);
#125=ELLIPSE('',#2025,2.54558441227157,1.8);
#126=ELLIPSE('',#2026,2.54558441227158,1.8);
#127=ELLIPSE('',#2031,2.54558441227156,1.8);
#128=ELLIPSE('',#2032,2.54558441227156,1.8);
#129=ELLIPSE('',#2034,1.94857204378089,1.8);
#130=ELLIPSE('',#2035,1.94857204378089,1.8);
#131=ELLIPSE('',#2036,2.54558441227157,1.8);
#132=ELLIPSE('',#2039,2.20551047014414,1.8);
#133=ELLIPSE('',#2044,2.54558441227158,1.8);
#134=ELLIPSE('',#2045,2.54558441227158,1.8);
#135=ELLIPSE('',#2046,2.54558441227157,1.8);
#136=ELLIPSE('',#2048,2.54558441227158,1.8);
#137=ELLIPSE('',#2049,2.54558441227156,1.8);
#138=ELLIPSE('',#2052,2.54558441227157,1.8);
#139=ELLIPSE('',#2053,2.54558441227157,1.8);
#140=ELLIPSE('',#2054,2.54558441227157,1.8);
#141=ELLIPSE('',#2056,2.54558441227157,1.8);
#142=ELLIPSE('',#2058,2.54558441227157,1.8);
#143=ELLIPSE('',#2064,3.59762967809765,1.8);
#144=ELLIPSE('',#2068,1.9480401614484,1.8);
#145=ELLIPSE('',#2069,1.94830596052631,1.8);
#146=ELLIPSE('',#2071,3.60118652814833,1.8);
#147=B_SPLINE_CURVE_WITH_KNOTS('',3,(#2579,#2580,#2581,#2582,#2583,#2584),
 .UNSPECIFIED.,.F.,.F.,(4,2,4),(0.0456695654347719,0.0550665259769347,0.0644261040342713),
 .UNSPECIFIED.);
#148=B_SPLINE_CURVE_WITH_KNOTS('',3,(#2611,#2612,#2613,#2614,#2615,#2616,
#2617,#2618),.UNSPECIFIED.,.F.,.F.,(4,2,2,4),(0.0309540351018592,0.0363187888895174,
0.0781796892564699,0.0785601083705967),.UNSPECIFIED.);
#149=B_SPLINE_CURVE_WITH_KNOTS('',3,(#2627,#2628,#2629,#2630,#2631,#2632),
 .UNSPECIFIED.,.F.,.F.,(4,2,4),(0.225640823218203,0.235000401275539,0.244397361817702),
 .UNSPECIFIED.);
#150=B_SPLINE_CURVE_WITH_KNOTS('',3,(#2654,#2655,#2656,#2657,#2658,#2659,
#2660,#2661),.UNSPECIFIED.,.F.,.F.,(4,2,2,4),(-0.000531505506296693,0.,
0.0584862806488839,0.0659816878869481),.UNSPECIFIED.);
#151=B_SPLINE_CURVE_WITH_KNOTS('',3,(#2763,#2764,#2765,#2766,#2767,#2768,
#2769,#2770,#2771),.UNSPECIFIED.,.F.,.F.,(4,1,1,1,1,1,4),(-0.401536910388067,
-0.344174494618343,-0.28681207884862,-0.229449663078896,-0.172087247309172,
-0.114724831539448,0.),.UNSPECIFIED.);
#152=B_SPLINE_CURVE_WITH_KNOTS('',3,(#2774,#2775,#2776,#2777,#2778,#2779,
#2780,#2781,#2782),.UNSPECIFIED.,.F.,.F.,(4,1,1,1,1,1,4),(0.,0.114724831539448,
0.172087247309172,0.229449663078896,0.28681207884862,0.344174494618343,
0.401536910388067),.UNSPECIFIED.);
#153=B_SPLINE_CURVE_WITH_KNOTS('',3,(#2831,#2832,#2833,#2834),
 .UNSPECIFIED.,.F.,.F.,(4,4),(-0.212697239020189,0.),.UNSPECIFIED.);
#154=B_SPLINE_CURVE_WITH_KNOTS('',3,(#2835,#2836,#2837,#2838),
 .UNSPECIFIED.,.F.,.F.,(4,4),(0.,0.212697239020189),.UNSPECIFIED.);
#155=B_SPLINE_CURVE_WITH_KNOTS('',3,(#2861,#2862,#2863,#2864,#2865,#2866,
#2867,#2868,#2869,#2870,#2871,#2872),.UNSPECIFIED.,.F.,.F.,(4,2,2,2,2,4),
(0.,0.0167580562772449,0.0317930287754964,0.0398082655550519,0.0472463808470148,
0.0474158655389978),.UNSPECIFIED.);
#156=B_SPLINE_CURVE_WITH_KNOTS('',3,(#2873,#2874,#2875,#2876),
 .UNSPECIFIED.,.F.,.F.,(4,4),(-0.409569725428281,-0.360518313807125),
 .UNSPECIFIED.);
#157=B_SPLINE_CURVE_WITH_KNOTS('',3,(#2880,#2881,#2882,#2883,#2884,#2885),
 .UNSPECIFIED.,.F.,.F.,(4,2,4),(1.12403792977331,1.1965067243531,1.30947276764725),
 .UNSPECIFIED.);
#158=B_SPLINE_CURVE_WITH_KNOTS('',3,(#2889,#2890,#2891,#2892,#2893,#2894,
#2895,#2896,#2897,#2898,#2899,#2900,#2901,#2902,#2903,#2904,#2905,#2906,
#2907,#2908,#2909,#2910,#2911,#2912,#2913,#2914,#2915,#2916,#2917,#2918,
#2919,#2920,#2921,#2922,#2923,#2924,#2925,#2926,#2927,#2928,#2929,#2930,
#2931,#2932,#2933,#2934,#2935,#2936,#2937,#2938,#2939,#2940),
 .UNSPECIFIED.,.F.,.F.,(4,3,3,3,3,3,3,3,3,3,3,3,3,3,3,3,3,4),(-0.448826416606023,
-0.447921794859058,-0.417690066352268,-0.387069531506456,-0.356472669620922,
-0.336787829839378,-0.306174428087715,-0.275839960710494,-0.256586402229293,
-0.224518568274307,-0.194137753630223,-0.163413453740068,-0.13276878062683,
-0.112194056479816,-0.0815161236186183,-0.0509806539559814,-0.0210723379977462,
-0.0170262714320394),.UNSPECIFIED.);
#159=B_SPLINE_CURVE_WITH_KNOTS('',3,(#2942,#2943,#2944,#2945,#2946,#2947,
#2948,#2949,#2950,#2951),.UNSPECIFIED.,.F.,.F.,(4,3,3,4),(-0.000313992405529418,
4.39101879856629E-18,0.0294003869874448,0.0484098507641313),
 .UNSPECIFIED.);
#160=B_SPLINE_CURVE_WITH_KNOTS('',3,(#2984,#2985,#2986,#2987,#2988),
 .UNSPECIFIED.,.F.,.F.,(4,1,4),(-0.322792523444034,-0.138339652904586,0.),
 .UNSPECIFIED.);
#161=B_SPLINE_CURVE_WITH_KNOTS('',3,(#2991,#2992,#2993,#2994,#2995),
 .UNSPECIFIED.,.F.,.F.,(4,1,4),(0.,0.138339652904586,0.322792523444034),
 .UNSPECIFIED.);
#162=B_SPLINE_CURVE_WITH_KNOTS('',3,(#3044,#3045,#3046,#3047),
 .UNSPECIFIED.,.F.,.F.,(4,4),(-0.0863350719395404,-3.255979020787E-17),
 .UNSPECIFIED.);
#163=B_SPLINE_CURVE_WITH_KNOTS('',3,(#3048,#3049,#3050,#3051),
 .UNSPECIFIED.,.F.,.F.,(4,4),(3.255979020787E-17,0.0863350719395404),
 .UNSPECIFIED.);
#164=B_SPLINE_CURVE_WITH_KNOTS('',3,(#3128,#3129,#3130,#3131,#3132,#3133,
#3134,#3135),.UNSPECIFIED.,.F.,.F.,(4,1,1,1,1,4),(-0.314271077319358,-0.258151242083758,
-0.224479340942398,-0.134687604565439,-0.0673438022827195,0.),
 .UNSPECIFIED.);
#165=B_SPLINE_CURVE_WITH_KNOTS('',3,(#3136,#3137,#3138,#3139,#3140,#3141,
#3142,#3143),.UNSPECIFIED.,.F.,.F.,(4,1,1,1,1,4),(0.,0.0673438022827195,
0.134687604565439,0.224479340942398,0.258151242083758,0.314271077319358),
 .UNSPECIFIED.);
#166=B_SPLINE_CURVE_WITH_KNOTS('',3,(#3187,#3188,#3189,#3190,#3191,#3192,
#3193,#3194,#3195,#3196,#3197,#3198,#3199,#3200,#3201,#3202,#3203,#3204,
#3205,#3206,#3207,#3208,#3209,#3210,#3211,#3212,#3213,#3214,#3215,#3216,
#3217),.UNSPECIFIED.,.F.,.F.,(4,3,3,3,3,3,3,3,3,3,4),(-0.000553197569748622,
0.,0.0163484565718943,0.0329700049690698,0.0395641981307347,0.0565124922178358,
0.0619672067250463,0.0717899630303153,0.0863272188293668,0.0998455049294131,
0.100864474628418),.UNSPECIFIED.);
#167=B_SPLINE_CURVE_WITH_KNOTS('',3,(#3218,#3219,#3220,#3221),
 .UNSPECIFIED.,.F.,.F.,(4,4),(-0.255528326304441,-0.151606633811221),
 .UNSPECIFIED.);
#168=B_SPLINE_CURVE_WITH_KNOTS('',3,(#3238,#3239,#3240,#3241,#3242,#3243),
 .UNSPECIFIED.,.F.,.F.,(4,2,4),(0.388204049530951,0.424787296926172,0.455515520677733),
 .UNSPECIFIED.);
#169=B_SPLINE_CURVE_WITH_KNOTS('',3,(#3245,#3246,#3247,#3248,#3249,#3250,
#3251,#3252),.UNSPECIFIED.,.F.,.F.,(4,2,2,4),(-0.0566070336985784,-0.0456947715338159,
-0.0242654426790573,-0.0198749027508631),.UNSPECIFIED.);
#170=B_SPLINE_CURVE_WITH_KNOTS('',3,(#3264,#3265,#3266,#3267,#3268,#3269,
#3270,#3271,#3272,#3273,#3274,#3275),.UNSPECIFIED.,.F.,.F.,(4,2,2,2,2,4),
(0.,0.156002542747578,0.234003814121367,0.312005085495156,0.4020892709274,
0.457638669858508),.UNSPECIFIED.);
#171=B_SPLINE_CURVE_WITH_KNOTS('',3,(#3318,#3319,#3320,#3321),
 .UNSPECIFIED.,.F.,.F.,(4,4),(-0.700420430396605,-0.0852550448833872),
 .UNSPECIFIED.);
#172=B_SPLINE_CURVE_WITH_KNOTS('',3,(#3325,#3326,#3327,#3328),
 .UNSPECIFIED.,.F.,.F.,(4,4),(-0.804620310181938,-0.189454928095746),
 .UNSPECIFIED.);
#173=B_SPLINE_CURVE_WITH_KNOTS('',3,(#3345,#3346,#3347,#3348),
 .UNSPECIFIED.,.F.,.F.,(4,4),(-0.223230125510574,-0.168288680419074),
 .UNSPECIFIED.);
#174=B_SPLINE_CURVE_WITH_KNOTS('',3,(#3350,#3351,#3352,#3353),
 .UNSPECIFIED.,.F.,.F.,(4,4),(-0.00148331624886127,-1.71512754891421E-15),
 .UNSPECIFIED.);
#175=B_SPLINE_CURVE_WITH_KNOTS('',3,(#3355,#3356,#3357,#3358),
 .UNSPECIFIED.,.F.,.F.,(4,4),(0.142341677528243,0.160816666594036),
 .UNSPECIFIED.);
#176=B_SPLINE_CURVE_WITH_KNOTS('',3,(#3376,#3377,#3378,#3379,#3380,#3381,
#3382,#3383,#3384,#3385,#3386,#3387,#3388,#3389,#3390,#3391,#3392,#3393,
#3394,#3395,#3396,#3397,#3398,#3399,#3400),.UNSPECIFIED.,.F.,.F.,(4,2,2,
2,2,2,2,2,2,2,2,1,4),(-0.0477076988943878,-0.0311641927806716,-0.0157937512886412,
-0.0139470145199163,-0.0132969879641243,-0.0130080006453509,-0.0129108404899894,
-0.0128657577438499,-0.0128286302969903,-0.0127978930018221,-0.0127722169034814,
-0.012750413676783,-0.0127071825605606),.UNSPECIFIED.);
#177=B_SPLINE_CURVE_WITH_KNOTS('',3,(#3466,#3467,#3468,#3469),
 .UNSPECIFIED.,.F.,.F.,(4,4),(-0.0583142301813465,-1.73047800709189E-16),
 .UNSPECIFIED.);
#178=B_SPLINE_CURVE_WITH_KNOTS('',3,(#3470,#3471,#3472,#3473),
 .UNSPECIFIED.,.F.,.F.,(4,4),(1.73047800709189E-16,0.0583142301813465),
 .UNSPECIFIED.);
#179=B_SPLINE_CURVE_WITH_KNOTS('',3,(#3522,#3523,#3524,#3525),
 .UNSPECIFIED.,.F.,.F.,(4,4),(-0.0583142301836802,-3.51300009069994E-17),
 .UNSPECIFIED.);
#180=B_SPLINE_CURVE_WITH_KNOTS('',3,(#3526,#3527,#3528,#3529),
 .UNSPECIFIED.,.F.,.F.,(4,4),(3.51300009069994E-17,0.0583142301836802),
 .UNSPECIFIED.);
#181=B_SPLINE_CURVE_WITH_KNOTS('',3,(#3538,#3539,#3540,#3541,#3542,#3543,
#3544,#3545,#3546,#3547,#3548,#3549,#3550,#3551,#3552,#3553,#3554,#3555,
#3556,#3557,#3558,#3559,#3560,#3561,#3562,#3563,#3564,#3565,#3566,#3567,
#3568,#3569,#3570,#3571,#3572,#3573,#3574,#3575,#3576,#3577,#3578,#3579,
#3580,#3581,#3582,#3583,#3584,#3585,#3586),.UNSPECIFIED.,.F.,.F.,(4,3,3,
3,3,3,3,3,3,3,3,3,3,3,3,3,4),(-0.470578157758593,-0.469692211293382,-0.438764137580625,
-0.407475124861984,-0.376330737024093,-0.34967740551476,-0.318715821544022,
-0.288326910468968,-0.267980786334,-0.236679185779641,-0.230777642605377,
-0.199935942658593,-0.168936431178932,-0.138359934719502,-0.114712239894561,
-0.0840261881394819,-0.0660093280035119),.UNSPECIFIED.);
#182=B_SPLINE_CURVE_WITH_KNOTS('',3,(#3588,#3589,#3590,#3591,#3592,#3593,
#3594,#3595,#3596,#3597,#3598,#3599,#3600,#3601,#3602,#3603),
 .UNSPECIFIED.,.F.,.F.,(4,3,3,3,3,4),(-0.0982108424141559,-0.0932507819070808,
-0.0527925474325149,-0.0122977518517985,0.,0.000846568630352507),
 .UNSPECIFIED.);
#183=B_SPLINE_CURVE_WITH_KNOTS('',3,(#3635,#3636,#3637,#3638),
 .UNSPECIFIED.,.F.,.F.,(4,4),(-0.0583142301836801,0.),.UNSPECIFIED.);
#184=B_SPLINE_CURVE_WITH_KNOTS('',3,(#3641,#3642,#3643,#3644),
 .UNSPECIFIED.,.F.,.F.,(4,4),(0.,0.0583142301836801),.UNSPECIFIED.);
#185=B_SPLINE_CURVE_WITH_KNOTS('',3,(#3695,#3696,#3697,#3698),
 .UNSPECIFIED.,.F.,.F.,(4,4),(-0.0583142301813464,0.),.UNSPECIFIED.);
#186=B_SPLINE_CURVE_WITH_KNOTS('',3,(#3699,#3700,#3701,#3702),
 .UNSPECIFIED.,.F.,.F.,(4,4),(0.,0.0583142301813464),.UNSPECIFIED.);
#187=B_SPLINE_CURVE_WITH_KNOTS('',3,(#3746,#3747,#3748,#3749,#3750),
 .UNSPECIFIED.,.F.,.F.,(4,1,4),(-1.12076964676706,-0.706664579033614,-0.289558245684819),
 .UNSPECIFIED.);
#188=B_SPLINE_CURVE_WITH_KNOTS('',3,(#3788,#3789,#3790,#3791,#3792,#3793,
#3794),.UNSPECIFIED.,.F.,.F.,(4,3,4),(-0.0199520666550738,0.,0.00293786670587468),
 .UNSPECIFIED.);
#189=B_SPLINE_CURVE_WITH_KNOTS('',3,(#3795,#3796,#3797,#3798,#3799,#3800,
#3801,#3802,#3803,#3804,#3805,#3806,#3807,#3808,#3809,#3810,#3811,#3812,
#3813,#3814,#3815,#3816,#3817,#3818,#3819,#3820,#3821,#3822,#3823,#3824,
#3825,#3826,#3827,#3828,#3829,#3830,#3831,#3832,#3833,#3834,#3835,#3836,
#3837),.UNSPECIFIED.,.F.,.F.,(4,3,3,3,3,3,3,3,3,3,3,3,3,3,4),(-0.3648292449471,
-0.359064962036352,-0.309299210271127,-0.295303826393289,-0.244960540861433,
-0.198738168376812,-0.194617255329578,-0.171046719223669,-0.156574846347836,
-0.145362521024862,-0.133016792797098,-0.112811903474082,-0.0746479479272091,
-0.0549393644888674,-0.0198472584828341),.UNSPECIFIED.);
#190=B_SPLINE_CURVE_WITH_KNOTS('',3,(#3839,#3840,#3841,#3842,#3843,#3844),
 .UNSPECIFIED.,.F.,.F.,(4,2,4),(-0.00106104152794006,0.,0.0888524807178764),
 .UNSPECIFIED.);
#191=B_SPLINE_CURVE_WITH_KNOTS('',3,(#3846,#3847,#3848,#3849,#3850,#3851,
#3852,#3853),.UNSPECIFIED.,.F.,.F.,(4,1,1,1,1,4),(0.289558390418209,0.706664579033614,
1.19032532022991,1.43215569082805,1.6739860614262,1.88979497028782),
 .UNSPECIFIED.);
#192=B_SPLINE_CURVE_WITH_KNOTS('',3,(#3855,#3856,#3857,#3858,#3859,#3860,
#3861),.UNSPECIFIED.,.F.,.F.,(4,3,4),(0.0730103897162876,0.101242212145415,
0.102599188277625),.UNSPECIFIED.);
#193=B_SPLINE_CURVE_WITH_KNOTS('',3,(#3863,#3864,#3865,#3866,#3867,#3868,
#3869,#3870,#3871,#3872),.UNSPECIFIED.,.F.,.F.,(4,3,3,4),(-0.0701047195996117,
-0.0697907566264139,-0.0404493103257523,-0.0213829832233262),
 .UNSPECIFIED.);
#194=B_SPLINE_CURVE_WITH_KNOTS('',3,(#3873,#3874,#3875,#3876,#3877),
 .UNSPECIFIED.,.F.,.F.,(4,1,4),(-1.88979573174731,-1.6739860614262,-1.49018585537464),
 .UNSPECIFIED.);
#195=B_SPLINE_CURVE_WITH_KNOTS('',3,(#3992,#3993,#3994,#3995,#3996,#3997,
#3998,#3999,#4000,#4001,#4002,#4003,#4004),.UNSPECIFIED.,.F.,.F.,(4,3,3,
3,4),(-0.2540344343924,-0.253065684569277,-0.231993686640379,-0.211052778996625,
-0.193406508312874),.UNSPECIFIED.);
#196=B_SPLINE_CURVE_WITH_KNOTS('',3,(#4006,#4007,#4008,#4009),
 .UNSPECIFIED.,.F.,.F.,(4,4),(-0.6060057011665,-0.522109536004074),
 .UNSPECIFIED.);
#197=B_SPLINE_CURVE_WITH_KNOTS('',3,(#4017,#4018,#4019,#4020),
 .UNSPECIFIED.,.F.,.F.,(4,4),(-1.57728072643578,-0.122039774713444),
 .UNSPECIFIED.);
#198=B_SPLINE_CURVE_WITH_KNOTS('',3,(#4023,#4024,#4025,#4026),
 .UNSPECIFIED.,.F.,.F.,(4,4),(-1.70724429045309,-0.252003276874742),
 .UNSPECIFIED.);
#199=B_SPLINE_CURVE_WITH_KNOTS('',3,(#4032,#4033,#4034,#4035),
 .UNSPECIFIED.,.F.,.F.,(4,4),(-0.00962958330436467,0.0133488226968477),
 .UNSPECIFIED.);
#200=B_SPLINE_CURVE_WITH_KNOTS('',3,(#4075,#4076,#4077,#4078,#4079,#4080,
#4081,#4082,#4083,#4084,#4085,#4086,#4087,#4088,#4089,#4090,#4091,#4092,
#4093,#4094,#4095,#4096,#4097,#4098,#4099,#4100,#4101,#4102,#4103,#4104,
#4105,#4106,#4107,#4108),.UNSPECIFIED.,.F.,.F.,(4,3,3,3,3,3,3,3,3,3,3,4),
(-0.0266976071630131,-0.0258296690794561,-0.0238973567094614,-0.0204643612261842,
-0.0173571934941169,-0.0169941485469977,-0.0129140600706207,-0.011528816769839,
-0.0069274267602175,-0.00648404101590748,-0.00131982582784181,0.),
 .UNSPECIFIED.);
#201=B_SPLINE_CURVE_WITH_KNOTS('',3,(#4111,#4112,#4113,#4114),
 .UNSPECIFIED.,.F.,.F.,(4,4),(0.0106551604275794,0.0140102964924253),
 .UNSPECIFIED.);
#202=B_SPLINE_CURVE_WITH_KNOTS('',3,(#4133,#4134,#4135,#4136),
 .UNSPECIFIED.,.F.,.F.,(4,4),(-0.0345439752513165,-0.01347290469787),
 .UNSPECIFIED.);
#203=B_SPLINE_CURVE_WITH_KNOTS('',3,(#4168,#4169,#4170,#4171,#4172,#4173,
#4174,#4175,#4176,#4177,#4178,#4179,#4180),.UNSPECIFIED.,.F.,.F.,(4,3,3,
3,4),(-0.191109349041591,-0.168742867071552,-0.146376385101512,-0.101643421161434,
-0.0345439752513165),.UNSPECIFIED.);
#204=B_SPLINE_CURVE_WITH_KNOTS('',3,(#4181,#4182,#4183,#4184,#4185,#4186,
#4187),.UNSPECIFIED.,.F.,.F.,(4,1,1,1,4),(-0.347861648019226,-0.199859937195192,
-0.10119212997917,-0.0518582263711589,-0.00252432276314774),
 .UNSPECIFIED.);
#205=B_SPLINE_CURVE_WITH_KNOTS('',3,(#4212,#4213,#4214,#4215,#4216,#4217),
 .UNSPECIFIED.,.F.,.F.,(4,2,4),(0.752713847425936,0.754981044293527,0.7559083422195),
 .UNSPECIFIED.);
#206=B_SPLINE_CURVE_WITH_KNOTS('',3,(#4218,#4219,#4220,#4221,#4222,#4223),
 .UNSPECIFIED.,.F.,.F.,(4,2,4),(-0.7559083422195,-0.754981044293527,-0.752713847425936),
 .UNSPECIFIED.);
#207=B_SPLINE_CURVE_WITH_KNOTS('',3,(#4266,#4267,#4268,#4269,#4270,#4271,
#4272),.UNSPECIFIED.,.F.,.F.,(4,3,4),(-0.361169240920552,-0.358142908024581,
-0.338342882441493),.UNSPECIFIED.);
#208=B_SPLINE_CURVE_WITH_KNOTS('',3,(#4273,#4274,#4275,#4276,#4277),
 .UNSPECIFIED.,.F.,.F.,(4,1,4),(-0.6994659830438,-0.515698923729066,-0.299902603182776),
 .UNSPECIFIED.);
#209=B_SPLINE_CURVE_WITH_KNOTS('',3,(#4279,#4280,#4281,#4282,#4283,#4284,
#4285),.UNSPECIFIED.,.F.,.F.,(4,3,4),(-0.0282560685493622,-5.55111512312578E-17,
0.00134252229833255),.UNSPECIFIED.);
#210=B_SPLINE_CURVE_WITH_KNOTS('',3,(#4287,#4288,#4289,#4290,#4291,#4292,
#4293,#4294),.UNSPECIFIED.,.F.,.F.,(4,1,1,1,1,4),(0.299903379190718,0.515698923729066,
0.757513825071611,0.999328726414156,1.48295852909925,1.90005315056141),
 .UNSPECIFIED.);
#211=B_SPLINE_CURVE_WITH_KNOTS('',3,(#4296,#4297,#4298,#4299,#4300,#4301),
 .UNSPECIFIED.,.F.,.F.,(4,2,4),(-0.194102136365932,-0.193086082811445,-0.104453564996463),
 .UNSPECIFIED.);
#212=B_SPLINE_CURVE_WITH_KNOTS('',3,(#4303,#4304,#4305,#4306,#4307,#4308),
 .UNSPECIFIED.,.F.,.F.,(4,2,4),(-0.190530840465617,-0.18968633349049,-0.0917987664813106),
 .UNSPECIFIED.);
#213=B_SPLINE_CURVE_WITH_KNOTS('',3,(#4310,#4311,#4312,#4313,#4314),
 .UNSPECIFIED.,.F.,.F.,(4,1,4),(-1.90005332636681,-1.48295852909925,-1.06886864899847),
 .UNSPECIFIED.);
#214=B_SPLINE_CURVE_WITH_KNOTS('',3,(#4315,#4316,#4317,#4318,#4319,#4320,
#4321,#4322,#4323,#4324,#4325,#4326,#4327,#4328,#4329,#4330,#4331,#4332,
#4333,#4334,#4335,#4336,#4337,#4338,#4339,#4340,#4341,#4342,#4343,#4344,
#4345,#4346,#4347,#4348,#4349,#4350,#4351,#4352,#4353,#4354,#4355,#4356,
#4357),.UNSPECIFIED.,.F.,.F.,(4,3,3,3,3,3,3,3,3,3,3,3,3,3,4),(-0.338217927204257,
-0.303211501376709,-0.278464672620271,-0.251273699598283,-0.228082613581595,
-0.214874560379527,-0.203445473493274,-0.189428978312631,-0.16319998319896,
-0.116981832968753,-0.0665381254998357,-0.0635613073712963,-0.0139195526963942,
0.,0.00573743717498121),.UNSPECIFIED.);
#215=B_SPLINE_CURVE_WITH_KNOTS('',3,(#4365,#4366,#4367,#4368,#4369,#4370,
#4371,#4372,#4373,#4374,#4375,#4376,#4377,#4378,#4379,#4380,#4381,#4382,
#4383,#4384,#4385,#4386,#4387,#4388,#4389,#4390,#4391,#4392,#4393,#4394,
#4395,#4396,#4397,#4398,#4399,#4400,#4401,#4402,#4403,#4404,#4405,#4406,
#4407,#4408,#4409,#4410,#4411,#4412,#4413),.UNSPECIFIED.,.F.,.F.,(4,3,3,
3,3,3,3,3,3,3,3,3,3,3,3,3,4),(-0.404083302988821,-0.373365304629179,-0.355332770855208,
-0.324684690051568,-0.293703113454152,-0.262855142596857,-0.239157166626105,
-0.207823673061861,-0.201902693135166,-0.171607526282533,-0.140655105279694,
-0.120146128629101,-0.0889534860627431,-0.0575755838771984,-0.0266410859658308,
0.,0.000904492790245587),.UNSPECIFIED.);
#216=B_SPLINE_CURVE_WITH_KNOTS('',3,(#4435,#4436,#4437,#4438),
 .UNSPECIFIED.,.F.,.F.,(4,4),(0.0852551443022066,0.700420828574653),
 .UNSPECIFIED.);
#217=B_SPLINE_CURVE_WITH_KNOTS('',3,(#4440,#4441,#4442,#4443,#4444,#4445,
#4446,#4447),.UNSPECIFIED.,.F.,.F.,(4,2,2,4),(-0.303105185273663,-0.301890191684443,
-0.142474657711055,-0.0994386516562766),.UNSPECIFIED.);
#218=B_SPLINE_CURVE_WITH_KNOTS('',3,(#4448,#4449,#4450,#4451,#4452,#4453,
#4454,#4455,#4456,#4457,#4458,#4459,#4460,#4461,#4462,#4463,#4464,#4465,
#4466,#4467,#4468,#4469,#4470,#4471,#4472,#4473,#4474,#4475,#4476,#4477,
#4478,#4479,#4480,#4481,#4482,#4483,#4484,#4485,#4486,#4487),
 .UNSPECIFIED.,.F.,.F.,(4,3,3,3,3,3,3,3,3,3,3,3,3,4),(0.134372629694112,
0.164730662991203,0.196391561816839,0.224068103006383,0.24426280537879,
0.275328832103597,0.280139978394263,0.31246810859048,0.346157828032292,
0.362235467995436,0.397153200400294,0.432449178257969,0.446657692944575,
0.44756500736822),.UNSPECIFIED.);
#219=B_SPLINE_CURVE_WITH_KNOTS('',3,(#4504,#4505,#4506,#4507),
 .UNSPECIFIED.,.F.,.F.,(4,4),(0.251998801247354,1.70724412156177),
 .UNSPECIFIED.);
#220=B_SPLINE_CURVE_WITH_KNOTS('',3,(#4528,#4529,#4530,#4531,#4532,#4533,
#4534,#4535,#4536,#4537,#4538,#4539,#4540,#4541,#4542,#4543,#4544,#4545,
#4546,#4547,#4548,#4549,#4550,#4551,#4552,#4553,#4554,#4555,#4556,#4557,
#4558),.UNSPECIFIED.,.F.,.F.,(4,3,3,3,3,3,3,3,3,3,4),(-0.000999860103650912,
3.51281503885303E-17,0.0387747871593569,0.0765093276371617,0.105755439860685,
0.14207801030246,0.175825015961133,0.178400580744235,0.206747693922642,
0.240042920800172,0.244082759216639),.UNSPECIFIED.);
#221=B_SPLINE_CURVE_WITH_KNOTS('',3,(#4560,#4561,#4562,#4563,#4564,#4565,
#4566,#4567,#4568,#4569,#4570,#4571,#4572,#4573,#4574,#4575,#4576,#4577,
#4578,#4579,#4580,#4581,#4582,#4583,#4584,#4585,#4586,#4587,#4588,#4589,
#4590,#4591,#4592,#4593,#4594,#4595,#4596,#4597,#4598,#4599,#4600,#4601,
#4602,#4603,#4604,#4605,#4606,#4607,#4608,#4609,#4610,#4611),
 .UNSPECIFIED.,.F.,.F.,(4,3,3,3,3,3,3,3,3,3,3,3,3,3,3,3,3,4),(-0.429786100915591,
-0.399706614279556,-0.369194363990875,-0.338526997438744,-0.334604782478525,
-0.303926534188159,-0.273139207058396,-0.242808152251808,-0.222264182044479,
-0.190188492378406,-0.159930937973699,-0.129294461791963,-0.104860762360439,
-0.0742201798159724,-0.0435444197555064,-0.0134053914521989,0.,0.00207132971839751),
 .UNSPECIFIED.);
#222=B_SPLINE_CURVE_WITH_KNOTS('',3,(#4633,#4634,#4635,#4636),
 .UNSPECIFIED.,.F.,.F.,(4,4),(0.12203994360515,1.57728520170527),
 .UNSPECIFIED.);
#223=B_SPLINE_CURVE_WITH_KNOTS('',3,(#4638,#4639,#4640,#4641,#4642,#4643,
#4644,#4645,#4646,#4647,#4648,#4649,#4650,#4651,#4652,#4653,#4654,#4655,
#4656),.UNSPECIFIED.,.F.,.F.,(4,3,3,3,3,3,4),(-0.00122532062550665,6.93889390390723E-18,
0.047659628946239,0.0931687385201356,0.129289508102502,0.168342496407843,
0.203444596199448),.UNSPECIFIED.);
#224=B_SPLINE_CURVE_WITH_KNOTS('',3,(#4657,#4658,#4659,#4660,#4661,#4662,
#4663,#4664),.UNSPECIFIED.,.F.,.F.,(4,2,2,4),(-0.38842244668058,-0.387428005998154,
-0.239601782637462,-0.144246192827184),.UNSPECIFIED.);
#225=B_SPLINE_CURVE_WITH_KNOTS('',3,(#4666,#4667,#4668,#4669),
 .UNSPECIFIED.,.F.,.F.,(4,4),(-0.192257101685761,-0.191109349041591),
 .UNSPECIFIED.);
#226=B_SPLINE_CURVE_WITH_KNOTS('',3,(#4691,#4692,#4693,#4694,#4695,#4696,
#4697,#4698,#4699,#4700),.UNSPECIFIED.,.F.,.F.,(4,2,2,2,4),(-0.313726116994596,
-0.224600637217788,-0.114572077313549,0.,0.000907465491564363),
 .UNSPECIFIED.);
#227=B_SPLINE_CURVE_WITH_KNOTS('',3,(#4721,#4722,#4723,#4724),
 .UNSPECIFIED.,.F.,.F.,(4,4),(0.189454530011312,0.804620214832775),
 .UNSPECIFIED.);
#228=FACE_OUTER_BOUND('',#340,.T.);
#229=FACE_OUTER_BOUND('',#341,.T.);
#230=FACE_OUTER_BOUND('',#342,.T.);
#231=FACE_OUTER_BOUND('',#343,.T.);
#232=FACE_OUTER_BOUND('',#344,.T.);
#233=FACE_OUTER_BOUND('',#345,.T.);
#234=FACE_OUTER_BOUND('',#346,.T.);
#235=FACE_OUTER_BOUND('',#347,.T.);
#236=FACE_OUTER_BOUND('',#348,.T.);
#237=FACE_OUTER_BOUND('',#349,.T.);
#238=FACE_OUTER_BOUND('',#350,.T.);
#239=FACE_OUTER_BOUND('',#351,.T.);
#240=FACE_OUTER_BOUND('',#352,.T.);
#241=FACE_OUTER_BOUND('',#353,.T.);
#242=FACE_OUTER_BOUND('',#354,.T.);
#243=FACE_OUTER_BOUND('',#355,.T.);
#244=FACE_OUTER_BOUND('',#356,.T.);
#245=FACE_OUTER_BOUND('',#357,.T.);
#246=FACE_OUTER_BOUND('',#358,.T.);
#247=FACE_OUTER_BOUND('',#359,.T.);
#248=FACE_OUTER_BOUND('',#360,.T.);
#249=FACE_OUTER_BOUND('',#361,.T.);
#250=FACE_OUTER_BOUND('',#362,.T.);
#251=FACE_OUTER_BOUND('',#363,.T.);
#252=FACE_OUTER_BOUND('',#364,.T.);
#253=FACE_OUTER_BOUND('',#365,.T.);
#254=FACE_OUTER_BOUND('',#366,.T.);
#255=FACE_OUTER_BOUND('',#367,.T.);
#256=FACE_OUTER_BOUND('',#368,.T.);
#257=FACE_OUTER_BOUND('',#370,.T.);
#258=FACE_OUTER_BOUND('',#371,.T.);
#259=FACE_OUTER_BOUND('',#372,.T.);
#260=FACE_OUTER_BOUND('',#374,.T.);
#261=FACE_OUTER_BOUND('',#375,.T.);
#262=FACE_OUTER_BOUND('',#377,.T.);
#263=FACE_OUTER_BOUND('',#378,.T.);
#264=FACE_OUTER_BOUND('',#379,.T.);
#265=FACE_OUTER_BOUND('',#381,.T.);
#266=FACE_OUTER_BOUND('',#382,.T.);
#267=FACE_OUTER_BOUND('',#384,.T.);
#268=FACE_OUTER_BOUND('',#385,.T.);
#269=FACE_OUTER_BOUND('',#386,.T.);
#270=FACE_OUTER_BOUND('',#387,.T.);
#271=FACE_OUTER_BOUND('',#388,.T.);
#272=FACE_OUTER_BOUND('',#389,.T.);
#273=FACE_OUTER_BOUND('',#390,.T.);
#274=FACE_OUTER_BOUND('',#391,.T.);
#275=FACE_OUTER_BOUND('',#392,.T.);
#276=FACE_OUTER_BOUND('',#393,.T.);
#277=FACE_OUTER_BOUND('',#394,.T.);
#278=FACE_OUTER_BOUND('',#395,.T.);
#279=FACE_OUTER_BOUND('',#396,.T.);
#280=FACE_OUTER_BOUND('',#397,.T.);
#281=FACE_OUTER_BOUND('',#398,.T.);
#282=FACE_OUTER_BOUND('',#400,.T.);
#283=FACE_OUTER_BOUND('',#401,.T.);
#284=FACE_OUTER_BOUND('',#402,.T.);
#285=FACE_OUTER_BOUND('',#403,.T.);
#286=FACE_OUTER_BOUND('',#404,.T.);
#287=FACE_OUTER_BOUND('',#405,.T.);
#288=FACE_OUTER_BOUND('',#406,.T.);
#289=FACE_OUTER_BOUND('',#407,.T.);
#290=FACE_OUTER_BOUND('',#408,.T.);
#291=FACE_OUTER_BOUND('',#409,.T.);
#292=FACE_OUTER_BOUND('',#411,.T.);
#293=FACE_OUTER_BOUND('',#412,.T.);
#294=FACE_OUTER_BOUND('',#413,.T.);
#295=FACE_OUTER_BOUND('',#414,.T.);
#296=FACE_OUTER_BOUND('',#415,.T.);
#297=FACE_OUTER_BOUND('',#417,.T.);
#298=FACE_OUTER_BOUND('',#418,.T.);
#299=FACE_OUTER_BOUND('',#419,.T.);
#300=FACE_OUTER_BOUND('',#420,.T.);
#301=FACE_OUTER_BOUND('',#421,.T.);
#302=FACE_OUTER_BOUND('',#422,.T.);
#303=FACE_OUTER_BOUND('',#423,.T.);
#304=FACE_OUTER_BOUND('',#424,.T.);
#305=FACE_OUTER_BOUND('',#425,.T.);
#306=FACE_OUTER_BOUND('',#426,.T.);
#307=FACE_OUTER_BOUND('',#427,.T.);
#308=FACE_OUTER_BOUND('',#428,.T.);
#309=FACE_OUTER_BOUND('',#429,.T.);
#310=FACE_OUTER_BOUND('',#430,.T.);
#311=FACE_OUTER_BOUND('',#431,.T.);
#312=FACE_OUTER_BOUND('',#432,.T.);
#313=FACE_OUTER_BOUND('',#433,.T.);
#314=FACE_OUTER_BOUND('',#434,.T.);
#315=FACE_OUTER_BOUND('',#435,.T.);
#316=FACE_OUTER_BOUND('',#436,.T.);
#317=FACE_OUTER_BOUND('',#437,.T.);
#318=FACE_OUTER_BOUND('',#438,.T.);
#319=FACE_OUTER_BOUND('',#439,.T.);
#320=FACE_OUTER_BOUND('',#440,.T.);
#321=FACE_OUTER_BOUND('',#441,.T.);
#322=FACE_OUTER_BOUND('',#442,.T.);
#323=FACE_OUTER_BOUND('',#443,.T.);
#324=FACE_OUTER_BOUND('',#444,.T.);
#325=FACE_OUTER_BOUND('',#445,.T.);
#326=FACE_OUTER_BOUND('',#446,.T.);
#327=FACE_OUTER_BOUND('',#447,.T.);
#328=FACE_OUTER_BOUND('',#448,.T.);
#329=FACE_OUTER_BOUND('',#449,.T.);
#330=FACE_OUTER_BOUND('',#450,.T.);
#331=FACE_OUTER_BOUND('',#451,.T.);
#332=FACE_OUTER_BOUND('',#452,.T.);
#333=FACE_OUTER_BOUND('',#453,.T.);
#334=FACE_OUTER_BOUND('',#454,.T.);
#335=FACE_OUTER_BOUND('',#455,.T.);
#336=FACE_OUTER_BOUND('',#456,.T.);
#337=FACE_OUTER_BOUND('',#457,.T.);
#338=FACE_OUTER_BOUND('',#458,.T.);
#339=FACE_OUTER_BOUND('',#459,.T.);
#340=EDGE_LOOP('',(#1158,#1159,#1160,#1161));
#341=EDGE_LOOP('',(#1162,#1163,#1164,#1165,#1166));
#342=EDGE_LOOP('',(#1167,#1168,#1169));
#343=EDGE_LOOP('',(#1170,#1171,#1172,#1173,#1174));
#344=EDGE_LOOP('',(#1175,#1176,#1177));
#345=EDGE_LOOP('',(#1178,#1179,#1180,#1181));
#346=EDGE_LOOP('',(#1182,#1183,#1184,#1185,#1186,#1187,#1188,#1189,#1190));
#347=EDGE_LOOP('',(#1191,#1192,#1193,#1194));
#348=EDGE_LOOP('',(#1195,#1196,#1197,#1198));
#349=EDGE_LOOP('',(#1199,#1200,#1201,#1202));
#350=EDGE_LOOP('',(#1203,#1204,#1205,#1206));
#351=EDGE_LOOP('',(#1207,#1208,#1209,#1210));
#352=EDGE_LOOP('',(#1211,#1212,#1213,#1214));
#353=EDGE_LOOP('',(#1215,#1216,#1217,#1218,#1219,#1220,#1221,#1222,#1223,
#1224,#1225,#1226));
#354=EDGE_LOOP('',(#1227,#1228,#1229,#1230));
#355=EDGE_LOOP('',(#1231,#1232,#1233,#1234));
#356=EDGE_LOOP('',(#1235,#1236,#1237,#1238));
#357=EDGE_LOOP('',(#1239,#1240,#1241,#1242));
#358=EDGE_LOOP('',(#1243,#1244,#1245,#1246));
#359=EDGE_LOOP('',(#1247,#1248,#1249,#1250));
#360=EDGE_LOOP('',(#1251,#1252,#1253));
#361=EDGE_LOOP('',(#1254,#1255,#1256,#1257,#1258,#1259,#1260));
#362=EDGE_LOOP('',(#1261,#1262,#1263,#1264));
#363=EDGE_LOOP('',(#1265,#1266,#1267,#1268,#1269,#1270,#1271,#1272));
#364=EDGE_LOOP('',(#1273,#1274,#1275,#1276,#1277));
#365=EDGE_LOOP('',(#1278,#1279,#1280));
#366=EDGE_LOOP('',(#1281,#1282,#1283,#1284));
#367=EDGE_LOOP('',(#1285,#1286,#1287,#1288));
#368=EDGE_LOOP('',(#1289));
#369=EDGE_LOOP('',(#1290));
#370=EDGE_LOOP('',(#1291,#1292,#1293,#1294));
#371=EDGE_LOOP('',(#1295,#1296,#1297,#1298));
#372=EDGE_LOOP('',(#1299));
#373=EDGE_LOOP('',(#1300));
#374=EDGE_LOOP('',(#1301,#1302,#1303,#1304,#1305));
#375=EDGE_LOOP('',(#1306,#1307,#1308,#1309,#1310,#1311));
#376=EDGE_LOOP('',(#1312));
#377=EDGE_LOOP('',(#1313,#1314,#1315,#1316,#1317));
#378=EDGE_LOOP('',(#1318,#1319,#1320,#1321));
#379=EDGE_LOOP('',(#1322,#1323,#1324,#1325,#1326,#1327,#1328,#1329,#1330,
#1331));
#380=EDGE_LOOP('',(#1332));
#381=EDGE_LOOP('',(#1333,#1334,#1335,#1336));
#382=EDGE_LOOP('',(#1337,#1338,#1339,#1340,#1341,#1342));
#383=EDGE_LOOP('',(#1343));
#384=EDGE_LOOP('',(#1344,#1345,#1346));
#385=EDGE_LOOP('',(#1347,#1348,#1349,#1350));
#386=EDGE_LOOP('',(#1351,#1352,#1353,#1354));
#387=EDGE_LOOP('',(#1355,#1356,#1357));
#388=EDGE_LOOP('',(#1358,#1359,#1360,#1361));
#389=EDGE_LOOP('',(#1362,#1363,#1364,#1365));
#390=EDGE_LOOP('',(#1366,#1367,#1368,#1369,#1370,#1371));
#391=EDGE_LOOP('',(#1372,#1373,#1374,#1375));
#392=EDGE_LOOP('',(#1376,#1377,#1378,#1379));
#393=EDGE_LOOP('',(#1380,#1381,#1382));
#394=EDGE_LOOP('',(#1383,#1384,#1385,#1386));
#395=EDGE_LOOP('',(#1387,#1388,#1389));
#396=EDGE_LOOP('',(#1390,#1391,#1392,#1393));
#397=EDGE_LOOP('',(#1394,#1395,#1396,#1397,#1398));
#398=EDGE_LOOP('',(#1399,#1400,#1401,#1402));
#399=EDGE_LOOP('',(#1403));
#400=EDGE_LOOP('',(#1404,#1405,#1406,#1407,#1408));
#401=EDGE_LOOP('',(#1409,#1410,#1411,#1412,#1413,#1414,#1415,#1416,#1417));
#402=EDGE_LOOP('',(#1418,#1419,#1420,#1421,#1422,#1423,#1424,#1425));
#403=EDGE_LOOP('',(#1426,#1427,#1428,#1429,#1430));
#404=EDGE_LOOP('',(#1431,#1432,#1433,#1434,#1435,#1436));
#405=EDGE_LOOP('',(#1437,#1438,#1439,#1440,#1441,#1442));
#406=EDGE_LOOP('',(#1443,#1444,#1445,#1446));
#407=EDGE_LOOP('',(#1447,#1448,#1449,#1450,#1451));
#408=EDGE_LOOP('',(#1452,#1453,#1454,#1455,#1456));
#409=EDGE_LOOP('',(#1457,#1458,#1459,#1460,#1461,#1462,#1463,#1464));
#410=EDGE_LOOP('',(#1465));
#411=EDGE_LOOP('',(#1466,#1467,#1468,#1469,#1470,#1471));
#412=EDGE_LOOP('',(#1472,#1473,#1474,#1475,#1476,#1477));
#413=EDGE_LOOP('',(#1478,#1479,#1480,#1481,#1482,#1483));
#414=EDGE_LOOP('',(#1484,#1485));
#415=EDGE_LOOP('',(#1486,#1487,#1488,#1489,#1490,#1491,#1492,#1493));
#416=EDGE_LOOP('',(#1494));
#417=EDGE_LOOP('',(#1495,#1496,#1497,#1498,#1499));
#418=EDGE_LOOP('',(#1500,#1501,#1502,#1503,#1504));
#419=EDGE_LOOP('',(#1505,#1506,#1507,#1508));
#420=EDGE_LOOP('',(#1509,#1510,#1511,#1512,#1513,#1514));
#421=EDGE_LOOP('',(#1515,#1516,#1517,#1518,#1519));
#422=EDGE_LOOP('',(#1520,#1521,#1522,#1523,#1524,#1525));
#423=EDGE_LOOP('',(#1526,#1527,#1528,#1529));
#424=EDGE_LOOP('',(#1530,#1531,#1532,#1533,#1534));
#425=EDGE_LOOP('',(#1535,#1536,#1537));
#426=EDGE_LOOP('',(#1538,#1539,#1540,#1541,#1542,#1543,#1544,#1545,#1546,
#1547,#1548,#1549,#1550,#1551,#1552));
#427=EDGE_LOOP('',(#1553,#1554,#1555,#1556,#1557));
#428=EDGE_LOOP('',(#1558,#1559,#1560,#1561,#1562,#1563));
#429=EDGE_LOOP('',(#1564,#1565,#1566,#1567,#1568,#1569,#1570));
#430=EDGE_LOOP('',(#1571,#1572,#1573,#1574,#1575,#1576,#1577,#1578));
#431=EDGE_LOOP('',(#1579,#1580,#1581,#1582,#1583));
#432=EDGE_LOOP('',(#1584,#1585,#1586,#1587,#1588));
#433=EDGE_LOOP('',(#1589,#1590,#1591,#1592));
#434=EDGE_LOOP('',(#1593,#1594,#1595,#1596));
#435=EDGE_LOOP('',(#1597,#1598,#1599,#1600));
#436=EDGE_LOOP('',(#1601,#1602,#1603));
#437=EDGE_LOOP('',(#1604,#1605,#1606,#1607,#1608,#1609));
#438=EDGE_LOOP('',(#1610,#1611,#1612,#1613,#1614,#1615,#1616,#1617));
#439=EDGE_LOOP('',(#1618,#1619,#1620,#1621));
#440=EDGE_LOOP('',(#1622,#1623,#1624,#1625,#1626,#1627));
#441=EDGE_LOOP('',(#1628,#1629,#1630,#1631,#1632,#1633,#1634,#1635,#1636));
#442=EDGE_LOOP('',(#1637,#1638,#1639));
#443=EDGE_LOOP('',(#1640,#1641,#1642,#1643,#1644,#1645,#1646));
#444=EDGE_LOOP('',(#1647,#1648,#1649,#1650,#1651));
#445=EDGE_LOOP('',(#1652,#1653,#1654,#1655,#1656,#1657));
#446=EDGE_LOOP('',(#1658,#1659,#1660,#1661,#1662,#1663));
#447=EDGE_LOOP('',(#1664,#1665,#1666));
#448=EDGE_LOOP('',(#1667,#1668,#1669,#1670,#1671,#1672));
#449=EDGE_LOOP('',(#1673,#1674,#1675,#1676,#1677,#1678,#1679,#1680));
#450=EDGE_LOOP('',(#1681,#1682,#1683,#1684,#1685,#1686));
#451=EDGE_LOOP('',(#1687,#1688,#1689));
#452=EDGE_LOOP('',(#1690,#1691,#1692,#1693,#1694,#1695,#1696,#1697,#1698));
#453=EDGE_LOOP('',(#1699,#1700,#1701,#1702,#1703,#1704));
#454=EDGE_LOOP('',(#1705,#1706,#1707,#1708,#1709,#1710));
#455=EDGE_LOOP('',(#1711,#1712,#1713));
#456=EDGE_LOOP('',(#1714,#1715,#1716,#1717));
#457=EDGE_LOOP('',(#1718,#1719,#1720,#1721));
#458=EDGE_LOOP('',(#1722,#1723,#1724,#1725));
#459=EDGE_LOOP('',(#1726));
#460=EDGE_LOOP('',(#1727));
#461=LINE('',#2573,#549);
#462=LINE('',#2576,#550);
#463=LINE('',#2586,#551);
#464=LINE('',#2626,#552);
#465=LINE('',#2665,#553);
#466=LINE('',#2668,#554);
#467=LINE('',#2671,#555);
#468=LINE('',#2673,#556);
#469=LINE('',#2675,#557);
#470=LINE('',#2678,#558);
#471=LINE('',#2681,#559);
#472=LINE('',#2887,#560);
#473=LINE('',#2953,#561);
#474=LINE('',#3224,#562);
#475=LINE('',#3229,#563);
#476=LINE('',#3232,#564);
#477=LINE('',#3233,#565);
#478=LINE('',#3254,#566);
#479=LINE('',#3261,#567);
#480=LINE('',#3276,#568);
#481=LINE('',#3285,#569);
#482=LINE('',#3298,#570);
#483=LINE('',#3316,#571);
#484=LINE('',#3323,#572);
#485=LINE('',#3329,#573);
#486=LINE('',#3332,#574);
#487=LINE('',#3341,#575);
#488=LINE('',#3343,#576);
#489=LINE('',#3360,#577);
#490=LINE('',#3362,#578);
#491=LINE('',#3364,#579);
#492=LINE('',#3366,#580);
#493=LINE('',#3367,#581);
#494=LINE('',#3374,#582);
#495=LINE('',#3402,#583);
#496=LINE('',#3404,#584);
#497=LINE('',#3405,#585);
#498=LINE('',#3532,#586);
#499=LINE('',#3535,#587);
#500=LINE('',#3604,#588);
#501=LINE('',#3730,#589);
#502=LINE('',#3731,#590);
#503=LINE('',#3734,#591);
#504=LINE('',#3737,#592);
#505=LINE('',#3740,#593);
#506=LINE('',#3741,#594);
#507=LINE('',#3752,#595);
#508=LINE('',#3753,#596);
#509=LINE('',#3886,#597);
#510=LINE('',#3891,#598);
#511=LINE('',#3895,#599);
#512=LINE('',#3896,#600);
#513=LINE('',#3901,#601);
#514=LINE('',#3904,#602);
#515=LINE('',#3907,#603);
#516=LINE('',#3908,#604);
#517=LINE('',#3916,#605);
#518=LINE('',#3925,#606);
#519=LINE('',#3930,#607);
#520=LINE('',#3932,#608);
#521=LINE('',#3933,#609);
#522=LINE('',#3940,#610);
#523=LINE('',#3945,#611);
#524=LINE('',#3948,#612);
#525=LINE('',#3954,#613);
#526=LINE('',#3955,#614);
#527=LINE('',#3964,#615);
#528=LINE('',#3968,#616);
#529=LINE('',#3970,#617);
#530=LINE('',#4012,#618);
#531=LINE('',#4015,#619);
#532=LINE('',#4022,#620);
#533=LINE('',#4028,#621);
#534=LINE('',#4030,#622);
#535=LINE('',#4037,#623);
#536=LINE('',#4039,#624);
#537=LINE('',#4040,#625);
#538=LINE('',#4044,#626);
#539=LINE('',#4226,#627);
#540=LINE('',#4227,#628);
#541=LINE('',#4229,#629);
#542=LINE('',#4231,#630);
#543=LINE('',#4359,#631);
#544=LINE('',#4361,#632);
#545=LINE('',#4363,#633);
#546=LINE('',#4742,#634);
#547=LINE('',#4744,#635);
#548=LINE('',#4748,#636);
#549=VECTOR('',#2099,10.);
#550=VECTOR('',#2102,10.);
#551=VECTOR('',#2105,10.);
#552=VECTOR('',#2118,10.);
#553=VECTOR('',#2123,10.);
#554=VECTOR('',#2126,10.);
#555=VECTOR('',#2129,10.);
#556=VECTOR('',#2130,10.);
#557=VECTOR('',#2131,10.);
#558=VECTOR('',#2134,10.);
#559=VECTOR('',#2137,10.);
#560=VECTOR('',#2160,10.);
#561=VECTOR('',#2161,10.);
#562=VECTOR('',#2190,10.);
#563=VECTOR('',#2195,10.);
#564=VECTOR('',#2198,10.);
#565=VECTOR('',#2199,10.);
#566=VECTOR('',#2204,10.);
#567=VECTOR('',#2213,10.);
#568=VECTOR('',#2216,10.);
#569=VECTOR('',#2227,3.);
#570=VECTOR('',#2244,3.);
#571=VECTOR('',#2265,10.);
#572=VECTOR('',#2266,10.);
#573=VECTOR('',#2267,10.);
#574=VECTOR('',#2270,1.8);
#575=VECTOR('',#2281,10.);
#576=VECTOR('',#2282,10.);
#577=VECTOR('',#2283,10.);
#578=VECTOR('',#2284,10.);
#579=VECTOR('',#2285,10.);
#580=VECTOR('',#2286,10.);
#581=VECTOR('',#2287,10.);
#582=VECTOR('',#2296,10.);
#583=VECTOR('',#2297,1.8);
#584=VECTOR('',#2298,10.);
#585=VECTOR('',#2299,10.);
#586=VECTOR('',#2322,10.);
#587=VECTOR('',#2325,10.);
#588=VECTOR('',#2328,10.);
#589=VECTOR('',#2351,10.);
#590=VECTOR('',#2352,10.);
#591=VECTOR('',#2355,10.);
#592=VECTOR('',#2358,10.);
#593=VECTOR('',#2361,10.);
#594=VECTOR('',#2362,10.);
#595=VECTOR('',#2367,10.);
#596=VECTOR('',#2368,10.);
#597=VECTOR('',#2379,10.);
#598=VECTOR('',#2386,10.);
#599=VECTOR('',#2391,10.);
#600=VECTOR('',#2392,10.);
#601=VECTOR('',#2397,10.);
#602=VECTOR('',#2402,10.);
#603=VECTOR('',#2405,10.);
#604=VECTOR('',#2406,10.);
#605=VECTOR('',#2415,10.);
#606=VECTOR('',#2428,10.);
#607=VECTOR('',#2435,10.);
#608=VECTOR('',#2436,10.);
#609=VECTOR('',#2437,10.);
#610=VECTOR('',#2444,10.);
#611=VECTOR('',#2449,10.);
#612=VECTOR('',#2452,10.);
#613=VECTOR('',#2459,10.);
#614=VECTOR('',#2460,10.);
#615=VECTOR('',#2473,10.);
#616=VECTOR('',#2478,10.);
#617=VECTOR('',#2481,10.);
#618=VECTOR('',#2486,10.);
#619=VECTOR('',#2489,10.);
#620=VECTOR('',#2490,10.);
#621=VECTOR('',#2491,10.);
#622=VECTOR('',#2492,1.8);
#623=VECTOR('',#2493,10.);
#624=VECTOR('',#2494,10.);
#625=VECTOR('',#2495,1.8);
#626=VECTOR('',#2502,10.);
#627=VECTOR('',#2529,10.);
#628=VECTOR('',#2530,10.);
#629=VECTOR('',#2533,10.);
#630=VECTOR('',#2536,10.);
#631=VECTOR('',#2539,10.);
#632=VECTOR('',#2542,10.);
#633=VECTOR('',#2545,10.);
#634=VECTOR('',#2556,7.);
#635=VECTOR('',#2559,7.);
#636=VECTOR('',#2564,1.5);
#637=CIRCLE('',#1902,0.4);
#638=CIRCLE('',#1903,0.4);
#639=CIRCLE('',#1905,0.4);
#640=CIRCLE('',#1910,0.4);
#641=CIRCLE('',#1913,0.400000000000002);
#642=CIRCLE('',#1917,0.400000000000001);
#643=CIRCLE('',#1918,0.4);
#644=CIRCLE('',#1921,0.4);
#645=CIRCLE('',#1922,0.4);
#646=CIRCLE('',#1925,0.399999999920081);
#647=CIRCLE('',#1929,0.4);
#648=CIRCLE('',#1930,0.400000000000002);
#649=CIRCLE('',#1931,0.4);
#650=CIRCLE('',#1934,0.4);
#651=CIRCLE('',#1935,0.399999999999999);
#652=CIRCLE('',#1938,0.399999999999999);
#653=CIRCLE('',#1950,2.99);
#654=CIRCLE('',#1953,3.);
#655=CIRCLE('',#1954,0.5);
#656=CIRCLE('',#1955,3.5);
#657=CIRCLE('',#1957,3.);
#658=CIRCLE('',#1959,7.);
#659=CIRCLE('',#1961,3.);
#660=CIRCLE('',#1962,0.5);
#661=CIRCLE('',#1963,3.5);
#662=CIRCLE('',#1965,3.);
#663=CIRCLE('',#1967,7.);
#664=CIRCLE('',#1969,2.3);
#665=CIRCLE('',#1970,0.5);
#666=CIRCLE('',#1971,1.8);
#667=CIRCLE('',#1972,1.8);
#668=CIRCLE('',#1974,33.5);
#669=CIRCLE('',#1976,1.8);
#670=CIRCLE('',#1978,3.5);
#671=CIRCLE('',#1979,0.5);
#672=CIRCLE('',#1982,3.5);
#673=CIRCLE('',#1983,0.5);
#674=CIRCLE('',#1985,0.499999999999998);
#675=CIRCLE('',#1989,0.499999999999998);
#676=CIRCLE('',#1990,34.);
#677=CIRCLE('',#1991,0.499999999999995);
#678=CIRCLE('',#1992,0.499999999999998);
#679=CIRCLE('',#1999,0.499999999999996);
#680=CIRCLE('',#2000,33.5);
#681=CIRCLE('',#2001,0.499999999999998);
#682=CIRCLE('',#2002,34.);
#683=CIRCLE('',#2003,0.500000000000006);
#684=CIRCLE('',#2006,0.499999999999997);
#685=CIRCLE('',#2012,1.5);
#686=CIRCLE('',#2029,7.);
#687=CIRCLE('',#2038,1.8);
#688=CIRCLE('',#2042,7.);
#689=CIRCLE('',#2060,1.8);
#690=CIRCLE('',#2073,1.8);
#691=CIRCLE('',#2074,1.8);
#692=CIRCLE('',#2075,1.8);
#693=CIRCLE('',#2076,1.8);
#694=CIRCLE('',#2091,1.5);
#695=VERTEX_POINT('',#2569);
#696=VERTEX_POINT('',#2570);
#697=VERTEX_POINT('',#2572);
#698=VERTEX_POINT('',#2574);
#699=VERTEX_POINT('',#2578);
#700=VERTEX_POINT('',#2585);
#701=VERTEX_POINT('',#2587);
#702=VERTEX_POINT('',#2610);
#703=VERTEX_POINT('',#2621);
#704=VERTEX_POINT('',#2622);
#705=VERTEX_POINT('',#2624);
#706=VERTEX_POINT('',#2653);
#707=VERTEX_POINT('',#2664);
#708=VERTEX_POINT('',#2666);
#709=VERTEX_POINT('',#2670);
#710=VERTEX_POINT('',#2672);
#711=VERTEX_POINT('',#2674);
#712=VERTEX_POINT('',#2676);
#713=VERTEX_POINT('',#2680);
#714=VERTEX_POINT('',#2703);
#715=VERTEX_POINT('',#2704);
#716=VERTEX_POINT('',#2762);
#717=VERTEX_POINT('',#2772);
#718=VERTEX_POINT('',#2803);
#719=VERTEX_POINT('',#2804);
#720=VERTEX_POINT('',#2828);
#721=VERTEX_POINT('',#2829);
#722=VERTEX_POINT('',#2859);
#723=VERTEX_POINT('',#2860);
#724=VERTEX_POINT('',#2879);
#725=VERTEX_POINT('',#2886);
#726=VERTEX_POINT('',#2888);
#727=VERTEX_POINT('',#2941);
#728=VERTEX_POINT('',#2952);
#729=VERTEX_POINT('',#2980);
#730=VERTEX_POINT('',#2981);
#731=VERTEX_POINT('',#2983);
#732=VERTEX_POINT('',#2989);
#733=VERTEX_POINT('',#3016);
#734=VERTEX_POINT('',#3017);
#735=VERTEX_POINT('',#3041);
#736=VERTEX_POINT('',#3042);
#737=VERTEX_POINT('',#3072);
#738=VERTEX_POINT('',#3073);
#739=VERTEX_POINT('',#3125);
#740=VERTEX_POINT('',#3126);
#741=VERTEX_POINT('',#3186);
#742=VERTEX_POINT('',#3223);
#743=VERTEX_POINT('',#3225);
#744=VERTEX_POINT('',#3227);
#745=VERTEX_POINT('',#3231);
#746=VERTEX_POINT('',#3235);
#747=VERTEX_POINT('',#3237);
#748=VERTEX_POINT('',#3244);
#749=VERTEX_POINT('',#3253);
#750=VERTEX_POINT('',#3255);
#751=VERTEX_POINT('',#3259);
#752=VERTEX_POINT('',#3263);
#753=VERTEX_POINT('',#3278);
#754=VERTEX_POINT('',#3280);
#755=VERTEX_POINT('',#3284);
#756=VERTEX_POINT('',#3288);
#757=VERTEX_POINT('',#3291);
#758=VERTEX_POINT('',#3293);
#759=VERTEX_POINT('',#3297);
#760=VERTEX_POINT('',#3301);
#761=VERTEX_POINT('',#3304);
#762=VERTEX_POINT('',#3306);
#763=VERTEX_POINT('',#3308);
#764=VERTEX_POINT('',#3312);
#765=VERTEX_POINT('',#3313);
#766=VERTEX_POINT('',#3315);
#767=VERTEX_POINT('',#3317);
#768=VERTEX_POINT('',#3322);
#769=VERTEX_POINT('',#3324);
#770=VERTEX_POINT('',#3331);
#771=VERTEX_POINT('',#3335);
#772=VERTEX_POINT('',#3339);
#773=VERTEX_POINT('',#3340);
#774=VERTEX_POINT('',#3342);
#775=VERTEX_POINT('',#3344);
#776=VERTEX_POINT('',#3349);
#777=VERTEX_POINT('',#3354);
#778=VERTEX_POINT('',#3359);
#779=VERTEX_POINT('',#3361);
#780=VERTEX_POINT('',#3363);
#781=VERTEX_POINT('',#3365);
#782=VERTEX_POINT('',#3369);
#783=VERTEX_POINT('',#3373);
#784=VERTEX_POINT('',#3375);
#785=VERTEX_POINT('',#3401);
#786=VERTEX_POINT('',#3403);
#787=VERTEX_POINT('',#3431);
#788=VERTEX_POINT('',#3432);
#789=VERTEX_POINT('',#3434);
#790=VERTEX_POINT('',#3438);
#791=VERTEX_POINT('',#3440);
#792=VERTEX_POINT('',#3463);
#793=VERTEX_POINT('',#3464);
#794=VERTEX_POINT('',#3499);
#795=VERTEX_POINT('',#3531);
#796=VERTEX_POINT('',#3533);
#797=VERTEX_POINT('',#3537);
#798=VERTEX_POINT('',#3587);
#799=VERTEX_POINT('',#3606);
#800=VERTEX_POINT('',#3607);
#801=VERTEX_POINT('',#3609);
#802=VERTEX_POINT('',#3611);
#803=VERTEX_POINT('',#3634);
#804=VERTEX_POINT('',#3639);
#805=VERTEX_POINT('',#3670);
#806=VERTEX_POINT('',#3693);
#807=VERTEX_POINT('',#3733);
#808=VERTEX_POINT('',#3735);
#809=VERTEX_POINT('',#3739);
#810=VERTEX_POINT('',#3742);
#811=VERTEX_POINT('',#3745);
#812=VERTEX_POINT('',#3751);
#813=VERTEX_POINT('',#3786);
#814=VERTEX_POINT('',#3787);
#815=VERTEX_POINT('',#3838);
#816=VERTEX_POINT('',#3845);
#817=VERTEX_POINT('',#3854);
#818=VERTEX_POINT('',#3862);
#819=VERTEX_POINT('',#3882);
#820=VERTEX_POINT('',#3883);
#821=VERTEX_POINT('',#3885);
#822=VERTEX_POINT('',#3890);
#823=VERTEX_POINT('',#3894);
#824=VERTEX_POINT('',#3898);
#825=VERTEX_POINT('',#3900);
#826=VERTEX_POINT('',#3906);
#827=VERTEX_POINT('',#3909);
#828=VERTEX_POINT('',#3912);
#829=VERTEX_POINT('',#3914);
#830=VERTEX_POINT('',#3918);
#831=VERTEX_POINT('',#3923);
#832=VERTEX_POINT('',#3929);
#833=VERTEX_POINT('',#3931);
#834=VERTEX_POINT('',#3934);
#835=VERTEX_POINT('',#3937);
#836=VERTEX_POINT('',#3939);
#837=VERTEX_POINT('',#3941);
#838=VERTEX_POINT('',#3943);
#839=VERTEX_POINT('',#3947);
#840=VERTEX_POINT('',#3949);
#841=VERTEX_POINT('',#3953);
#842=VERTEX_POINT('',#3958);
#843=VERTEX_POINT('',#3962);
#844=VERTEX_POINT('',#3966);
#845=VERTEX_POINT('',#3991);
#846=VERTEX_POINT('',#4005);
#847=VERTEX_POINT('',#4014);
#848=VERTEX_POINT('',#4016);
#849=VERTEX_POINT('',#4021);
#850=VERTEX_POINT('',#4027);
#851=VERTEX_POINT('',#4029);
#852=VERTEX_POINT('',#4031);
#853=VERTEX_POINT('',#4036);
#854=VERTEX_POINT('',#4038);
#855=VERTEX_POINT('',#4047);
#856=VERTEX_POINT('',#4074);
#857=VERTEX_POINT('',#4109);
#858=VERTEX_POINT('',#4131);
#859=VERTEX_POINT('',#4165);
#860=VERTEX_POINT('',#4166);
#861=VERTEX_POINT('',#4264);
#862=VERTEX_POINT('',#4265);
#863=VERTEX_POINT('',#4278);
#864=VERTEX_POINT('',#4286);
#865=VERTEX_POINT('',#4295);
#866=VERTEX_POINT('',#4302);
#867=VERTEX_POINT('',#4309);
#868=VERTEX_POINT('',#4434);
#869=VERTEX_POINT('',#4439);
#870=VERTEX_POINT('',#4632);
#871=VERTEX_POINT('',#4637);
#872=VERTEX_POINT('',#4746);
#873=EDGE_CURVE('',#695,#696,#637,.T.);
#874=EDGE_CURVE('',#696,#697,#461,.T.);
#875=EDGE_CURVE('',#697,#698,#638,.T.);
#876=EDGE_CURVE('',#698,#695,#462,.T.);
#877=EDGE_CURVE('',#699,#696,#147,.F.);
#878=EDGE_CURVE('',#695,#700,#463,.T.);
#879=EDGE_CURVE('',#700,#701,#639,.T.);
#880=EDGE_CURVE('',#701,#699,#89,.F.);
#881=EDGE_CURVE('',#702,#701,#148,.F.);
#882=EDGE_CURVE('',#700,#702,#90,.T.);
#883=EDGE_CURVE('',#703,#704,#91,.T.);
#884=EDGE_CURVE('',#703,#705,#640,.T.);
#885=EDGE_CURVE('',#705,#698,#464,.T.);
#886=EDGE_CURVE('',#704,#697,#149,.T.);
#887=EDGE_CURVE('',#706,#703,#150,.T.);
#888=EDGE_CURVE('',#706,#705,#92,.T.);
#889=EDGE_CURVE('',#700,#707,#465,.T.);
#890=EDGE_CURVE('',#708,#707,#641,.T.);
#891=EDGE_CURVE('',#708,#702,#466,.T.);
#892=EDGE_CURVE('',#709,#705,#467,.T.);
#893=EDGE_CURVE('',#710,#709,#468,.T.);
#894=EDGE_CURVE('',#710,#711,#469,.T.);
#895=EDGE_CURVE('',#711,#712,#93,.T.);
#896=EDGE_CURVE('',#707,#712,#470,.T.);
#897=EDGE_CURVE('',#706,#713,#471,.T.);
#898=EDGE_CURVE('',#713,#709,#642,.T.);
#899=EDGE_CURVE('',#714,#715,#643,.T.);
#900=EDGE_CURVE('',#715,#709,#94,.T.);
#901=EDGE_CURVE('',#713,#714,#95,.T.);
#902=EDGE_CURVE('',#714,#716,#151,.T.);
#903=EDGE_CURVE('',#716,#717,#644,.T.);
#904=EDGE_CURVE('',#717,#715,#152,.T.);
#905=EDGE_CURVE('',#718,#719,#645,.T.);
#906=EDGE_CURVE('',#719,#717,#96,.T.);
#907=EDGE_CURVE('',#716,#718,#97,.T.);
#908=EDGE_CURVE('',#720,#721,#646,.T.);
#909=EDGE_CURVE('',#721,#719,#153,.T.);
#910=EDGE_CURVE('',#718,#720,#154,.T.);
#911=EDGE_CURVE('',#722,#723,#155,.T.);
#912=EDGE_CURVE('',#722,#721,#156,.T.);
#913=EDGE_CURVE('',#723,#720,#98,.T.);
#914=EDGE_CURVE('',#724,#722,#157,.F.);
#915=EDGE_CURVE('',#724,#725,#472,.T.);
#916=EDGE_CURVE('',#725,#726,#158,.T.);
#917=EDGE_CURVE('',#727,#726,#159,.T.);
#918=EDGE_CURVE('',#727,#728,#473,.T.);
#919=EDGE_CURVE('',#728,#710,#99,.F.);
#920=EDGE_CURVE('',#729,#730,#647,.T.);
#921=EDGE_CURVE('',#730,#731,#160,.T.);
#922=EDGE_CURVE('',#731,#732,#648,.T.);
#923=EDGE_CURVE('',#732,#729,#161,.T.);
#924=EDGE_CURVE('',#733,#734,#649,.T.);
#925=EDGE_CURVE('',#734,#730,#100,.T.);
#926=EDGE_CURVE('',#729,#733,#101,.T.);
#927=EDGE_CURVE('',#735,#736,#650,.T.);
#928=EDGE_CURVE('',#736,#734,#162,.T.);
#929=EDGE_CURVE('',#733,#735,#163,.T.);
#930=EDGE_CURVE('',#737,#738,#651,.T.);
#931=EDGE_CURVE('',#738,#736,#102,.T.);
#932=EDGE_CURVE('',#735,#737,#103,.T.);
#933=EDGE_CURVE('',#739,#740,#652,.T.);
#934=EDGE_CURVE('',#740,#738,#164,.T.);
#935=EDGE_CURVE('',#737,#739,#165,.T.);
#936=EDGE_CURVE('',#707,#740,#104,.T.);
#937=EDGE_CURVE('',#739,#708,#105,.T.);
#938=EDGE_CURVE('',#741,#732,#166,.T.);
#939=EDGE_CURVE('',#731,#741,#167,.T.);
#940=EDGE_CURVE('',#733,#742,#474,.T.);
#941=EDGE_CURVE('',#742,#743,#106,.T.);
#942=EDGE_CURVE('',#744,#743,#107,.T.);
#943=EDGE_CURVE('',#744,#739,#475,.T.);
#944=EDGE_CURVE('',#745,#729,#476,.T.);
#945=EDGE_CURVE('',#742,#745,#477,.T.);
#946=EDGE_CURVE('',#732,#746,#108,.T.);
#947=EDGE_CURVE('',#746,#747,#168,.T.);
#948=EDGE_CURVE('',#747,#748,#169,.T.);
#949=EDGE_CURVE('',#748,#749,#478,.T.);
#950=EDGE_CURVE('',#750,#749,#109,.T.);
#951=EDGE_CURVE('',#745,#750,#110,.T.);
#952=EDGE_CURVE('',#712,#751,#653,.T.);
#953=EDGE_CURVE('',#751,#738,#479,.T.);
#954=EDGE_CURVE('',#752,#712,#170,.T.);
#955=EDGE_CURVE('',#752,#751,#480,.T.);
#956=EDGE_CURVE('',#753,#753,#654,.T.);
#957=EDGE_CURVE('',#753,#754,#655,.T.);
#958=EDGE_CURVE('',#754,#754,#656,.T.);
#959=EDGE_CURVE('',#753,#755,#481,.T.);
#960=EDGE_CURVE('',#755,#755,#657,.T.);
#961=EDGE_CURVE('',#756,#756,#658,.T.);
#962=EDGE_CURVE('',#757,#757,#659,.T.);
#963=EDGE_CURVE('',#757,#758,#660,.T.);
#964=EDGE_CURVE('',#758,#758,#661,.T.);
#965=EDGE_CURVE('',#757,#759,#482,.T.);
#966=EDGE_CURVE('',#759,#759,#662,.T.);
#967=EDGE_CURVE('',#760,#760,#663,.T.);
#968=EDGE_CURVE('',#761,#761,#664,.T.);
#969=EDGE_CURVE('',#761,#762,#665,.T.);
#970=EDGE_CURVE('',#762,#763,#666,.T.);
#971=EDGE_CURVE('',#763,#762,#667,.T.);
#972=EDGE_CURVE('',#764,#765,#668,.T.);
#973=EDGE_CURVE('',#766,#764,#483,.T.);
#974=EDGE_CURVE('',#767,#766,#171,.T.);
#975=EDGE_CURVE('',#768,#767,#484,.T.);
#976=EDGE_CURVE('',#769,#768,#172,.T.);
#977=EDGE_CURVE('',#765,#769,#485,.T.);
#978=EDGE_CURVE('',#763,#770,#486,.T.);
#979=EDGE_CURVE('',#770,#770,#669,.T.);
#980=EDGE_CURVE('',#771,#771,#670,.T.);
#981=EDGE_CURVE('',#771,#759,#671,.T.);
#982=EDGE_CURVE('',#772,#773,#487,.T.);
#983=EDGE_CURVE('',#774,#772,#488,.T.);
#984=EDGE_CURVE('',#775,#774,#173,.T.);
#985=EDGE_CURVE('',#776,#775,#174,.T.);
#986=EDGE_CURVE('',#776,#777,#175,.T.);
#987=EDGE_CURVE('',#778,#777,#489,.T.);
#988=EDGE_CURVE('',#779,#778,#490,.T.);
#989=EDGE_CURVE('',#780,#779,#491,.T.);
#990=EDGE_CURVE('',#781,#780,#492,.T.);
#991=EDGE_CURVE('',#773,#781,#493,.T.);
#992=EDGE_CURVE('',#782,#782,#672,.T.);
#993=EDGE_CURVE('',#782,#755,#673,.T.);
#994=EDGE_CURVE('',#749,#783,#494,.T.);
#995=EDGE_CURVE('',#748,#784,#176,.T.);
#996=EDGE_CURVE('',#785,#784,#495,.T.);
#997=EDGE_CURVE('',#786,#785,#496,.T.);
#998=EDGE_CURVE('',#783,#786,#497,.T.);
#999=EDGE_CURVE('',#787,#788,#674,.T.);
#1000=EDGE_CURVE('',#788,#789,#111,.T.);
#1001=EDGE_CURVE('',#789,#787,#112,.T.);
#1002=EDGE_CURVE('',#765,#790,#675,.T.);
#1003=EDGE_CURVE('',#790,#791,#676,.T.);
#1004=EDGE_CURVE('',#791,#764,#677,.T.);
#1005=EDGE_CURVE('',#792,#793,#678,.T.);
#1006=EDGE_CURVE('',#793,#764,#177,.T.);
#1007=EDGE_CURVE('',#791,#792,#178,.T.);
#1008=EDGE_CURVE('',#792,#794,#113,.T.);
#1009=EDGE_CURVE('',#794,#793,#114,.T.);
#1010=EDGE_CURVE('',#765,#788,#179,.T.);
#1011=EDGE_CURVE('',#787,#790,#180,.T.);
#1012=EDGE_CURVE('',#789,#795,#498,.T.);
#1013=EDGE_CURVE('',#796,#795,#115,.T.);
#1014=EDGE_CURVE('',#796,#787,#499,.T.);
#1015=EDGE_CURVE('',#769,#797,#181,.T.);
#1016=EDGE_CURVE('',#797,#798,#182,.T.);
#1017=EDGE_CURVE('',#798,#789,#500,.T.);
#1018=EDGE_CURVE('',#799,#800,#679,.T.);
#1019=EDGE_CURVE('',#800,#801,#680,.T.);
#1020=EDGE_CURVE('',#801,#802,#681,.T.);
#1021=EDGE_CURVE('',#802,#799,#682,.T.);
#1022=EDGE_CURVE('',#801,#803,#183,.T.);
#1023=EDGE_CURVE('',#803,#804,#683,.T.);
#1024=EDGE_CURVE('',#804,#802,#184,.T.);
#1025=EDGE_CURVE('',#803,#805,#116,.T.);
#1026=EDGE_CURVE('',#805,#804,#117,.T.);
#1027=EDGE_CURVE('',#796,#806,#684,.T.);
#1028=EDGE_CURVE('',#806,#800,#185,.T.);
#1029=EDGE_CURVE('',#799,#796,#186,.T.);
#1030=EDGE_CURVE('',#795,#806,#118,.T.);
#1031=EDGE_CURVE('',#792,#804,#501,.T.);
#1032=EDGE_CURVE('',#805,#794,#502,.T.);
#1033=EDGE_CURVE('',#801,#807,#503,.T.);
#1034=EDGE_CURVE('',#808,#807,#119,.F.);
#1035=EDGE_CURVE('',#808,#805,#504,.T.);
#1036=EDGE_CURVE('',#809,#800,#505,.T.);
#1037=EDGE_CURVE('',#809,#807,#506,.T.);
#1038=EDGE_CURVE('',#810,#810,#685,.T.);
#1039=EDGE_CURVE('',#811,#798,#187,.T.);
#1040=EDGE_CURVE('',#812,#811,#507,.T.);
#1041=EDGE_CURVE('',#795,#812,#508,.T.);
#1042=EDGE_CURVE('',#813,#814,#188,.T.);
#1043=EDGE_CURVE('',#811,#813,#189,.T.);
#1044=EDGE_CURVE('',#815,#797,#190,.T.);
#1045=EDGE_CURVE('',#815,#816,#191,.T.);
#1046=EDGE_CURVE('',#817,#816,#192,.T.);
#1047=EDGE_CURVE('',#818,#817,#193,.T.);
#1048=EDGE_CURVE('',#818,#814,#194,.T.);
#1049=EDGE_CURVE('',#812,#809,#120,.F.);
#1050=EDGE_CURVE('',#819,#820,#121,.T.);
#1051=EDGE_CURVE('',#820,#821,#509,.T.);
#1052=EDGE_CURVE('',#821,#750,#122,.T.);
#1053=EDGE_CURVE('',#783,#819,#123,.T.);
#1054=EDGE_CURVE('',#821,#822,#510,.T.);
#1055=EDGE_CURVE('',#743,#822,#124,.T.);
#1056=EDGE_CURVE('',#823,#820,#511,.T.);
#1057=EDGE_CURVE('',#822,#823,#512,.T.);
#1058=EDGE_CURVE('',#824,#819,#125,.T.);
#1059=EDGE_CURVE('',#824,#825,#513,.T.);
#1060=EDGE_CURVE('',#823,#825,#126,.T.);
#1061=EDGE_CURVE('',#825,#744,#514,.T.);
#1062=EDGE_CURVE('',#825,#826,#515,.T.);
#1063=EDGE_CURVE('',#699,#826,#516,.T.);
#1064=EDGE_CURVE('',#827,#827,#686,.T.);
#1065=EDGE_CURVE('',#786,#828,#127,.T.);
#1066=EDGE_CURVE('',#828,#829,#128,.T.);
#1067=EDGE_CURVE('',#829,#824,#517,.T.);
#1068=EDGE_CURVE('',#785,#830,#129,.T.);
#1069=EDGE_CURVE('',#830,#772,#130,.T.);
#1070=EDGE_CURVE('',#773,#828,#131,.T.);
#1071=EDGE_CURVE('',#826,#831,#687,.T.);
#1072=EDGE_CURVE('',#831,#704,#518,.T.);
#1073=EDGE_CURVE('',#696,#697,#132,.T.);
#1074=EDGE_CURVE('',#831,#832,#519,.T.);
#1075=EDGE_CURVE('',#833,#832,#520,.T.);
#1076=EDGE_CURVE('',#714,#833,#521,.T.);
#1077=EDGE_CURVE('',#834,#834,#688,.T.);
#1078=EDGE_CURVE('',#835,#832,#133,.T.);
#1079=EDGE_CURVE('',#832,#836,#522,.T.);
#1080=EDGE_CURVE('',#836,#837,#134,.T.);
#1081=EDGE_CURVE('',#837,#838,#135,.T.);
#1082=EDGE_CURVE('',#838,#835,#523,.T.);
#1083=EDGE_CURVE('',#835,#839,#524,.T.);
#1084=EDGE_CURVE('',#839,#840,#136,.T.);
#1085=EDGE_CURVE('',#840,#833,#137,.T.);
#1086=EDGE_CURVE('',#841,#838,#525,.T.);
#1087=EDGE_CURVE('',#839,#841,#526,.T.);
#1088=EDGE_CURVE('',#781,#837,#138,.T.);
#1089=EDGE_CURVE('',#780,#842,#139,.T.);
#1090=EDGE_CURVE('',#841,#842,#140,.T.);
#1091=EDGE_CURVE('',#843,#840,#141,.T.);
#1092=EDGE_CURVE('',#843,#716,#527,.T.);
#1093=EDGE_CURVE('',#842,#844,#142,.T.);
#1094=EDGE_CURVE('',#844,#843,#528,.T.);
#1095=EDGE_CURVE('',#718,#844,#529,.T.);
#1096=EDGE_CURVE('',#845,#747,#195,.T.);
#1097=EDGE_CURVE('',#845,#846,#196,.T.);
#1098=EDGE_CURVE('',#846,#784,#689,.T.);
#1099=EDGE_CURVE('',#746,#845,#530,.T.);
#1100=EDGE_CURVE('',#847,#741,#531,.T.);
#1101=EDGE_CURVE('',#848,#847,#197,.T.);
#1102=EDGE_CURVE('',#849,#848,#532,.T.);
#1103=EDGE_CURVE('',#725,#849,#198,.T.);
#1104=EDGE_CURVE('',#850,#724,#533,.T.);
#1105=EDGE_CURVE('',#851,#850,#534,.T.);
#1106=EDGE_CURVE('',#852,#851,#199,.T.);
#1107=EDGE_CURVE('',#853,#852,#535,.T.);
#1108=EDGE_CURVE('',#854,#853,#536,.T.);
#1109=EDGE_CURVE('',#846,#854,#537,.T.);
#1110=EDGE_CURVE('',#854,#830,#143,.T.);
#1111=EDGE_CURVE('',#836,#829,#538,.T.);
#1112=EDGE_CURVE('',#779,#855,#144,.T.);
#1113=EDGE_CURVE('',#855,#723,#145,.T.);
#1114=EDGE_CURVE('',#850,#855,#146,.T.);
#1115=EDGE_CURVE('',#851,#778,#690,.T.);
#1116=EDGE_CURVE('',#776,#856,#200,.F.);
#1117=EDGE_CURVE('',#775,#857,#691,.T.);
#1118=EDGE_CURVE('',#856,#857,#201,.T.);
#1119=EDGE_CURVE('',#774,#858,#692,.T.);
#1120=EDGE_CURVE('',#858,#857,#202,.T.);
#1121=EDGE_CURVE('',#859,#860,#693,.T.);
#1122=EDGE_CURVE('',#860,#858,#203,.T.);
#1123=EDGE_CURVE('',#774,#859,#204,.T.);
#1124=EDGE_CURVE('',#859,#853,#205,.T.);
#1125=EDGE_CURVE('',#853,#860,#206,.T.);
#1126=EDGE_CURVE('',#752,#814,#539,.T.);
#1127=EDGE_CURVE('',#711,#809,#540,.T.);
#1128=EDGE_CURVE('',#807,#710,#541,.T.);
#1129=EDGE_CURVE('',#736,#818,#542,.T.);
#1130=EDGE_CURVE('',#861,#862,#207,.T.);
#1131=EDGE_CURVE('',#861,#727,#208,.T.);
#1132=EDGE_CURVE('',#726,#863,#209,.T.);
#1133=EDGE_CURVE('',#863,#864,#210,.T.);
#1134=EDGE_CURVE('',#864,#865,#211,.T.);
#1135=EDGE_CURVE('',#866,#865,#212,.T.);
#1136=EDGE_CURVE('',#866,#867,#213,.T.);
#1137=EDGE_CURVE('',#862,#867,#214,.T.);
#1138=EDGE_CURVE('',#861,#728,#543,.T.);
#1139=EDGE_CURVE('',#867,#808,#544,.T.);
#1140=EDGE_CURVE('',#794,#866,#545,.T.);
#1141=EDGE_CURVE('',#865,#766,#215,.T.);
#1142=EDGE_CURVE('',#864,#868,#216,.T.);
#1143=EDGE_CURVE('',#868,#869,#217,.T.);
#1144=EDGE_CURVE('',#869,#767,#218,.T.);
#1145=EDGE_CURVE('',#868,#863,#219,.T.);
#1146=EDGE_CURVE('',#849,#869,#220,.T.);
#1147=EDGE_CURVE('',#817,#847,#221,.T.);
#1148=EDGE_CURVE('',#816,#870,#222,.T.);
#1149=EDGE_CURVE('',#870,#871,#223,.T.);
#1150=EDGE_CURVE('',#848,#871,#224,.T.);
#1151=EDGE_CURVE('',#852,#860,#225,.T.);
#1152=EDGE_CURVE('',#871,#768,#226,.T.);
#1153=EDGE_CURVE('',#870,#815,#227,.T.);
#1154=EDGE_CURVE('',#834,#760,#546,.T.);
#1155=EDGE_CURVE('',#827,#756,#547,.T.);
#1156=EDGE_CURVE('',#872,#872,#694,.T.);
#1157=EDGE_CURVE('',#872,#810,#548,.T.);
#1158=ORIENTED_EDGE('',*,*,#873,.T.);
#1159=ORIENTED_EDGE('',*,*,#874,.T.);
#1160=ORIENTED_EDGE('',*,*,#875,.T.);
#1161=ORIENTED_EDGE('',*,*,#876,.T.);
#1162=ORIENTED_EDGE('',*,*,#877,.T.);
#1163=ORIENTED_EDGE('',*,*,#873,.F.);
#1164=ORIENTED_EDGE('',*,*,#878,.T.);
#1165=ORIENTED_EDGE('',*,*,#879,.T.);
#1166=ORIENTED_EDGE('',*,*,#880,.T.);
#1167=ORIENTED_EDGE('',*,*,#881,.T.);
#1168=ORIENTED_EDGE('',*,*,#879,.F.);
#1169=ORIENTED_EDGE('',*,*,#882,.T.);
#1170=ORIENTED_EDGE('',*,*,#883,.F.);
#1171=ORIENTED_EDGE('',*,*,#884,.T.);
#1172=ORIENTED_EDGE('',*,*,#885,.T.);
#1173=ORIENTED_EDGE('',*,*,#875,.F.);
#1174=ORIENTED_EDGE('',*,*,#886,.F.);
#1175=ORIENTED_EDGE('',*,*,#887,.F.);
#1176=ORIENTED_EDGE('',*,*,#888,.T.);
#1177=ORIENTED_EDGE('',*,*,#884,.F.);
#1178=ORIENTED_EDGE('',*,*,#882,.F.);
#1179=ORIENTED_EDGE('',*,*,#889,.T.);
#1180=ORIENTED_EDGE('',*,*,#890,.F.);
#1181=ORIENTED_EDGE('',*,*,#891,.T.);
#1182=ORIENTED_EDGE('',*,*,#878,.F.);
#1183=ORIENTED_EDGE('',*,*,#876,.F.);
#1184=ORIENTED_EDGE('',*,*,#885,.F.);
#1185=ORIENTED_EDGE('',*,*,#892,.F.);
#1186=ORIENTED_EDGE('',*,*,#893,.F.);
#1187=ORIENTED_EDGE('',*,*,#894,.T.);
#1188=ORIENTED_EDGE('',*,*,#895,.T.);
#1189=ORIENTED_EDGE('',*,*,#896,.F.);
#1190=ORIENTED_EDGE('',*,*,#889,.F.);
#1191=ORIENTED_EDGE('',*,*,#888,.F.);
#1192=ORIENTED_EDGE('',*,*,#897,.T.);
#1193=ORIENTED_EDGE('',*,*,#898,.T.);
#1194=ORIENTED_EDGE('',*,*,#892,.T.);
#1195=ORIENTED_EDGE('',*,*,#899,.T.);
#1196=ORIENTED_EDGE('',*,*,#900,.T.);
#1197=ORIENTED_EDGE('',*,*,#898,.F.);
#1198=ORIENTED_EDGE('',*,*,#901,.T.);
#1199=ORIENTED_EDGE('',*,*,#899,.F.);
#1200=ORIENTED_EDGE('',*,*,#902,.T.);
#1201=ORIENTED_EDGE('',*,*,#903,.T.);
#1202=ORIENTED_EDGE('',*,*,#904,.T.);
#1203=ORIENTED_EDGE('',*,*,#905,.T.);
#1204=ORIENTED_EDGE('',*,*,#906,.T.);
#1205=ORIENTED_EDGE('',*,*,#903,.F.);
#1206=ORIENTED_EDGE('',*,*,#907,.T.);
#1207=ORIENTED_EDGE('',*,*,#908,.T.);
#1208=ORIENTED_EDGE('',*,*,#909,.T.);
#1209=ORIENTED_EDGE('',*,*,#905,.F.);
#1210=ORIENTED_EDGE('',*,*,#910,.T.);
#1211=ORIENTED_EDGE('',*,*,#911,.F.);
#1212=ORIENTED_EDGE('',*,*,#912,.T.);
#1213=ORIENTED_EDGE('',*,*,#908,.F.);
#1214=ORIENTED_EDGE('',*,*,#913,.F.);
#1215=ORIENTED_EDGE('',*,*,#900,.F.);
#1216=ORIENTED_EDGE('',*,*,#904,.F.);
#1217=ORIENTED_EDGE('',*,*,#906,.F.);
#1218=ORIENTED_EDGE('',*,*,#909,.F.);
#1219=ORIENTED_EDGE('',*,*,#912,.F.);
#1220=ORIENTED_EDGE('',*,*,#914,.F.);
#1221=ORIENTED_EDGE('',*,*,#915,.T.);
#1222=ORIENTED_EDGE('',*,*,#916,.T.);
#1223=ORIENTED_EDGE('',*,*,#917,.F.);
#1224=ORIENTED_EDGE('',*,*,#918,.T.);
#1225=ORIENTED_EDGE('',*,*,#919,.T.);
#1226=ORIENTED_EDGE('',*,*,#893,.T.);
#1227=ORIENTED_EDGE('',*,*,#920,.T.);
#1228=ORIENTED_EDGE('',*,*,#921,.T.);
#1229=ORIENTED_EDGE('',*,*,#922,.T.);
#1230=ORIENTED_EDGE('',*,*,#923,.T.);
#1231=ORIENTED_EDGE('',*,*,#924,.T.);
#1232=ORIENTED_EDGE('',*,*,#925,.T.);
#1233=ORIENTED_EDGE('',*,*,#920,.F.);
#1234=ORIENTED_EDGE('',*,*,#926,.T.);
#1235=ORIENTED_EDGE('',*,*,#927,.T.);
#1236=ORIENTED_EDGE('',*,*,#928,.T.);
#1237=ORIENTED_EDGE('',*,*,#924,.F.);
#1238=ORIENTED_EDGE('',*,*,#929,.T.);
#1239=ORIENTED_EDGE('',*,*,#930,.T.);
#1240=ORIENTED_EDGE('',*,*,#931,.T.);
#1241=ORIENTED_EDGE('',*,*,#927,.F.);
#1242=ORIENTED_EDGE('',*,*,#932,.T.);
#1243=ORIENTED_EDGE('',*,*,#933,.T.);
#1244=ORIENTED_EDGE('',*,*,#934,.T.);
#1245=ORIENTED_EDGE('',*,*,#930,.F.);
#1246=ORIENTED_EDGE('',*,*,#935,.T.);
#1247=ORIENTED_EDGE('',*,*,#890,.T.);
#1248=ORIENTED_EDGE('',*,*,#936,.T.);
#1249=ORIENTED_EDGE('',*,*,#933,.F.);
#1250=ORIENTED_EDGE('',*,*,#937,.T.);
#1251=ORIENTED_EDGE('',*,*,#938,.T.);
#1252=ORIENTED_EDGE('',*,*,#922,.F.);
#1253=ORIENTED_EDGE('',*,*,#939,.T.);
#1254=ORIENTED_EDGE('',*,*,#935,.F.);
#1255=ORIENTED_EDGE('',*,*,#932,.F.);
#1256=ORIENTED_EDGE('',*,*,#929,.F.);
#1257=ORIENTED_EDGE('',*,*,#940,.T.);
#1258=ORIENTED_EDGE('',*,*,#941,.T.);
#1259=ORIENTED_EDGE('',*,*,#942,.F.);
#1260=ORIENTED_EDGE('',*,*,#943,.T.);
#1261=ORIENTED_EDGE('',*,*,#926,.F.);
#1262=ORIENTED_EDGE('',*,*,#944,.F.);
#1263=ORIENTED_EDGE('',*,*,#945,.F.);
#1264=ORIENTED_EDGE('',*,*,#940,.F.);
#1265=ORIENTED_EDGE('',*,*,#923,.F.);
#1266=ORIENTED_EDGE('',*,*,#946,.T.);
#1267=ORIENTED_EDGE('',*,*,#947,.T.);
#1268=ORIENTED_EDGE('',*,*,#948,.T.);
#1269=ORIENTED_EDGE('',*,*,#949,.T.);
#1270=ORIENTED_EDGE('',*,*,#950,.F.);
#1271=ORIENTED_EDGE('',*,*,#951,.F.);
#1272=ORIENTED_EDGE('',*,*,#944,.T.);
#1273=ORIENTED_EDGE('',*,*,#936,.F.);
#1274=ORIENTED_EDGE('',*,*,#896,.T.);
#1275=ORIENTED_EDGE('',*,*,#952,.T.);
#1276=ORIENTED_EDGE('',*,*,#953,.T.);
#1277=ORIENTED_EDGE('',*,*,#934,.F.);
#1278=ORIENTED_EDGE('',*,*,#954,.F.);
#1279=ORIENTED_EDGE('',*,*,#955,.T.);
#1280=ORIENTED_EDGE('',*,*,#952,.F.);
#1281=ORIENTED_EDGE('',*,*,#956,.T.);
#1282=ORIENTED_EDGE('',*,*,#957,.T.);
#1283=ORIENTED_EDGE('',*,*,#958,.T.);
#1284=ORIENTED_EDGE('',*,*,#957,.F.);
#1285=ORIENTED_EDGE('',*,*,#956,.F.);
#1286=ORIENTED_EDGE('',*,*,#959,.T.);
#1287=ORIENTED_EDGE('',*,*,#960,.F.);
#1288=ORIENTED_EDGE('',*,*,#959,.F.);
#1289=ORIENTED_EDGE('',*,*,#961,.F.);
#1290=ORIENTED_EDGE('',*,*,#958,.F.);
#1291=ORIENTED_EDGE('',*,*,#962,.T.);
#1292=ORIENTED_EDGE('',*,*,#963,.T.);
#1293=ORIENTED_EDGE('',*,*,#964,.T.);
#1294=ORIENTED_EDGE('',*,*,#963,.F.);
#1295=ORIENTED_EDGE('',*,*,#962,.F.);
#1296=ORIENTED_EDGE('',*,*,#965,.T.);
#1297=ORIENTED_EDGE('',*,*,#966,.F.);
#1298=ORIENTED_EDGE('',*,*,#965,.F.);
#1299=ORIENTED_EDGE('',*,*,#967,.F.);
#1300=ORIENTED_EDGE('',*,*,#964,.F.);
#1301=ORIENTED_EDGE('',*,*,#968,.T.);
#1302=ORIENTED_EDGE('',*,*,#969,.T.);
#1303=ORIENTED_EDGE('',*,*,#970,.T.);
#1304=ORIENTED_EDGE('',*,*,#971,.T.);
#1305=ORIENTED_EDGE('',*,*,#969,.F.);
#1306=ORIENTED_EDGE('',*,*,#972,.F.);
#1307=ORIENTED_EDGE('',*,*,#973,.F.);
#1308=ORIENTED_EDGE('',*,*,#974,.F.);
#1309=ORIENTED_EDGE('',*,*,#975,.F.);
#1310=ORIENTED_EDGE('',*,*,#976,.F.);
#1311=ORIENTED_EDGE('',*,*,#977,.F.);
#1312=ORIENTED_EDGE('',*,*,#968,.F.);
#1313=ORIENTED_EDGE('',*,*,#971,.F.);
#1314=ORIENTED_EDGE('',*,*,#978,.T.);
#1315=ORIENTED_EDGE('',*,*,#979,.T.);
#1316=ORIENTED_EDGE('',*,*,#978,.F.);
#1317=ORIENTED_EDGE('',*,*,#970,.F.);
#1318=ORIENTED_EDGE('',*,*,#980,.T.);
#1319=ORIENTED_EDGE('',*,*,#981,.T.);
#1320=ORIENTED_EDGE('',*,*,#966,.T.);
#1321=ORIENTED_EDGE('',*,*,#981,.F.);
#1322=ORIENTED_EDGE('',*,*,#982,.F.);
#1323=ORIENTED_EDGE('',*,*,#983,.F.);
#1324=ORIENTED_EDGE('',*,*,#984,.F.);
#1325=ORIENTED_EDGE('',*,*,#985,.F.);
#1326=ORIENTED_EDGE('',*,*,#986,.T.);
#1327=ORIENTED_EDGE('',*,*,#987,.F.);
#1328=ORIENTED_EDGE('',*,*,#988,.F.);
#1329=ORIENTED_EDGE('',*,*,#989,.F.);
#1330=ORIENTED_EDGE('',*,*,#990,.F.);
#1331=ORIENTED_EDGE('',*,*,#991,.F.);
#1332=ORIENTED_EDGE('',*,*,#980,.F.);
#1333=ORIENTED_EDGE('',*,*,#992,.T.);
#1334=ORIENTED_EDGE('',*,*,#993,.T.);
#1335=ORIENTED_EDGE('',*,*,#960,.T.);
#1336=ORIENTED_EDGE('',*,*,#993,.F.);
#1337=ORIENTED_EDGE('',*,*,#994,.F.);
#1338=ORIENTED_EDGE('',*,*,#949,.F.);
#1339=ORIENTED_EDGE('',*,*,#995,.T.);
#1340=ORIENTED_EDGE('',*,*,#996,.F.);
#1341=ORIENTED_EDGE('',*,*,#997,.F.);
#1342=ORIENTED_EDGE('',*,*,#998,.F.);
#1343=ORIENTED_EDGE('',*,*,#992,.F.);
#1344=ORIENTED_EDGE('',*,*,#999,.T.);
#1345=ORIENTED_EDGE('',*,*,#1000,.T.);
#1346=ORIENTED_EDGE('',*,*,#1001,.T.);
#1347=ORIENTED_EDGE('',*,*,#1002,.T.);
#1348=ORIENTED_EDGE('',*,*,#1003,.T.);
#1349=ORIENTED_EDGE('',*,*,#1004,.T.);
#1350=ORIENTED_EDGE('',*,*,#972,.T.);
#1351=ORIENTED_EDGE('',*,*,#1005,.T.);
#1352=ORIENTED_EDGE('',*,*,#1006,.T.);
#1353=ORIENTED_EDGE('',*,*,#1004,.F.);
#1354=ORIENTED_EDGE('',*,*,#1007,.T.);
#1355=ORIENTED_EDGE('',*,*,#1005,.F.);
#1356=ORIENTED_EDGE('',*,*,#1008,.T.);
#1357=ORIENTED_EDGE('',*,*,#1009,.T.);
#1358=ORIENTED_EDGE('',*,*,#1002,.F.);
#1359=ORIENTED_EDGE('',*,*,#1010,.T.);
#1360=ORIENTED_EDGE('',*,*,#999,.F.);
#1361=ORIENTED_EDGE('',*,*,#1011,.T.);
#1362=ORIENTED_EDGE('',*,*,#1001,.F.);
#1363=ORIENTED_EDGE('',*,*,#1012,.T.);
#1364=ORIENTED_EDGE('',*,*,#1013,.F.);
#1365=ORIENTED_EDGE('',*,*,#1014,.T.);
#1366=ORIENTED_EDGE('',*,*,#1000,.F.);
#1367=ORIENTED_EDGE('',*,*,#1010,.F.);
#1368=ORIENTED_EDGE('',*,*,#977,.T.);
#1369=ORIENTED_EDGE('',*,*,#1015,.T.);
#1370=ORIENTED_EDGE('',*,*,#1016,.T.);
#1371=ORIENTED_EDGE('',*,*,#1017,.T.);
#1372=ORIENTED_EDGE('',*,*,#1018,.T.);
#1373=ORIENTED_EDGE('',*,*,#1019,.T.);
#1374=ORIENTED_EDGE('',*,*,#1020,.T.);
#1375=ORIENTED_EDGE('',*,*,#1021,.T.);
#1376=ORIENTED_EDGE('',*,*,#1020,.F.);
#1377=ORIENTED_EDGE('',*,*,#1022,.T.);
#1378=ORIENTED_EDGE('',*,*,#1023,.T.);
#1379=ORIENTED_EDGE('',*,*,#1024,.T.);
#1380=ORIENTED_EDGE('',*,*,#1023,.F.);
#1381=ORIENTED_EDGE('',*,*,#1025,.T.);
#1382=ORIENTED_EDGE('',*,*,#1026,.T.);
#1383=ORIENTED_EDGE('',*,*,#1027,.T.);
#1384=ORIENTED_EDGE('',*,*,#1028,.T.);
#1385=ORIENTED_EDGE('',*,*,#1018,.F.);
#1386=ORIENTED_EDGE('',*,*,#1029,.T.);
#1387=ORIENTED_EDGE('',*,*,#1027,.F.);
#1388=ORIENTED_EDGE('',*,*,#1013,.T.);
#1389=ORIENTED_EDGE('',*,*,#1030,.T.);
#1390=ORIENTED_EDGE('',*,*,#1008,.F.);
#1391=ORIENTED_EDGE('',*,*,#1031,.T.);
#1392=ORIENTED_EDGE('',*,*,#1026,.F.);
#1393=ORIENTED_EDGE('',*,*,#1032,.T.);
#1394=ORIENTED_EDGE('',*,*,#1025,.F.);
#1395=ORIENTED_EDGE('',*,*,#1022,.F.);
#1396=ORIENTED_EDGE('',*,*,#1033,.T.);
#1397=ORIENTED_EDGE('',*,*,#1034,.F.);
#1398=ORIENTED_EDGE('',*,*,#1035,.T.);
#1399=ORIENTED_EDGE('',*,*,#1019,.F.);
#1400=ORIENTED_EDGE('',*,*,#1036,.F.);
#1401=ORIENTED_EDGE('',*,*,#1037,.T.);
#1402=ORIENTED_EDGE('',*,*,#1033,.F.);
#1403=ORIENTED_EDGE('',*,*,#1038,.T.);
#1404=ORIENTED_EDGE('',*,*,#1017,.F.);
#1405=ORIENTED_EDGE('',*,*,#1039,.F.);
#1406=ORIENTED_EDGE('',*,*,#1040,.F.);
#1407=ORIENTED_EDGE('',*,*,#1041,.F.);
#1408=ORIENTED_EDGE('',*,*,#1012,.F.);
#1409=ORIENTED_EDGE('',*,*,#1042,.F.);
#1410=ORIENTED_EDGE('',*,*,#1043,.F.);
#1411=ORIENTED_EDGE('',*,*,#1039,.T.);
#1412=ORIENTED_EDGE('',*,*,#1016,.F.);
#1413=ORIENTED_EDGE('',*,*,#1044,.F.);
#1414=ORIENTED_EDGE('',*,*,#1045,.T.);
#1415=ORIENTED_EDGE('',*,*,#1046,.F.);
#1416=ORIENTED_EDGE('',*,*,#1047,.F.);
#1417=ORIENTED_EDGE('',*,*,#1048,.T.);
#1418=ORIENTED_EDGE('',*,*,#1011,.F.);
#1419=ORIENTED_EDGE('',*,*,#1014,.F.);
#1420=ORIENTED_EDGE('',*,*,#1029,.F.);
#1421=ORIENTED_EDGE('',*,*,#1021,.F.);
#1422=ORIENTED_EDGE('',*,*,#1024,.F.);
#1423=ORIENTED_EDGE('',*,*,#1031,.F.);
#1424=ORIENTED_EDGE('',*,*,#1007,.F.);
#1425=ORIENTED_EDGE('',*,*,#1003,.F.);
#1426=ORIENTED_EDGE('',*,*,#1030,.F.);
#1427=ORIENTED_EDGE('',*,*,#1041,.T.);
#1428=ORIENTED_EDGE('',*,*,#1049,.T.);
#1429=ORIENTED_EDGE('',*,*,#1036,.T.);
#1430=ORIENTED_EDGE('',*,*,#1028,.F.);
#1431=ORIENTED_EDGE('',*,*,#1050,.T.);
#1432=ORIENTED_EDGE('',*,*,#1051,.T.);
#1433=ORIENTED_EDGE('',*,*,#1052,.T.);
#1434=ORIENTED_EDGE('',*,*,#950,.T.);
#1435=ORIENTED_EDGE('',*,*,#994,.T.);
#1436=ORIENTED_EDGE('',*,*,#1053,.T.);
#1437=ORIENTED_EDGE('',*,*,#1052,.F.);
#1438=ORIENTED_EDGE('',*,*,#1054,.T.);
#1439=ORIENTED_EDGE('',*,*,#1055,.F.);
#1440=ORIENTED_EDGE('',*,*,#941,.F.);
#1441=ORIENTED_EDGE('',*,*,#945,.T.);
#1442=ORIENTED_EDGE('',*,*,#951,.T.);
#1443=ORIENTED_EDGE('',*,*,#1051,.F.);
#1444=ORIENTED_EDGE('',*,*,#1056,.F.);
#1445=ORIENTED_EDGE('',*,*,#1057,.F.);
#1446=ORIENTED_EDGE('',*,*,#1054,.F.);
#1447=ORIENTED_EDGE('',*,*,#1050,.F.);
#1448=ORIENTED_EDGE('',*,*,#1058,.F.);
#1449=ORIENTED_EDGE('',*,*,#1059,.T.);
#1450=ORIENTED_EDGE('',*,*,#1060,.F.);
#1451=ORIENTED_EDGE('',*,*,#1056,.T.);
#1452=ORIENTED_EDGE('',*,*,#1060,.T.);
#1453=ORIENTED_EDGE('',*,*,#1061,.T.);
#1454=ORIENTED_EDGE('',*,*,#942,.T.);
#1455=ORIENTED_EDGE('',*,*,#1055,.T.);
#1456=ORIENTED_EDGE('',*,*,#1057,.T.);
#1457=ORIENTED_EDGE('',*,*,#937,.F.);
#1458=ORIENTED_EDGE('',*,*,#943,.F.);
#1459=ORIENTED_EDGE('',*,*,#1061,.F.);
#1460=ORIENTED_EDGE('',*,*,#1062,.T.);
#1461=ORIENTED_EDGE('',*,*,#1063,.F.);
#1462=ORIENTED_EDGE('',*,*,#880,.F.);
#1463=ORIENTED_EDGE('',*,*,#881,.F.);
#1464=ORIENTED_EDGE('',*,*,#891,.F.);
#1465=ORIENTED_EDGE('',*,*,#1064,.T.);
#1466=ORIENTED_EDGE('',*,*,#1053,.F.);
#1467=ORIENTED_EDGE('',*,*,#998,.T.);
#1468=ORIENTED_EDGE('',*,*,#1065,.T.);
#1469=ORIENTED_EDGE('',*,*,#1066,.T.);
#1470=ORIENTED_EDGE('',*,*,#1067,.T.);
#1471=ORIENTED_EDGE('',*,*,#1058,.T.);
#1472=ORIENTED_EDGE('',*,*,#1065,.F.);
#1473=ORIENTED_EDGE('',*,*,#997,.T.);
#1474=ORIENTED_EDGE('',*,*,#1068,.T.);
#1475=ORIENTED_EDGE('',*,*,#1069,.T.);
#1476=ORIENTED_EDGE('',*,*,#982,.T.);
#1477=ORIENTED_EDGE('',*,*,#1070,.T.);
#1478=ORIENTED_EDGE('',*,*,#1063,.T.);
#1479=ORIENTED_EDGE('',*,*,#1071,.T.);
#1480=ORIENTED_EDGE('',*,*,#1072,.T.);
#1481=ORIENTED_EDGE('',*,*,#886,.T.);
#1482=ORIENTED_EDGE('',*,*,#1073,.F.);
#1483=ORIENTED_EDGE('',*,*,#877,.F.);
#1484=ORIENTED_EDGE('',*,*,#874,.F.);
#1485=ORIENTED_EDGE('',*,*,#1073,.T.);
#1486=ORIENTED_EDGE('',*,*,#1072,.F.);
#1487=ORIENTED_EDGE('',*,*,#1074,.T.);
#1488=ORIENTED_EDGE('',*,*,#1075,.F.);
#1489=ORIENTED_EDGE('',*,*,#1076,.F.);
#1490=ORIENTED_EDGE('',*,*,#901,.F.);
#1491=ORIENTED_EDGE('',*,*,#897,.F.);
#1492=ORIENTED_EDGE('',*,*,#887,.T.);
#1493=ORIENTED_EDGE('',*,*,#883,.T.);
#1494=ORIENTED_EDGE('',*,*,#1077,.T.);
#1495=ORIENTED_EDGE('',*,*,#1078,.T.);
#1496=ORIENTED_EDGE('',*,*,#1079,.T.);
#1497=ORIENTED_EDGE('',*,*,#1080,.T.);
#1498=ORIENTED_EDGE('',*,*,#1081,.T.);
#1499=ORIENTED_EDGE('',*,*,#1082,.T.);
#1500=ORIENTED_EDGE('',*,*,#1078,.F.);
#1501=ORIENTED_EDGE('',*,*,#1083,.T.);
#1502=ORIENTED_EDGE('',*,*,#1084,.T.);
#1503=ORIENTED_EDGE('',*,*,#1085,.T.);
#1504=ORIENTED_EDGE('',*,*,#1075,.T.);
#1505=ORIENTED_EDGE('',*,*,#1082,.F.);
#1506=ORIENTED_EDGE('',*,*,#1086,.F.);
#1507=ORIENTED_EDGE('',*,*,#1087,.F.);
#1508=ORIENTED_EDGE('',*,*,#1083,.F.);
#1509=ORIENTED_EDGE('',*,*,#1081,.F.);
#1510=ORIENTED_EDGE('',*,*,#1088,.F.);
#1511=ORIENTED_EDGE('',*,*,#990,.T.);
#1512=ORIENTED_EDGE('',*,*,#1089,.T.);
#1513=ORIENTED_EDGE('',*,*,#1090,.F.);
#1514=ORIENTED_EDGE('',*,*,#1086,.T.);
#1515=ORIENTED_EDGE('',*,*,#902,.F.);
#1516=ORIENTED_EDGE('',*,*,#1076,.T.);
#1517=ORIENTED_EDGE('',*,*,#1085,.F.);
#1518=ORIENTED_EDGE('',*,*,#1091,.F.);
#1519=ORIENTED_EDGE('',*,*,#1092,.T.);
#1520=ORIENTED_EDGE('',*,*,#1084,.F.);
#1521=ORIENTED_EDGE('',*,*,#1087,.T.);
#1522=ORIENTED_EDGE('',*,*,#1090,.T.);
#1523=ORIENTED_EDGE('',*,*,#1093,.T.);
#1524=ORIENTED_EDGE('',*,*,#1094,.T.);
#1525=ORIENTED_EDGE('',*,*,#1091,.T.);
#1526=ORIENTED_EDGE('',*,*,#907,.F.);
#1527=ORIENTED_EDGE('',*,*,#1092,.F.);
#1528=ORIENTED_EDGE('',*,*,#1094,.F.);
#1529=ORIENTED_EDGE('',*,*,#1095,.F.);
#1530=ORIENTED_EDGE('',*,*,#948,.F.);
#1531=ORIENTED_EDGE('',*,*,#1096,.F.);
#1532=ORIENTED_EDGE('',*,*,#1097,.T.);
#1533=ORIENTED_EDGE('',*,*,#1098,.T.);
#1534=ORIENTED_EDGE('',*,*,#995,.F.);
#1535=ORIENTED_EDGE('',*,*,#947,.F.);
#1536=ORIENTED_EDGE('',*,*,#1099,.T.);
#1537=ORIENTED_EDGE('',*,*,#1096,.T.);
#1538=ORIENTED_EDGE('',*,*,#938,.F.);
#1539=ORIENTED_EDGE('',*,*,#1100,.F.);
#1540=ORIENTED_EDGE('',*,*,#1101,.F.);
#1541=ORIENTED_EDGE('',*,*,#1102,.F.);
#1542=ORIENTED_EDGE('',*,*,#1103,.F.);
#1543=ORIENTED_EDGE('',*,*,#915,.F.);
#1544=ORIENTED_EDGE('',*,*,#1104,.F.);
#1545=ORIENTED_EDGE('',*,*,#1105,.F.);
#1546=ORIENTED_EDGE('',*,*,#1106,.F.);
#1547=ORIENTED_EDGE('',*,*,#1107,.F.);
#1548=ORIENTED_EDGE('',*,*,#1108,.F.);
#1549=ORIENTED_EDGE('',*,*,#1109,.F.);
#1550=ORIENTED_EDGE('',*,*,#1097,.F.);
#1551=ORIENTED_EDGE('',*,*,#1099,.F.);
#1552=ORIENTED_EDGE('',*,*,#946,.F.);
#1553=ORIENTED_EDGE('',*,*,#1068,.F.);
#1554=ORIENTED_EDGE('',*,*,#996,.T.);
#1555=ORIENTED_EDGE('',*,*,#1098,.F.);
#1556=ORIENTED_EDGE('',*,*,#1109,.T.);
#1557=ORIENTED_EDGE('',*,*,#1110,.T.);
#1558=ORIENTED_EDGE('',*,*,#1066,.F.);
#1559=ORIENTED_EDGE('',*,*,#1070,.F.);
#1560=ORIENTED_EDGE('',*,*,#991,.T.);
#1561=ORIENTED_EDGE('',*,*,#1088,.T.);
#1562=ORIENTED_EDGE('',*,*,#1080,.F.);
#1563=ORIENTED_EDGE('',*,*,#1111,.T.);
#1564=ORIENTED_EDGE('',*,*,#1067,.F.);
#1565=ORIENTED_EDGE('',*,*,#1111,.F.);
#1566=ORIENTED_EDGE('',*,*,#1079,.F.);
#1567=ORIENTED_EDGE('',*,*,#1074,.F.);
#1568=ORIENTED_EDGE('',*,*,#1071,.F.);
#1569=ORIENTED_EDGE('',*,*,#1062,.F.);
#1570=ORIENTED_EDGE('',*,*,#1059,.F.);
#1571=ORIENTED_EDGE('',*,*,#910,.F.);
#1572=ORIENTED_EDGE('',*,*,#1095,.T.);
#1573=ORIENTED_EDGE('',*,*,#1093,.F.);
#1574=ORIENTED_EDGE('',*,*,#1089,.F.);
#1575=ORIENTED_EDGE('',*,*,#989,.T.);
#1576=ORIENTED_EDGE('',*,*,#1112,.T.);
#1577=ORIENTED_EDGE('',*,*,#1113,.T.);
#1578=ORIENTED_EDGE('',*,*,#913,.T.);
#1579=ORIENTED_EDGE('',*,*,#911,.T.);
#1580=ORIENTED_EDGE('',*,*,#1113,.F.);
#1581=ORIENTED_EDGE('',*,*,#1114,.F.);
#1582=ORIENTED_EDGE('',*,*,#1104,.T.);
#1583=ORIENTED_EDGE('',*,*,#914,.T.);
#1584=ORIENTED_EDGE('',*,*,#1112,.F.);
#1585=ORIENTED_EDGE('',*,*,#988,.T.);
#1586=ORIENTED_EDGE('',*,*,#1115,.F.);
#1587=ORIENTED_EDGE('',*,*,#1105,.T.);
#1588=ORIENTED_EDGE('',*,*,#1114,.T.);
#1589=ORIENTED_EDGE('',*,*,#1116,.F.);
#1590=ORIENTED_EDGE('',*,*,#985,.T.);
#1591=ORIENTED_EDGE('',*,*,#1117,.T.);
#1592=ORIENTED_EDGE('',*,*,#1118,.F.);
#1593=ORIENTED_EDGE('',*,*,#1119,.T.);
#1594=ORIENTED_EDGE('',*,*,#1120,.T.);
#1595=ORIENTED_EDGE('',*,*,#1117,.F.);
#1596=ORIENTED_EDGE('',*,*,#984,.T.);
#1597=ORIENTED_EDGE('',*,*,#1121,.T.);
#1598=ORIENTED_EDGE('',*,*,#1122,.T.);
#1599=ORIENTED_EDGE('',*,*,#1119,.F.);
#1600=ORIENTED_EDGE('',*,*,#1123,.T.);
#1601=ORIENTED_EDGE('',*,*,#1121,.F.);
#1602=ORIENTED_EDGE('',*,*,#1124,.T.);
#1603=ORIENTED_EDGE('',*,*,#1125,.T.);
#1604=ORIENTED_EDGE('',*,*,#1069,.F.);
#1605=ORIENTED_EDGE('',*,*,#1110,.F.);
#1606=ORIENTED_EDGE('',*,*,#1108,.T.);
#1607=ORIENTED_EDGE('',*,*,#1124,.F.);
#1608=ORIENTED_EDGE('',*,*,#1123,.F.);
#1609=ORIENTED_EDGE('',*,*,#983,.T.);
#1610=ORIENTED_EDGE('',*,*,#1043,.T.);
#1611=ORIENTED_EDGE('',*,*,#1042,.T.);
#1612=ORIENTED_EDGE('',*,*,#1126,.F.);
#1613=ORIENTED_EDGE('',*,*,#954,.T.);
#1614=ORIENTED_EDGE('',*,*,#895,.F.);
#1615=ORIENTED_EDGE('',*,*,#1127,.T.);
#1616=ORIENTED_EDGE('',*,*,#1049,.F.);
#1617=ORIENTED_EDGE('',*,*,#1040,.T.);
#1618=ORIENTED_EDGE('',*,*,#1127,.F.);
#1619=ORIENTED_EDGE('',*,*,#894,.F.);
#1620=ORIENTED_EDGE('',*,*,#1128,.F.);
#1621=ORIENTED_EDGE('',*,*,#1037,.F.);
#1622=ORIENTED_EDGE('',*,*,#931,.F.);
#1623=ORIENTED_EDGE('',*,*,#953,.F.);
#1624=ORIENTED_EDGE('',*,*,#955,.F.);
#1625=ORIENTED_EDGE('',*,*,#1126,.T.);
#1626=ORIENTED_EDGE('',*,*,#1048,.F.);
#1627=ORIENTED_EDGE('',*,*,#1129,.F.);
#1628=ORIENTED_EDGE('',*,*,#1130,.F.);
#1629=ORIENTED_EDGE('',*,*,#1131,.T.);
#1630=ORIENTED_EDGE('',*,*,#917,.T.);
#1631=ORIENTED_EDGE('',*,*,#1132,.T.);
#1632=ORIENTED_EDGE('',*,*,#1133,.T.);
#1633=ORIENTED_EDGE('',*,*,#1134,.T.);
#1634=ORIENTED_EDGE('',*,*,#1135,.F.);
#1635=ORIENTED_EDGE('',*,*,#1136,.T.);
#1636=ORIENTED_EDGE('',*,*,#1137,.F.);
#1637=ORIENTED_EDGE('',*,*,#1138,.T.);
#1638=ORIENTED_EDGE('',*,*,#918,.F.);
#1639=ORIENTED_EDGE('',*,*,#1131,.F.);
#1640=ORIENTED_EDGE('',*,*,#1137,.T.);
#1641=ORIENTED_EDGE('',*,*,#1139,.T.);
#1642=ORIENTED_EDGE('',*,*,#1034,.T.);
#1643=ORIENTED_EDGE('',*,*,#1128,.T.);
#1644=ORIENTED_EDGE('',*,*,#919,.F.);
#1645=ORIENTED_EDGE('',*,*,#1138,.F.);
#1646=ORIENTED_EDGE('',*,*,#1130,.T.);
#1647=ORIENTED_EDGE('',*,*,#1035,.F.);
#1648=ORIENTED_EDGE('',*,*,#1139,.F.);
#1649=ORIENTED_EDGE('',*,*,#1136,.F.);
#1650=ORIENTED_EDGE('',*,*,#1140,.F.);
#1651=ORIENTED_EDGE('',*,*,#1032,.F.);
#1652=ORIENTED_EDGE('',*,*,#1009,.F.);
#1653=ORIENTED_EDGE('',*,*,#1140,.T.);
#1654=ORIENTED_EDGE('',*,*,#1135,.T.);
#1655=ORIENTED_EDGE('',*,*,#1141,.T.);
#1656=ORIENTED_EDGE('',*,*,#973,.T.);
#1657=ORIENTED_EDGE('',*,*,#1006,.F.);
#1658=ORIENTED_EDGE('',*,*,#1141,.F.);
#1659=ORIENTED_EDGE('',*,*,#1134,.F.);
#1660=ORIENTED_EDGE('',*,*,#1142,.T.);
#1661=ORIENTED_EDGE('',*,*,#1143,.T.);
#1662=ORIENTED_EDGE('',*,*,#1144,.T.);
#1663=ORIENTED_EDGE('',*,*,#974,.T.);
#1664=ORIENTED_EDGE('',*,*,#1133,.F.);
#1665=ORIENTED_EDGE('',*,*,#1145,.F.);
#1666=ORIENTED_EDGE('',*,*,#1142,.F.);
#1667=ORIENTED_EDGE('',*,*,#1132,.F.);
#1668=ORIENTED_EDGE('',*,*,#916,.F.);
#1669=ORIENTED_EDGE('',*,*,#1103,.T.);
#1670=ORIENTED_EDGE('',*,*,#1146,.T.);
#1671=ORIENTED_EDGE('',*,*,#1143,.F.);
#1672=ORIENTED_EDGE('',*,*,#1145,.T.);
#1673=ORIENTED_EDGE('',*,*,#928,.F.);
#1674=ORIENTED_EDGE('',*,*,#1129,.T.);
#1675=ORIENTED_EDGE('',*,*,#1047,.T.);
#1676=ORIENTED_EDGE('',*,*,#1147,.T.);
#1677=ORIENTED_EDGE('',*,*,#1100,.T.);
#1678=ORIENTED_EDGE('',*,*,#939,.F.);
#1679=ORIENTED_EDGE('',*,*,#921,.F.);
#1680=ORIENTED_EDGE('',*,*,#925,.F.);
#1681=ORIENTED_EDGE('',*,*,#1147,.F.);
#1682=ORIENTED_EDGE('',*,*,#1046,.T.);
#1683=ORIENTED_EDGE('',*,*,#1148,.T.);
#1684=ORIENTED_EDGE('',*,*,#1149,.T.);
#1685=ORIENTED_EDGE('',*,*,#1150,.F.);
#1686=ORIENTED_EDGE('',*,*,#1101,.T.);
#1687=ORIENTED_EDGE('',*,*,#1125,.F.);
#1688=ORIENTED_EDGE('',*,*,#1107,.T.);
#1689=ORIENTED_EDGE('',*,*,#1151,.T.);
#1690=ORIENTED_EDGE('',*,*,#1151,.F.);
#1691=ORIENTED_EDGE('',*,*,#1106,.T.);
#1692=ORIENTED_EDGE('',*,*,#1115,.T.);
#1693=ORIENTED_EDGE('',*,*,#987,.T.);
#1694=ORIENTED_EDGE('',*,*,#986,.F.);
#1695=ORIENTED_EDGE('',*,*,#1116,.T.);
#1696=ORIENTED_EDGE('',*,*,#1118,.T.);
#1697=ORIENTED_EDGE('',*,*,#1120,.F.);
#1698=ORIENTED_EDGE('',*,*,#1122,.F.);
#1699=ORIENTED_EDGE('',*,*,#1144,.F.);
#1700=ORIENTED_EDGE('',*,*,#1146,.F.);
#1701=ORIENTED_EDGE('',*,*,#1102,.T.);
#1702=ORIENTED_EDGE('',*,*,#1150,.T.);
#1703=ORIENTED_EDGE('',*,*,#1152,.T.);
#1704=ORIENTED_EDGE('',*,*,#975,.T.);
#1705=ORIENTED_EDGE('',*,*,#1015,.F.);
#1706=ORIENTED_EDGE('',*,*,#976,.T.);
#1707=ORIENTED_EDGE('',*,*,#1152,.F.);
#1708=ORIENTED_EDGE('',*,*,#1149,.F.);
#1709=ORIENTED_EDGE('',*,*,#1153,.T.);
#1710=ORIENTED_EDGE('',*,*,#1044,.T.);
#1711=ORIENTED_EDGE('',*,*,#1148,.F.);
#1712=ORIENTED_EDGE('',*,*,#1045,.F.);
#1713=ORIENTED_EDGE('',*,*,#1153,.F.);
#1714=ORIENTED_EDGE('',*,*,#1077,.F.);
#1715=ORIENTED_EDGE('',*,*,#1154,.T.);
#1716=ORIENTED_EDGE('',*,*,#967,.T.);
#1717=ORIENTED_EDGE('',*,*,#1154,.F.);
#1718=ORIENTED_EDGE('',*,*,#1064,.F.);
#1719=ORIENTED_EDGE('',*,*,#1155,.T.);
#1720=ORIENTED_EDGE('',*,*,#961,.T.);
#1721=ORIENTED_EDGE('',*,*,#1155,.F.);
#1722=ORIENTED_EDGE('',*,*,#1156,.F.);
#1723=ORIENTED_EDGE('',*,*,#1157,.T.);
#1724=ORIENTED_EDGE('',*,*,#1038,.F.);
#1725=ORIENTED_EDGE('',*,*,#1157,.F.);
#1726=ORIENTED_EDGE('',*,*,#979,.F.);
#1727=ORIENTED_EDGE('',*,*,#1156,.T.);
#1728=CYLINDRICAL_SURFACE('',#1901,0.4);
#1729=CYLINDRICAL_SURFACE('',#1904,0.4);
#1730=CYLINDRICAL_SURFACE('',#1908,0.4);
#1731=CYLINDRICAL_SURFACE('',#1912,0.4);
#1732=CYLINDRICAL_SURFACE('',#1916,0.4);
#1733=CYLINDRICAL_SURFACE('',#1927,3.);
#1734=CYLINDRICAL_SURFACE('',#1941,1.8);
#1735=CYLINDRICAL_SURFACE('',#1945,1.8);
#1736=CYLINDRICAL_SURFACE('',#1949,2.99);
#1737=CYLINDRICAL_SURFACE('',#1951,2.99);
#1738=CYLINDRICAL_SURFACE('',#1956,3.);
#1739=CYLINDRICAL_SURFACE('',#1964,3.);
#1740=CYLINDRICAL_SURFACE('',#1975,1.8);
#1741=CYLINDRICAL_SURFACE('',#1995,3.);
#1742=CYLINDRICAL_SURFACE('',#1997,3.);
#1743=CYLINDRICAL_SURFACE('',#2008,3.);
#1744=CYLINDRICAL_SURFACE('',#2009,3.);
#1745=CYLINDRICAL_SURFACE('',#2014,34.);
#1746=CYLINDRICAL_SURFACE('',#2015,3.);
#1747=CYLINDRICAL_SURFACE('',#2017,1.8);
#1748=CYLINDRICAL_SURFACE('',#2021,1.8);
#1749=CYLINDRICAL_SURFACE('',#2024,1.8);
#1750=CYLINDRICAL_SURFACE('',#2027,1.8);
#1751=CYLINDRICAL_SURFACE('',#2030,1.8);
#1752=CYLINDRICAL_SURFACE('',#2033,1.8);
#1753=CYLINDRICAL_SURFACE('',#2037,1.8);
#1754=CYLINDRICAL_SURFACE('',#2043,1.8);
#1755=CYLINDRICAL_SURFACE('',#2047,1.8);
#1756=CYLINDRICAL_SURFACE('',#2051,1.8);
#1757=CYLINDRICAL_SURFACE('',#2055,1.8);
#1758=CYLINDRICAL_SURFACE('',#2057,1.8);
#1759=CYLINDRICAL_SURFACE('',#2061,1.8);
#1760=CYLINDRICAL_SURFACE('',#2063,1.8);
#1761=CYLINDRICAL_SURFACE('',#2065,1.8);
#1762=CYLINDRICAL_SURFACE('',#2067,1.8);
#1763=CYLINDRICAL_SURFACE('',#2070,1.8);
#1764=CYLINDRICAL_SURFACE('',#2072,1.8);
#1765=CYLINDRICAL_SURFACE('',#2077,1.8);
#1766=CYLINDRICAL_SURFACE('',#2078,3.);
#1767=CYLINDRICAL_SURFACE('',#2082,3.);
#1768=CYLINDRICAL_SURFACE('',#2084,3.);
#1769=CYLINDRICAL_SURFACE('',#2085,3.);
#1770=CYLINDRICAL_SURFACE('',#2086,0.9);
#1771=CYLINDRICAL_SURFACE('',#2087,3.);
#1772=CYLINDRICAL_SURFACE('',#2088,7.);
#1773=CYLINDRICAL_SURFACE('',#2089,7.);
#1774=CYLINDRICAL_SURFACE('',#2090,1.5);
#1775=ADVANCED_FACE('',(#228),#1728,.T.);
#1776=ADVANCED_FACE('',(#229),#1729,.T.);
#1777=ADVANCED_FACE('',(#230),#53,.F.);
#1778=ADVANCED_FACE('',(#231),#1730,.T.);
#1779=ADVANCED_FACE('',(#232),#54,.F.);
#1780=ADVANCED_FACE('',(#233),#1731,.F.);
#1781=ADVANCED_FACE('',(#234),#31,.T.);
#1782=ADVANCED_FACE('',(#235),#1732,.F.);
#1783=ADVANCED_FACE('',(#236),#55,.T.);
#1784=ADVANCED_FACE('',(#237),#56,.T.);
#1785=ADVANCED_FACE('',(#238),#57,.T.);
#1786=ADVANCED_FACE('',(#239),#58,.T.);
#1787=ADVANCED_FACE('',(#240),#59,.T.);
#1788=ADVANCED_FACE('',(#241),#1733,.T.);
#1789=ADVANCED_FACE('',(#242),#60,.T.);
#1790=ADVANCED_FACE('',(#243),#61,.T.);
#1791=ADVANCED_FACE('',(#244),#62,.T.);
#1792=ADVANCED_FACE('',(#245),#63,.T.);
#1793=ADVANCED_FACE('',(#246),#64,.T.);
#1794=ADVANCED_FACE('',(#247),#65,.T.);
#1795=ADVANCED_FACE('',(#248),#66,.T.);
#1796=ADVANCED_FACE('',(#249),#1734,.T.);
#1797=ADVANCED_FACE('',(#250),#32,.T.);
#1798=ADVANCED_FACE('',(#251),#1735,.T.);
#1799=ADVANCED_FACE('',(#252),#1736,.T.);
#1800=ADVANCED_FACE('',(#253),#1737,.T.);
#1801=ADVANCED_FACE('',(#254),#24,.T.);
#1802=ADVANCED_FACE('',(#255),#1738,.F.);
#1803=ADVANCED_FACE('',(#256,#15),#33,.T.);
#1804=ADVANCED_FACE('',(#257),#25,.T.);
#1805=ADVANCED_FACE('',(#258),#1739,.F.);
#1806=ADVANCED_FACE('',(#259,#16),#34,.T.);
#1807=ADVANCED_FACE('',(#260),#26,.T.);
#1808=ADVANCED_FACE('',(#261,#17),#35,.T.);
#1809=ADVANCED_FACE('',(#262),#1740,.F.);
#1810=ADVANCED_FACE('',(#263),#27,.T.);
#1811=ADVANCED_FACE('',(#264,#18),#36,.T.);
#1812=ADVANCED_FACE('',(#265),#28,.T.);
#1813=ADVANCED_FACE('',(#266,#19),#37,.F.);
#1814=ADVANCED_FACE('',(#267),#67,.F.);
#1815=ADVANCED_FACE('',(#268),#29,.T.);
#1816=ADVANCED_FACE('',(#269),#68,.F.);
#1817=ADVANCED_FACE('',(#270),#69,.F.);
#1818=ADVANCED_FACE('',(#271),#70,.F.);
#1819=ADVANCED_FACE('',(#272),#1741,.T.);
#1820=ADVANCED_FACE('',(#273),#1742,.T.);
#1821=ADVANCED_FACE('',(#274),#30,.T.);
#1822=ADVANCED_FACE('',(#275),#71,.F.);
#1823=ADVANCED_FACE('',(#276),#72,.F.);
#1824=ADVANCED_FACE('',(#277),#73,.F.);
#1825=ADVANCED_FACE('',(#278),#74,.F.);
#1826=ADVANCED_FACE('',(#279),#1743,.T.);
#1827=ADVANCED_FACE('',(#280),#1744,.T.);
#1828=ADVANCED_FACE('',(#281,#20),#38,.F.);
#1829=ADVANCED_FACE('',(#282),#39,.T.);
#1830=ADVANCED_FACE('',(#283),#75,.F.);
#1831=ADVANCED_FACE('',(#284),#1745,.T.);
#1832=ADVANCED_FACE('',(#285),#1746,.T.);
#1833=ADVANCED_FACE('',(#286),#1747,.T.);
#1834=ADVANCED_FACE('',(#287),#1748,.T.);
#1835=ADVANCED_FACE('',(#288),#40,.T.);
#1836=ADVANCED_FACE('',(#289),#1749,.T.);
#1837=ADVANCED_FACE('',(#290),#1750,.T.);
#1838=ADVANCED_FACE('',(#291,#21),#41,.T.);
#1839=ADVANCED_FACE('',(#292),#1751,.T.);
#1840=ADVANCED_FACE('',(#293),#1752,.T.);
#1841=ADVANCED_FACE('',(#294),#1753,.F.);
#1842=ADVANCED_FACE('',(#295),#42,.F.);
#1843=ADVANCED_FACE('',(#296,#22),#43,.T.);
#1844=ADVANCED_FACE('',(#297),#1754,.T.);
#1845=ADVANCED_FACE('',(#298),#1755,.T.);
#1846=ADVANCED_FACE('',(#299),#44,.T.);
#1847=ADVANCED_FACE('',(#300),#1756,.T.);
#1848=ADVANCED_FACE('',(#301),#1757,.T.);
#1849=ADVANCED_FACE('',(#302),#1758,.T.);
#1850=ADVANCED_FACE('',(#303),#45,.T.);
#1851=ADVANCED_FACE('',(#304),#76,.F.);
#1852=ADVANCED_FACE('',(#305),#1759,.T.);
#1853=ADVANCED_FACE('',(#306),#46,.T.);
#1854=ADVANCED_FACE('',(#307),#1760,.T.);
#1855=ADVANCED_FACE('',(#308),#1761,.T.);
#1856=ADVANCED_FACE('',(#309),#47,.T.);
#1857=ADVANCED_FACE('',(#310),#1762,.T.);
#1858=ADVANCED_FACE('',(#311),#1763,.T.);
#1859=ADVANCED_FACE('',(#312),#1764,.T.);
#1860=ADVANCED_FACE('',(#313),#77,.T.);
#1861=ADVANCED_FACE('',(#314),#78,.T.);
#1862=ADVANCED_FACE('',(#315),#79,.T.);
#1863=ADVANCED_FACE('',(#316),#80,.T.);
#1864=ADVANCED_FACE('',(#317),#1765,.T.);
#1865=ADVANCED_FACE('',(#318),#1766,.T.);
#1866=ADVANCED_FACE('',(#319),#48,.T.);
#1867=ADVANCED_FACE('',(#320),#49,.T.);
#1868=ADVANCED_FACE('',(#321),#81,.F.);
#1869=ADVANCED_FACE('',(#322),#50,.T.);
#1870=ADVANCED_FACE('',(#323),#1767,.T.);
#1871=ADVANCED_FACE('',(#324),#51,.T.);
#1872=ADVANCED_FACE('',(#325),#1768,.T.);
#1873=ADVANCED_FACE('',(#326),#82,.F.);
#1874=ADVANCED_FACE('',(#327),#83,.T.);
#1875=ADVANCED_FACE('',(#328),#84,.F.);
#1876=ADVANCED_FACE('',(#329),#1769,.T.);
#1877=ADVANCED_FACE('',(#330),#85,.F.);
#1878=ADVANCED_FACE('',(#331),#1770,.T.);
#1879=ADVANCED_FACE('',(#332),#86,.F.);
#1880=ADVANCED_FACE('',(#333),#1771,.T.);
#1881=ADVANCED_FACE('',(#334),#87,.F.);
#1882=ADVANCED_FACE('',(#335),#88,.F.);
#1883=ADVANCED_FACE('',(#336),#1772,.F.);
#1884=ADVANCED_FACE('',(#337),#1773,.F.);
#1885=ADVANCED_FACE('',(#338),#1774,.F.);
#1886=ADVANCED_FACE('',(#339,#23),#52,.T.);
#1887=CLOSED_SHELL('',(#1775,#1776,#1777,#1778,#1779,#1780,#1781,#1782,
#1783,#1784,#1785,#1786,#1787,#1788,#1789,#1790,#1791,#1792,#1793,#1794,
#1795,#1796,#1797,#1798,#1799,#1800,#1801,#1802,#1803,#1804,#1805,#1806,
#1807,#1808,#1809,#1810,#1811,#1812,#1813,#1814,#1815,#1816,#1817,#1818,
#1819,#1820,#1821,#1822,#1823,#1824,#1825,#1826,#1827,#1828,#1829,#1830,
#1831,#1832,#1833,#1834,#1835,#1836,#1837,#1838,#1839,#1840,#1841,#1842,
#1843,#1844,#1845,#1846,#1847,#1848,#1849,#1850,#1851,#1852,#1853,#1854,
#1855,#1856,#1857,#1858,#1859,#1860,#1861,#1862,#1863,#1864,#1865,#1866,
#1867,#1868,#1869,#1870,#1871,#1872,#1873,#1874,#1875,#1876,#1877,#1878,
#1879,#1880,#1881,#1882,#1883,#1884,#1885,#1886));
#1888=DERIVED_UNIT_ELEMENT(#1890,1.);
#1889=DERIVED_UNIT_ELEMENT(#4755,-3.);
#1890=(
MASS_UNIT()
NAMED_UNIT(*)
SI_UNIT(.KILO.,.GRAM.)
);
#1891=DERIVED_UNIT((#1888,#1889));
#1892=MEASURE_REPRESENTATION_ITEM('density measure',
POSITIVE_RATIO_MEASURE(7850.),#1891);
#1893=PROPERTY_DEFINITION_REPRESENTATION(#1898,#1895);
#1894=PROPERTY_DEFINITION_REPRESENTATION(#1899,#1896);
#1895=REPRESENTATION('material name',(#1897),#4752);
#1896=REPRESENTATION('density',(#1892),#4752);
#1897=DESCRIPTIVE_REPRESENTATION_ITEM('Steel','Steel');
#1898=PROPERTY_DEFINITION('material property','material name',#4762);
#1899=PROPERTY_DEFINITION('material property','density of part',#4762);
#1900=AXIS2_PLACEMENT_3D('',#2567,#2093,#2094);
#1901=AXIS2_PLACEMENT_3D('',#2568,#2095,#2096);
#1902=AXIS2_PLACEMENT_3D('',#2571,#2097,#2098);
#1903=AXIS2_PLACEMENT_3D('',#2575,#2100,#2101);
#1904=AXIS2_PLACEMENT_3D('',#2577,#2103,#2104);
#1905=AXIS2_PLACEMENT_3D('',#2588,#2106,#2107);
#1906=AXIS2_PLACEMENT_3D('',#2589,#2108,#2109);
#1907=AXIS2_PLACEMENT_3D('',#2619,#2110,#2111);
#1908=AXIS2_PLACEMENT_3D('',#2620,#2112,#2113);
#1909=AXIS2_PLACEMENT_3D('',#2623,#2114,#2115);
#1910=AXIS2_PLACEMENT_3D('',#2625,#2116,#2117);
#1911=AXIS2_PLACEMENT_3D('',#2662,#2119,#2120);
#1912=AXIS2_PLACEMENT_3D('',#2663,#2121,#2122);
#1913=AXIS2_PLACEMENT_3D('',#2667,#2124,#2125);
#1914=AXIS2_PLACEMENT_3D('',#2669,#2127,#2128);
#1915=AXIS2_PLACEMENT_3D('',#2677,#2132,#2133);
#1916=AXIS2_PLACEMENT_3D('',#2679,#2135,#2136);
#1917=AXIS2_PLACEMENT_3D('',#2682,#2138,#2139);
#1918=AXIS2_PLACEMENT_3D('',#2705,#2140,#2141);
#1919=AXIS2_PLACEMENT_3D('',#2706,#2142,#2143);
#1920=AXIS2_PLACEMENT_3D('',#2707,#2144,#2145);
#1921=AXIS2_PLACEMENT_3D('',#2773,#2146,#2147);
#1922=AXIS2_PLACEMENT_3D('',#2805,#2148,#2149);
#1923=AXIS2_PLACEMENT_3D('',#2806,#2150,#2151);
#1924=AXIS2_PLACEMENT_3D('',#2807,#2152,#2153);
#1925=AXIS2_PLACEMENT_3D('',#2830,#2154,#2155);
#1926=AXIS2_PLACEMENT_3D('',#2877,#2156,#2157);
#1927=AXIS2_PLACEMENT_3D('',#2878,#2158,#2159);
#1928=AXIS2_PLACEMENT_3D('',#2954,#2162,#2163);
#1929=AXIS2_PLACEMENT_3D('',#2982,#2164,#2165);
#1930=AXIS2_PLACEMENT_3D('',#2990,#2166,#2167);
#1931=AXIS2_PLACEMENT_3D('',#3018,#2168,#2169);
#1932=AXIS2_PLACEMENT_3D('',#3019,#2170,#2171);
#1933=AXIS2_PLACEMENT_3D('',#3020,#2172,#2173);
#1934=AXIS2_PLACEMENT_3D('',#3043,#2174,#2175);
#1935=AXIS2_PLACEMENT_3D('',#3074,#2176,#2177);
#1936=AXIS2_PLACEMENT_3D('',#3075,#2178,#2179);
#1937=AXIS2_PLACEMENT_3D('',#3076,#2180,#2181);
#1938=AXIS2_PLACEMENT_3D('',#3127,#2182,#2183);
#1939=AXIS2_PLACEMENT_3D('',#3164,#2184,#2185);
#1940=AXIS2_PLACEMENT_3D('',#3165,#2186,#2187);
#1941=AXIS2_PLACEMENT_3D('',#3222,#2188,#2189);
#1942=AXIS2_PLACEMENT_3D('',#3226,#2191,#2192);
#1943=AXIS2_PLACEMENT_3D('',#3228,#2193,#2194);
#1944=AXIS2_PLACEMENT_3D('',#3230,#2196,#2197);
#1945=AXIS2_PLACEMENT_3D('',#3234,#2200,#2201);
#1946=AXIS2_PLACEMENT_3D('',#3236,#2202,#2203);
#1947=AXIS2_PLACEMENT_3D('',#3256,#2205,#2206);
#1948=AXIS2_PLACEMENT_3D('',#3257,#2207,#2208);
#1949=AXIS2_PLACEMENT_3D('',#3258,#2209,#2210);
#1950=AXIS2_PLACEMENT_3D('',#3260,#2211,#2212);
#1951=AXIS2_PLACEMENT_3D('',#3262,#2214,#2215);
#1952=AXIS2_PLACEMENT_3D('',#3277,#2217,#2218);
#1953=AXIS2_PLACEMENT_3D('',#3279,#2219,#2220);
#1954=AXIS2_PLACEMENT_3D('',#3281,#2221,#2222);
#1955=AXIS2_PLACEMENT_3D('',#3282,#2223,#2224);
#1956=AXIS2_PLACEMENT_3D('',#3283,#2225,#2226);
#1957=AXIS2_PLACEMENT_3D('',#3286,#2228,#2229);
#1958=AXIS2_PLACEMENT_3D('',#3287,#2230,#2231);
#1959=AXIS2_PLACEMENT_3D('',#3289,#2232,#2233);
#1960=AXIS2_PLACEMENT_3D('',#3290,#2234,#2235);
#1961=AXIS2_PLACEMENT_3D('',#3292,#2236,#2237);
#1962=AXIS2_PLACEMENT_3D('',#3294,#2238,#2239);
#1963=AXIS2_PLACEMENT_3D('',#3295,#2240,#2241);
#1964=AXIS2_PLACEMENT_3D('',#3296,#2242,#2243);
#1965=AXIS2_PLACEMENT_3D('',#3299,#2245,#2246);
#1966=AXIS2_PLACEMENT_3D('',#3300,#2247,#2248);
#1967=AXIS2_PLACEMENT_3D('',#3302,#2249,#2250);
#1968=AXIS2_PLACEMENT_3D('',#3303,#2251,#2252);
#1969=AXIS2_PLACEMENT_3D('',#3305,#2253,#2254);
#1970=AXIS2_PLACEMENT_3D('',#3307,#2255,#2256);
#1971=AXIS2_PLACEMENT_3D('',#3309,#2257,#2258);
#1972=AXIS2_PLACEMENT_3D('',#3310,#2259,#2260);
#1973=AXIS2_PLACEMENT_3D('',#3311,#2261,#2262);
#1974=AXIS2_PLACEMENT_3D('',#3314,#2263,#2264);
#1975=AXIS2_PLACEMENT_3D('',#3330,#2268,#2269);
#1976=AXIS2_PLACEMENT_3D('',#3333,#2271,#2272);
#1977=AXIS2_PLACEMENT_3D('',#3334,#2273,#2274);
#1978=AXIS2_PLACEMENT_3D('',#3336,#2275,#2276);
#1979=AXIS2_PLACEMENT_3D('',#3337,#2277,#2278);
#1980=AXIS2_PLACEMENT_3D('',#3338,#2279,#2280);
#1981=AXIS2_PLACEMENT_3D('',#3368,#2288,#2289);
#1982=AXIS2_PLACEMENT_3D('',#3370,#2290,#2291);
#1983=AXIS2_PLACEMENT_3D('',#3371,#2292,#2293);
#1984=AXIS2_PLACEMENT_3D('',#3372,#2294,#2295);
#1985=AXIS2_PLACEMENT_3D('',#3433,#2300,#2301);
#1986=AXIS2_PLACEMENT_3D('',#3435,#2302,#2303);
#1987=AXIS2_PLACEMENT_3D('',#3436,#2304,#2305);
#1988=AXIS2_PLACEMENT_3D('',#3437,#2306,#2307);
#1989=AXIS2_PLACEMENT_3D('',#3439,#2308,#2309);
#1990=AXIS2_PLACEMENT_3D('',#3441,#2310,#2311);
#1991=AXIS2_PLACEMENT_3D('',#3442,#2312,#2313);
#1992=AXIS2_PLACEMENT_3D('',#3465,#2314,#2315);
#1993=AXIS2_PLACEMENT_3D('',#3500,#2316,#2317);
#1994=AXIS2_PLACEMENT_3D('',#3501,#2318,#2319);
#1995=AXIS2_PLACEMENT_3D('',#3530,#2320,#2321);
#1996=AXIS2_PLACEMENT_3D('',#3534,#2323,#2324);
#1997=AXIS2_PLACEMENT_3D('',#3536,#2326,#2327);
#1998=AXIS2_PLACEMENT_3D('',#3605,#2329,#2330);
#1999=AXIS2_PLACEMENT_3D('',#3608,#2331,#2332);
#2000=AXIS2_PLACEMENT_3D('',#3610,#2333,#2334);
#2001=AXIS2_PLACEMENT_3D('',#3612,#2335,#2336);
#2002=AXIS2_PLACEMENT_3D('',#3613,#2337,#2338);
#2003=AXIS2_PLACEMENT_3D('',#3640,#2339,#2340);
#2004=AXIS2_PLACEMENT_3D('',#3671,#2341,#2342);
#2005=AXIS2_PLACEMENT_3D('',#3672,#2343,#2344);
#2006=AXIS2_PLACEMENT_3D('',#3694,#2345,#2346);
#2007=AXIS2_PLACEMENT_3D('',#3728,#2347,#2348);
#2008=AXIS2_PLACEMENT_3D('',#3729,#2349,#2350);
#2009=AXIS2_PLACEMENT_3D('',#3732,#2353,#2354);
#2010=AXIS2_PLACEMENT_3D('',#3736,#2356,#2357);
#2011=AXIS2_PLACEMENT_3D('',#3738,#2359,#2360);
#2012=AXIS2_PLACEMENT_3D('',#3743,#2363,#2364);
#2013=AXIS2_PLACEMENT_3D('',#3744,#2365,#2366);
#2014=AXIS2_PLACEMENT_3D('',#3878,#2369,#2370);
#2015=AXIS2_PLACEMENT_3D('',#3879,#2371,#2372);
#2016=AXIS2_PLACEMENT_3D('',#3880,#2373,#2374);
#2017=AXIS2_PLACEMENT_3D('',#3881,#2375,#2376);
#2018=AXIS2_PLACEMENT_3D('',#3884,#2377,#2378);
#2019=AXIS2_PLACEMENT_3D('',#3887,#2380,#2381);
#2020=AXIS2_PLACEMENT_3D('',#3888,#2382,#2383);
#2021=AXIS2_PLACEMENT_3D('',#3889,#2384,#2385);
#2022=AXIS2_PLACEMENT_3D('',#3892,#2387,#2388);
#2023=AXIS2_PLACEMENT_3D('',#3893,#2389,#2390);
#2024=AXIS2_PLACEMENT_3D('',#3897,#2393,#2394);
#2025=AXIS2_PLACEMENT_3D('',#3899,#2395,#2396);
#2026=AXIS2_PLACEMENT_3D('',#3902,#2398,#2399);
#2027=AXIS2_PLACEMENT_3D('',#3903,#2400,#2401);
#2028=AXIS2_PLACEMENT_3D('',#3905,#2403,#2404);
#2029=AXIS2_PLACEMENT_3D('',#3910,#2407,#2408);
#2030=AXIS2_PLACEMENT_3D('',#3911,#2409,#2410);
#2031=AXIS2_PLACEMENT_3D('',#3913,#2411,#2412);
#2032=AXIS2_PLACEMENT_3D('',#3915,#2413,#2414);
#2033=AXIS2_PLACEMENT_3D('',#3917,#2416,#2417);
#2034=AXIS2_PLACEMENT_3D('',#3919,#2418,#2419);
#2035=AXIS2_PLACEMENT_3D('',#3920,#2420,#2421);
#2036=AXIS2_PLACEMENT_3D('',#3921,#2422,#2423);
#2037=AXIS2_PLACEMENT_3D('',#3922,#2424,#2425);
#2038=AXIS2_PLACEMENT_3D('',#3924,#2426,#2427);
#2039=AXIS2_PLACEMENT_3D('',#3926,#2429,#2430);
#2040=AXIS2_PLACEMENT_3D('',#3927,#2431,#2432);
#2041=AXIS2_PLACEMENT_3D('',#3928,#2433,#2434);
#2042=AXIS2_PLACEMENT_3D('',#3935,#2438,#2439);
#2043=AXIS2_PLACEMENT_3D('',#3936,#2440,#2441);
#2044=AXIS2_PLACEMENT_3D('',#3938,#2442,#2443);
#2045=AXIS2_PLACEMENT_3D('',#3942,#2445,#2446);
#2046=AXIS2_PLACEMENT_3D('',#3944,#2447,#2448);
#2047=AXIS2_PLACEMENT_3D('',#3946,#2450,#2451);
#2048=AXIS2_PLACEMENT_3D('',#3950,#2453,#2454);
#2049=AXIS2_PLACEMENT_3D('',#3951,#2455,#2456);
#2050=AXIS2_PLACEMENT_3D('',#3952,#2457,#2458);
#2051=AXIS2_PLACEMENT_3D('',#3956,#2461,#2462);
#2052=AXIS2_PLACEMENT_3D('',#3957,#2463,#2464);
#2053=AXIS2_PLACEMENT_3D('',#3959,#2465,#2466);
#2054=AXIS2_PLACEMENT_3D('',#3960,#2467,#2468);
#2055=AXIS2_PLACEMENT_3D('',#3961,#2469,#2470);
#2056=AXIS2_PLACEMENT_3D('',#3963,#2471,#2472);
#2057=AXIS2_PLACEMENT_3D('',#3965,#2474,#2475);
#2058=AXIS2_PLACEMENT_3D('',#3967,#2476,#2477);
#2059=AXIS2_PLACEMENT_3D('',#3969,#2479,#2480);
#2060=AXIS2_PLACEMENT_3D('',#4010,#2482,#2483);
#2061=AXIS2_PLACEMENT_3D('',#4011,#2484,#2485);
#2062=AXIS2_PLACEMENT_3D('',#4013,#2487,#2488);
#2063=AXIS2_PLACEMENT_3D('',#4041,#2496,#2497);
#2064=AXIS2_PLACEMENT_3D('',#4042,#2498,#2499);
#2065=AXIS2_PLACEMENT_3D('',#4043,#2500,#2501);
#2066=AXIS2_PLACEMENT_3D('',#4045,#2503,#2504);
#2067=AXIS2_PLACEMENT_3D('',#4046,#2505,#2506);
#2068=AXIS2_PLACEMENT_3D('',#4048,#2507,#2508);
#2069=AXIS2_PLACEMENT_3D('',#4049,#2509,#2510);
#2070=AXIS2_PLACEMENT_3D('',#4050,#2511,#2512);
#2071=AXIS2_PLACEMENT_3D('',#4051,#2513,#2514);
#2072=AXIS2_PLACEMENT_3D('',#4052,#2515,#2516);
#2073=AXIS2_PLACEMENT_3D('',#4053,#2517,#2518);
#2074=AXIS2_PLACEMENT_3D('',#4110,#2519,#2520);
#2075=AXIS2_PLACEMENT_3D('',#4132,#2521,#2522);
#2076=AXIS2_PLACEMENT_3D('',#4167,#2523,#2524);
#2077=AXIS2_PLACEMENT_3D('',#4224,#2525,#2526);
#2078=AXIS2_PLACEMENT_3D('',#4225,#2527,#2528);
#2079=AXIS2_PLACEMENT_3D('',#4228,#2531,#2532);
#2080=AXIS2_PLACEMENT_3D('',#4230,#2534,#2535);
#2081=AXIS2_PLACEMENT_3D('',#4358,#2537,#2538);
#2082=AXIS2_PLACEMENT_3D('',#4360,#2540,#2541);
#2083=AXIS2_PLACEMENT_3D('',#4362,#2543,#2544);
#2084=AXIS2_PLACEMENT_3D('',#4364,#2546,#2547);
#2085=AXIS2_PLACEMENT_3D('',#4559,#2548,#2549);
#2086=AXIS2_PLACEMENT_3D('',#4665,#2550,#2551);
#2087=AXIS2_PLACEMENT_3D('',#4690,#2552,#2553);
#2088=AXIS2_PLACEMENT_3D('',#4741,#2554,#2555);
#2089=AXIS2_PLACEMENT_3D('',#4743,#2557,#2558);
#2090=AXIS2_PLACEMENT_3D('',#4745,#2560,#2561);
#2091=AXIS2_PLACEMENT_3D('',#4747,#2562,#2563);
#2092=AXIS2_PLACEMENT_3D('',#4749,#2565,#2566);
#2093=DIRECTION('axis',(0.,0.,1.));
#2094=DIRECTION('refdir',(1.,0.,0.));
#2095=DIRECTION('center_axis',(0.,-1.,0.));
#2096=DIRECTION('ref_axis',(-0.707106781186548,0.,-0.707106781186548));
#2097=DIRECTION('center_axis',(0.,-1.,0.));
#2098=DIRECTION('ref_axis',(-1.,0.,0.));
#2099=DIRECTION('',(0.,-1.,0.));
#2100=DIRECTION('center_axis',(0.,1.,0.));
#2101=DIRECTION('ref_axis',(0.,0.,-1.));
#2102=DIRECTION('',(0.,1.,0.));
#2103=DIRECTION('center_axis',(0.,-1.,0.));
#2104=DIRECTION('ref_axis',(-0.707106781186548,0.,-0.707106781186548));
#2105=DIRECTION('',(0.,1.,0.));
#2106=DIRECTION('center_axis',(0.,-1.,0.));
#2107=DIRECTION('ref_axis',(-1.,0.,0.));
#2108=DIRECTION('center_axis',(0.577096424326928,0.707106781186548,-0.408607044761926));
#2109=DIRECTION('ref_axis',(-0.577096424326928,0.707106781186548,0.408607044761926));
#2110=DIRECTION('center_axis',(-5.24521221959029E-15,-0.327378072483047,
0.94489343190504));
#2111=DIRECTION('ref_axis',(-3.4052190162621E-16,-0.94489343190504,-0.327378072483047));
#2112=DIRECTION('center_axis',(0.,-1.,0.));
#2113=DIRECTION('ref_axis',(-0.707106781186548,0.,-0.707106781186548));
#2114=DIRECTION('center_axis',(0.577096424326928,-0.707106781186548,-0.408607044761926));
#2115=DIRECTION('ref_axis',(-0.577096424326928,-0.707106781186548,0.408607044761926));
#2116=DIRECTION('center_axis',(0.,1.,0.));
#2117=DIRECTION('ref_axis',(0.,0.,-1.));
#2118=DIRECTION('',(0.,1.,0.));
#2119=DIRECTION('center_axis',(0.,0.327378072483047,0.94489343190504));
#2120=DIRECTION('ref_axis',(0.,0.94489343190504,-0.327378072483047));
#2121=DIRECTION('center_axis',(0.,-0.500329428278399,-0.865835124719834));
#2122=DIRECTION('ref_axis',(0.888002371710494,0.398144646744862,-0.230070919728996));
#2123=DIRECTION('',(0.,0.500329428278399,0.865835124719834));
#2124=DIRECTION('center_axis',(-1.20158761374144E-15,-0.500329428278399,
-0.865835124719834));
#2125=DIRECTION('ref_axis',(0.577096424326928,0.707106781186548,-0.408607044761925));
#2126=DIRECTION('',(-3.20352868858302E-17,-0.500329428278399,-0.865835124719834));
#2127=DIRECTION('center_axis',(-1.,0.,0.));
#2128=DIRECTION('ref_axis',(0.,-1.,0.));
#2129=DIRECTION('',(0.,0.500329428278399,-0.865835124719834));
#2130=DIRECTION('',(0.,0.,-1.));
#2131=DIRECTION('',(0.,1.,0.));
#2132=DIRECTION('center_axis',(1.,0.,0.));
#2133=DIRECTION('ref_axis',(0.,0.,-1.));
#2134=DIRECTION('',(0.,0.,1.));
#2135=DIRECTION('center_axis',(0.,-0.500329428278399,0.865835124719834));
#2136=DIRECTION('ref_axis',(0.888002371710496,-0.39814464674486,-0.230070919728993));
#2137=DIRECTION('',(3.20352868858302E-17,-0.500329428278399,0.865835124719834));
#2138=DIRECTION('center_axis',(0.,-0.500329428278401,0.865835124719833));
#2139=DIRECTION('ref_axis',(0.577096424326929,-0.707106781186547,-0.408607044761926));
#2140=DIRECTION('center_axis',(0.295746638380513,-0.285422054954731,0.91162940739757));
#2141=DIRECTION('ref_axis',(0.577096424326925,-0.707106781186546,-0.408607044761931));
#2142=DIRECTION('center_axis',(0.588070409561599,-0.720553025261144,-0.367391523017429));
#2143=DIRECTION('ref_axis',(-0.232297487958826,0.284630301045207,-0.930066378714409));
#2144=DIRECTION('center_axis',(-0.577096424326928,0.707106781186548,0.408607044761926));
#2145=DIRECTION('ref_axis',(-0.258357594320356,0.316561321841555,-0.91271040476754));
#2146=DIRECTION('center_axis',(0.803048550384779,0.178377018268854,-0.568590067692373));
#2147=DIRECTION('ref_axis',(-0.577857624383506,-1.07552855510562E-14,-0.81613759008016));
#2148=DIRECTION('center_axis',(0.768281620258237,0.337395844487185,-0.543973709011895));
#2149=DIRECTION('ref_axis',(-0.577857624383504,-1.38777878078145E-15,-0.816137590080161));
#2150=DIRECTION('center_axis',(-0.625856999604821,-2.88634978259271E-16,
-0.779937828320727));
#2151=DIRECTION('ref_axis',(0.779937828320727,0.,-0.625856999604821));
#2152=DIRECTION('center_axis',(0.577857624383505,0.,0.81613759008016));
#2153=DIRECTION('ref_axis',(0.81613759008016,0.,-0.577857624383505));
#2154=DIRECTION('center_axis',(0.537692154379495,0.76194199179538,-0.361014609479487));
#2155=DIRECTION('ref_axis',(-0.679166539422076,0.137684082100127,-0.720954856607324));
#2156=DIRECTION('center_axis',(-0.312322334254049,-0.923879532511287,0.221136539117417));
#2157=DIRECTION('ref_axis',(0.754012815188146,-0.38268343236509,-0.533870831873517));
#2158=DIRECTION('center_axis',(0.,0.,1.));
#2159=DIRECTION('ref_axis',(0.707106781186548,-0.707106781186548,0.));
#2160=DIRECTION('',(0.,0.,1.));
#2161=DIRECTION('',(0.,0.,-1.));
#2162=DIRECTION('center_axis',(-0.188086675953732,0.,0.982152433346614));
#2163=DIRECTION('ref_axis',(-0.982152433346614,0.,-0.188086675953732));
#2164=DIRECTION('center_axis',(-0.768281620115106,0.337395844588991,0.543973709150902));
#2165=DIRECTION('ref_axis',(-0.57785762464857,-3.24773541393597E-10,-0.816137589892484));
#2166=DIRECTION('center_axis',(0.29321663329688,-0.94020481915695,-0.17331735052236));
#2167=DIRECTION('ref_axis',(-0.954652501986511,-0.297722354637496,1.38777878078144E-15));
#2168=DIRECTION('center_axis',(-0.80304855038478,0.178377018268858,0.568590067692371));
#2169=DIRECTION('ref_axis',(-0.577857624383506,0.,-0.81613759008016));
#2170=DIRECTION('center_axis',(-0.625856999604821,1.15806808514015E-16,
-0.779937828320727));
#2171=DIRECTION('ref_axis',(0.779937828320727,0.,-0.625856999604821));
#2172=DIRECTION('center_axis',(0.577857624383505,0.,0.81613759008016));
#2173=DIRECTION('ref_axis',(0.81613759008016,-1.33249227024865E-16,-0.577857624383505));
#2174=DIRECTION('center_axis',(-0.906214877578396,-1.25762577793175E-15,
0.422817449563724));
#2175=DIRECTION('ref_axis',(-0.416232109867952,0.175804503423294,-0.892100671051739));
#2176=DIRECTION('center_axis',(-0.907323343554223,5.83468726865822E-16,
0.420433526543241));
#2177=DIRECTION('ref_axis',(-0.413698856423429,0.178270020421134,-0.89278948023204));
#2178=DIRECTION('center_axis',(0.,1.,0.));
#2179=DIRECTION('ref_axis',(-0.81613759008016,0.,0.577857624383505));
#2180=DIRECTION('center_axis',(-0.0812087254458118,-0.995037190209989,0.0574989826907984));
#2181=DIRECTION('ref_axis',(-0.812087254458115,0.0995037190209993,0.574989826907982));
#2182=DIRECTION('center_axis',(-0.29580198391488,-0.285375018254404,-0.911626176274201));
#2183=DIRECTION('ref_axis',(0.577096424326924,0.707106781186552,-0.408607044761923));
#2184=DIRECTION('center_axis',(0.588101625456637,0.720591273585223,-0.36726651708002));
#2185=DIRECTION('ref_axis',(-0.232218448124152,-0.284533454832467,-0.930115748405493));
#2186=DIRECTION('center_axis',(-0.577096424326928,-0.707106781186548,0.408607044761926));
#2187=DIRECTION('ref_axis',(-0.258357594320356,-0.316561321841555,-0.91271040476754));
#2188=DIRECTION('center_axis',(-0.577096424326928,0.707106781186548,0.408607044761926));
#2189=DIRECTION('ref_axis',(0.000538249721846206,-0.5,0.866025236518681));
#2190=DIRECTION('',(-0.577096424326928,0.707106781186547,0.408607044761925));
#2191=DIRECTION('center_axis',(-2.84758105651824E-15,-1.,2.01619977386103E-15));
#2192=DIRECTION('ref_axis',(-0.81613759008016,3.4694469519536E-15,0.577857624383505));
#2193=DIRECTION('center_axis',(-0.816675839802005,0.5,-0.288167612135176));
#2194=DIRECTION('ref_axis',(0.000538249721845252,0.5,0.866025236518681));
#2195=DIRECTION('',(0.577096424326928,-0.707106781186547,-0.408607044761925));
#2196=DIRECTION('center_axis',(0.577857624383505,0.,0.81613759008016));
#2197=DIRECTION('ref_axis',(-0.577096424326928,0.707106781186547,0.408607044761926));
#2198=DIRECTION('',(0.577096424326928,-0.707106781186547,-0.408607044761925));
#2199=DIRECTION('',(0.577096424326928,0.707106781186548,-0.408607044761925));
#2200=DIRECTION('center_axis',(-0.577096424326928,0.707106781186548,0.408607044761926));
#2201=DIRECTION('ref_axis',(0.816675839802005,0.500000000000001,0.288167612135175));
#2202=DIRECTION('center_axis',(-1.,0.,0.));
#2203=DIRECTION('ref_axis',(0.,0.865835124719834,0.500329428278399));
#2204=DIRECTION('',(-0.577096424326928,0.707106781186547,0.408607044761925));
#2205=DIRECTION('center_axis',(-0.816675839802006,0.5,-0.288167612135175));
#2206=DIRECTION('ref_axis',(0.000538249721845415,0.5,0.866025236518681));
#2207=DIRECTION('center_axis',(-0.81613759008016,-2.28378810378915E-15,
0.577857624383505));
#2208=DIRECTION('ref_axis',(-1.98987412298465E-15,1.,1.09034198519707E-15));
#2209=DIRECTION('center_axis',(0.,0.,-1.));
#2210=DIRECTION('ref_axis',(-0.707106781186548,0.707106781186547,0.));
#2211=DIRECTION('center_axis',(0.,0.,-1.));
#2212=DIRECTION('ref_axis',(-1.,0.,0.));
#2213=DIRECTION('',(0.,0.,-1.));
#2214=DIRECTION('center_axis',(0.,0.,-1.));
#2215=DIRECTION('ref_axis',(-0.707106781186548,0.707106781186547,0.));
#2216=DIRECTION('',(0.,0.,-1.));
#2217=DIRECTION('center_axis',(-0.577096424326928,-0.707106781186548,0.408607044761926));
#2218=DIRECTION('ref_axis',(0.577857624383506,0.,0.81613759008016));
#2219=DIRECTION('center_axis',(0.577096424326928,0.707106781186548,-0.408607044761926));
#2220=DIRECTION('ref_axis',(0.577857624383505,7.17019036737079E-16,0.816137590080161));
#2221=DIRECTION('center_axis',(0.577096424326928,-0.707106781186548,-0.408607044761925));
#2222=DIRECTION('ref_axis',(-0.577857624383505,0.,-0.81613759008016));
#2223=DIRECTION('center_axis',(-0.577096424326928,-0.707106781186548,0.408607044761926));
#2224=DIRECTION('ref_axis',(0.577857624383505,6.88981671403441E-16,0.816137590080161));
#2225=DIRECTION('center_axis',(0.577096424326928,0.707106781186548,-0.408607044761926));
#2226=DIRECTION('ref_axis',(0.577857624383505,0.,0.81613759008016));
#2227=DIRECTION('',(0.577096424326928,0.707106781186548,-0.408607044761926));
#2228=DIRECTION('center_axis',(-0.577096424326928,-0.707106781186548,0.408607044761926));
#2229=DIRECTION('ref_axis',(0.577857624383505,5.55111512312578E-16,0.816137590080161));
#2230=DIRECTION('center_axis',(-0.577096424326928,-0.707106781186548,0.408607044761926));
#2231=DIRECTION('ref_axis',(0.577857624383505,0.,0.81613759008016));
#2232=DIRECTION('center_axis',(0.577096424326928,0.707106781186548,-0.408607044761926));
#2233=DIRECTION('ref_axis',(0.577857624383506,3.96508223080413E-17,0.81613759008016));
#2234=DIRECTION('center_axis',(-0.577096424326928,0.707106781186548,0.408607044761926));
#2235=DIRECTION('ref_axis',(0.577857624383506,0.,0.81613759008016));
#2236=DIRECTION('center_axis',(0.577096424326928,-0.707106781186548,-0.408607044761926));
#2237=DIRECTION('ref_axis',(0.577857624383505,-3.70074341541718E-16,0.81613759008016));
#2238=DIRECTION('center_axis',(-0.577096424326928,-0.707106781186548,0.408607044761926));
#2239=DIRECTION('ref_axis',(-0.577857624383506,0.,-0.81613759008016));
#2240=DIRECTION('center_axis',(-0.577096424326928,0.707106781186548,0.408607044761926));
#2241=DIRECTION('ref_axis',(0.577857624383505,-3.70074341541719E-16,0.81613759008016));
#2242=DIRECTION('center_axis',(0.577096424326928,-0.707106781186548,-0.408607044761926));
#2243=DIRECTION('ref_axis',(0.577857624383505,0.,0.81613759008016));
#2244=DIRECTION('',(0.577096424326928,-0.707106781186548,-0.408607044761926));
#2245=DIRECTION('center_axis',(-0.577096424326928,0.707106781186547,0.408607044761926));
#2246=DIRECTION('ref_axis',(0.577857624383505,-4.85722573273506E-16,0.81613759008016));
#2247=DIRECTION('center_axis',(-0.577096424326928,0.707106781186548,0.408607044761926));
#2248=DIRECTION('ref_axis',(0.577857624383505,0.,0.81613759008016));
#2249=DIRECTION('center_axis',(0.577096424326928,-0.707106781186548,-0.408607044761926));
#2250=DIRECTION('ref_axis',(0.577857624383506,-3.96508223080413E-17,0.81613759008016));
#2251=DIRECTION('center_axis',(0.,0.,-1.));
#2252=DIRECTION('ref_axis',(-1.,0.,0.));
#2253=DIRECTION('center_axis',(0.,0.,1.));
#2254=DIRECTION('ref_axis',(1.,0.,0.));
#2255=DIRECTION('center_axis',(0.,-1.,0.));
#2256=DIRECTION('ref_axis',(1.,0.,0.));
#2257=DIRECTION('center_axis',(0.,0.,-1.));
#2258=DIRECTION('ref_axis',(1.,0.,0.));
#2259=DIRECTION('center_axis',(0.,0.,-1.));
#2260=DIRECTION('ref_axis',(1.,0.,0.));
#2261=DIRECTION('center_axis',(0.,0.,1.));
#2262=DIRECTION('ref_axis',(1.,0.,0.));
#2263=DIRECTION('center_axis',(0.,0.,-1.));
#2264=DIRECTION('ref_axis',(-1.,0.,0.));
#2265=DIRECTION('',(-1.,0.,0.));
#2266=DIRECTION('',(0.,-1.,0.));
#2267=DIRECTION('',(1.,0.,0.));
#2268=DIRECTION('center_axis',(0.,0.,-1.));
#2269=DIRECTION('ref_axis',(1.,0.,0.));
#2270=DIRECTION('',(0.,0.,-1.));
#2271=DIRECTION('center_axis',(0.,0.,-1.));
#2272=DIRECTION('ref_axis',(1.,0.,0.));
#2273=DIRECTION('center_axis',(-0.577096424326928,0.707106781186547,0.408607044761926));
#2274=DIRECTION('ref_axis',(0.577857624383506,0.,0.81613759008016));
#2275=DIRECTION('center_axis',(0.577096424326928,-0.707106781186547,-0.408607044761926));
#2276=DIRECTION('ref_axis',(0.577857624383505,-4.0161047727259E-16,0.81613759008016));
#2277=DIRECTION('center_axis',(-0.577096424326928,-0.707106781186548,0.408607044761925));
#2278=DIRECTION('ref_axis',(-0.577857624383505,0.,-0.81613759008016));
#2279=DIRECTION('center_axis',(0.577096424326928,-0.707106781186547,-0.408607044761926));
#2280=DIRECTION('ref_axis',(0.577857624383505,0.,0.81613759008016));
#2281=DIRECTION('',(-0.577857624383506,-1.22519038313981E-16,-0.81613759008016));
#2282=DIRECTION('',(0.,0.500329428278399,-0.865835124719834));
#2283=DIRECTION('',(-0.577857624383506,0.,-0.81613759008016));
#2284=DIRECTION('',(0.,0.500329428278399,-0.865835124719834));
#2285=DIRECTION('',(0.577096424326928,0.707106781186548,-0.408607044761925));
#2286=DIRECTION('',(0.577857624383505,0.,0.81613759008016));
#2287=DIRECTION('',(-0.577096424326928,-0.707106781186548,0.408607044761925));
#2288=DIRECTION('center_axis',(-0.577096424326928,-0.707106781186548,0.408607044761926));
#2289=DIRECTION('ref_axis',(0.577857624383506,0.,0.81613759008016));
#2290=DIRECTION('center_axis',(0.577096424326928,0.707106781186548,-0.408607044761926));
#2291=DIRECTION('ref_axis',(0.577857624383505,5.83148877646217E-16,0.81613759008016));
#2292=DIRECTION('center_axis',(0.577096424326928,-0.707106781186547,-0.408607044761926));
#2293=DIRECTION('ref_axis',(-0.577857624383506,0.,-0.81613759008016));
#2294=DIRECTION('center_axis',(-0.577096424326928,-0.707106781186548,0.408607044761926));
#2295=DIRECTION('ref_axis',(0.577857624383505,0.,0.81613759008016));
#2296=DIRECTION('',(-0.577857624383505,-8.32667268468867E-17,-0.81613759008016));
#2297=DIRECTION('',(0.,0.500329428278399,0.865835124719834));
#2298=DIRECTION('',(0.577857624383506,8.32667268468867E-17,0.81613759008016));
#2299=DIRECTION('',(0.577096424326928,-0.707106781186547,-0.408607044761925));
#2300=DIRECTION('center_axis',(0.220260871434644,0.950247492514293,-0.220260871434649));
#2301=DIRECTION('ref_axis',(-0.974172185196225,0.225806451612908,1.77635683940026E-14));
#2302=DIRECTION('center_axis',(-0.768221279597375,5.68597968410671E-16,
-0.64018439966448));
#2303=DIRECTION('ref_axis',(-0.64018439966448,0.,0.768221279597375));
#2304=DIRECTION('center_axis',(0.64018439966448,-4.73831640342226E-16,0.768221279597376));
#2305=DIRECTION('ref_axis',(-0.768221279597376,0.,0.64018439966448));
#2306=DIRECTION('center_axis',(0.,0.,1.));
#2307=DIRECTION('ref_axis',(-1.,1.0449157878825E-16,0.));
#2308=DIRECTION('center_axis',(-0.2089552238806,-0.97792520900783,1.85589520534358E-15));
#2309=DIRECTION('ref_axis',(8.88178419700128E-15,0.,1.));
#2310=DIRECTION('center_axis',(0.,0.,1.));
#2311=DIRECTION('ref_axis',(-1.,0.,0.));
#2312=DIRECTION('center_axis',(-0.208955223880598,0.977925209007831,1.85589520534356E-15));
#2313=DIRECTION('ref_axis',(-0.977925209007831,-0.208955223880598,0.));
#2314=DIRECTION('center_axis',(-0.220260871456459,0.950247492511498,0.220260871424888));
#2315=DIRECTION('ref_axis',(-0.974172185191161,-0.225806451634754,-1.77635683940026E-14));
#2316=DIRECTION('center_axis',(0.64018439966448,0.,0.768221279597376));
#2317=DIRECTION('ref_axis',(-0.768221279597376,0.,0.64018439966448));
#2318=DIRECTION('center_axis',(-0.768221279597376,0.,-0.64018439966448));
#2319=DIRECTION('ref_axis',(-0.64018439966448,0.,0.768221279597376));
#2320=DIRECTION('center_axis',(0.,0.,1.));
#2321=DIRECTION('ref_axis',(-0.622171016838255,0.782881361258812,0.));
#2322=DIRECTION('',(0.,0.,-1.));
#2323=DIRECTION('center_axis',(0.64018439966448,0.,-0.768221279597376));
#2324=DIRECTION('ref_axis',(-0.768221279597376,0.,-0.64018439966448));
#2325=DIRECTION('',(0.,0.,1.));
#2326=DIRECTION('center_axis',(-1.,0.,0.));
#2327=DIRECTION('ref_axis',(0.,0.707106781186549,0.707106781186546));
#2328=DIRECTION('',(-1.,0.,0.));
#2329=DIRECTION('center_axis',(0.,0.,1.));
#2330=DIRECTION('ref_axis',(-1.,1.0449157878825E-16,0.));
#2331=DIRECTION('center_axis',(-0.2089552238806,-0.97792520900783,-1.85589520534358E-15));
#2332=DIRECTION('ref_axis',(-0.97792520900783,0.2089552238806,0.));
#2333=DIRECTION('center_axis',(0.,0.,1.));
#2334=DIRECTION('ref_axis',(-1.,0.,0.));
#2335=DIRECTION('center_axis',(-0.208955223880598,0.977925209007831,-1.85589520534356E-15));
#2336=DIRECTION('ref_axis',(8.88178419700128E-15,0.,-1.));
#2337=DIRECTION('center_axis',(0.,0.,-1.));
#2338=DIRECTION('ref_axis',(-1.,0.,0.));
#2339=DIRECTION('center_axis',(-0.220260871434645,0.950247492514294,-0.220260871434642));
#2340=DIRECTION('ref_axis',(0.,-0.225806451612902,-0.974172185196226));
#2341=DIRECTION('center_axis',(-0.768221279597376,-5.68597968410671E-16,
0.64018439966448));
#2342=DIRECTION('ref_axis',(-0.64018439966448,0.,-0.768221279597376));
#2343=DIRECTION('center_axis',(0.64018439966448,0.,-0.768221279597376));
#2344=DIRECTION('ref_axis',(-0.768221279597376,0.,-0.64018439966448));
#2345=DIRECTION('center_axis',(-0.220260871456446,-0.950247492511505,-0.220260871424875));
#2346=DIRECTION('ref_axis',(-0.974172185191163,0.225806451634744,0.));
#2347=DIRECTION('center_axis',(-0.768221279597376,0.,0.64018439966448));
#2348=DIRECTION('ref_axis',(-0.64018439966448,0.,-0.768221279597376));
#2349=DIRECTION('center_axis',(0.,0.,1.));
#2350=DIRECTION('ref_axis',(-0.622171016838256,-0.782881361258812,0.));
#2351=DIRECTION('',(0.,0.,-1.));
#2352=DIRECTION('',(0.,0.,1.));
#2353=DIRECTION('center_axis',(-1.,0.,0.));
#2354=DIRECTION('ref_axis',(0.,-0.707106781186547,-0.707106781186548));
#2355=DIRECTION('',(1.,0.,0.));
#2356=DIRECTION('center_axis',(-0.827484009795976,0.,0.561489281760545));
#2357=DIRECTION('ref_axis',(-0.561489281760545,0.,-0.827484009795976));
#2358=DIRECTION('',(-1.,0.,0.));
#2359=DIRECTION('center_axis',(0.,0.,1.));
#2360=DIRECTION('ref_axis',(1.,0.,0.));
#2361=DIRECTION('',(-1.,0.,0.));
#2362=DIRECTION('',(0.,-1.,0.));
#2363=DIRECTION('center_axis',(0.,0.,1.));
#2364=DIRECTION('ref_axis',(1.,0.,0.));
#2365=DIRECTION('center_axis',(0.,1.,0.));
#2366=DIRECTION('ref_axis',(-1.,0.,0.));
#2367=DIRECTION('',(0.369459572936057,0.,-0.929246804657356));
#2368=DIRECTION('',(1.,0.,0.));
#2369=DIRECTION('center_axis',(0.,0.,1.));
#2370=DIRECTION('ref_axis',(-0.955769224074819,0.294117647058823,0.));
#2371=DIRECTION('center_axis',(1.,0.,0.));
#2372=DIRECTION('ref_axis',(0.,0.707106781186547,-0.707106781186548));
#2373=DIRECTION('center_axis',(0.827484009795976,0.,-0.561489281760545));
#2374=DIRECTION('ref_axis',(-0.561489281760545,0.,-0.827484009795976));
#2375=DIRECTION('center_axis',(-0.577857624383506,-8.32667268468867E-17,
-0.81613759008016));
#2376=DIRECTION('ref_axis',(0.,1.,0.));
#2377=DIRECTION('center_axis',(0.816675839802006,0.499999999999998,0.288167612135179));
#2378=DIRECTION('ref_axis',(-0.00053824972184152,0.500000000000002,-0.866025236518679));
#2379=DIRECTION('',(0.577857624383506,1.22519038313981E-16,0.81613759008016));
#2380=DIRECTION('center_axis',(-0.000538249721846192,0.499999999999999,
-0.866025236518681));
#2381=DIRECTION('ref_axis',(0.816675839802006,0.5,0.288167612135174));
#2382=DIRECTION('center_axis',(0.000538249721849298,0.499999999999997,0.866025236518682));
#2383=DIRECTION('ref_axis',(-0.816675839802006,0.500000000000002,-0.288167612135171));
#2384=DIRECTION('center_axis',(-0.577096424326928,-0.707106781186548,0.408607044761925));
#2385=DIRECTION('ref_axis',(0.000538249721844462,0.500000000000001,0.86602523651868));
#2386=DIRECTION('',(-0.577096424326928,-0.707106781186548,0.408607044761925));
#2387=DIRECTION('center_axis',(-0.816675839802006,-0.5,-0.288167612135175));
#2388=DIRECTION('ref_axis',(0.000538249721845824,-0.5,0.866025236518681));
#2389=DIRECTION('center_axis',(-0.577096424326928,0.707106781186547,0.408607044761926));
#2390=DIRECTION('ref_axis',(-0.577857624383505,0.,-0.81613759008016));
#2391=DIRECTION('',(0.577096424326928,0.707106781186548,-0.408607044761925));
#2392=DIRECTION('',(-0.577857624383505,-1.22519038313981E-16,-0.81613759008016));
#2393=DIRECTION('center_axis',(-0.577096424326928,-0.707106781186548,0.408607044761925));
#2394=DIRECTION('ref_axis',(-0.816675839802006,0.5,-0.288167612135174));
#2395=DIRECTION('center_axis',(0.81613759008016,5.04049943465257E-16,-0.577857624383506));
#2396=DIRECTION('ref_axis',(-4.90653893338679E-16,1.,1.6355129777956E-16));
#2397=DIRECTION('',(-0.577096424326928,-0.707106781186548,0.408607044761925));
#2398=DIRECTION('center_axis',(0.000538249721841268,-0.500000000000002,
0.86602523651868));
#2399=DIRECTION('ref_axis',(-0.816675839802006,-0.499999999999997,-0.288167612135179));
#2400=DIRECTION('center_axis',(-0.577857624383506,-8.32667268468867E-17,
-0.81613759008016));
#2401=DIRECTION('ref_axis',(-0.81613759008016,0.,0.577857624383506));
#2402=DIRECTION('',(0.577857624383506,8.32667268468867E-17,0.81613759008016));
#2403=DIRECTION('center_axis',(-0.577096424326928,-0.707106781186548,0.408607044761926));
#2404=DIRECTION('ref_axis',(0.577857624383505,0.,0.81613759008016));
#2405=DIRECTION('',(0.577096424326928,-0.707106781186547,-0.408607044761926));
#2406=DIRECTION('',(-0.577857624383506,-3.92523114670944E-17,-0.81613759008016));
#2407=DIRECTION('center_axis',(0.577096424326928,0.707106781186548,-0.408607044761926));
#2408=DIRECTION('ref_axis',(0.577857624383506,3.96508223080413E-17,0.81613759008016));
#2409=DIRECTION('center_axis',(0.577096424326928,-0.707106781186548,-0.408607044761926));
#2410=DIRECTION('ref_axis',(-0.000538249721845334,0.5,-0.866025236518681));
#2411=DIRECTION('center_axis',(-0.816675839802005,0.500000000000002,-0.288167612135173));
#2412=DIRECTION('ref_axis',(-0.000538249721847544,-0.499999999999998,-0.866025236518682));
#2413=DIRECTION('center_axis',(-2.13568579238869E-15,1.,1.51214983039578E-15));
#2414=DIRECTION('ref_axis',(0.816137590080161,2.65990932983111E-15,-0.577857624383505));
#2415=DIRECTION('',(-0.577096424326928,0.707106781186547,0.408607044761925));
#2416=DIRECTION('center_axis',(0.577857624383506,8.32667268468867E-17,0.81613759008016));
#2417=DIRECTION('ref_axis',(0.81613759008016,0.,-0.577857624383505));
#2418=DIRECTION('center_axis',(-0.312777003377596,-0.270813315728934,-0.910401391794868));
#2419=DIRECTION('ref_axis',(0.754407226361999,-0.653192274926688,-0.0648813439202183));
#2420=DIRECTION('center_axis',(-0.312777003377596,0.270813315728934,-0.910401391794868));
#2421=DIRECTION('ref_axis',(0.754407226362,0.653192274926688,-0.064881343920218));
#2422=DIRECTION('center_axis',(0.816675839802006,0.5,0.288167612135176));
#2423=DIRECTION('ref_axis',(-0.00053824972184498,0.5,-0.86602523651868));
#2424=DIRECTION('center_axis',(0.577857624383506,0.,0.81613759008016));
#2425=DIRECTION('ref_axis',(0.81613759008016,0.,-0.577857624383505));
#2426=DIRECTION('center_axis',(-0.577857624383505,0.,-0.81613759008016));
#2427=DIRECTION('ref_axis',(0.81613759008016,0.,-0.577857624383505));
#2428=DIRECTION('',(0.577857624383506,-3.92523114670944E-17,0.81613759008016));
#2429=DIRECTION('center_axis',(0.,0.,-1.));
#2430=DIRECTION('ref_axis',(1.,0.,0.));
#2431=DIRECTION('center_axis',(0.,0.,1.));
#2432=DIRECTION('ref_axis',(1.,0.,0.));
#2433=DIRECTION('center_axis',(-0.577096424326928,0.707106781186548,0.408607044761926));
#2434=DIRECTION('ref_axis',(0.577857624383505,0.,0.81613759008016));
#2435=DIRECTION('',(-0.577096424326928,-0.707106781186547,0.408607044761926));
#2436=DIRECTION('',(-0.577857624383506,8.32667268468867E-17,-0.81613759008016));
#2437=DIRECTION('',(-0.577096424326928,-0.707106781186547,0.408607044761925));
#2438=DIRECTION('center_axis',(0.577096424326928,-0.707106781186548,-0.408607044761926));
#2439=DIRECTION('ref_axis',(0.577857624383506,-3.96508223080413E-17,0.81613759008016));
#2440=DIRECTION('center_axis',(-0.577096424326928,0.707106781186548,0.408607044761925));
#2441=DIRECTION('ref_axis',(-0.816675839802006,-0.5,-0.288167612135174));
#2442=DIRECTION('center_axis',(-0.000538249721847629,-0.499999999999998,
-0.866025236518682));
#2443=DIRECTION('ref_axis',(-0.816675839802005,0.500000000000002,-0.288167612135173));
#2444=DIRECTION('',(0.577096424326928,-0.707106781186548,-0.408607044761925));
#2445=DIRECTION('center_axis',(-0.81613759008016,-2.34353111305297E-15,
0.577857624383506));
#2446=DIRECTION('ref_axis',(2.20794252002405E-15,-1.,-9.26790687417504E-16));
#2447=DIRECTION('center_axis',(-0.816675839802006,0.5,-0.288167612135175));
#2448=DIRECTION('ref_axis',(-0.00053824972184607,-0.5,-0.866025236518681));
#2449=DIRECTION('',(-0.577096424326928,0.707106781186548,0.408607044761925));
#2450=DIRECTION('center_axis',(0.577857624383506,-8.32667268468867E-17,
0.81613759008016));
#2451=DIRECTION('ref_axis',(-0.81613759008016,0.,0.577857624383506));
#2452=DIRECTION('',(0.577857624383506,-1.22519038313981E-16,0.81613759008016));
#2453=DIRECTION('center_axis',(-0.816675839802006,0.500000000000002,-0.288167612135172));
#2454=DIRECTION('ref_axis',(0.000538249721848467,0.499999999999998,0.866025236518682));
#2455=DIRECTION('center_axis',(-0.816675839802006,-0.499999999999998,-0.288167612135178));
#2456=DIRECTION('ref_axis',(0.000538249721842555,-0.500000000000002,0.86602523651868));
#2457=DIRECTION('center_axis',(-0.577096424326928,-0.707106781186547,0.408607044761926));
#2458=DIRECTION('ref_axis',(0.577857624383505,0.,0.81613759008016));
#2459=DIRECTION('',(-0.577857624383505,0.,-0.81613759008016));
#2460=DIRECTION('',(0.577096424326928,-0.707106781186548,-0.408607044761925));
#2461=DIRECTION('center_axis',(0.577857624383505,0.,0.81613759008016));
#2462=DIRECTION('ref_axis',(0.,-1.,1.7445471763153E-15));
#2463=DIRECTION('center_axis',(-0.000538249721845246,0.5,-0.866025236518681));
#2464=DIRECTION('ref_axis',(-0.816675839802005,-0.5,-0.288167612135175));
#2465=DIRECTION('center_axis',(-0.816675839802006,-0.499999999999999,-0.288167612135176));
#2466=DIRECTION('ref_axis',(0.000538249721844272,-0.500000000000001,0.86602523651868));
#2467=DIRECTION('center_axis',(0.000538249721845964,0.499999999999999,0.866025236518681));
#2468=DIRECTION('ref_axis',(0.816675839802005,-0.500000000000001,0.288167612135175));
#2469=DIRECTION('center_axis',(0.577096424326928,0.707106781186548,-0.408607044761926));
#2470=DIRECTION('ref_axis',(0.000538249721846206,0.5,0.866025236518681));
#2471=DIRECTION('center_axis',(-7.1189526412956E-16,-1.,5.04049943465257E-16));
#2472=DIRECTION('ref_axis',(-0.81613759008016,9.25185853854296E-16,0.577857624383505));
#2473=DIRECTION('',(0.577096424326928,0.707106781186547,-0.408607044761925));
#2474=DIRECTION('center_axis',(-0.577096424326928,0.707106781186548,0.408607044761925));
#2475=DIRECTION('ref_axis',(0.000538249721846204,-0.5,0.866025236518681));
#2476=DIRECTION('center_axis',(-0.81613759008016,5.04049943465256E-16,0.577857624383505));
#2477=DIRECTION('ref_axis',(-5.7242954222846E-16,-1.,1.09034198519707E-16));
#2478=DIRECTION('',(-0.577096424326928,0.707106781186548,0.408607044761925));
#2479=DIRECTION('center_axis',(0.577857624383505,0.,0.81613759008016));
#2480=DIRECTION('ref_axis',(-0.577096424326928,0.707106781186547,0.408607044761926));
#2481=DIRECTION('',(-0.577096424326928,-0.707106781186548,0.408607044761925));
#2482=DIRECTION('center_axis',(-6.675486743008E-17,0.500329428278401,0.865835124719833));
#2483=DIRECTION('ref_axis',(1.,0.,7.70988211545247E-17));
#2484=DIRECTION('center_axis',(0.,-0.500329428278399,-0.865835124719834));
#2485=DIRECTION('ref_axis',(0.860441820027887,0.441185159390722,-0.254942208118781));
#2486=DIRECTION('',(0.,-0.500329428278399,-0.865835124719834));
#2487=DIRECTION('center_axis',(1.,0.,0.));
#2488=DIRECTION('ref_axis',(0.,1.,0.));
#2489=DIRECTION('',(0.,0.,-1.));
#2490=DIRECTION('',(0.,1.,0.));
#2491=DIRECTION('',(0.,1.,0.));
#2492=DIRECTION('',(0.,-0.500329428278399,0.865835124719834));
#2493=DIRECTION('',(0.,-1.,0.));
#2494=DIRECTION('',(0.,-0.500329428278399,0.865835124719834));
#2495=DIRECTION('',(0.,-0.500329428278399,-0.865835124719834));
#2496=DIRECTION('center_axis',(0.,0.500329428278399,0.865835124719834));
#2497=DIRECTION('ref_axis',(1.,0.,0.));
#2498=DIRECTION('center_axis',(0.,1.,-3.08598472873455E-16));
#2499=DIRECTION('ref_axis',(0.,-2.31448854655091E-16,-1.));
#2500=DIRECTION('center_axis',(-0.577096424326928,-0.707106781186548,0.408607044761925));
#2501=DIRECTION('ref_axis',(-0.00053824972184446,-0.500000000000001,-0.86602523651868));
#2502=DIRECTION('',(0.577096424326928,0.707106781186548,-0.408607044761925));
#2503=DIRECTION('center_axis',(-0.577857624383505,0.,-0.81613759008016));
#2504=DIRECTION('ref_axis',(0.577096424326928,-0.707106781186547,-0.408607044761926));
#2505=DIRECTION('center_axis',(-0.577096424326928,-0.707106781186548,0.408607044761925));
#2506=DIRECTION('ref_axis',(0.816675839802006,-0.5,0.288167612135176));
#2507=DIRECTION('center_axis',(-0.3122797254492,-0.653370619006871,0.689629035998305));
#2508=DIRECTION('ref_axis',(0.754613205624209,0.270382755031786,0.59787295948134));
#2509=DIRECTION('center_axis',(-0.312322334254049,-0.923879532511287,0.221136539117417));
#2510=DIRECTION('ref_axis',(0.754012815188146,-0.38268343236509,-0.533870831873517));
#2511=DIRECTION('center_axis',(0.,1.,0.));
#2512=DIRECTION('ref_axis',(0.888216647103483,0.,0.459424844570085));
#2513=DIRECTION('center_axis',(0.,-0.499835258721111,-0.866120496316304));
#2514=DIRECTION('ref_axis',(0.,-0.866120496316304,0.499835258721111));
#2515=DIRECTION('center_axis',(0.,0.500329428278399,-0.865835124719834));
#2516=DIRECTION('ref_axis',(1.,0.,0.));
#2517=DIRECTION('center_axis',(-6.675486743008E-17,0.500329428278401,-0.865835124719833));
#2518=DIRECTION('ref_axis',(1.,0.,-7.70988211545247E-17));
#2519=DIRECTION('center_axis',(0.319564670999041,0.655955527641659,-0.683813400574768));
#2520=DIRECTION('ref_axis',(-0.577096424326931,0.707106781186546,0.408607044761923));
#2521=DIRECTION('center_axis',(0.814278958431742,0.536509731268891,0.22160118706609));
#2522=DIRECTION('ref_axis',(-0.57709642432693,0.70710678118655,0.408607044761919));
#2523=DIRECTION('center_axis',(0.00753027541331704,0.6029299067957,0.797758624173708));
#2524=DIRECTION('ref_axis',(-0.99996658965561,0.00707761682268484,0.0040898548434553));
#2525=DIRECTION('center_axis',(0.,-0.500329428278399,0.865835124719834));
#2526=DIRECTION('ref_axis',(0.888002371710495,-0.398144646744861,-0.230070919728995));
#2527=DIRECTION('center_axis',(-0.369459572936057,0.,0.929246804657356));
#2528=DIRECTION('ref_axis',(-0.657076716969148,0.707106781186547,-0.261247369397372));
#2529=DIRECTION('',(-0.369459572936057,0.,0.929246804657356));
#2530=DIRECTION('',(-0.369459572936057,0.,0.929246804657356));
#2531=DIRECTION('center_axis',(-0.929246804657356,0.,-0.369459572936057));
#2532=DIRECTION('ref_axis',(-0.369459572936057,0.,0.929246804657356));
#2533=DIRECTION('',(0.369459572936057,0.,-0.929246804657356));
#2534=DIRECTION('center_axis',(0.,1.,0.));
#2535=DIRECTION('ref_axis',(-1.,0.,0.));
#2536=DIRECTION('',(0.,0.,1.));
#2537=DIRECTION('center_axis',(0.,-1.,0.));
#2538=DIRECTION('ref_axis',(1.,0.,0.));
#2539=DIRECTION('',(0.369459572936057,0.,-0.929246804657356));
#2540=DIRECTION('center_axis',(0.369459572936057,0.,-0.929246804657356));
#2541=DIRECTION('ref_axis',(-0.657076716969147,-0.707106781186547,-0.261247369397372));
#2542=DIRECTION('',(-0.369459572936057,0.,0.929246804657356));
#2543=DIRECTION('center_axis',(0.,-1.,0.));
#2544=DIRECTION('ref_axis',(1.,0.,0.));
#2545=DIRECTION('',(1.,0.,0.));
#2546=DIRECTION('center_axis',(1.,0.,0.));
#2547=DIRECTION('ref_axis',(0.,-0.707106781186549,0.707106781186546));
#2548=DIRECTION('center_axis',(0.,0.,1.));
#2549=DIRECTION('ref_axis',(0.707106781186547,0.707106781186548,0.));
#2550=DIRECTION('center_axis',(0.,1.,0.));
#2551=DIRECTION('ref_axis',(0.707106781186548,0.,-0.707106781186547));
#2552=DIRECTION('center_axis',(0.,1.,0.));
#2553=DIRECTION('ref_axis',(0.707106781186549,0.,0.707106781186546));
#2554=DIRECTION('center_axis',(0.577096424326928,-0.707106781186548,-0.408607044761926));
#2555=DIRECTION('ref_axis',(0.577857624383506,-3.96508223080413E-17,0.81613759008016));
#2556=DIRECTION('',(0.577096424326928,-0.707106781186548,-0.408607044761926));
#2557=DIRECTION('center_axis',(0.577096424326928,0.707106781186548,-0.408607044761926));
#2558=DIRECTION('ref_axis',(0.577857624383506,3.96508223080413E-17,0.81613759008016));
#2559=DIRECTION('',(0.577096424326928,0.707106781186548,-0.408607044761926));
#2560=DIRECTION('center_axis',(0.,0.,-1.));
#2561=DIRECTION('ref_axis',(1.,0.,0.));
#2562=DIRECTION('center_axis',(0.,0.,-1.));
#2563=DIRECTION('ref_axis',(1.,0.,0.));
#2564=DIRECTION('',(0.,0.,-1.));
#2565=DIRECTION('center_axis',(0.,0.,1.));
#2566=DIRECTION('ref_axis',(1.,0.,0.));
#2567=CARTESIAN_POINT('',(0.,0.,0.));
#2568=CARTESIAN_POINT('Origin',(0.4,15.,-11.6));
#2569=CARTESIAN_POINT('',(0.,11.1307213763583,-11.6));
#2570=CARTESIAN_POINT('',(0.4,11.1307213763583,-12.));
#2571=CARTESIAN_POINT('Origin',(0.4,11.1307213763583,-11.6));
#2572=CARTESIAN_POINT('',(0.4,8.86927862364174,-12.));
#2573=CARTESIAN_POINT('',(0.4,15.,-12.));
#2574=CARTESIAN_POINT('',(0.,8.86927862364174,-11.6));
#2575=CARTESIAN_POINT('Origin',(0.4,8.86927862364174,-11.6));
#2576=CARTESIAN_POINT('',(0.,15.,-11.6));
#2577=CARTESIAN_POINT('Origin',(0.4,15.,-11.6));
#2578=CARTESIAN_POINT('',(0.26111217832018,11.2727922061358,-11.9751135467949));
#2579=CARTESIAN_POINT('Ctrl Pts',(0.4,11.1307213763583,-12.));
#2580=CARTESIAN_POINT('Ctrl Pts',(0.376583258818142,11.1543928326825,-12.));
#2581=CARTESIAN_POINT('Ctrl Pts',(0.35301463673347,11.1784514664397,-11.9979371458043));
#2582=CARTESIAN_POINT('Ctrl Pts',(0.306449619774317,11.2261444403161,-11.9896221940083));
#2583=CARTESIAN_POINT('Ctrl Pts',(0.283443795946303,11.2497885742123,-11.9833819491311));
#2584=CARTESIAN_POINT('Ctrl Pts',(0.261112178320179,11.2727922061358,-11.9751135467949));
#2585=CARTESIAN_POINT('',(0.,11.4634275041984,-11.6));
#2586=CARTESIAN_POINT('',(0.,15.,-11.6));
#2587=CARTESIAN_POINT('',(0.103232093662668,11.4634275041984,-11.8681954693282));
#2588=CARTESIAN_POINT('Origin',(0.4,11.4634275041984,-11.6));
#2589=CARTESIAN_POINT('Origin',(0.4,11.3762028570835,-11.6));
#2590=CARTESIAN_POINT('Ctrl Pts',(-0.158946831268203,11.9476793542076,-11.7955720159742));
#2591=CARTESIAN_POINT('Ctrl Pts',(-0.105269243958988,11.9096729046331,-11.8035915454445));
#2592=CARTESIAN_POINT('Ctrl Pts',(0.017056007164179,11.7851422278216,-11.8268364359886));
#2593=CARTESIAN_POINT('Ctrl Pts',(0.0902337993976966,11.5848397683631,-11.8538123905065));
#2594=CARTESIAN_POINT('Ctrl Pts',(0.103232093662667,11.4634275041984,-11.8681954693282));
#2595=CARTESIAN_POINT('Ctrl Pts',(-0.197354588391282,11.9006189595022,-11.687195754206));
#2596=CARTESIAN_POINT('Ctrl Pts',(-0.151143386404804,11.8672934475162,-11.6989800656716));
#2597=CARTESIAN_POINT('Ctrl Pts',(-0.0435293617904454,11.7565679682825,
-11.7332578480731));
#2598=CARTESIAN_POINT('Ctrl Pts',(0.0241700185314848,11.5744363600583,-11.7737306743986));
#2599=CARTESIAN_POINT('Ctrl Pts',(0.0375360711311613,11.4634275041984,-11.7955004640389));
#2600=CARTESIAN_POINT('Ctrl Pts',(-0.201259437861617,11.8958344115071,-11.5499511219132));
#2601=CARTESIAN_POINT('Ctrl Pts',(-0.158500749202457,11.8596658135414,-11.565484927646));
#2602=CARTESIAN_POINT('Ctrl Pts',(-0.0634621140270335,11.7442795193313,
-11.6111658257989));
#2603=CARTESIAN_POINT('Ctrl Pts',(-0.00900703627578483,11.568518296126,
-11.6672345356492));
#2604=CARTESIAN_POINT('Ctrl Pts',(-5.49111826791308E-16,11.4634275041984,
-11.6979823002918));
#2605=CARTESIAN_POINT('Ctrl Pts',(-0.169161430269231,11.935163573627,-11.4365571820952));
#2606=CARTESIAN_POINT('Ctrl Pts',(-0.124564970635991,11.8896555206625,-11.4523243979091));
#2607=CARTESIAN_POINT('Ctrl Pts',(-0.0357013020980266,11.7523035374214,
-11.4999128623929));
#2608=CARTESIAN_POINT('Ctrl Pts',(-4.89989728054837E-16,11.568570078983,
-11.5635711580728));
#2609=CARTESIAN_POINT('Ctrl Pts',(-5.55111512312578E-16,11.4634275041984,
-11.6));
#2610=CARTESIAN_POINT('',(-0.169161430269229,11.935163573627,-11.4365571820952));
#2611=CARTESIAN_POINT('Ctrl Pts',(0.103232093662665,11.4634275041984,-11.8681954693282));
#2612=CARTESIAN_POINT('Ctrl Pts',(0.0906427204146986,11.4817520643474,-11.8542648762788));
#2613=CARTESIAN_POINT('Ctrl Pts',(0.0786481096183411,11.4999320138614,-11.8397445231491));
#2614=CARTESIAN_POINT('Ctrl Pts',(-0.0221539889436602,11.6577140963618,
-11.7090657927515));
#2615=CARTESIAN_POINT('Ctrl Pts',(-0.0891485078008337,11.7988173645557,
-11.5595020950891));
#2616=CARTESIAN_POINT('Ctrl Pts',(-0.16774114810706,11.9327499515583,-11.4387280912513));
#2617=CARTESIAN_POINT('Ctrl Pts',(-0.168450499159065,11.9339565580785,-11.437641874793));
#2618=CARTESIAN_POINT('Ctrl Pts',(-0.169161430269229,11.935163573627,-11.4365571820952));
#2619=CARTESIAN_POINT('Origin',(-0.4,11.4634275041984,-11.6));
#2620=CARTESIAN_POINT('Origin',(0.4,15.,-11.6));
#2621=CARTESIAN_POINT('',(0.103232093662668,8.53657249580161,-11.8681954693282));
#2622=CARTESIAN_POINT('',(0.261112178320179,8.72720779386421,-11.9751135467949));
#2623=CARTESIAN_POINT('Origin',(0.4,8.6237971429165,-11.6));
#2624=CARTESIAN_POINT('',(0.,8.53657249580161,-11.6));
#2625=CARTESIAN_POINT('Origin',(0.4,8.53657249580161,-11.6));
#2626=CARTESIAN_POINT('',(0.,15.,-11.6));
#2627=CARTESIAN_POINT('Ctrl Pts',(0.261112178320179,8.72720779386421,-11.9751135467949));
#2628=CARTESIAN_POINT('Ctrl Pts',(0.283443795946302,8.75021142578766,-11.9833819491311));
#2629=CARTESIAN_POINT('Ctrl Pts',(0.306449619774316,8.77385555968387,-11.9896221940083));
#2630=CARTESIAN_POINT('Ctrl Pts',(0.35301463673347,8.82154853356035,-11.9979371458043));
#2631=CARTESIAN_POINT('Ctrl Pts',(0.376583258818142,8.84560716731752,-12.));
#2632=CARTESIAN_POINT('Ctrl Pts',(0.400000000000002,8.86927862364174,-12.));
#2633=CARTESIAN_POINT('Ctrl Pts',(0.103232093662668,8.53657249580161,-11.8681954693282));
#2634=CARTESIAN_POINT('Ctrl Pts',(0.0934833729639405,8.44551329767811,-11.8574081602119));
#2635=CARTESIAN_POINT('Ctrl Pts',(0.0334396962666279,8.24106059963165,-11.8309448270076));
#2636=CARTESIAN_POINT('Ctrl Pts',(-0.0873767148559132,8.10299591189179,
-11.8062647219347));
#2637=CARTESIAN_POINT('Ctrl Pts',(-0.158946831268199,8.05232064579239,-11.7955720159742));
#2638=CARTESIAN_POINT('Ctrl Pts',(0.0375360711311618,8.53657249580161,-11.7955004640389));
#2639=CARTESIAN_POINT('Ctrl Pts',(0.0275115316814045,8.45331585390671,-11.7791731218087));
#2640=CARTESIAN_POINT('Ctrl Pts',(-0.0286662608714904,8.26713748290468,
-11.739358024635));
#2641=CARTESIAN_POINT('Ctrl Pts',(-0.13573965240931,8.14381505647916,-11.7029081694935));
#2642=CARTESIAN_POINT('Ctrl Pts',(-0.197354588391279,8.09938104049778,-11.687195754206));
#2643=CARTESIAN_POINT('Ctrl Pts',(-5.49111826791308E-16,8.53657249580161,
-11.6979823002918));
#2644=CARTESIAN_POINT('Ctrl Pts',(-0.00675527720683866,8.45775440185587,
-11.6749214768099));
#2645=CARTESIAN_POINT('Ctrl Pts',(-0.0511849372782417,8.27925913941944,
-11.6194403517568));
#2646=CARTESIAN_POINT('Ctrl Pts',(-0.144247852982735,8.15239038578048,-11.5706628628902));
#2647=CARTESIAN_POINT('Ctrl Pts',(-0.201259437861615,8.10416558849287,-11.5499511219132));
#2648=CARTESIAN_POINT('Ctrl Pts',(-5.55111512312578E-16,8.53657249580161,
-11.6));
#2649=CARTESIAN_POINT('Ctrl Pts',(-4.14596151594458E-16,8.45771556471315,
-11.5726783685546));
#2650=CARTESIAN_POINT('Ctrl Pts',(-0.0263920376993864,8.27364803804137,
-11.5089043279551));
#2651=CARTESIAN_POINT('Ctrl Pts',(-0.109699484091577,8.12551383032572,-11.4575801365138));
#2652=CARTESIAN_POINT('Ctrl Pts',(-0.169161430269229,8.064836426373,-11.4365571820952));
#2653=CARTESIAN_POINT('',(-0.169161430269229,8.064836426373,-11.4365571820952));
#2654=CARTESIAN_POINT('Ctrl Pts',(-0.169161430269229,8.064836426373,-11.4365571820952));
#2655=CARTESIAN_POINT('Ctrl Pts',(-0.168450499160512,8.06604344191904,-11.4376418747908));
#2656=CARTESIAN_POINT('Ctrl Pts',(-0.167741148105664,8.06725004844411,-11.4387280912534));
#2657=CARTESIAN_POINT('Ctrl Pts',(-0.0891485078561342,8.20118263534969,
-11.5595020950035));
#2658=CARTESIAN_POINT('Ctrl Pts',(-0.0221539889535769,8.34228590362266,
-11.7090657927387));
#2659=CARTESIAN_POINT('Ctrl Pts',(0.0786481096183407,8.50006798613858,-11.8397445231491));
#2660=CARTESIAN_POINT('Ctrl Pts',(0.090642720414701,8.51824793565263,-11.8542648762788));
#2661=CARTESIAN_POINT('Ctrl Pts',(0.103232093662668,8.53657249580161,-11.8681954693282));
#2662=CARTESIAN_POINT('Origin',(-0.4,8.53657249580161,-11.6));
#2663=CARTESIAN_POINT('Origin',(-0.4,14.2874551698803,-6.71293518244271));
#2664=CARTESIAN_POINT('',(0.,17.01,-2.001489464262));
#2665=CARTESIAN_POINT('',(0.,14.2874551698803,-6.71293518244271));
#2666=CARTESIAN_POINT('',(-0.169161430269229,17.2928427124746,-2.16493228216677));
#2667=CARTESIAN_POINT('Origin',(-0.400000000000001,17.01,-2.001489464262));
#2668=CARTESIAN_POINT('',(-0.169161430269229,14.5702978823549,-6.87637800034748));
#2669=CARTESIAN_POINT('Origin',(0.,20.,-12.));
#2670=CARTESIAN_POINT('',(0.,3.,-2.01879476504551));
#2671=CARTESIAN_POINT('',(0.,8.21584019813364,-11.044963111787));
#2672=CARTESIAN_POINT('',(0.,3.,27.5090909090909));
#2673=CARTESIAN_POINT('',(0.,3.,-12.));
#2674=CARTESIAN_POINT('',(0.,17.,27.5090909090909));
#2675=CARTESIAN_POINT('',(0.,15.,27.5090909090909));
#2676=CARTESIAN_POINT('',(0.,17.01,27.5091360201509));
#2677=CARTESIAN_POINT('Origin',(0.,17.,35.62905915395));
#2678=CARTESIAN_POINT('',(0.,17.01,-12.));
#2679=CARTESIAN_POINT('Origin',(-0.4,8.21584019813364,-11.044963111787));
#2680=CARTESIAN_POINT('',(-0.169161430269229,2.71715728752538,-2.18223758295028));
#2681=CARTESIAN_POINT('',(-0.169161430269229,7.93299748565902,-11.2084059296918));
#2682=CARTESIAN_POINT('Origin',(-0.4,3.,-2.01879476504551));
#2683=CARTESIAN_POINT('Ctrl Pts',(0.,3.,-2.01879476504551));
#2684=CARTESIAN_POINT('Ctrl Pts',(3.71536830953523E-16,2.19683849595038,
-0.443580272443327));
#2685=CARTESIAN_POINT('Ctrl Pts',(0.338775087531156,1.39907827585405,1.66330596744523));
#2686=CARTESIAN_POINT('Ctrl Pts',(0.916694078662979,0.841334570128547,3.68224469035638));
#2687=CARTESIAN_POINT('Ctrl Pts',(0.,2.94483894415985,-2.05067000173178));
#2688=CARTESIAN_POINT('Ctrl Pts',(0.0148812188707951,2.12529412584172,-0.477973937772074));
#2689=CARTESIAN_POINT('Ctrl Pts',(0.382527581852019,1.31788867122103,1.62529746507388));
#2690=CARTESIAN_POINT('Ctrl Pts',(0.990121076799632,0.770470925449157,3.63623714100473));
#2691=CARTESIAN_POINT('Ctrl Pts',(-0.0310018104908292,2.83455601190723,
-2.11439783497333));
#2692=CARTESIAN_POINT('Ctrl Pts',(-0.00213873645458138,1.97398621758432,
-0.546661423738131));
#2693=CARTESIAN_POINT('Ctrl Pts',(0.404864859630273,1.12664069635326,1.54884370587734));
#2694=CARTESIAN_POINT('Ctrl Pts',(1.06719368746421,0.557705335027731,3.54461881794577));
#2695=CARTESIAN_POINT('Ctrl Pts',(-0.117132227363783,2.74899053561283,-2.16384249783405));
#2696=CARTESIAN_POINT('Ctrl Pts',(-0.104433557026449,1.85162278031934,-0.59325519993263));
#2697=CARTESIAN_POINT('Ctrl Pts',(0.290743650535658,0.961445852080081,1.50721264078426));
#2698=CARTESIAN_POINT('Ctrl Pts',(0.954969926120021,0.343086523231278,3.51383093209746));
#2699=CARTESIAN_POINT('Ctrl Pts',(-0.169161430269229,2.71715728752538,-2.18223758295028));
#2700=CARTESIAN_POINT('Ctrl Pts',(-0.169161430269228,1.80690758293581,-0.607023090348097));
#2701=CARTESIAN_POINT('Ctrl Pts',(0.214783668932748,0.902779333493305,1.49986314954046));
#2702=CARTESIAN_POINT('Ctrl Pts',(0.869758525548814,0.270669800337734,3.51880187245161));
#2703=CARTESIAN_POINT('',(0.869758525548812,0.270669800337735,3.51880187245161));
#2704=CARTESIAN_POINT('',(0.916694078662979,0.841334570128547,3.68224469035638));
#2705=CARTESIAN_POINT('Origin',(0.638919955818041,0.553512512812354,3.68224469035638));
#2706=CARTESIAN_POINT('Origin',(3.,3.,2.78319743715646));
#2707=CARTESIAN_POINT('Origin',(3.23083856973077,2.71715728752538,2.61975461925168));
#2708=CARTESIAN_POINT('Ctrl Pts',(3.50611244309875,-0.319104448229876,3.85766971965281));
#2709=CARTESIAN_POINT('Ctrl Pts',(3.22187069783784,-0.415324943078807,4.05892409350289));
#2710=CARTESIAN_POINT('Ctrl Pts',(2.76598111982457,-0.509828869540925,4.33665406252299));
#2711=CARTESIAN_POINT('Ctrl Pts',(2.11444418785865,-0.470995196323602,4.52251724829374));
#2712=CARTESIAN_POINT('Ctrl Pts',(1.64398224006882,-0.339182875717955,4.50242048142455));
#2713=CARTESIAN_POINT('Ctrl Pts',(1.26622078351973,-0.13126072380183,4.29395244905142));
#2714=CARTESIAN_POINT('Ctrl Pts',(1.01096246552732,0.0890971659844832,3.94910753406436));
#2715=CARTESIAN_POINT('Ctrl Pts',(0.907927692706424,0.216094805050525,3.66715379127945));
#2716=CARTESIAN_POINT('Ctrl Pts',(0.86975852554881,0.270669800337732,3.51880187245161));
#2717=CARTESIAN_POINT('Ctrl Pts',(3.49809769330786,-0.264933541034034,3.86334447882392));
#2718=CARTESIAN_POINT('Ctrl Pts',(3.21359352620296,-0.355444068093541,4.05927393604836));
#2719=CARTESIAN_POINT('Ctrl Pts',(2.7583328910353,-0.441379041286845,4.32465731481359));
#2720=CARTESIAN_POINT('Ctrl Pts',(2.12626336226598,-0.401262899246426,4.48951751296333));
#2721=CARTESIAN_POINT('Ctrl Pts',(1.68142018273899,-0.278758902445565,4.46434123695704));
#2722=CARTESIAN_POINT('Ctrl Pts',(1.32071068036819,-0.0831387389393207,
4.26875776251901));
#2723=CARTESIAN_POINT('Ctrl Pts',(1.0661909657541,0.131561352694262,3.93858033843739));
#2724=CARTESIAN_POINT('Ctrl Pts',(0.959020932440102,0.257649400497928,3.66235627405562));
#2725=CARTESIAN_POINT('Ctrl Pts',(0.918450754446643,0.312050784848328,3.51596133510638));
#2726=CARTESIAN_POINT('Ctrl Pts',(3.49543098028227,-0.15671419061979,3.89352851824277));
#2727=CARTESIAN_POINT('Ctrl Pts',(3.21161396908156,-0.234228569154655,4.08333201933969));
#2728=CARTESIAN_POINT('Ctrl Pts',(2.75860960889614,-0.298962059286529,4.33275991146159));
#2729=CARTESIAN_POINT('Ctrl Pts',(2.15863104526752,-0.24536062784466,4.46539479803238));
#2730=CARTESIAN_POINT('Ctrl Pts',(1.75490801452604,-0.133142744874183,4.43046993988561));
#2731=CARTESIAN_POINT('Ctrl Pts',(1.4182815050558,0.041176834830188,4.25200585159693));
#2732=CARTESIAN_POINT('Ctrl Pts',(1.15978922197464,0.242599211903529,3.93972269415976));
#2733=CARTESIAN_POINT('Ctrl Pts',(1.0431979820917,0.364167403493297,3.66845332175371));
#2734=CARTESIAN_POINT('Ctrl Pts',(0.997580686672288,0.416793414325436,3.52308423509514));
#2735=CARTESIAN_POINT('Ctrl Pts',(3.53803063922977,0.00124832575691883,
4.00324988092397));
#2736=CARTESIAN_POINT('Ctrl Pts',(3.25949788899642,-0.0574420437894629,
4.19811952139747));
#2737=CARTESIAN_POINT('Ctrl Pts',(2.81427484450369,-0.0902682400370951,
4.45329548811961));
#2738=CARTESIAN_POINT('Ctrl Pts',(2.22891162559548,-1.18368870981949E-5,
4.58122795964964));
#2739=CARTESIAN_POINT('Ctrl Pts',(1.8361680858091,0.123781419644767,4.53764817211285));
#2740=CARTESIAN_POINT('Ctrl Pts',(1.49679845230339,0.290158018429497,4.34794293528203));
#2741=CARTESIAN_POINT('Ctrl Pts',(1.22262748138475,0.477207808524683,4.01800649762251));
#2742=CARTESIAN_POINT('Ctrl Pts',(1.09379354383984,0.588760569254174,3.73114727861287));
#2743=CARTESIAN_POINT('Ctrl Pts',(1.04229215658378,0.636535348790542,3.57737814791733));
#2744=CARTESIAN_POINT('Ctrl Pts',(3.60468212692907,0.0611967979211756,4.11619207590985));
#2745=CARTESIAN_POINT('Ctrl Pts',(3.33163943418871,0.00512239771908134,
4.32508290251367));
#2746=CARTESIAN_POINT('Ctrl Pts',(2.89084894759074,-0.0262831834820867,
4.60771773602529));
#2747=CARTESIAN_POINT('Ctrl Pts',(2.27039766872751,0.0774420925600498,4.77297259581258));
#2748=CARTESIAN_POINT('Ctrl Pts',(1.82526036113143,0.227553515998864,4.73147493480536));
#2749=CARTESIAN_POINT('Ctrl Pts',(1.44614832618767,0.42340281410612,4.50225804252384));
#2750=CARTESIAN_POINT('Ctrl Pts',(1.1602793472543,0.622535439483846,4.1239856555122));
#2751=CARTESIAN_POINT('Ctrl Pts',(1.03087539221478,0.734054991276435,3.80935940456316));
#2752=CARTESIAN_POINT('Ctrl Pts',(0.979631505637253,0.780594303260498,3.64280964805497));
#2753=CARTESIAN_POINT('Ctrl Pts',(3.65051955251661,0.0713784280324653,4.18412475568488));
#2754=CARTESIAN_POINT('Ctrl Pts',(3.37955011233747,0.0111893887047986,4.40156275478828));
#2755=CARTESIAN_POINT('Ctrl Pts',(2.93807782180472,-0.0292500488403586,
4.70074916822741));
#2756=CARTESIAN_POINT('Ctrl Pts',(2.28347305713077,0.0714835759308119,4.88937137372352));
#2757=CARTESIAN_POINT('Ctrl Pts',(1.79535828086965,0.237216106949368,4.84936468877676));
#2758=CARTESIAN_POINT('Ctrl Pts',(1.38636167037398,0.459477087536367,4.59585979872004));
#2759=CARTESIAN_POINT('Ctrl Pts',(1.0941759822584,0.67640194469344,4.18794970162213));
#2760=CARTESIAN_POINT('Ctrl Pts',(0.966590377584393,0.793180162522188,3.85655557400654));
#2761=CARTESIAN_POINT('Ctrl Pts',(0.916694078662978,0.841334570128547,3.68224469035638));
#2762=CARTESIAN_POINT('',(3.50611244309875,-0.319104448229877,3.85766971965281));
#2763=CARTESIAN_POINT('Ctrl Pts',(0.86975852554881,0.270669800337732,3.51880187245161));
#2764=CARTESIAN_POINT('Ctrl Pts',(0.907927692706424,0.216094805050525,3.66715379127945));
#2765=CARTESIAN_POINT('Ctrl Pts',(1.01096246552732,0.0890971659844832,3.94910753406436));
#2766=CARTESIAN_POINT('Ctrl Pts',(1.26622078351973,-0.13126072380183,4.29395244905142));
#2767=CARTESIAN_POINT('Ctrl Pts',(1.64398224006882,-0.339182875717955,4.50242048142455));
#2768=CARTESIAN_POINT('Ctrl Pts',(2.11444418785865,-0.470995196323602,4.52251724829374));
#2769=CARTESIAN_POINT('Ctrl Pts',(2.76598111982457,-0.509828869540925,4.33665406252299));
#2770=CARTESIAN_POINT('Ctrl Pts',(3.22187069783784,-0.415324943078807,4.05892409350289));
#2771=CARTESIAN_POINT('Ctrl Pts',(3.50611244309875,-0.319104448229876,3.85766971965281));
#2772=CARTESIAN_POINT('',(3.65051955251661,0.0713784280324653,4.18412475568488));
#2773=CARTESIAN_POINT('Origin',(3.73725549285216,-0.319104448229873,4.18412475568488));
#2774=CARTESIAN_POINT('Ctrl Pts',(3.65051955251661,0.0713784280324653,4.18412475568488));
#2775=CARTESIAN_POINT('Ctrl Pts',(3.37955011233747,0.0111893887047986,4.40156275478828));
#2776=CARTESIAN_POINT('Ctrl Pts',(2.93807782180472,-0.0292500488403586,
4.70074916822741));
#2777=CARTESIAN_POINT('Ctrl Pts',(2.28347305713077,0.0714835759308119,4.88937137372352));
#2778=CARTESIAN_POINT('Ctrl Pts',(1.79535828086965,0.237216106949368,4.84936468877676));
#2779=CARTESIAN_POINT('Ctrl Pts',(1.38636167037398,0.459477087536367,4.59585979872004));
#2780=CARTESIAN_POINT('Ctrl Pts',(1.0941759822584,0.67640194469344,4.18794970162213));
#2781=CARTESIAN_POINT('Ctrl Pts',(0.966590377584393,0.793180162522188,3.85655557400654));
#2782=CARTESIAN_POINT('Ctrl Pts',(0.916694078662978,0.841334570128547,3.68224469035638));
#2783=CARTESIAN_POINT('Ctrl Pts',(3.65051955251661,0.0713784280324653,4.18412475568488));
#2784=CARTESIAN_POINT('Ctrl Pts',(3.84109844418827,0.11371073088649,4.03119572852582));
#2785=CARTESIAN_POINT('Ctrl Pts',(4.02752751982427,0.174703637878053,3.8815966993726));
#2786=CARTESIAN_POINT('Ctrl Pts',(4.20627434923476,0.253201464544906,3.73816224821309));
#2787=CARTESIAN_POINT('Ctrl Pts',(3.59704255599782,0.0594998595692942,4.10486996261401));
#2788=CARTESIAN_POINT('Ctrl Pts',(3.79027310406018,0.0987009415881039,3.95361308863138));
#2789=CARTESIAN_POINT('Ctrl Pts',(3.97982004080083,0.1572512430182,3.80548670007768));
#2790=CARTESIAN_POINT('Ctrl Pts',(4.1619036085252,0.233715766673866,3.66340933758642));
#2791=CARTESIAN_POINT('Ctrl Pts',(3.50609402457296,-0.0351454643743319,
3.94672679039252));
#2792=CARTESIAN_POINT('Ctrl Pts',(3.70839193625031,0.00288143406980456,
3.79868900566515));
#2793=CARTESIAN_POINT('Ctrl Pts',(3.90710600092432,0.0609587629019876,3.65359655158402));
#2794=CARTESIAN_POINT('Ctrl Pts',(4.09813325623831,0.138276582698843,3.5141477605861));
#2795=CARTESIAN_POINT('Ctrl Pts',(3.49208663096469,-0.224305360637152,3.86760054820225));
#2796=CARTESIAN_POINT('Ctrl Pts',(3.70429361650981,-0.179700919757424,3.71742596699229));
#2797=CARTESIAN_POINT('Ctrl Pts',(3.91202302257067,-0.114218251775797,3.57021155746213));
#2798=CARTESIAN_POINT('Ctrl Pts',(4.11143681870011,-0.0291753625317537,
3.42907617131242));
#2799=CARTESIAN_POINT('Ctrl Pts',(3.50611244309875,-0.319104448229876,3.85766971965281));
#2800=CARTESIAN_POINT('Ctrl Pts',(3.72210185365997,-0.271127838328647,3.70474069249375));
#2801=CARTESIAN_POINT('Ctrl Pts',(3.93338813938077,-0.20200254373821,3.55514166334054));
#2802=CARTESIAN_POINT('Ctrl Pts',(4.13596787937933,-0.113038340182442,3.41170721218103));
#2803=CARTESIAN_POINT('',(4.13596787937933,-0.113038340182441,3.41170721218103));
#2804=CARTESIAN_POINT('',(4.20627434923477,0.253201464544907,3.73816224821309));
#2805=CARTESIAN_POINT('Origin',(4.36711092913273,-0.11303834018244,3.73816224821309));
#2806=CARTESIAN_POINT('Origin',(3.,3.,4.70613074198113));
#2807=CARTESIAN_POINT('Origin',(2.7688569502466,3.,4.37967570594906));
#2808=CARTESIAN_POINT('Ctrl Pts',(4.20627434923477,0.253201464544908,3.73816224821309));
#2809=CARTESIAN_POINT('Ctrl Pts',(4.68689605340796,0.464269595660524,3.35248989485841));
#2810=CARTESIAN_POINT('Ctrl Pts',(5.1147602449503,0.793615107297517,2.94359616481791));
#2811=CARTESIAN_POINT('Ctrl Pts',(5.45112977563826,1.27027088161772,2.68764012081988));
#2812=CARTESIAN_POINT('Ctrl Pts',(4.1619036085252,0.233715766673867,3.66340933758642));
#2813=CARTESIAN_POINT('Ctrl Pts',(4.65157180825193,0.439172128630029,3.29130575836435));
#2814=CARTESIAN_POINT('Ctrl Pts',(5.09388268771433,0.771232570507538,2.88904196247968));
#2815=CARTESIAN_POINT('Ctrl Pts',(5.43886679640516,1.25289350546278,2.63269979485308));
#2816=CARTESIAN_POINT('Ctrl Pts',(4.09818121003119,0.138231777850812,3.51418769826651));
#2817=CARTESIAN_POINT('Ctrl Pts',(4.60687139810429,0.357088790163931,3.16866986692057));
#2818=CARTESIAN_POINT('Ctrl Pts',(5.07299156647684,0.705417578161908,2.77998646321812));
#2819=CARTESIAN_POINT('Ctrl Pts',(5.43596658012539,1.20289494236864,2.52285540836252));
#2820=CARTESIAN_POINT('Ctrl Pts',(4.11143681870012,-0.0291753625317565,
3.42907617131242));
#2821=CARTESIAN_POINT('Ctrl Pts',(4.62558641706155,0.231043887705789,3.07898782746876));
#2822=CARTESIAN_POINT('Ctrl Pts',(5.09776891207889,0.611250401308526,2.69390636043641));
#2823=CARTESIAN_POINT('Ctrl Pts',(5.47684614177001,1.13199679410075,2.43410648824873));
#2824=CARTESIAN_POINT('Ctrl Pts',(4.13596787937934,-0.113038340182446,3.41170721218102));
#2825=CARTESIAN_POINT('Ctrl Pts',(4.64890194313241,0.165100122894428,3.04852965100948));
#2826=CARTESIAN_POINT('Ctrl Pts',(5.12023600805858,0.561883790913369,2.66116950523079));
#2827=CARTESIAN_POINT('Ctrl Pts',(5.50628046312337,1.09471396555573,2.39925817837308));
#2828=CARTESIAN_POINT('',(5.50628046334214,1.09471396532912,2.39925817823457));
#2829=CARTESIAN_POINT('',(5.45112977563826,1.27027088161772,2.68764012081988));
#2830=CARTESIAN_POINT('Origin',(5.77794707905669,1.03964033250008,2.68764012081988));
#2831=CARTESIAN_POINT('Ctrl Pts',(5.45112977563826,1.27027088161772,2.68764012081988));
#2832=CARTESIAN_POINT('Ctrl Pts',(5.1147602449503,0.793615107297517,2.94359616481791));
#2833=CARTESIAN_POINT('Ctrl Pts',(4.68689605340796,0.464269595660524,3.35248989485841));
#2834=CARTESIAN_POINT('Ctrl Pts',(4.20627434923477,0.253201464544908,3.73816224821309));
#2835=CARTESIAN_POINT('Ctrl Pts',(4.13596787937934,-0.113038340182446,3.41170721218102));
#2836=CARTESIAN_POINT('Ctrl Pts',(4.64890194313241,0.165100122894428,3.04852965100948));
#2837=CARTESIAN_POINT('Ctrl Pts',(5.12023600805858,0.561883790913369,2.66116950523079));
#2838=CARTESIAN_POINT('Ctrl Pts',(5.50628046312337,1.09471396555573,2.39925817837308));
#2839=CARTESIAN_POINT('Ctrl Pts',(5.64726756661489,1.00680298734315,2.23110084373756));
#2840=CARTESIAN_POINT('Ctrl Pts',(5.58804615248554,1.04599172588927,2.31118486431447));
#2841=CARTESIAN_POINT('Ctrl Pts',(5.53241950923126,1.07927802516726,2.37168634272907));
#2842=CARTESIAN_POINT('Ctrl Pts',(5.50628046264244,1.09471396449799,2.39925817862414));
#2843=CARTESIAN_POINT('Ctrl Pts',(5.57839135778871,1.07755532847179,2.23647270361465));
#2844=CARTESIAN_POINT('Ctrl Pts',(5.54105079193465,1.11878555722396,2.32500297633366));
#2845=CARTESIAN_POINT('Ctrl Pts',(5.50041272619834,1.13984658988771,2.40419547013433));
#2846=CARTESIAN_POINT('Ctrl Pts',(5.47264123826559,1.13732291156846,2.43908481842199));
#2847=CARTESIAN_POINT('Ctrl Pts',(5.50612853867049,1.24624879811063,2.25886727202494));
#2848=CARTESIAN_POINT('Ctrl Pts',(5.49942267366087,1.26646128777268,2.37223668928544));
#2849=CARTESIAN_POINT('Ctrl Pts',(5.47390940686326,1.25145235140331,2.48473800959684));
#2850=CARTESIAN_POINT('Ctrl Pts',(5.43448111947446,1.20762805729446,2.53063248727196));
#2851=CARTESIAN_POINT('Ctrl Pts',(5.54969488128041,1.41749152365997,2.29378927333188));
#2852=CARTESIAN_POINT('Ctrl Pts',(5.54096375160429,1.40386568067055,2.44058323077871));
#2853=CARTESIAN_POINT('Ctrl Pts',(5.50553503744338,1.34596396786873,2.58546432025801));
#2854=CARTESIAN_POINT('Ctrl Pts',(5.44061865047155,1.25537598761508,2.64054841287906));
#2855=CARTESIAN_POINT('Ctrl Pts',(5.58649791767488,1.48012220166768,2.3087373085602));
#2856=CARTESIAN_POINT('Ctrl Pts',(5.57167855428828,1.45490290273275,2.46984338298937));
#2857=CARTESIAN_POINT('Ctrl Pts',(5.52870200843814,1.3801953822565,2.62861253288334));
#2858=CARTESIAN_POINT('Ctrl Pts',(5.45112977563826,1.27027088161771,2.68764012081988));
#2859=CARTESIAN_POINT('',(5.58649791767488,1.48012220166767,2.3087373085602));
#2860=CARTESIAN_POINT('',(5.51824708199999,1.08761775592595,2.38651221009943));
#2861=CARTESIAN_POINT('Ctrl Pts',(5.58649791767488,1.48012220166767,2.30873730856021));
#2862=CARTESIAN_POINT('Ctrl Pts',(5.56235879368994,1.43904271883685,2.33789445761962));
#2863=CARTESIAN_POINT('Ctrl Pts',(5.54188721049864,1.39191772154358,2.3607719778719));
#2864=CARTESIAN_POINT('Ctrl Pts',(5.51466935016925,1.2942985860117,2.39049672391641));
#2865=CARTESIAN_POINT('Ctrl Pts',(5.50783466003998,1.24849161852467,2.39761871719469));
#2866=CARTESIAN_POINT('Ctrl Pts',(5.50549393619731,1.18322602495621,2.40008785526137));
#2867=CARTESIAN_POINT('Ctrl Pts',(5.50614053956692,1.16013119602769,2.39941103463797));
#2868=CARTESIAN_POINT('Ctrl Pts',(5.51092803483596,1.1171431300895,2.39434192192125));
#2869=CARTESIAN_POINT('Ctrl Pts',(5.51443399924582,1.10056948851217,2.39061176468082));
#2870=CARTESIAN_POINT('Ctrl Pts',(5.51808266867211,1.08816913012241,2.38668902638498));
#2871=CARTESIAN_POINT('Ctrl Pts',(5.51816457129335,1.08789322017149,2.3866009542396));
#2872=CARTESIAN_POINT('Ctrl Pts',(5.51824708199999,1.08761775592595,2.38651221009943));
#2873=CARTESIAN_POINT('Ctrl Pts',(5.58649791767488,1.48012220166768,2.3087373085602));
#2874=CARTESIAN_POINT('Ctrl Pts',(5.57167855428828,1.45490290273275,2.46984338298937));
#2875=CARTESIAN_POINT('Ctrl Pts',(5.52870200843814,1.3801953822565,2.62861253288334));
#2876=CARTESIAN_POINT('Ctrl Pts',(5.45112977563826,1.27027088161771,2.68764012081988));
#2877=CARTESIAN_POINT('Origin',(4.2,1.23989020756712,1.16085947347355));
#2878=CARTESIAN_POINT('Origin',(3.,3.,-12.));
#2879=CARTESIAN_POINT('',(6.,3.,1.16085947347355));
#2880=CARTESIAN_POINT('Ctrl Pts',(5.58649791767488,1.48012220166768,2.3087373085602));
#2881=CARTESIAN_POINT('Ctrl Pts',(5.69548748874575,1.66559849386196,2.17709105778419));
#2882=CARTESIAN_POINT('Ctrl Pts',(5.78437210062668,1.86324669815012,2.03102810401353));
#2883=CARTESIAN_POINT('Ctrl Pts',(5.95348767560999,2.37863001815816,1.64245191089841));
#2884=CARTESIAN_POINT('Ctrl Pts',(6.,2.70230833744441,1.39145044375007));
#2885=CARTESIAN_POINT('Ctrl Pts',(6.,3.,1.16085947347355));
#2886=CARTESIAN_POINT('',(6.,3.00000000000011,32.699930105747));
#2887=CARTESIAN_POINT('',(6.,3.,-12.));
#2888=CARTESIAN_POINT('',(3.4139872515646,0.0287015371151299,32.9547755774928));
#2889=CARTESIAN_POINT('Ctrl Pts',(6.,3.0000016720093,32.6999296146213));
#2890=CARTESIAN_POINT('Ctrl Pts',(5.99999980790518,2.996996777231,32.7001877767808));
#2891=CARTESIAN_POINT('Ctrl Pts',(5.99999495675352,2.99399186837449,32.7004459402469));
#2892=CARTESIAN_POINT('Ctrl Pts',(5.99998545068961,2.99098695553308,32.7007041041576));
#2893=CARTESIAN_POINT('Ctrl Pts',(5.99966776570744,2.89056519415858,32.7093317336446));
#2894=CARTESIAN_POINT('Ctrl Pts',(5.99415652417547,2.79036624662154,32.7179405893932));
#2895=CARTESIAN_POINT('Ctrl Pts',(5.98364857588124,2.69076254371114,32.7264984360555));
#2896=CARTESIAN_POINT('Ctrl Pts',(5.97300548622697,2.58987785049703,32.7351663440738));
#2897=CARTESIAN_POINT('Ctrl Pts',(5.95723615025461,2.48960295137724,32.743782071288));
#2898=CARTESIAN_POINT('Ctrl Pts',(5.93649101518861,2.39032439246306,32.7523123747331));
#2899=CARTESIAN_POINT('Ctrl Pts',(5.91576191833882,2.29112258653159,32.760836083338));
#2900=CARTESIAN_POINT('Ctrl Pts',(5.89006442243119,2.19291471213233,32.7692746508553));
#2901=CARTESIAN_POINT('Ctrl Pts',(5.85949875447888,2.09609899966765,32.7775929061861));
#2902=CARTESIAN_POINT('Ctrl Pts',(5.83983398366976,2.03381150772377,32.7829445505496));
#2903=CARTESIAN_POINT('Ctrl Pts',(5.81815321438623,1.97210053996195,32.7882463494694));
#2904=CARTESIAN_POINT('Ctrl Pts',(5.79447303595748,1.91107745355621,32.7934880549022));
#2905=CARTESIAN_POINT('Ctrl Pts',(5.75764617712422,1.8161757789174,32.8016398324154));
#2906=CARTESIAN_POINT('Ctrl Pts',(5.71615513193697,1.72337297205246,32.809609294825));
#2907=CARTESIAN_POINT('Ctrl Pts',(5.6701521839878,1.63304913448158,32.8173600624528));
#2908=CARTESIAN_POINT('Ctrl Pts',(5.62456839244643,1.54354828363182,32.8250402088691));
#2909=CARTESIAN_POINT('Ctrl Pts',(5.57455418112001,1.45648061814425,32.8325057697126));
#2910=CARTESIAN_POINT('Ctrl Pts',(5.52021082879524,1.3722344906444,32.8397182508106));
#2911=CARTESIAN_POINT('Ctrl Pts',(5.48571861572822,1.31876271800827,32.8442960772443));
#2912=CARTESIAN_POINT('Ctrl Pts',(5.44948146452066,1.26642802749984,32.8487718802987));
#2913=CARTESIAN_POINT('Ctrl Pts',(5.41151629851603,1.2153359100484,32.8531347664347));
#2914=CARTESIAN_POINT('Ctrl Pts',(5.34828327898364,1.13023924906278,32.860401387216));
#2915=CARTESIAN_POINT('Ctrl Pts',(5.2802583487823,1.04858699693658,32.8673552131934));
#2916=CARTESIAN_POINT('Ctrl Pts',(5.20780890931781,0.970614556946832,32.8739894896092));
#2917=CARTESIAN_POINT('Ctrl Pts',(5.13917087799557,0.896744078198542,32.8802747511073));
#2918=CARTESIAN_POINT('Ctrl Pts',(5.06688292815673,0.826522249649041,32.8862440272178));
#2919=CARTESIAN_POINT('Ctrl Pts',(4.99132480223003,0.760086395009417,32.8918942458338));
#2920=CARTESIAN_POINT('Ctrl Pts',(4.91491241673917,0.692899417131457,32.897608345776));
#2921=CARTESIAN_POINT('Ctrl Pts',(4.83515477868808,0.629583997522393,32.9029962214936));
#2922=CARTESIAN_POINT('Ctrl Pts',(4.7524048049206,0.570317882351615,32.9080484886789));
#2923=CARTESIAN_POINT('Ctrl Pts',(4.66986929051344,0.511205364488125,32.9130876621322));
#2924=CARTESIAN_POINT('Ctrl Pts',(4.58435614202973,0.456120750073147,32.9177930411557));
#2925=CARTESIAN_POINT('Ctrl Pts',(4.49618753932125,0.40528272862851,32.9221479532476));
#2926=CARTESIAN_POINT('Ctrl Pts',(4.43699145416637,0.37115026248869,32.9250718256819));
#2927=CARTESIAN_POINT('Ctrl Pts',(4.37659779740889,0.338932923465,32.9278375645172));
#2928=CARTESIAN_POINT('Ctrl Pts',(4.31509964065821,0.308709176404828,32.93043798665));
#2929=CARTESIAN_POINT('Ctrl Pts',(4.22340263901785,0.263643972337173,32.9343153534716));
#2930=CARTESIAN_POINT('Ctrl Pts',(4.12969276461403,0.223226038576925,32.9378070607297));
#2931=CARTESIAN_POINT('Ctrl Pts',(4.03432217612532,0.187622374830235,32.9408939997904));
#2932=CARTESIAN_POINT('Ctrl Pts',(3.93939447272754,0.152184048553992,32.9439666036214));
#2933=CARTESIAN_POINT('Ctrl Pts',(3.84282064995937,0.121514978203848,32.946638260471));
#2934=CARTESIAN_POINT('Ctrl Pts',(3.74492483454068,0.0958250005188574,32.9488821963805));
#2935=CARTESIAN_POINT('Ctrl Pts',(3.64903965540706,0.0706626572488327,32.9510800451417));
#2936=CARTESIAN_POINT('Ctrl Pts',(3.55188548453227,0.0502767268903766,32.9528676063857));
#2937=CARTESIAN_POINT('Ctrl Pts',(3.45375601949629,0.0349124446835594,32.954211285526));
#2938=CARTESIAN_POINT('Ctrl Pts',(3.44048083716415,0.0328339288410126,32.9543930615662));
#2939=CARTESIAN_POINT('Ctrl Pts',(3.42718779876929,0.0308473924831435,32.9545667005122));
#2940=CARTESIAN_POINT('Ctrl Pts',(3.41387762713363,0.0289535161531105,32.9547321063105));
#2941=CARTESIAN_POINT('',(3.00000000000052,0.,32.6999301057452));
#2942=CARTESIAN_POINT('Ctrl Pts',(2.99988867144953,5.27355936696949E-16,
32.7001232476872));
#2943=CARTESIAN_POINT('Ctrl Pts',(3.00078410764185,6.99809444925989E-9,
32.7006651449384));
#2944=CARTESIAN_POINT('Ctrl Pts',(3.0016795171617,4.15648727029341E-7,32.701207081662));
#2945=CARTESIAN_POINT('Ctrl Pts',(3.0025749032853,1.22585720089413E-6,32.7017490598644));
#2946=CARTESIAN_POINT('Ctrl Pts',(3.08641405901128,7.70894345121748E-5,
32.7524969927588));
#2947=CARTESIAN_POINT('Ctrl Pts',(3.17004167488718,0.00367128765469835,
32.8035953463332));
#2948=CARTESIAN_POINT('Ctrl Pts',(3.25323013853627,0.0107188567164325,32.8549335158492));
#2949=CARTESIAN_POINT('Ctrl Pts',(3.30701746069127,0.0152756167635007,32.8881273331344));
#2950=CARTESIAN_POINT('Ctrl Pts',(3.36062175602503,0.0212766851133633,32.9214206630363));
#2951=CARTESIAN_POINT('Ctrl Pts',(3.41398686896874,0.0287097031583643,32.9547747928845));
#2952=CARTESIAN_POINT('',(3.,0.,28.0836046084955));
#2953=CARTESIAN_POINT('',(3.,0.,-12.));
#2954=CARTESIAN_POINT('Origin',(3.,3.,28.0836046084955));
#2955=CARTESIAN_POINT('Ctrl Pts',(5.86395750595954,17.8931670639125,2.40213180965447));
#2956=CARTESIAN_POINT('Ctrl Pts',(5.74465313161675,18.2757188531557,2.48205401667394));
#2957=CARTESIAN_POINT('Ctrl Pts',(5.27983587958913,19.0911293252825,2.78264895940899));
#2958=CARTESIAN_POINT('Ctrl Pts',(4.62307361509816,19.5637584409791,3.40370387405285));
#2959=CARTESIAN_POINT('Ctrl Pts',(4.20627434972829,19.7467985352384,3.73816224781707));
#2960=CARTESIAN_POINT('Ctrl Pts',(5.860769810365,17.9033884716351,2.3412902254659));
#2961=CARTESIAN_POINT('Ctrl Pts',(5.73939622618318,18.287853058853,2.42554630751862));
#2962=CARTESIAN_POINT('Ctrl Pts',(5.26452649780041,19.1134631703177,2.73123426527157));
#2963=CARTESIAN_POINT('Ctrl Pts',(4.58654807296143,19.5881107132133,3.34071792077831));
#2964=CARTESIAN_POINT('Ctrl Pts',(4.16190360902793,19.7662842331149,3.66340933720428));
#2965=CARTESIAN_POINT('Ctrl Pts',(5.88224156343817,17.9325044145128,2.21966896478844));
#2966=CARTESIAN_POINT('Ctrl Pts',(5.75195217409464,18.3234334707628,2.31255543443821));
#2967=CARTESIAN_POINT('Ctrl Pts',(5.25260189152247,19.173202240576,2.62837292034221));
#2968=CARTESIAN_POINT('Ctrl Pts',(4.53939847643253,19.67204527228,3.21461560737913));
#2969=CARTESIAN_POINT('Ctrl Pts',(4.09825798099982,19.8618399511449,3.51425163515981));
#2970=CARTESIAN_POINT('Ctrl Pts',(5.95475711528413,17.9728169534636,2.12366428103664));
#2971=CARTESIAN_POINT('Ctrl Pts',(5.80870213713651,18.3748151108456,2.22027729796219));
#2972=CARTESIAN_POINT('Ctrl Pts',(5.2795677067996,19.2543986588826,2.54392898485634));
#2973=CARTESIAN_POINT('Ctrl Pts',(4.55731176210199,19.803510995805,3.12547655552661));
#2974=CARTESIAN_POINT('Ctrl Pts',(4.11143681922791,20.0291753622645,3.42907617095268));
#2975=CARTESIAN_POINT('Ctrl Pts',(6.00000000006156,17.9936617406966,2.08712781749897));
#2976=CARTESIAN_POINT('Ctrl Pts',(5.84559070734912,18.4020364580248,2.18351781498443));
#2977=CARTESIAN_POINT('Ctrl Pts',(5.3012265973033,19.2970323889125,2.50971664378057));
#2978=CARTESIAN_POINT('Ctrl Pts',(4.58078870073809,19.8718342783234,3.09675651482152));
#2979=CARTESIAN_POINT('Ctrl Pts',(4.13596787990603,20.1130383398968,3.41170721180811));
#2980=CARTESIAN_POINT('',(4.13596787983263,20.1130383398069,3.41170721186008));
#2981=CARTESIAN_POINT('',(4.20627434972829,19.7467985352384,3.73816224781707));
#2982=CARTESIAN_POINT('Origin',(4.36711092969206,20.1130383399368,3.73816224781707));
#2983=CARTESIAN_POINT('',(5.86395750595954,17.8931670639125,2.40213180965447));
#2984=CARTESIAN_POINT('Ctrl Pts',(4.20627434972829,19.7467985352384,3.73816224781707));
#2985=CARTESIAN_POINT('Ctrl Pts',(4.62307361509816,19.5637584409791,3.40370387405285));
#2986=CARTESIAN_POINT('Ctrl Pts',(5.27983587958913,19.0911293252825,2.78264895940899));
#2987=CARTESIAN_POINT('Ctrl Pts',(5.74465313161675,18.2757188531557,2.48205401667394));
#2988=CARTESIAN_POINT('Ctrl Pts',(5.86395750595954,17.8931670639125,2.40213180965447));
#2989=CARTESIAN_POINT('',(6.00000000006156,17.9936617407117,2.0871278175221));
#2990=CARTESIAN_POINT('Origin',(6.24581850675415,18.0122560057675,2.40213180965447));
#2991=CARTESIAN_POINT('Ctrl Pts',(6.00000000006156,17.9936617406966,2.08712781749897));
#2992=CARTESIAN_POINT('Ctrl Pts',(5.84559070734912,18.4020364580248,2.18351781498443));
#2993=CARTESIAN_POINT('Ctrl Pts',(5.3012265973033,19.2970323889125,2.50971664378057));
#2994=CARTESIAN_POINT('Ctrl Pts',(4.58078870073809,19.8718342783234,3.09675651482152));
#2995=CARTESIAN_POINT('Ctrl Pts',(4.13596787990603,20.1130383398968,3.41170721180811));
#2996=CARTESIAN_POINT('Ctrl Pts',(4.20627434970169,19.74679853525,3.73816224783841));
#2997=CARTESIAN_POINT('Ctrl Pts',(4.0275275201489,19.8252963620156,3.88159669911211));
#2998=CARTESIAN_POINT('Ctrl Pts',(3.84109844435422,19.8862892690766,4.03119572839266));
#2999=CARTESIAN_POINT('Ctrl Pts',(3.65051955251661,19.9286215719675,4.18412475568488));
#3000=CARTESIAN_POINT('Ctrl Pts',(4.16190360900084,19.7662842331262,3.66340933721526));
#3001=CARTESIAN_POINT('Ctrl Pts',(3.97982004113086,19.8427487568799,3.80548669981978));
#3002=CARTESIAN_POINT('Ctrl Pts',(3.79027310422843,19.9012990583778,3.95361308849967));
#3003=CARTESIAN_POINT('Ctrl Pts',(3.59704255599782,19.9405001404307,4.10486996261401));
#3004=CARTESIAN_POINT('Ctrl Pts',(4.09819612459622,19.8617821566628,3.51420011888437));
#3005=CARTESIAN_POINT('Ctrl Pts',(3.90716886912917,19.9390999765601,3.65364890999376));
#3006=CARTESIAN_POINT('Ctrl Pts',(3.70846397738945,19.9972070610896,3.79876299008981));
#3007=CARTESIAN_POINT('Ctrl Pts',(3.50616606553596,20.0352339595669,3.94680077494608));
#3008=CARTESIAN_POINT('Ctrl Pts',(4.11143681922096,20.0291753623096,3.42907617094365));
#3009=CARTESIAN_POINT('Ctrl Pts',(3.91202302293248,20.1142182516617,3.57021155720593));
#3010=CARTESIAN_POINT('Ctrl Pts',(3.7042936166946,20.1797009197186,3.71742596686152));
#3011=CARTESIAN_POINT('Ctrl Pts',(3.49208663096469,20.2243053606371,3.86760054820225));
#3012=CARTESIAN_POINT('Ctrl Pts',(4.13596787990851,20.11303833995,3.41170721180635));
#3013=CARTESIAN_POINT('Ctrl Pts',(3.93338813974869,20.2020025436177,3.55514166308004));
#3014=CARTESIAN_POINT('Ctrl Pts',(3.72210185384805,20.2711278382869,3.70474069236059));
#3015=CARTESIAN_POINT('Ctrl Pts',(3.50611244309876,20.3191044482299,3.85766971965281));
#3016=CARTESIAN_POINT('',(3.50611244309876,20.3191044482299,3.85766971965281));
#3017=CARTESIAN_POINT('',(3.65051955251661,19.9286215719675,4.18412475568488));
#3018=CARTESIAN_POINT('Origin',(3.73725549285216,20.3191044482299,4.18412475568487));
#3019=CARTESIAN_POINT('Origin',(3.,17.,4.70613074198113));
#3020=CARTESIAN_POINT('Origin',(2.7688569502466,17.,4.37967570594906));
#3021=CARTESIAN_POINT('Ctrl Pts',(3.65051955251661,19.9286215719675,4.18412475568487));
#3022=CARTESIAN_POINT('Ctrl Pts',(3.44660409849187,19.9739162563928,4.34775563701264));
#3023=CARTESIAN_POINT('Ctrl Pts',(3.23011213720121,20.,4.49980766872253));
#3024=CARTESIAN_POINT('Ctrl Pts',(3.,20.,4.62148758514045));
#3025=CARTESIAN_POINT('Ctrl Pts',(3.59704255599782,19.9405001404307,4.104869962614));
#3026=CARTESIAN_POINT('Ctrl Pts',(3.39130019104957,19.9821144317892,4.26098343899456));
#3027=CARTESIAN_POINT('Ctrl Pts',(3.17498041847523,20.0040837939713,4.40423458231174));
#3028=CARTESIAN_POINT('Ctrl Pts',(2.95074122402672,20.,4.5159123878908));
#3029=CARTESIAN_POINT('Ctrl Pts',(3.50616606553596,20.0352339595669,3.94680077494607));
#3030=CARTESIAN_POINT('Ctrl Pts',(3.29432023883706,20.0815443829781,4.08825740227312));
#3031=CARTESIAN_POINT('Ctrl Pts',(3.07385964491138,20.1068534527961,4.21347913748122));
#3032=CARTESIAN_POINT('Ctrl Pts',(2.85285030814862,20.1086238411904,4.30610504800914));
#3033=CARTESIAN_POINT('Ctrl Pts',(3.49208663096469,20.2243053606372,3.86760054820225));
#3034=CARTESIAN_POINT('Ctrl Pts',(3.27776882534992,20.2891861138525,4.0118989694198));
#3035=CARTESIAN_POINT('Ctrl Pts',(3.05418836194288,20.3349351848709,4.14389463034733));
#3036=CARTESIAN_POINT('Ctrl Pts',(2.8248472414036,20.3556350128036,4.24608672159347));
#3037=CARTESIAN_POINT('Ctrl Pts',(3.50611244309876,20.3191044482299,3.85766971965281));
#3038=CARTESIAN_POINT('Ctrl Pts',(3.29220904314579,20.3915142590212,4.00912176897238));
#3039=CARTESIAN_POINT('Ctrl Pts',(3.06789252685261,20.4445802327735,4.15021605979205));
#3040=CARTESIAN_POINT('Ctrl Pts',(2.83350715605282,20.4703218013693,4.26464731671976));
#3041=CARTESIAN_POINT('',(2.83350715605282,20.4703218013693,4.26464731671976));
#3042=CARTESIAN_POINT('',(3.,20.,4.62148758514045));
#3043=CARTESIAN_POINT('Origin',(3.,20.4,4.62148758514045));
#3044=CARTESIAN_POINT('Ctrl Pts',(3.,20.,4.62148758514045));
#3045=CARTESIAN_POINT('Ctrl Pts',(3.23011213720121,20.,4.49980766872253));
#3046=CARTESIAN_POINT('Ctrl Pts',(3.44660409849187,19.9739162563928,4.34775563701264));
#3047=CARTESIAN_POINT('Ctrl Pts',(3.65051955251661,19.9286215719675,4.18412475568487));
#3048=CARTESIAN_POINT('Ctrl Pts',(3.50611244309876,20.3191044482299,3.85766971965281));
#3049=CARTESIAN_POINT('Ctrl Pts',(3.29220904314579,20.3915142590212,4.00912176897238));
#3050=CARTESIAN_POINT('Ctrl Pts',(3.06789252685261,20.4445802327735,4.15021605979205));
#3051=CARTESIAN_POINT('Ctrl Pts',(2.83350715605282,20.4703218013693,4.26464731671976));
#3052=CARTESIAN_POINT('Ctrl Pts',(3.,20.,4.62148758514045));
#3053=CARTESIAN_POINT('Ctrl Pts',(2.99666795663904,20.,4.62304223416529));
#3054=CARTESIAN_POINT('Ctrl Pts',(2.99333461609981,20.,4.62459215729793));
#3055=CARTESIAN_POINT('Ctrl Pts',(2.99,20.,4.62613734448668));
#3056=CARTESIAN_POINT('Ctrl Pts',(2.95074122402672,20.,4.5159123878908));
#3057=CARTESIAN_POINT('Ctrl Pts',(2.9474780161925,19.9999974861243,4.51737250783972));
#3058=CARTESIAN_POINT('Ctrl Pts',(2.94421404380671,20.0000025236505,4.51883072356855));
#3059=CARTESIAN_POINT('Ctrl Pts',(2.94094873926375,20.,4.5202814812241));
#3060=CARTESIAN_POINT('Ctrl Pts',(2.85284994024017,20.1086231126822,4.30610425947945));
#3061=CARTESIAN_POINT('Ctrl Pts',(2.84972522362317,20.1087344291178,4.30738370336792));
#3062=CARTESIAN_POINT('Ctrl Pts',(2.84659968013227,20.1088435574459,4.30865377310206));
#3063=CARTESIAN_POINT('Ctrl Pts',(2.84347379428943,20.108955018471,4.30992410626873));
#3064=CARTESIAN_POINT('Ctrl Pts',(2.8248472414036,20.3556350128036,4.24608672159347));
#3065=CARTESIAN_POINT('Ctrl Pts',(2.82182413473176,20.3559268882617,4.24744253568536));
#3066=CARTESIAN_POINT('Ctrl Pts',(2.81880057628732,20.3562166703021,4.24880310409984));
#3067=CARTESIAN_POINT('Ctrl Pts',(2.8157760881775,20.356508556554,4.25015062548834));
#3068=CARTESIAN_POINT('Ctrl Pts',(2.83350715605282,20.4703218013693,4.26464731671976));
#3069=CARTESIAN_POINT('Ctrl Pts',(2.83051252062837,20.4706506896994,4.26610935291464));
#3070=CARTESIAN_POINT('Ctrl Pts',(2.82751694794525,20.4709794260098,4.2675674346247));
#3071=CARTESIAN_POINT('Ctrl Pts',(2.82452045743063,20.4713080081685,4.26902155239386));
#3072=CARTESIAN_POINT('',(2.82452045743063,20.4713080081685,4.26902155239386));
#3073=CARTESIAN_POINT('',(2.99,20.,4.62613734448668));
#3074=CARTESIAN_POINT('Origin',(2.99,20.4,4.62613734448668));
#3075=CARTESIAN_POINT('Origin',(2.39994681853857,20.,2.4353681688776));
#3076=CARTESIAN_POINT('Origin',(2.39994681853857,20.4,2.4353681688776));
#3077=CARTESIAN_POINT('Ctrl Pts',(2.99,20.,4.62613734448668));
#3078=CARTESIAN_POINT('Ctrl Pts',(2.81035714304239,20.,4.72051598543519));
#3079=CARTESIAN_POINT('Ctrl Pts',(2.43545450374136,19.9688987181424,4.87289601804195));
#3080=CARTESIAN_POINT('Ctrl Pts',(1.78358884649641,19.7762749884854,4.88433553476916));
#3081=CARTESIAN_POINT('Ctrl Pts',(1.34147636909253,19.515659407734,4.56176701039728));
#3082=CARTESIAN_POINT('Ctrl Pts',(1.06388977804819,19.300731011204,4.1141521633711));
#3083=CARTESIAN_POINT('Ctrl Pts',(0.962822188237387,19.2089199807892,3.8546388332391));
#3084=CARTESIAN_POINT('Ctrl Pts',(0.914016807496971,19.1618349807652,3.68410446387588));
#3085=CARTESIAN_POINT('Ctrl Pts',(2.96197070815071,20.,4.56564827976521));
#3086=CARTESIAN_POINT('Ctrl Pts',(2.78494842011107,19.9983020846198,4.65560675853664));
#3087=CARTESIAN_POINT('Ctrl Pts',(2.41855029718895,19.9636864674795,4.79790233682195));
#3088=CARTESIAN_POINT('Ctrl Pts',(1.80384669985024,19.7812793772476,4.8030334793031));
#3089=CARTESIAN_POINT('Ctrl Pts',(1.38269611723679,19.5419348677616,4.50187523208315));
#3090=CARTESIAN_POINT('Ctrl Pts',(1.10708609619264,19.3370773480747,4.07389188251807));
#3091=CARTESIAN_POINT('Ctrl Pts',(1.00564396188216,19.248382107326,3.82329182633408));
#3092=CARTESIAN_POINT('Ctrl Pts',(0.955986070452799,19.2023248349022,3.65781146710476));
#3093=CARTESIAN_POINT('Ctrl Pts',(2.90605214775288,20.034083668387,4.44497232986166));
#3094=CARTESIAN_POINT('Ctrl Pts',(2.7322137722113,20.03205743721,4.5261406755944));
#3095=CARTESIAN_POINT('Ctrl Pts',(2.37745083337808,19.9965376228124,4.64839552460799));
#3096=CARTESIAN_POINT('Ctrl Pts',(1.82425224668563,19.8371740157446,4.64103496998434));
#3097=CARTESIAN_POINT('Ctrl Pts',(1.44022279604991,19.630992493352,4.38246483491842));
#3098=CARTESIAN_POINT('Ctrl Pts',(1.16948006495802,19.4377367648921,3.99359003515979));
#3099=CARTESIAN_POINT('Ctrl Pts',(1.06845503999362,19.3516097080723,3.76073904496099));
#3100=CARTESIAN_POINT('Ctrl Pts',(1.01798309522509,19.3056827293892,3.6053397356041));
#3101=CARTESIAN_POINT('Ctrl Pts',(2.83177443252728,20.1981079178516,4.28467611018536));
#3102=CARTESIAN_POINT('Ctrl Pts',(2.65703862792115,20.2049858891413,4.35856334238416));
#3103=CARTESIAN_POINT('Ctrl Pts',(2.30357149703986,20.187764250148,4.46599138769348));
#3104=CARTESIAN_POINT('Ctrl Pts',(1.77859003670124,20.0612403272361,4.45525026586794));
#3105=CARTESIAN_POINT('Ctrl Pts',(1.4234766153544,19.865732465313,4.23658567394143));
#3106=CARTESIAN_POINT('Ctrl Pts',(1.1680037765541,19.6663524870728,3.88906843992083));
#3107=CARTESIAN_POINT('Ctrl Pts',(1.07366387835088,19.5748661504426,3.6768918347499));
#3108=CARTESIAN_POINT('Ctrl Pts',(1.02657109342833,19.5248862244542,3.53393376898518));
#3109=CARTESIAN_POINT('Ctrl Pts',(2.81702528378508,20.3729084782132,4.25284647218913));
#3110=CARTESIAN_POINT('Ctrl Pts',(2.63744979080496,20.3896142260851,4.33353872621501));
#3111=CARTESIAN_POINT('Ctrl Pts',(2.27039228477024,20.3917139835437,4.45942228580067));
#3112=CARTESIAN_POINT('Ctrl Pts',(1.68726458947777,20.2638313435567,4.4710352160007));
#3113=CARTESIAN_POINT('Ctrl Pts',(1.30941883392405,20.0373492413706,4.23074587569799));
#3114=CARTESIAN_POINT('Ctrl Pts',(1.06712121242395,19.8218919078279,3.87240441879858));
#3115=CARTESIAN_POINT('Ctrl Pts',(0.98108112767514,19.7236265661527,3.65859793797882));
#3116=CARTESIAN_POINT('Ctrl Pts',(0.940175126683766,19.6704691993801,3.5163940732438));
#3117=CARTESIAN_POINT('Ctrl Pts',(2.82452045743063,20.4713080081685,4.26902155239386));
#3118=CARTESIAN_POINT('Ctrl Pts',(2.64149751726857,20.4913775102997,4.35783775526675));
#3119=CARTESIAN_POINT('Ctrl Pts',(2.26406850255749,20.4988628687444,4.50350940611589));
#3120=CARTESIAN_POINT('Ctrl Pts',(1.63033362376001,20.3557598466107,4.53343033391747));
#3121=CARTESIAN_POINT('Ctrl Pts',(1.22561361723421,20.1073863345991,4.26568711848214));
#3122=CARTESIAN_POINT('Ctrl Pts',(0.986327281453451,19.8856940750722,3.88656097051738));
#3123=CARTESIAN_POINT('Ctrl Pts',(0.904483999140081,19.7859325903593,3.66579855717801));
#3124=CARTESIAN_POINT('Ctrl Pts',(0.867131873213957,19.7325485936767,3.52066164597111));
#3125=CARTESIAN_POINT('',(0.867131873213957,19.7325485936767,3.52066164597111));
#3126=CARTESIAN_POINT('',(0.914016807496971,19.1618349807652,3.68410446387588));
#3127=CARTESIAN_POINT('Origin',(0.636293303483188,19.4497058812021,3.68410446387588));
#3128=CARTESIAN_POINT('Ctrl Pts',(0.914016807496971,19.1618349807652,3.68410446387588));
#3129=CARTESIAN_POINT('Ctrl Pts',(0.962822188237387,19.2089199807892,3.8546388332391));
#3130=CARTESIAN_POINT('Ctrl Pts',(1.06388977804819,19.300731011204,4.1141521633711));
#3131=CARTESIAN_POINT('Ctrl Pts',(1.34147636909253,19.515659407734,4.56176701039728));
#3132=CARTESIAN_POINT('Ctrl Pts',(1.78358884649641,19.7762749884854,4.88433553476916));
#3133=CARTESIAN_POINT('Ctrl Pts',(2.43545450374136,19.9688987181424,4.87289601804195));
#3134=CARTESIAN_POINT('Ctrl Pts',(2.81035714304239,20.,4.72051598543519));
#3135=CARTESIAN_POINT('Ctrl Pts',(2.99,20.,4.62613734448668));
#3136=CARTESIAN_POINT('Ctrl Pts',(2.82452045743063,20.4713080081685,4.26902155239386));
#3137=CARTESIAN_POINT('Ctrl Pts',(2.64149751726857,20.4913775102997,4.35783775526675));
#3138=CARTESIAN_POINT('Ctrl Pts',(2.26406850255749,20.4988628687444,4.50350940611589));
#3139=CARTESIAN_POINT('Ctrl Pts',(1.63033362376001,20.3557598466107,4.53343033391747));
#3140=CARTESIAN_POINT('Ctrl Pts',(1.22561361723421,20.1073863345991,4.26568711848214));
#3141=CARTESIAN_POINT('Ctrl Pts',(0.986327281453451,19.8856940750722,3.88656097051738));
#3142=CARTESIAN_POINT('Ctrl Pts',(0.904483999140081,19.7859325903593,3.66579855717801));
#3143=CARTESIAN_POINT('Ctrl Pts',(0.867131873213957,19.7325485936767,3.52066164597111));
#3144=CARTESIAN_POINT('Ctrl Pts',(-0.169161430269232,17.2928427124746,-2.16493228216677));
#3145=CARTESIAN_POINT('Ctrl Pts',(-0.169161430269233,18.2006139265852,-0.594006891887414));
#3146=CARTESIAN_POINT('Ctrl Pts',(0.213829581222373,19.1022750876126,1.50726247089717));
#3147=CARTESIAN_POINT('Ctrl Pts',(0.867131873213956,19.7325485936767,3.52066164597111));
#3148=CARTESIAN_POINT('Ctrl Pts',(-0.117132227363786,17.2610094643872,-2.14653719705055));
#3149=CARTESIAN_POINT('Ctrl Pts',(-0.104430776631095,18.1558959086771,-0.580240014604057));
#3150=CARTESIAN_POINT('Ctrl Pts',(0.289794657838394,19.0436024546839,1.51460938376641));
#3151=CARTESIAN_POINT('Ctrl Pts',(0.952349002262065,19.660122633664,3.51568281112258));
#3152=CARTESIAN_POINT('Ctrl Pts',(-0.0310301937606107,17.175431262173,-2.09708518042007));
#3153=CARTESIAN_POINT('Ctrl Pts',(-0.00216080010546399,18.0335116885165,
-0.533639508846261));
#3154=CARTESIAN_POINT('Ctrl Pts',(0.403653980460619,18.8783912424777,1.55632455486281));
#3155=CARTESIAN_POINT('Ctrl Pts',(1.0643048278618,19.4454741020237,3.54654916187493));
#3156=CARTESIAN_POINT('Ctrl Pts',(-2.93154502674439E-15,17.0651610558402,
-2.03336470094827));
#3157=CARTESIAN_POINT('Ctrl Pts',(0.0148844771388437,17.8822075236909,-0.464958290725603));
#3158=CARTESIAN_POINT('Ctrl Pts',(0.381566203735955,18.6871234001618,1.63269543590711));
#3159=CARTESIAN_POINT('Ctrl Pts',(0.987463017669666,19.232692225505,3.63809171952643));
#3160=CARTESIAN_POINT('Ctrl Pts',(-3.05311331771918E-15,17.01,-2.001489464262));
#3161=CARTESIAN_POINT('Ctrl Pts',(-3.52602502657544E-15,17.8106595664279,
-0.430564073982643));
#3162=CARTESIAN_POINT('Ctrl Pts',(0.337800331669584,18.605930029989,1.67070528880194));
#3163=CARTESIAN_POINT('Ctrl Pts',(0.914016807496969,19.1618349807652,3.68410446387588));
#3164=CARTESIAN_POINT('Origin',(2.99,17.01,2.7863792314629));
#3165=CARTESIAN_POINT('Origin',(3.22083856973077,17.2928427124746,2.62293641355813));
#3166=CARTESIAN_POINT('Ctrl Pts',(6.,17.,2.24928641090063));
#3167=CARTESIAN_POINT('Ctrl Pts',(6.,17.3021061613757,2.30182670525994));
#3168=CARTESIAN_POINT('Ctrl Pts',(5.95357976713358,17.6057915459842,2.3420937016593));
#3169=CARTESIAN_POINT('Ctrl Pts',(5.86395750595737,17.8931670639194,2.40213180965592));
#3170=CARTESIAN_POINT('Ctrl Pts',(6.,17.0126659322848,2.16674689730614));
#3171=CARTESIAN_POINT('Ctrl Pts',(5.99879359964435,17.3120836708214,2.2237190470131));
#3172=CARTESIAN_POINT('Ctrl Pts',(5.9517036272173,17.6158333468623,2.26883389115442));
#3173=CARTESIAN_POINT('Ctrl Pts',(5.86031442527785,17.9048486727454,2.33259857058336));
#3174=CARTESIAN_POINT('Ctrl Pts',(6.04732970065949,17.0347758464547,2.02266420997186));
#3175=CARTESIAN_POINT('Ctrl Pts',(6.03823674276017,17.3343952368869,2.08721309378284));
#3176=CARTESIAN_POINT('Ctrl Pts',(5.98458538869021,17.6410800202893,2.14085063633172));
#3177=CARTESIAN_POINT('Ctrl Pts',(5.88594571823712,17.9352445691424,2.211070940546));
#3178=CARTESIAN_POINT('Ctrl Pts',(6.16143940769787,17.0496176216844,1.92594547811771));
#3179=CARTESIAN_POINT('Ctrl Pts',(6.13917700481129,17.358406994623,1.99045924987855));
#3180=CARTESIAN_POINT('Ctrl Pts',(6.07184462519108,17.6731240590541,2.04589953596999));
#3181=CARTESIAN_POINT('Ctrl Pts',(5.96122038453538,17.9757947802185,2.1184447862473));
#3182=CARTESIAN_POINT('Ctrl Pts',(6.21714132135399,17.0539602635121,1.89764597863275));
#3183=CARTESIAN_POINT('Ctrl Pts',(6.18948554997761,17.3679812306582,1.96021486982781));
#3184=CARTESIAN_POINT('Ctrl Pts',(6.11599331577509,17.6868878627513,2.01471899278686));
#3185=CARTESIAN_POINT('Ctrl Pts',(6.00000000005875,17.993661740704,2.08712781750073));
#3186=CARTESIAN_POINT('',(6.,17.0000000000001,2.24928641090065));
#3187=CARTESIAN_POINT('Ctrl Pts',(6.,17.,2.24928641090063));
#3188=CARTESIAN_POINT('Ctrl Pts',(6.,17.0018095356433,2.24893160548925));
#3189=CARTESIAN_POINT('Ctrl Pts',(6.00000004001667,17.0036189864042,2.24857642915396));
#3190=CARTESIAN_POINT('Ctrl Pts',(6.00000011708358,17.0054283599322,2.24822089162866));
#3191=CARTESIAN_POINT('Ctrl Pts',(6.00000239461523,17.0589001504126,2.23771381403132));
#3192=CARTESIAN_POINT('Ctrl Pts',(6.00003305160546,17.1121798571943,2.22690841985968));
#3193=CARTESIAN_POINT('Ctrl Pts',(6.00004425021241,17.1653719001792,2.21609207922692));
#3194=CARTESIAN_POINT('Ctrl Pts',(6.00005563588582,17.2194524864981,2.20509505767219));
#3195=CARTESIAN_POINT('Ctrl Pts',(6.00004701872343,17.2734421582346,2.19408701873148));
#3196=CARTESIAN_POINT('Ctrl Pts',(6.00001583690955,17.3274295879521,2.18336109677573));
#3197=CARTESIAN_POINT('Ctrl Pts',(6.00000346628686,17.3488477814532,2.1791058493389));
#3198=CARTESIAN_POINT('Ctrl Pts',(5.99998805980317,17.3702654161512,2.17489488539705));
#3199=CARTESIAN_POINT('Ctrl Pts',(5.99997156189445,17.3916872612972,2.17074608530458));
#3200=CARTESIAN_POINT('Ctrl Pts',(5.9999291592226,17.4467453590085,2.16008290296342));
#3201=CARTESIAN_POINT('Ctrl Pts',(5.99987856649626,17.5018689141477,2.14982281415679));
#3202=CARTESIAN_POINT('Ctrl Pts',(5.99985351518154,17.5571230880319,2.14032591192747));
#3203=CARTESIAN_POINT('Ctrl Pts',(5.99984545255475,17.5749063376215,2.13726938658648));
#3204=CARTESIAN_POINT('Ctrl Pts',(5.99984030378749,17.5927029094616,2.13429174453647));
#3205=CARTESIAN_POINT('Ctrl Pts',(5.99984015854574,17.6105143261987,2.13140460059055));
#3206=CARTESIAN_POINT('Ctrl Pts',(5.99983989699687,17.6425888198921,2.12620548130365));
#3207=CARTESIAN_POINT('Ctrl Pts',(5.99985523131489,17.6747119851497,2.12129964858876));
#3208=CARTESIAN_POINT('Ctrl Pts',(5.99987652848077,17.7068847930934,2.11674021070938));
#3209=CARTESIAN_POINT('Ctrl Pts',(5.99990804736798,17.7544991616388,2.10999243923949));
#3210=CARTESIAN_POINT('Ctrl Pts',(5.99994949929597,17.802188059385,2.10401045847467));
#3211=CARTESIAN_POINT('Ctrl Pts',(5.99997263922824,17.8499813323727,2.09900272137286));
#3212=CARTESIAN_POINT('Ctrl Pts',(5.9999941571976,17.894424599165,2.09434599497333));
#3213=CARTESIAN_POINT('Ctrl Pts',(5.99999977527646,17.9389578289377,2.09053119439532));
#3214=CARTESIAN_POINT('Ctrl Pts',(5.99999998291679,17.9835718020982,2.08774115349093));
#3215=CARTESIAN_POINT('Ctrl Pts',(5.99999999856812,17.9869346756508,2.08753084819634));
#3216=CARTESIAN_POINT('Ctrl Pts',(6.00000000005875,17.9902979923924,2.08732637507237));
#3217=CARTESIAN_POINT('Ctrl Pts',(6.00000000005875,17.993661740704,2.08712781750073));
#3218=CARTESIAN_POINT('Ctrl Pts',(5.86395750595737,17.8931670639194,2.40213180965592));
#3219=CARTESIAN_POINT('Ctrl Pts',(5.95357976713358,17.6057915459842,2.3420937016593));
#3220=CARTESIAN_POINT('Ctrl Pts',(6.,17.3021061613757,2.30182670525994));
#3221=CARTESIAN_POINT('Ctrl Pts',(6.,17.,2.24928641090063));
#3222=CARTESIAN_POINT('Origin',(6.3864256456222,15.5154328932551,-0.387216175567838));
#3223=CARTESIAN_POINT('',(-8.84754979650686,35.4558441227157,12.6045501488627));
#3224=CARTESIAN_POINT('',(7.42656936951251,15.5154328932551,1.08183148657645));
#3225=CARTESIAN_POINT('',(-10.62124850197,35.4558441227157,13.2144197743972));
#3226=CARTESIAN_POINT('Origin',(-9.88769352039717,35.4558441227157,11.1355024867185));
#3227=CARTESIAN_POINT('',(-10.9264670841856,34.1830519165799,11.8709951672899));
#3228=CARTESIAN_POINT('Origin',(-9.88769352039717,35.4558441227157,11.1355024867185));
#3229=CARTESIAN_POINT('',(5.34765208183373,14.2426406871193,0.348276505003628));
#3230=CARTESIAN_POINT('Origin',(14.467145746301,10.,-3.90317445951904));
#3231=CARTESIAN_POINT('',(-8.61671122677609,35.7386868351903,12.441107330958));
#3232=CARTESIAN_POINT('',(7.65740793924328,15.7982756057297,0.918388668671682));
#3233=CARTESIAN_POINT('',(-7.57793766298762,37.0114790413261,11.7056146503865));
#3234=CARTESIAN_POINT('Origin',(6.61726421535297,15.7982756057297,-0.550658993472605));
#3235=CARTESIAN_POINT('',(6.,19.198399456803,1.53473205339314));
#3236=CARTESIAN_POINT('Origin',(6.,16.5545993222887,-0.11361156735689));
#3237=CARTESIAN_POINT('',(5.90440311619906,19.518499968786,0.931836810570449));
#3238=CARTESIAN_POINT('Ctrl Pts',(6.,19.198399456803,1.53473205339315));
#3239=CARTESIAN_POINT('Ctrl Pts',(6.,19.2737062294972,1.43020822350293));
#3240=CARTESIAN_POINT('Ctrl Pts',(5.98822440705986,19.3417988225738,1.32273063894709));
#3241=CARTESIAN_POINT('Ctrl Pts',(5.95301797616269,19.4450859542353,1.12668248848283));
#3242=CARTESIAN_POINT('Ctrl Pts',(5.93030180019537,19.4875888594082,1.03077231842148));
#3243=CARTESIAN_POINT('Ctrl Pts',(5.90440311619906,19.518499968786,0.931836810570451));
#3244=CARTESIAN_POINT('',(5.48635049153468,19.7295500506185,0.250072556907515));
#3245=CARTESIAN_POINT('Ctrl Pts',(5.90440311619906,19.518499968786,0.93183681057045));
#3246=CARTESIAN_POINT('Ctrl Pts',(5.87333781560462,19.5558191762569,0.847618483554294));
#3247=CARTESIAN_POINT('Ctrl Pts',(5.83504755035292,19.5896850457129,0.764686809535283));
#3248=CARTESIAN_POINT('Ctrl Pts',(5.70199456634683,19.678091342663,0.523953573184891));
#3249=CARTESIAN_POINT('Ctrl Pts',(5.60328416355289,19.7112349591842,0.398058281549728));
#3250=CARTESIAN_POINT('Ctrl Pts',(5.51432467415848,19.7267012236743,0.285636894236653));
#3251=CARTESIAN_POINT('Ctrl Pts',(5.49984443309436,19.7285469544984,0.267394846002197));
#3252=CARTESIAN_POINT('Ctrl Pts',(5.48635049153468,19.7295500506185,0.250072556907516));
#3253=CARTESIAN_POINT('',(-8.61808138687793,37.0114790413261,10.2365669882422));
#3254=CARTESIAN_POINT('',(7.65603777914144,17.0710678118655,-1.28615167404407));
#3255=CARTESIAN_POINT('',(-8.92136227009494,37.5386868351903,12.0108332326022));
#3256=CARTESIAN_POINT('Origin',(-9.6568549506664,35.7386868351903,10.9720596688137));
#3257=CARTESIAN_POINT('Origin',(-9.6568549506664,35.7386868351903,10.9720596688137));
#3258=CARTESIAN_POINT('Origin',(2.99,17.01,-12.));
#3259=CARTESIAN_POINT('',(2.99,20.,27.5091360201509));
#3260=CARTESIAN_POINT('Origin',(2.99,17.01,27.5091360201509));
#3261=CARTESIAN_POINT('',(2.99,20.,-12.));
#3262=CARTESIAN_POINT('Origin',(2.99,17.01,-12.));
#3263=CARTESIAN_POINT('',(2.99,20.,28.108756123647));
#3264=CARTESIAN_POINT('Ctrl Pts',(2.99,20.,28.108756123647));
#3265=CARTESIAN_POINT('Ctrl Pts',(2.47970357477247,20.,28.0087242620722));
#3266=CARTESIAN_POINT('Ctrl Pts',(1.9490377750073,19.8625502846275,27.9047054344308));
#3267=CARTESIAN_POINT('Ctrl Pts',(1.26163269667797,19.464176610082,27.7692122142619));
#3268=CARTESIAN_POINT('Ctrl Pts',(1.04973251433434,19.3002483033621,27.7272994554899));
#3269=CARTESIAN_POINT('Ctrl Pts',(0.678256823030239,18.9246066673634,27.6533557848287));
#3270=CARTESIAN_POINT('Ctrl Pts',(0.518709630813989,18.712864451973,27.6213293663347));
#3271=CARTESIAN_POINT('Ctrl Pts',(0.243149699996761,18.2282678379912,27.5651869925796));
#3272=CARTESIAN_POINT('Ctrl Pts',(0.117244822786785,17.8916816163472,27.5387248548349));
#3273=CARTESIAN_POINT('Ctrl Pts',(0.0219486601865463,17.4161863585295,27.5168154450589));
#3274=CARTESIAN_POINT('Ctrl Pts',(-1.37502144409649E-16,17.1951571272915,
27.5108065516471));
#3275=CARTESIAN_POINT('Ctrl Pts',(3.08148791101958E-32,17.01,27.5091360201509));
#3276=CARTESIAN_POINT('',(2.99,20.,-12.));
#3277=CARTESIAN_POINT('Origin',(-13.8265642469066,26.9705627484771,-9.60106659786849));
#3278=CARTESIAN_POINT('',(-15.5601371200571,26.9705627484771,-12.049479368109));
#3279=CARTESIAN_POINT('Origin',(-13.8265642469066,26.9705627484771,-9.60106659786849));
#3280=CARTESIAN_POINT('',(-16.1376141444123,26.6170093578839,-12.2532446407681));
#3281=CARTESIAN_POINT('Origin',(-15.8490659322488,26.9705627484771,-12.4575481631491));
#3282=CARTESIAN_POINT('Origin',(-14.11511245907,26.6170093578839,-9.39676307548753));
#3283=CARTESIAN_POINT('Origin',(-14.9807570955604,25.556349186104,-8.78385250834464));
#3284=CARTESIAN_POINT('',(-14.6944924835667,28.031222920257,-12.6623899352519));
#3285=CARTESIAN_POINT('',(-16.7143299687109,25.556349186104,-11.2322652785851));
#3286=CARTESIAN_POINT('Origin',(-12.9609196104162,28.031222920257,-10.2139771650114));
#3287=CARTESIAN_POINT('Origin',(-14.11511245907,26.6170093578839,-9.39676307548753));
#3288=CARTESIAN_POINT('',(-18.1601158297546,26.6170093578839,-15.1097262060487));
#3289=CARTESIAN_POINT('Origin',(-14.11511245907,26.6170093578839,-9.39676307548753));
#3290=CARTESIAN_POINT('Origin',(-13.8265642469066,-6.97056274847714,-9.60106659786849));
#3291=CARTESIAN_POINT('',(-15.5601371200571,-6.97056274847714,-12.049479368109));
#3292=CARTESIAN_POINT('Origin',(-13.8265642469066,-6.97056274847714,-9.60106659786849));
#3293=CARTESIAN_POINT('',(-16.1376141444123,-6.61700935788387,-12.2532446407681));
#3294=CARTESIAN_POINT('Origin',(-15.8490659322488,-6.97056274847714,-12.4575481631491));
#3295=CARTESIAN_POINT('Origin',(-14.11511245907,-6.61700935788387,-9.39676307548753));
#3296=CARTESIAN_POINT('Origin',(-14.9807570955604,-5.55634918610405,-8.78385250834464));
#3297=CARTESIAN_POINT('',(-14.6944924835667,-8.03122292025696,-12.6623899352519));
#3298=CARTESIAN_POINT('',(-16.7143299687109,-5.55634918610405,-11.2322652785851));
#3299=CARTESIAN_POINT('Origin',(-12.9609196104162,-8.03122292025696,-10.2139771650114));
#3300=CARTESIAN_POINT('Origin',(-14.11511245907,-6.61700935788387,-9.39676307548753));
#3301=CARTESIAN_POINT('',(-18.1601158297546,-6.61700935788387,-15.1097262060487));
#3302=CARTESIAN_POINT('Origin',(-14.11511245907,-6.61700935788387,-9.39676307548753));
#3303=CARTESIAN_POINT('Origin',(-10.,10.,49.5));
#3304=CARTESIAN_POINT('',(-7.7,10.,50.));
#3305=CARTESIAN_POINT('Origin',(-10.,10.,50.));
#3306=CARTESIAN_POINT('',(-8.2,10.,49.5));
#3307=CARTESIAN_POINT('Origin',(-7.7,10.,49.5));
#3308=CARTESIAN_POINT('',(-11.8,10.,49.5));
#3309=CARTESIAN_POINT('Origin',(-10.,10.,49.5));
#3310=CARTESIAN_POINT('Origin',(-10.,10.,49.5));
#3311=CARTESIAN_POINT('Origin',(3.,10.,50.));
#3312=CARTESIAN_POINT('',(-14.1604945017623,3.,50.));
#3313=CARTESIAN_POINT('',(-14.1604945017623,17.,50.));
#3314=CARTESIAN_POINT('Origin',(18.6,10.,50.));
#3315=CARTESIAN_POINT('',(-2.52958201248456,2.99999999025195,50.));
#3316=CARTESIAN_POINT('',(1.5,3.,50.));
#3317=CARTESIAN_POINT('',(3.,5.69560595272421,50.));
#3318=CARTESIAN_POINT('Ctrl Pts',(2.99999665861153,5.69561272777518,50.));
#3319=CARTESIAN_POINT('Ctrl Pts',(1.16093828698454,4.78862439958706,50.));
#3320=CARTESIAN_POINT('Ctrl Pts',(-0.682175142837269,3.88985747062945,50.));
#3321=CARTESIAN_POINT('Ctrl Pts',(-2.52958291230446,3.00000185838897,50.));
#3322=CARTESIAN_POINT('',(3.00000000070178,14.3043940465836,50.));
#3323=CARTESIAN_POINT('',(3.,5.,50.));
#3324=CARTESIAN_POINT('',(-2.52958197200857,17.,50.));
#3325=CARTESIAN_POINT('Ctrl Pts',(-2.52958287563957,16.9999981239507,50.));
#3326=CARTESIAN_POINT('Ctrl Pts',(-0.682175125886019,16.1101425210626,50.));
#3327=CARTESIAN_POINT('Ctrl Pts',(1.16093829113973,15.2113755983712,50.));
#3328=CARTESIAN_POINT('Ctrl Pts',(2.99999665945116,14.3043872718121,50.));
#3329=CARTESIAN_POINT('',(4.5,17.,50.));
#3330=CARTESIAN_POINT('Origin',(-10.,10.,50.));
#3331=CARTESIAN_POINT('',(-11.8,10.,43.));
#3332=CARTESIAN_POINT('',(-11.8,10.,50.));
#3333=CARTESIAN_POINT('Origin',(-10.,10.,43.));
#3334=CARTESIAN_POINT('Origin',(-12.9609196104162,-8.03122292025696,-10.2139771650114));
#3335=CARTESIAN_POINT('',(-14.694873083595,-8.38477631085023,-13.2747622526729));
#3336=CARTESIAN_POINT('Origin',(-12.6723713982527,-8.38477631085023,-10.4182806873923));
#3337=CARTESIAN_POINT('Origin',(-14.9834212957584,-8.03122292025696,-13.0704587302919));
#3338=CARTESIAN_POINT('Origin',(-6.33572873150516,10.,-33.2841277024048));
#3339=CARTESIAN_POINT('',(5.23877356378847,8.72720779386421,-14.7342666925585));
#3340=CARTESIAN_POINT('',(-6.33435857140332,8.72720779386421,-31.079587359689));
#3341=CARTESIAN_POINT('',(-2.17378367584209,8.72720779386421,-25.2033967111119));
#3342=CARTESIAN_POINT('',(5.23877356378866,0.372783792515707,-0.276684670928697));
#3343=CARTESIAN_POINT('',(5.23877356378847,11.2198574083472,-19.0478718252108));
#3344=CARTESIAN_POINT('',(4.87565689405928,0.00965086587593422,-0.161120282624305));
#3345=CARTESIAN_POINT('Ctrl Pts',(4.87565689405928,0.00965086587593061,
-0.16112028262431));
#3346=CARTESIAN_POINT('Ctrl Pts',(4.93418137680882,0.129781347890551,-0.286352603959393));
#3347=CARTESIAN_POINT('Ctrl Pts',(5.08844317546466,0.27373454728333,-0.317596194135497));
#3348=CARTESIAN_POINT('Ctrl Pts',(5.23877356378866,0.372783792515696,-0.276684670928674));
#3349=CARTESIAN_POINT('',(4.87115223256067,0.,-0.150781330529139));
#3350=CARTESIAN_POINT('Ctrl Pts',(4.87115402552004,6.84945520937515E-7,
-0.150779983560633));
#3351=CARTESIAN_POINT('Ctrl Pts',(4.87257423479375,0.00318908362685105,
-0.154291769892848));
#3352=CARTESIAN_POINT('Ctrl Pts',(4.87407684249577,0.00640756756700558,
-0.157739244196785));
#3353=CARTESIAN_POINT('Ctrl Pts',(4.87565689405928,0.00965086587593894,
-0.16112028262432));
#3354=CARTESIAN_POINT('',(4.97791136548138,0.,0.));
#3355=CARTESIAN_POINT('Ctrl Pts',(4.87115223256068,0.,-0.150781330529137));
#3356=CARTESIAN_POINT('Ctrl Pts',(4.90705236210719,0.,-0.100077759311371));
#3357=CARTESIAN_POINT('Ctrl Pts',(4.94264360794452,0.,-0.0498104402003335));
#3358=CARTESIAN_POINT('Ctrl Pts',(4.97783136244902,0.,-0.000112992334570169));
#3359=CARTESIAN_POINT('',(5.23877356378847,0.,0.368428894741153));
#3360=CARTESIAN_POINT('',(-3.21965666078053,0.,-11.5778405115088));
#3361=CARTESIAN_POINT('',(5.23877356378847,-0.0329019985686596,0.425366792902079));
#3362=CARTESIAN_POINT('',(5.23877356378847,5.35803794141279,-8.90381692381852));
#3363=CARTESIAN_POINT('',(-8.61808138687793,-17.0114790413261,10.2365669882422));
#3364=CARTESIAN_POINT('',(13.4270020224107,10.,-5.37222212166333));
#3365=CARTESIAN_POINT('',(-27.3406684169035,-17.0114790413261,-16.206290930355));
#3366=CARTESIAN_POINT('',(-28.3808121407938,-17.0114790413261,-17.6753385924993));
#3367=CARTESIAN_POINT('',(-5.29558500761485,10.,-31.8150800402605));
#3368=CARTESIAN_POINT('Origin',(-12.9609196104162,28.031222920257,-10.2139771650114));
#3369=CARTESIAN_POINT('',(-14.694873083595,28.3847763108502,-13.2747622526729));
#3370=CARTESIAN_POINT('Origin',(-12.6723713982527,28.3847763108502,-10.4182806873923));
#3371=CARTESIAN_POINT('Origin',(-14.9834212957584,28.031222920257,-13.0704587302919));
#3372=CARTESIAN_POINT('Origin',(-7.47621997914063,24.142135623731,-10.4215101857234));
#3373=CARTESIAN_POINT('',(-27.3406684169035,37.0114790413261,-16.206290930355));
#3374=CARTESIAN_POINT('',(-12.7786562824392,37.0114790413261,4.36037633966507));
#3375=CARTESIAN_POINT('',(5.23877356378847,19.7871005541306,0.));
#3376=CARTESIAN_POINT('Ctrl Pts',(5.48635049153468,19.7295500506185,0.250072556907517));
#3377=CARTESIAN_POINT('Ctrl Pts',(5.4512046568812,19.7321626786799,0.204955546014241));
#3378=CARTESIAN_POINT('Ctrl Pts',(5.41424492785107,19.7373221509584,0.161684070745911));
#3379=CARTESIAN_POINT('Ctrl Pts',(5.34010040783506,19.7531193276438,0.0843034992845393));
#3380=CARTESIAN_POINT('Ctrl Pts',(5.30128208083426,19.7637558409217,0.0478852161583142));
#3381=CARTESIAN_POINT('Ctrl Pts',(5.25777567324238,19.7796717068091,0.0139817978576319));
#3382=CARTESIAN_POINT('Ctrl Pts',(5.25306382675137,19.7814480203598,0.0104009824422923));
#3383=CARTESIAN_POINT('Ctrl Pts',(5.24667401742115,19.7839379331778,0.0056852001200497));
#3384=CARTESIAN_POINT('Ctrl Pts',(5.24500549931746,19.7845955086162,0.00446662157046198));
#3385=CARTESIAN_POINT('Ctrl Pts',(5.24259106680968,19.7855583861711,0.00272288482469984));
#3386=CARTESIAN_POINT('Ctrl Pts',(5.24184711185105,19.7858566237945,0.00218826873491845));
#3387=CARTESIAN_POINT('Ctrl Pts',(5.2408521286921,19.7862576213247,0.00147694191316044));
#3388=CARTESIAN_POINT('Ctrl Pts',(5.24060168712299,19.7863587339389,0.00129820902104105));
#3389=CARTESIAN_POINT('Ctrl Pts',(5.24023490800972,19.7865070822184,0.00103690946263565));
#3390=CARTESIAN_POINT('Ctrl Pts',(5.24011864092465,19.7865541469408,0.000954146487488509));
#3391=CARTESIAN_POINT('Ctrl Pts',(5.23990658786673,19.7866400572708,0.000803323623841008));
#3392=CARTESIAN_POINT('Ctrl Pts',(5.23981080811812,19.7866788877233,0.000735246299801666));
#3393=CARTESIAN_POINT('Ctrl Pts',(5.23963570956344,19.7867499239925,0.00061087614332605));
#3394=CARTESIAN_POINT('Ctrl Pts',(5.2395563948931,19.7867821197235,0.000554571698085623));
#3395=CARTESIAN_POINT('Ctrl Pts',(5.23941080888903,19.7868412503109,0.000451280471109893));
#3396=CARTESIAN_POINT('Ctrl Pts',(5.23934454028275,19.7868681785069,0.000404286015150888));
#3397=CARTESIAN_POINT('Ctrl Pts',(5.23922198705457,19.7869180016904,0.000317418401699612));
#3398=CARTESIAN_POINT('Ctrl Pts',(5.23916570419148,19.7869408923776,0.000277540286144754));
#3399=CARTESIAN_POINT('Ctrl Pts',(5.23905999828489,19.7869839012585,0.000202674642543081));
#3400=CARTESIAN_POINT('Ctrl Pts',(5.23877482810041,19.7870995224478,2.93609858648298E-10));
#3401=CARTESIAN_POINT('',(5.23877356378847,11.2727922061358,-14.7342666925585));
#3402=CARTESIAN_POINT('',(5.23877356378847,9.63537132255941,-17.5678727825071));
#3403=CARTESIAN_POINT('',(-6.33435857140332,11.2727922061358,-31.079587359689));
#3404=CARTESIAN_POINT('',(-2.17378367584209,11.2727922061358,-25.2033967111119));
#3405=CARTESIAN_POINT('',(-22.6084777374227,31.2132034355964,-19.5568686974027));
#3406=CARTESIAN_POINT('Ctrl Pts',(-11.599337741083,20.,47.));
#3407=CARTESIAN_POINT('Ctrl Pts',(-12.1749201141722,20.,47.4796519775744));
#3408=CARTESIAN_POINT('Ctrl Pts',(-13.519336609158,19.603511367282,48.5999990567292));
#3409=CARTESIAN_POINT('Ctrl Pts',(-14.3485606789674,18.4250411390424,49.2910191149037));
#3410=CARTESIAN_POINT('Ctrl Pts',(-14.5218542966717,17.6774193548387,49.4354304629906));
#3411=CARTESIAN_POINT('Ctrl Pts',(-11.599337741083,20.,47.));
#3412=CARTESIAN_POINT('Ctrl Pts',(-12.1589317149198,20.,47.4956403768268));
#3413=CARTESIAN_POINT('Ctrl Pts',(-13.4638085921625,19.6315252173074,48.6514175503753));
#3414=CARTESIAN_POINT('Ctrl Pts',(-14.3288218548622,18.4773191711699,49.3986942667627));
#3415=CARTESIAN_POINT('Ctrl Pts',(-14.5155552504691,17.7045946439412,49.5589688997383));
#3416=CARTESIAN_POINT('Ctrl Pts',(-11.599337741083,20.,47.));
#3417=CARTESIAN_POINT('Ctrl Pts',(-12.1269549164148,20.,47.5276171753318));
#3418=CARTESIAN_POINT('Ctrl Pts',(-13.3541179251142,19.6588433633176,48.7547801840312));
#3419=CARTESIAN_POINT('Ctrl Pts',(-14.2132572902966,18.5363314298049,49.6139195492136));
#3420=CARTESIAN_POINT('Ctrl Pts',(-14.4044331064527,17.7358877225976,49.8050953653697));
#3421=CARTESIAN_POINT('Ctrl Pts',(-11.599337741083,20.,47.));
#3422=CARTESIAN_POINT('Ctrl Pts',(-12.0949781179098,20.,47.5595939738368));
#3423=CARTESIAN_POINT('Ctrl Pts',(-13.2507552914583,19.6315252173074,48.8644708510795));
#3424=CARTESIAN_POINT('Ctrl Pts',(-13.9980320078457,18.4773191711699,49.7294841137792));
#3425=CARTESIAN_POINT('Ctrl Pts',(-14.1583066408213,17.7045946439412,49.9162175093861));
#3426=CARTESIAN_POINT('Ctrl Pts',(-11.599337741083,20.,47.));
#3427=CARTESIAN_POINT('Ctrl Pts',(-12.0789897186574,20.,47.5755823730892));
#3428=CARTESIAN_POINT('Ctrl Pts',(-13.1993367978122,19.603511367282,48.919998868075));
#3429=CARTESIAN_POINT('Ctrl Pts',(-13.8903568559867,18.4250411390424,49.7492229378844));
#3430=CARTESIAN_POINT('Ctrl Pts',(-14.0347682040736,17.6774193548387,49.9225165555887));
#3431=CARTESIAN_POINT('',(-14.5218542966717,17.6774193548387,49.4354304629906));
#3432=CARTESIAN_POINT('',(-14.0347682040736,17.6774193548387,49.9225165555887));
#3433=CARTESIAN_POINT('Origin',(-14.0347682040736,17.5645161290323,49.4354304629906));
#3434=CARTESIAN_POINT('',(-11.599337741083,20.,47.));
#3435=CARTESIAN_POINT('Origin',(-11.599337741083,17.,47.));
#3436=CARTESIAN_POINT('Origin',(-11.599337741083,17.,47.));
#3437=CARTESIAN_POINT('Origin',(18.6,10.,49.5));
#3438=CARTESIAN_POINT('',(-14.6494571062663,17.1044776119403,49.5));
#3439=CARTESIAN_POINT('Origin',(-14.1604945017623,17.,49.5));
#3440=CARTESIAN_POINT('',(-14.6494571062663,2.8955223880597,49.5));
#3441=CARTESIAN_POINT('Origin',(18.6,10.,49.5));
#3442=CARTESIAN_POINT('Origin',(-14.1604945017623,3.,49.5));
#3443=CARTESIAN_POINT('Ctrl Pts',(-14.6494571062662,2.8955223880597,49.5));
#3444=CARTESIAN_POINT('Ctrl Pts',(-14.6082340074821,2.70259537362193,49.5));
#3445=CARTESIAN_POINT('Ctrl Pts',(-14.5653077959137,2.51004734511083,49.4782449401833));
#3446=CARTESIAN_POINT('Ctrl Pts',(-14.5218542966769,2.3225806451838,49.4354304629957));
#3447=CARTESIAN_POINT('Ctrl Pts',(-14.6494571062662,2.8955223880597,49.6308996938996));
#3448=CARTESIAN_POINT('Ctrl Pts',(-14.6061529302932,2.69306236727137,49.6295626834306));
#3449=CARTESIAN_POINT('Ctrl Pts',(-14.5611937416776,2.49140295789085,49.605316868301));
#3450=CARTESIAN_POINT('Ctrl Pts',(-14.5155552504746,2.29540535608237,49.5589688997439));
#3451=CARTESIAN_POINT('Ctrl Pts',(-14.5434071691871,2.91818228898135,49.8915561884464));
#3452=CARTESIAN_POINT('Ctrl Pts',(-14.4985112120811,2.69694663862225,49.8876654356981));
#3453=CARTESIAN_POINT('Ctrl Pts',(-14.4517071104928,2.47707962895095,49.8583773743471));
#3454=CARTESIAN_POINT('Ctrl Pts',(-14.4044470346486,2.26410582050945,49.8051092935663));
#3455=CARTESIAN_POINT('Ctrl Pts',(-14.2885046122781,2.97264782515531,50.));
#3456=CARTESIAN_POINT('Ctrl Pts',(-14.246421238089,2.74399527221654,49.9978732504089));
#3457=CARTESIAN_POINT('Ctrl Pts',(-14.2026416837036,2.51652401509578,49.9696918155692));
#3458=CARTESIAN_POINT('Ctrl Pts',(-14.1583066408266,2.29540535608538,49.9162175093926));
#3459=CARTESIAN_POINT('Ctrl Pts',(-14.1604945017623,3.,50.));
#3460=CARTESIAN_POINT('Ctrl Pts',(-14.1198776250191,2.77189217704706,50.));
#3461=CARTESIAN_POINT('Ctrl Pts',(-14.0775826812679,2.54423244921929,49.97389392822));
#3462=CARTESIAN_POINT('Ctrl Pts',(-14.0347682040787,2.3225806451879,49.9225165555949));
#3463=CARTESIAN_POINT('',(-14.5218542966743,2.32258064517254,49.4354304629957));
#3464=CARTESIAN_POINT('',(-14.0347682040787,2.3225806451879,49.9225165555948));
#3465=CARTESIAN_POINT('Origin',(-14.0347682040787,2.43548387098992,49.4354304629957));
#3466=CARTESIAN_POINT('Ctrl Pts',(-14.0347682040787,2.3225806451879,49.9225165555949));
#3467=CARTESIAN_POINT('Ctrl Pts',(-14.0775826812679,2.54423244921929,49.97389392822));
#3468=CARTESIAN_POINT('Ctrl Pts',(-14.1198776250191,2.77189217704706,50.));
#3469=CARTESIAN_POINT('Ctrl Pts',(-14.1604945017623,3.,50.));
#3470=CARTESIAN_POINT('Ctrl Pts',(-14.6494571062662,2.8955223880597,49.5));
#3471=CARTESIAN_POINT('Ctrl Pts',(-14.6082340074821,2.70259537362193,49.5));
#3472=CARTESIAN_POINT('Ctrl Pts',(-14.5653077959137,2.51004734511083,49.4782449401833));
#3473=CARTESIAN_POINT('Ctrl Pts',(-14.5218542966769,2.3225806451838,49.4354304629957));
#3474=CARTESIAN_POINT('Ctrl Pts',(-11.599337741083,0.,47.));
#3475=CARTESIAN_POINT('Ctrl Pts',(-12.0789897186597,0.,47.5755823730921));
#3476=CARTESIAN_POINT('Ctrl Pts',(-13.1993771518542,0.396417130949042,48.9200472929254));
#3477=CARTESIAN_POINT('Ctrl Pts',(-13.8903568559938,1.57495886097204,49.7492229378929));
#3478=CARTESIAN_POINT('Ctrl Pts',(-14.0347682040773,2.32258064518053,49.9225165555931));
#3479=CARTESIAN_POINT('Ctrl Pts',(-11.599337741083,0.,47.));
#3480=CARTESIAN_POINT('Ctrl Pts',(-12.0949781179123,7.10027559083531E-17,
47.5595939738395));
#3481=CARTESIAN_POINT('Ctrl Pts',(-13.2507850630152,0.36839256182155,48.8645141563038));
#3482=CARTESIAN_POINT('Ctrl Pts',(-13.9980320078535,1.5226808288446,49.7294841137883));
#3483=CARTESIAN_POINT('Ctrl Pts',(-14.1583066408254,2.29540535607873,49.9162175093909));
#3484=CARTESIAN_POINT('Ctrl Pts',(-11.599337741083,0.,47.));
#3485=CARTESIAN_POINT('Ctrl Pts',(-12.1269549164174,2.1300826772506E-16,
47.5276171753344));
#3486=CARTESIAN_POINT('Ctrl Pts',(-13.3541032859074,0.341061838237556,48.7547655448244));
#3487=CARTESIAN_POINT('Ctrl Pts',(-14.2132721931514,1.46366166145415,49.6139344520684));
#3488=CARTESIAN_POINT('Ctrl Pts',(-14.4044480093032,2.26410536866756,49.8051102682202));
#3489=CARTESIAN_POINT('Ctrl Pts',(-11.599337741083,0.,47.));
#3490=CARTESIAN_POINT('Ctrl Pts',(-12.1589317149225,3.55013779541766E-16,
47.4956403768293));
#3491=CARTESIAN_POINT('Ctrl Pts',(-13.4638518973868,0.36839256182155,48.6514473219322));
#3492=CARTESIAN_POINT('Ctrl Pts',(-14.3288218548713,1.5226808288446,49.3986942667705));
#3493=CARTESIAN_POINT('Ctrl Pts',(-14.5155552504739,2.29540535607873,49.5589688997424));
#3494=CARTESIAN_POINT('Ctrl Pts',(-11.599337741083,0.,47.));
#3495=CARTESIAN_POINT('Ctrl Pts',(-12.1749201141751,4.2601653545012E-16,
47.4796519775767));
#3496=CARTESIAN_POINT('Ctrl Pts',(-13.5193850340084,0.396417130949043,48.6000394107712));
#3497=CARTESIAN_POINT('Ctrl Pts',(-14.3485606789759,1.57495886097204,49.2910191149108));
#3498=CARTESIAN_POINT('Ctrl Pts',(-14.5218542966761,2.32258064518054,49.4354304629943));
#3499=CARTESIAN_POINT('',(-11.599337741083,0.,47.));
#3500=CARTESIAN_POINT('Origin',(-11.599337741083,3.,47.));
#3501=CARTESIAN_POINT('Origin',(-11.599337741083,3.,47.));
#3502=CARTESIAN_POINT('Ctrl Pts',(-14.5218542966717,17.6774193548387,49.4354304629906));
#3503=CARTESIAN_POINT('Ctrl Pts',(-14.5653077959103,17.4899526549046,49.4782449401816));
#3504=CARTESIAN_POINT('Ctrl Pts',(-14.6082340074804,17.2974046263858,49.5));
#3505=CARTESIAN_POINT('Ctrl Pts',(-14.6494571062663,17.1044776119403,49.5));
#3506=CARTESIAN_POINT('Ctrl Pts',(-14.5155552504691,17.7045946439412,49.5589688997383));
#3507=CARTESIAN_POINT('Ctrl Pts',(-14.561193741674,17.5085970421253,49.6053168682991));
#3508=CARTESIAN_POINT('Ctrl Pts',(-14.6061529302915,17.3069376327367,49.6295626834306));
#3509=CARTESIAN_POINT('Ctrl Pts',(-14.6494571062663,17.1044776119403,49.6308996938996));
#3510=CARTESIAN_POINT('Ctrl Pts',(-14.4044332564697,17.7358877921434,49.8050955153867));
#3511=CARTESIAN_POINT('Ctrl Pts',(-14.4516933323158,17.5229139836939,49.8583635961715));
#3512=CARTESIAN_POINT('Ctrl Pts',(-14.4984951409131,17.3030499274285,49.8876490017559));
#3513=CARTESIAN_POINT('Ctrl Pts',(-14.5433910980209,17.0818142770606,49.8915397545043));
#3514=CARTESIAN_POINT('Ctrl Pts',(-14.1583066408213,17.7045946439412,49.9162175093861));
#3515=CARTESIAN_POINT('Ctrl Pts',(-14.2026416837001,17.4834759849224,49.969691815567));
#3516=CARTESIAN_POINT('Ctrl Pts',(-14.2464212380874,17.2560047277926,49.9978732504088));
#3517=CARTESIAN_POINT('Ctrl Pts',(-14.2885046122781,17.0273521748447,50.));
#3518=CARTESIAN_POINT('Ctrl Pts',(-14.0347682040736,17.6774193548387,49.9225165555887));
#3519=CARTESIAN_POINT('Ctrl Pts',(-14.0775826812646,17.4557675507989,49.9738939282179));
#3520=CARTESIAN_POINT('Ctrl Pts',(-14.1198776250175,17.228107822962,50.));
#3521=CARTESIAN_POINT('Ctrl Pts',(-14.1604945017623,17.,50.));
#3522=CARTESIAN_POINT('Ctrl Pts',(-14.1604945017623,17.,50.));
#3523=CARTESIAN_POINT('Ctrl Pts',(-14.1198776250175,17.228107822962,50.));
#3524=CARTESIAN_POINT('Ctrl Pts',(-14.0775826812646,17.4557675507989,49.9738939282179));
#3525=CARTESIAN_POINT('Ctrl Pts',(-14.0347682040736,17.6774193548387,49.9225165555887));
#3526=CARTESIAN_POINT('Ctrl Pts',(-14.5218542966717,17.6774193548387,49.4354304629906));
#3527=CARTESIAN_POINT('Ctrl Pts',(-14.5653077959103,17.4899526549046,49.4782449401816));
#3528=CARTESIAN_POINT('Ctrl Pts',(-14.6082340074804,17.2974046263858,49.5));
#3529=CARTESIAN_POINT('Ctrl Pts',(-14.6494571062663,17.1044776119403,49.5));
#3530=CARTESIAN_POINT('Origin',(-11.599337741083,17.,42.));
#3531=CARTESIAN_POINT('',(-11.599337741083,20.,45.));
#3532=CARTESIAN_POINT('',(-11.599337741083,20.,42.));
#3533=CARTESIAN_POINT('',(-14.5218542966743,17.6774193548275,42.5645695370043));
#3534=CARTESIAN_POINT('Origin',(-11.599337741083,17.,45.));
#3535=CARTESIAN_POINT('',(-14.5218542966717,17.6774193548387,42.));
#3536=CARTESIAN_POINT('Origin',(4.5,17.,47.));
#3537=CARTESIAN_POINT('',(-1.86605859337156,19.9100392249316,47.729158219501));
#3538=CARTESIAN_POINT('Ctrl Pts',(-2.52958296106705,16.9999981650993,50.));
#3539=CARTESIAN_POINT('Ctrl Pts',(-2.5289248973624,17.0028805290389,49.9999996278299));
#3540=CARTESIAN_POINT('Ctrl Pts',(-2.52826682722758,17.0057629106549,49.9999949630761));
#3541=CARTESIAN_POINT('Ctrl Pts',(-2.52760875270145,17.0086453010156,49.9999860094761));
#3542=CARTESIAN_POINT('Ctrl Pts',(-2.50463560674749,17.1092685159001,49.9996734425085));
#3543=CARTESIAN_POINT('Ctrl Pts',(-2.48170416191657,17.209696589784,49.9941393398859));
#3544=CARTESIAN_POINT('Ctrl Pts',(-2.45889998409967,17.3095549995166,49.9835782471005));
#3545=CARTESIAN_POINT('Ctrl Pts',(-2.43582967534465,17.4105787839659,49.9728939034988));
#3546=CARTESIAN_POINT('Ctrl Pts',(-2.41288923283238,17.5110203375512,49.9570643237874));
#3547=CARTESIAN_POINT('Ctrl Pts',(-2.39016763434711,17.6104903217071,49.9362368452164));
#3548=CARTESIAN_POINT('Ctrl Pts',(-2.36755106021978,17.7095005331394,49.9155056359536));
#3549=CARTESIAN_POINT('Ctrl Pts',(-2.34515093110925,17.8075489248272,49.8898222782616));
#3550=CARTESIAN_POINT('Ctrl Pts',(-2.32306114137962,17.9042380381209,49.8592833148412));
#3551=CARTESIAN_POINT('Ctrl Pts',(-2.30415672458067,17.9869844707486,49.8331481048563));
#3552=CARTESIAN_POINT('Ctrl Pts',(-2.28547956214419,18.0687354409243,49.8034557963362));
#3553=CARTESIAN_POINT('Ctrl Pts',(-2.26709527986587,18.1492273426335,49.770241085534));
#3554=CARTESIAN_POINT('Ctrl Pts',(-2.24573935671222,18.2427299793626,49.7316575389629));
#3555=CARTESIAN_POINT('Ctrl Pts',(-2.22487013615275,18.334131333027,49.6884880412524));
#3556=CARTESIAN_POINT('Ctrl Pts',(-2.2045834696566,18.4230525358146,49.6408617892191));
#3557=CARTESIAN_POINT('Ctrl Pts',(-2.18467203021785,18.510329030672,49.5941164437857));
#3558=CARTESIAN_POINT('Ctrl Pts',(-2.16532146500357,18.5952169519519,49.5430772622935));
#3559=CARTESIAN_POINT('Ctrl Pts',(-2.14663284155458,18.6773359321614,49.4878234494338));
#3560=CARTESIAN_POINT('Ctrl Pts',(-2.13412034804451,18.732316611168,49.450829661384));
#3561=CARTESIAN_POINT('Ctrl Pts',(-2.12190479820516,18.7860556104632,49.4119457393835));
#3562=CARTESIAN_POINT('Ctrl Pts',(-2.11002031709306,18.8384307927945,49.3711857234307));
#3563=CARTESIAN_POINT('Ctrl Pts',(-2.09173657528066,18.9190076646066,49.3084782647777));
#3564=CARTESIAN_POINT('Ctrl Pts',(-2.07423553318874,18.9963584396011,49.2413312177525));
#3565=CARTESIAN_POINT('Ctrl Pts',(-2.0575363888221,19.0702566878975,49.1700595062028));
#3566=CARTESIAN_POINT('Ctrl Pts',(-2.05438796446975,19.0841893205777,49.1566220756764));
#3567=CARTESIAN_POINT('Ctrl Pts',(-2.05126810113695,19.0979991102502,49.143037955109));
#3568=CARTESIAN_POINT('Ctrl Pts',(-2.04817700813158,19.1116843712114,49.1293091629856));
#3569=CARTESIAN_POINT('Ctrl Pts',(-2.03202283283131,19.1832040906809,49.057561947927));
#3570=CARTESIAN_POINT('Ctrl Pts',(-2.01673078768093,19.2509755180082,48.9822171648261));
#3571=CARTESIAN_POINT('Ctrl Pts',(-2.00230989987044,19.3148472994105,48.9036442452618));
#3572=CARTESIAN_POINT('Ctrl Pts',(-1.98781522292334,19.3790459014403,48.8246692819417));
#3573=CARTESIAN_POINT('Ctrl Pts',(-1.9742004313904,19.4393052807314,48.7424322670638));
#3574=CARTESIAN_POINT('Ctrl Pts',(-1.96149247942555,19.4954349312865,48.6572747791423));
#3575=CARTESIAN_POINT('Ctrl Pts',(-1.94895793840497,19.5507986444403,48.5732793384517));
#3576=CARTESIAN_POINT('Ctrl Pts',(-1.93730550883967,19.6021448710318,48.4864417572463));
#3577=CARTESIAN_POINT('Ctrl Pts',(-1.92658088732872,19.6492497781444,48.397069473971));
#3578=CARTESIAN_POINT('Ctrl Pts',(-1.91828652381521,19.685680455205,48.3279494397805));
#3579=CARTESIAN_POINT('Ctrl Pts',(-1.91054748488827,19.7195734750714,48.2573127917479));
#3580=CARTESIAN_POINT('Ctrl Pts',(-1.90339410290232,19.7508062902174,48.1852978734292));
#3581=CARTESIAN_POINT('Ctrl Pts',(-1.89411145573693,19.7913358192641,48.0918471002552));
#3582=CARTESIAN_POINT('Ctrl Pts',(-1.88586365735833,19.8271644892061,47.9965879227238));
#3583=CARTESIAN_POINT('Ctrl Pts',(-1.87869984493121,19.8581366577823,47.8998702676753));
#3584=CARTESIAN_POINT('Ctrl Pts',(-1.87449371872214,19.876321507166,47.8430839310818));
#3585=CARTESIAN_POINT('Ctrl Pts',(-1.87066163568487,19.8928314411852,47.7857942922513));
#3586=CARTESIAN_POINT('Ctrl Pts',(-1.86721691976423,19.9076280259517,47.7280688783872));
#3587=CARTESIAN_POINT('',(-2.52958197200858,20.,47.0000000000001));
#3588=CARTESIAN_POINT('Ctrl Pts',(-1.86614295678353,19.9096858616715,47.7291504512435));
#3589=CARTESIAN_POINT('Ctrl Pts',(-1.87710028258098,19.9126945314128,47.7171374610724));
#3590=CARTESIAN_POINT('Ctrl Pts',(-1.88806496160166,19.9156271709538,47.7051156191802));
#3591=CARTESIAN_POINT('Ctrl Pts',(-1.89903624205953,19.918483961213,47.6930846758151));
#3592=CARTESIAN_POINT('Ctrl Pts',(-1.98852396722723,19.9417854949365,47.5949537641594));
#3593=CARTESIAN_POINT('Ctrl Pts',(-2.07866651209559,19.9600999803535,47.4960136638596));
#3594=CARTESIAN_POINT('Ctrl Pts',(-2.16910081145935,19.9734239334929,47.3966433895868));
#3595=CARTESIAN_POINT('Ctrl Pts',(-2.25961683406342,19.9867599271593,47.2971833168542));
#3596=CARTESIAN_POINT('Ctrl Pts',(-2.35042580281859,19.9950968372702,47.1972921868683));
#3597=CARTESIAN_POINT('Ctrl Pts',(-2.44119555125362,19.9983904562712,47.097351299708));
#3598=CARTESIAN_POINT('Ctrl Pts',(-2.46876116372051,19.9993906862658,47.067000529627));
#3599=CARTESIAN_POINT('Ctrl Pts',(-2.49632334297524,19.9999254823857,47.036645185575));
#3600=CARTESIAN_POINT('Ctrl Pts',(-2.52387322005835,19.9999927548477,47.0062959938124));
#3601=CARTESIAN_POINT('Ctrl Pts',(-2.52576973431475,19.9999973858369,47.0042067766927));
#3602=CARTESIAN_POINT('Ctrl Pts',(-2.52766623343684,19.9999998012415,47.0021175361337));
#3603=CARTESIAN_POINT('Ctrl Pts',(-2.52956271444007,20.,47.0000282755019));
#3604=CARTESIAN_POINT('',(4.5,20.,47.));
#3605=CARTESIAN_POINT('Origin',(18.6,10.,42.5));
#3606=CARTESIAN_POINT('',(-14.6494571062663,17.1044776119403,42.5));
#3607=CARTESIAN_POINT('',(-14.1604945017623,17.,42.));
#3608=CARTESIAN_POINT('Origin',(-14.1604945017623,17.,42.5));
#3609=CARTESIAN_POINT('',(-14.1604945017623,3.,42.));
#3610=CARTESIAN_POINT('Origin',(18.6,10.,42.));
#3611=CARTESIAN_POINT('',(-14.6494571062663,2.8955223880597,42.5));
#3612=CARTESIAN_POINT('Origin',(-14.1604945017623,3.,42.5));
#3613=CARTESIAN_POINT('Origin',(18.6,10.,42.5));
#3614=CARTESIAN_POINT('Ctrl Pts',(-14.5218542966717,2.32258064516129,42.5645695370094));
#3615=CARTESIAN_POINT('Ctrl Pts',(-14.5653077959103,2.51004734509542,42.5217550598185));
#3616=CARTESIAN_POINT('Ctrl Pts',(-14.6082340074804,2.70259537361421,42.5));
#3617=CARTESIAN_POINT('Ctrl Pts',(-14.6494571062663,2.8955223880597,42.5));
#3618=CARTESIAN_POINT('Ctrl Pts',(-14.5155552504691,2.29540535605884,42.4410311002617));
#3619=CARTESIAN_POINT('Ctrl Pts',(-14.561193741674,2.49140295787472,42.3946831317009));
#3620=CARTESIAN_POINT('Ctrl Pts',(-14.6061529302915,2.69306236726328,42.3704373165694));
#3621=CARTESIAN_POINT('Ctrl Pts',(-14.6494571062663,2.8955223880597,42.3691003061004));
#3622=CARTESIAN_POINT('Ctrl Pts',(-14.4044558344065,2.26410174103381,42.1948819066765));
#3623=CARTESIAN_POINT('Ctrl Pts',(-14.4517159102527,2.4770755494833,42.1416138258916));
#3624=CARTESIAN_POINT('Ctrl Pts',(-14.4985214763184,2.69694444543308,42.1123240683675));
#3625=CARTESIAN_POINT('Ctrl Pts',(-14.5434174334261,2.91818009580098,42.108433315619));
#3626=CARTESIAN_POINT('Ctrl Pts',(-14.1583066408213,2.29540535605884,42.0837824906139));
#3627=CARTESIAN_POINT('Ctrl Pts',(-14.2026416837001,2.51652401507758,42.030308184433));
#3628=CARTESIAN_POINT('Ctrl Pts',(-14.2464212380874,2.74399527220745,42.0021267495912));
#3629=CARTESIAN_POINT('Ctrl Pts',(-14.2885046122781,2.97264782515531,42.));
#3630=CARTESIAN_POINT('Ctrl Pts',(-14.0347682040736,2.32258064516129,42.0774834444113));
#3631=CARTESIAN_POINT('Ctrl Pts',(-14.0775826812646,2.54423244920109,42.0261060717821));
#3632=CARTESIAN_POINT('Ctrl Pts',(-14.1198776250175,2.77189217703799,42.));
#3633=CARTESIAN_POINT('Ctrl Pts',(-14.1604945017623,3.,42.));
#3634=CARTESIAN_POINT('',(-14.0347682040736,2.32258064516129,42.0774834444113));
#3635=CARTESIAN_POINT('Ctrl Pts',(-14.1604945017623,3.,42.));
#3636=CARTESIAN_POINT('Ctrl Pts',(-14.1198776250175,2.77189217703799,42.));
#3637=CARTESIAN_POINT('Ctrl Pts',(-14.0775826812646,2.54423244920109,42.0261060717821));
#3638=CARTESIAN_POINT('Ctrl Pts',(-14.0347682040736,2.32258064516129,42.0774834444113));
#3639=CARTESIAN_POINT('',(-14.5218542966717,2.32258064516129,42.5645695370094));
#3640=CARTESIAN_POINT('Origin',(-14.0347682040736,2.43548387096774,42.5645695370094));
#3641=CARTESIAN_POINT('Ctrl Pts',(-14.5218542966717,2.32258064516129,42.5645695370094));
#3642=CARTESIAN_POINT('Ctrl Pts',(-14.5653077959103,2.51004734509542,42.5217550598185));
#3643=CARTESIAN_POINT('Ctrl Pts',(-14.6082340074804,2.70259537361421,42.5));
#3644=CARTESIAN_POINT('Ctrl Pts',(-14.6494571062663,2.8955223880597,42.5));
#3645=CARTESIAN_POINT('Ctrl Pts',(-11.599337741083,-2.22044604925031E-15,
45.));
#3646=CARTESIAN_POINT('Ctrl Pts',(-12.366780905202,-2.22044604925031E-15,
44.3604640299009));
#3647=CARTESIAN_POINT('Ctrl Pts',(-13.7021505523266,0.541601006889269,43.2476559906304));
#3648=CARTESIAN_POINT('Ctrl Pts',(-14.3918840833935,1.76186430700853,42.6728780480746));
#3649=CARTESIAN_POINT('Ctrl Pts',(-14.5218542966717,2.32258064516129,42.5645695370094));
#3650=CARTESIAN_POINT('Ctrl Pts',(-11.599337741083,-2.22044604925031E-15,
45.));
#3651=CARTESIAN_POINT('Ctrl Pts',(-12.345463039532,-2.22044604925031E-15,
44.3391461642309));
#3652=CARTESIAN_POINT('Ctrl Pts',(-13.6471813172971,0.502727342838525,43.1882448019927));
#3653=CARTESIAN_POINT('Ctrl Pts',(-14.375505203764,1.71586196063729,42.5612370749934));
#3654=CARTESIAN_POINT('Ctrl Pts',(-14.5155552504691,2.29540535605884,42.4410311002617));
#3655=CARTESIAN_POINT('Ctrl Pts',(-11.599337741083,-2.22044604925031E-15,
45.));
#3656=CARTESIAN_POINT('Ctrl Pts',(-12.3028273081921,-2.22044604925031E-15,
44.2965104328909));
#3657=CARTESIAN_POINT('Ctrl Pts',(-13.5306181465495,0.463244968399606,43.0687195945335));
#3658=CARTESIAN_POINT('Ctrl Pts',(-14.2610748246124,1.66376856550304,42.3382629164706));
#3659=CARTESIAN_POINT('Ctrl Pts',(-14.4044566867295,2.26410134590853,42.1948810543535));
#3660=CARTESIAN_POINT('Ctrl Pts',(-11.599337741083,-2.22044604925031E-15,
45.));
#3661=CARTESIAN_POINT('Ctrl Pts',(-12.2601915768521,-2.22044604925031E-15,
44.253874701551));
#3662=CARTESIAN_POINT('Ctrl Pts',(-13.4110929390903,0.502727342838525,42.9521564237859));
#3663=CARTESIAN_POINT('Ctrl Pts',(-14.0381006660896,1.71586196063729,42.223832537319));
#3664=CARTESIAN_POINT('Ctrl Pts',(-14.1583066408213,2.29540535605884,42.0837824906139));
#3665=CARTESIAN_POINT('Ctrl Pts',(-11.599337741083,-2.22044604925031E-15,
45.));
#3666=CARTESIAN_POINT('Ctrl Pts',(-12.2388737111821,-2.22044604925031E-15,
44.232556835881));
#3667=CARTESIAN_POINT('Ctrl Pts',(-13.3516817504526,0.541601006889269,42.8971871887564));
#3668=CARTESIAN_POINT('Ctrl Pts',(-13.9264596930084,1.76186430700853,42.2074536576895));
#3669=CARTESIAN_POINT('Ctrl Pts',(-14.0347682040736,2.32258064516129,42.0774834444113));
#3670=CARTESIAN_POINT('',(-11.599337741083,0.,45.));
#3671=CARTESIAN_POINT('Origin',(-11.599337741083,3.,45.));
#3672=CARTESIAN_POINT('Origin',(-11.599337741083,3.,45.));
#3673=CARTESIAN_POINT('Ctrl Pts',(-14.6494571062662,17.1044776119403,42.5));
#3674=CARTESIAN_POINT('Ctrl Pts',(-14.6082340074821,17.2974046263781,42.5));
#3675=CARTESIAN_POINT('Ctrl Pts',(-14.5653077959137,17.4899526548892,42.5217550598167));
#3676=CARTESIAN_POINT('Ctrl Pts',(-14.5218542966769,17.6774193548162,42.5645695370043));
#3677=CARTESIAN_POINT('Ctrl Pts',(-14.6494571062662,17.1044776119403,42.3691003061004));
#3678=CARTESIAN_POINT('Ctrl Pts',(-14.6061529302932,17.3069376327286,42.3704373165694));
#3679=CARTESIAN_POINT('Ctrl Pts',(-14.5611937416776,17.5085970421091,42.3946831316989));
#3680=CARTESIAN_POINT('Ctrl Pts',(-14.5155552504746,17.7045946439176,42.4410311002561));
#3681=CARTESIAN_POINT('Ctrl Pts',(-14.5433982875628,17.0818158132643,42.1084528936636));
#3682=CARTESIAN_POINT('Ctrl Pts',(-14.4985023304568,17.3030514636234,42.1123436464119));
#3683=CARTESIAN_POINT('Ctrl Pts',(-14.451699496076,17.5229168411095,42.1416302400697));
#3684=CARTESIAN_POINT('Ctrl Pts',(-14.4044394202317,17.735890649551,42.1948983208505));
#3685=CARTESIAN_POINT('Ctrl Pts',(-14.2885046122781,17.0273521748447,42.));
#3686=CARTESIAN_POINT('Ctrl Pts',(-14.246421238089,17.2560047277834,42.0021267495911));
#3687=CARTESIAN_POINT('Ctrl Pts',(-14.2026416837036,17.4834759849042,42.0303081844308));
#3688=CARTESIAN_POINT('Ctrl Pts',(-14.1583066408266,17.7045946439146,42.0837824906074));
#3689=CARTESIAN_POINT('Ctrl Pts',(-14.1604945017623,17.,42.));
#3690=CARTESIAN_POINT('Ctrl Pts',(-14.1198776250191,17.2281078229529,42.));
#3691=CARTESIAN_POINT('Ctrl Pts',(-14.077582681268,17.4557675507807,42.02610607178));
#3692=CARTESIAN_POINT('Ctrl Pts',(-14.0347682040787,17.6774193548121,42.0774834444052));
#3693=CARTESIAN_POINT('',(-14.0347682040787,17.6774193548121,42.0774834444052));
#3694=CARTESIAN_POINT('Origin',(-14.0347682040787,17.5645161290101,42.5645695370043));
#3695=CARTESIAN_POINT('Ctrl Pts',(-14.0347682040787,17.6774193548121,42.0774834444052));
#3696=CARTESIAN_POINT('Ctrl Pts',(-14.077582681268,17.4557675507807,42.02610607178));
#3697=CARTESIAN_POINT('Ctrl Pts',(-14.1198776250191,17.2281078229529,42.));
#3698=CARTESIAN_POINT('Ctrl Pts',(-14.1604945017623,17.,42.));
#3699=CARTESIAN_POINT('Ctrl Pts',(-14.6494571062662,17.1044776119403,42.5));
#3700=CARTESIAN_POINT('Ctrl Pts',(-14.6082340074821,17.2974046263781,42.5));
#3701=CARTESIAN_POINT('Ctrl Pts',(-14.5653077959137,17.4899526548892,42.5217550598167));
#3702=CARTESIAN_POINT('Ctrl Pts',(-14.5218542966769,17.6774193548162,42.5645695370043));
#3703=CARTESIAN_POINT('Ctrl Pts',(-11.599337741083,20.,45.));
#3704=CARTESIAN_POINT('Ctrl Pts',(-12.0789897186597,20.,44.4244176269079));
#3705=CARTESIAN_POINT('Ctrl Pts',(-13.1993492894258,19.6035335006776,43.0799861419886));
#3706=CARTESIAN_POINT('Ctrl Pts',(-13.8903568559938,18.425041139028,42.2507770621071));
#3707=CARTESIAN_POINT('Ctrl Pts',(-14.0347682040773,17.6774193548195,42.0774834444069));
#3708=CARTESIAN_POINT('Ctrl Pts',(-11.599337741083,20.,45.));
#3709=CARTESIAN_POINT('Ctrl Pts',(-12.0949781179123,20.,44.4404060261605));
#3710=CARTESIAN_POINT('Ctrl Pts',(-13.25076450726,19.6315506688052,43.1355157437664));
#3711=CARTESIAN_POINT('Ctrl Pts',(-13.9980320078535,18.4773191711554,42.2705158862117));
#3712=CARTESIAN_POINT('Ctrl Pts',(-14.1583066408254,17.7045946439213,42.0837824906091));
#3713=CARTESIAN_POINT('Ctrl Pts',(-11.599337741083,20.,45.));
#3714=CARTESIAN_POINT('Ctrl Pts',(-12.1269549164174,20.,44.4723828246656));
#3715=CARTESIAN_POINT('Ctrl Pts',(-13.3541134799604,19.6588727103325,43.2452242611226));
#3716=CARTESIAN_POINT('Ctrl Pts',(-14.2132618841637,18.5363335594401,42.3860758569193));
#3717=CARTESIAN_POINT('Ctrl Pts',(-14.4044377003156,17.7358898522267,42.1949000407675));
#3718=CARTESIAN_POINT('Ctrl Pts',(-11.599337741083,20.,45.));
#3719=CARTESIAN_POINT('Ctrl Pts',(-12.1589317149225,20.,44.5043596231707));
#3720=CARTESIAN_POINT('Ctrl Pts',(-13.4638219973165,19.6315506688052,43.348573233823));
#3721=CARTESIAN_POINT('Ctrl Pts',(-14.3288218548713,18.4773191711554,42.6013057332295));
#3722=CARTESIAN_POINT('Ctrl Pts',(-14.5155552504739,17.7045946439213,42.4410311002576));
#3723=CARTESIAN_POINT('Ctrl Pts',(-11.599337741083,20.,45.));
#3724=CARTESIAN_POINT('Ctrl Pts',(-12.1749201141751,20.,44.5203480224233));
#3725=CARTESIAN_POINT('Ctrl Pts',(-13.5193515990944,19.6035335006776,43.3999884516571));
#3726=CARTESIAN_POINT('Ctrl Pts',(-14.3485606789759,18.425041139028,42.7089808850892));
#3727=CARTESIAN_POINT('Ctrl Pts',(-14.5218542966761,17.6774193548195,42.5645695370057));
#3728=CARTESIAN_POINT('Origin',(-11.599337741083,17.,45.));
#3729=CARTESIAN_POINT('Origin',(-11.599337741083,3.,42.));
#3730=CARTESIAN_POINT('',(-14.5218542966717,2.32258064516129,42.));
#3731=CARTESIAN_POINT('',(-11.599337741083,0.,42.));
#3732=CARTESIAN_POINT('Origin',(-2.35,3.,45.));
#3733=CARTESIAN_POINT('',(-5.76144578313253,3.,42.));
#3734=CARTESIAN_POINT('',(-2.35,3.,42.));
#3735=CARTESIAN_POINT('',(-3.72579575806805,0.,45.));
#3736=CARTESIAN_POINT('Origin',(-3.72579575806805,3.,45.));
#3737=CARTESIAN_POINT('',(-2.35,0.,45.));
#3738=CARTESIAN_POINT('Origin',(-4.7,10.,42.));
#3739=CARTESIAN_POINT('',(-5.76144578313253,17.,42.));
#3740=CARTESIAN_POINT('',(0.650000000000001,17.,42.));
#3741=CARTESIAN_POINT('',(-5.76144578313253,10.,42.));
#3742=CARTESIAN_POINT('',(-11.5,10.,42.));
#3743=CARTESIAN_POINT('Origin',(-10.,10.,42.));
#3744=CARTESIAN_POINT('Origin',(6.,20.,-12.));
#3745=CARTESIAN_POINT('',(-1.25918353426776,20.,38.7960965280175));
#3746=CARTESIAN_POINT('Ctrl Pts',(-1.25879003454903,20.,38.7962009178599));
#3747=CARTESIAN_POINT('Ctrl Pts',(-1.61253148715896,20.,40.1296338176444));
#3748=CARTESIAN_POINT('Ctrl Pts',(-2.08308333431698,20.,42.8666454032698));
#3749=CARTESIAN_POINT('Ctrl Pts',(-2.39537114271277,20.,45.6169060328005));
#3750=CARTESIAN_POINT('Ctrl Pts',(-2.52956017629577,20.,47.0000021146368));
#3751=CARTESIAN_POINT('',(-3.72579575806806,20.,45.));
#3752=CARTESIAN_POINT('',(10.2793548536813,20.,9.77492421893351));
#3753=CARTESIAN_POINT('',(0.650000000000001,20.,45.));
#3754=CARTESIAN_POINT('Ctrl Pts',(-1.25115868075695,19.6807663620168,47.7857787464994));
#3755=CARTESIAN_POINT('Ctrl Pts',(-1.19990980772051,19.7287734916933,46.1869676174684));
#3756=CARTESIAN_POINT('Ctrl Pts',(-1.05936795620363,19.8192197220329,43.0002751111424));
#3757=CARTESIAN_POINT('Ctrl Pts',(-0.649707695941814,19.90580103737,39.0582640238575));
#3758=CARTESIAN_POINT('Ctrl Pts',(0.21983561998124,19.9479045157478,36.0910504806211));
#3759=CARTESIAN_POINT('Ctrl Pts',(1.48575336659049,19.9592756008808,34.1954607442109));
#3760=CARTESIAN_POINT('Ctrl Pts',(2.79048859008784,19.9498878167984,33.4073930117786));
#3761=CARTESIAN_POINT('Ctrl Pts',(3.48990847508343,19.941970068724,33.1104710011967));
#3762=CARTESIAN_POINT('Ctrl Pts',(-1.6653886946715,19.8897314775052,47.747636081139));
#3763=CARTESIAN_POINT('Ctrl Pts',(-1.58945674983233,19.906785763689,46.1464766994669));
#3764=CARTESIAN_POINT('Ctrl Pts',(-1.39180206714994,19.9386466051619,42.9541012655606));
#3765=CARTESIAN_POINT('Ctrl Pts',(-0.892320849375611,19.9682268646179,38.9987846627824));
#3766=CARTESIAN_POINT('Ctrl Pts',(0.0532172324149867,19.9825013182812,36.0062657137171));
#3767=CARTESIAN_POINT('Ctrl Pts',(1.37042006671529,19.9863259515869,34.0751979784184));
#3768=CARTESIAN_POINT('Ctrl Pts',(2.6973476564349,19.9832013178833,33.2520010152179));
#3769=CARTESIAN_POINT('Ctrl Pts',(3.40523144306755,19.9805314831671,32.9368196061494));
#3770=CARTESIAN_POINT('Ctrl Pts',(-2.12858735026262,20.,47.7049843400238));
#3771=CARTESIAN_POINT('Ctrl Pts',(-2.01681022004787,19.9998756640845,46.1019565184399));
#3772=CARTESIAN_POINT('Ctrl Pts',(-1.74371992291503,19.9999409504373,42.9048387117607));
#3773=CARTESIAN_POINT('Ctrl Pts',(-1.14211841287854,19.9999153626692,38.9372363085109));
#3774=CARTESIAN_POINT('Ctrl Pts',(-0.116190726646826,19.9999619756727,35.919905412078));
#3775=CARTESIAN_POINT('Ctrl Pts',(1.25350498562861,19.9999628540057,33.9532821672561));
#3776=CARTESIAN_POINT('Ctrl Pts',(2.60260385368098,19.9999963349529,33.0940239250257));
#3777=CARTESIAN_POINT('Ctrl Pts',(3.31888633276997,20.,32.7597474001246));
#3778=CARTESIAN_POINT('Ctrl Pts',(-2.59214510723506,20.,47.6622995325364));
#3779=CARTESIAN_POINT('Ctrl Pts',(-2.44436575243242,20.,46.0574131509033));
#3780=CARTESIAN_POINT('Ctrl Pts',(-2.09568822050891,20.,42.8555653911833));
#3781=CARTESIAN_POINT('Ctrl Pts',(-1.39191772419204,20.,38.8756848631959));
#3782=CARTESIAN_POINT('Ctrl Pts',(-0.285597398129849,20.,35.8335439097004));
#3783=CARTESIAN_POINT('Ctrl Pts',(1.13659233078516,20.,33.8313654312502));
#3784=CARTESIAN_POINT('Ctrl Pts',(2.50785832255874,20.,32.9360443293907));
#3785=CARTESIAN_POINT('Ctrl Pts',(3.23253905862595,20.,32.5826707565925));
#3786=CARTESIAN_POINT('',(-4.84584442200645E-15,19.9999468317306,35.5807162164228));
#3787=CARTESIAN_POINT('',(0.10088949479222,20.,35.3753067883403));
#3788=CARTESIAN_POINT('Ctrl Pts',(-0.00160549296590803,19.9999428824653,
35.5811337079504));
#3789=CARTESIAN_POINT('Ctrl Pts',(0.0275240127826881,19.9999721573947,35.5212788103329));
#3790=CARTESIAN_POINT('Ctrl Pts',(0.0570084790249333,19.9999926865913,35.4615847920081));
#3791=CARTESIAN_POINT('Ctrl Pts',(0.0868650417942444,19.9999984457072,35.4020266547867));
#3792=CARTESIAN_POINT('Ctrl Pts',(0.0912605231336909,19.9999992935639,35.3932585094784));
#3793=CARTESIAN_POINT('Ctrl Pts',(0.0956636405198048,19.9999998188441,35.3844941620872));
#3794=CARTESIAN_POINT('Ctrl Pts',(0.100074420334747,20.,35.3757335839876));
#3795=CARTESIAN_POINT('Ctrl Pts',(-1.25902952829176,20.,38.7971037658958));
#3796=CARTESIAN_POINT('Ctrl Pts',(-1.25300624548609,19.9999996758563,38.7789248652547));
#3797=CARTESIAN_POINT('Ctrl Pts',(-1.24697201061757,19.9999986780752,38.7607489766104));
#3798=CARTESIAN_POINT('Ctrl Pts',(-1.24092704431493,19.9999970500721,38.7425768416541));
#3799=CARTESIAN_POINT('Ctrl Pts',(-1.18873802148175,19.9999829947594,38.5856882969245));
#3800=CARTESIAN_POINT('Ctrl Pts',(-1.13538431232013,19.9999213961401,38.428173079114));
#3801=CARTESIAN_POINT('Ctrl Pts',(-1.0810895411162,19.9998397312797,38.2705119096562));
#3802=CARTESIAN_POINT('Ctrl Pts',(-1.06582048280592,19.9998167650624,38.226173614525));
#3803=CARTESIAN_POINT('Ctrl Pts',(-1.05047673376235,19.9997922323793,38.1818235990874));
#3804=CARTESIAN_POINT('Ctrl Pts',(-1.03506268384512,19.999766765112,38.1374721095067));
#3805=CARTESIAN_POINT('Ctrl Pts',(-0.97961626501451,19.9996751559125,37.9779338129357));
#3806=CARTESIAN_POINT('Ctrl Pts',(-0.923262885046016,19.9995719282937,37.818379301848));
#3807=CARTESIAN_POINT('Ctrl Pts',(-0.865834582499197,19.9994836232649,37.6595361655279));
#3808=CARTESIAN_POINT('Ctrl Pts',(-0.813107145991324,19.9994025465554,37.5136953342027));
#3809=CARTESIAN_POINT('Ctrl Pts',(-0.759471356997884,19.9993342213578,37.3684551319606));
#3810=CARTESIAN_POINT('Ctrl Pts',(-0.704788661832282,19.9992922391218,37.2243378483513));
#3811=CARTESIAN_POINT('Ctrl Pts',(-0.699913476508534,19.9992884962342,37.2114892046657));
#3812=CARTESIAN_POINT('Ctrl Pts',(-0.695029975889613,19.9992849570301,37.19864945232));
#3813=CARTESIAN_POINT('Ctrl Pts',(-0.690138066737132,19.9992816276686,37.1858189403525));
#3814=CARTESIAN_POINT('Ctrl Pts',(-0.662157636190852,19.9992625845985,37.1124317948046));
#3815=CARTESIAN_POINT('Ctrl Pts',(-0.633844526367485,19.9992506683819,37.039164000512));
#3816=CARTESIAN_POINT('Ctrl Pts',(-0.605181167953397,19.999246961842,36.9660666503123));
#3817=CARTESIAN_POINT('Ctrl Pts',(-0.587582396449039,19.9992446860952,36.9211862303297));
#3818=CARTESIAN_POINT('Ctrl Pts',(-0.569847646957062,19.9992454920376,36.8763598530898));
#3819=CARTESIAN_POINT('Ctrl Pts',(-0.551972621117671,19.9992494922918,36.8315978999405));
#3820=CARTESIAN_POINT('Ctrl Pts',(-0.538123646172451,19.9992525915556,36.7969178288047));
#3821=CARTESIAN_POINT('Ctrl Pts',(-0.524189032300436,19.9992576065163,36.7622728106896));
#3822=CARTESIAN_POINT('Ctrl Pts',(-0.510166687922527,19.9992645388734,36.7276671835095));
#3823=CARTESIAN_POINT('Ctrl Pts',(-0.494726888610688,19.9992721719908,36.6895634310754));
#3824=CARTESIAN_POINT('Ctrl Pts',(-0.479179289751266,19.9992821319983,36.6515038968155));
#3825=CARTESIAN_POINT('Ctrl Pts',(-0.46352096936576,19.9992943514953,36.613493748289));
#3826=CARTESIAN_POINT('Ctrl Pts',(-0.437894726463212,19.999314349796,36.5512867378997));
#3827=CARTESIAN_POINT('Ctrl Pts',(-0.411967381256715,19.9993404385776,36.4892011261561));
#3828=CARTESIAN_POINT('Ctrl Pts',(-0.385725203302283,19.9993718431058,36.4272556188289));
#3829=CARTESIAN_POINT('Ctrl Pts',(-0.336157729959819,19.9994311614718,36.3102499995372));
#3830=CARTESIAN_POINT('Ctrl Pts',(-0.285448588299998,19.9995101051332,36.1937016593166));
#3831=CARTESIAN_POINT('Ctrl Pts',(-0.233484505339766,19.9995964266404,36.0776731373588));
#3832=CARTESIAN_POINT('Ctrl Pts',(-0.206650710717384,19.9996410023063,36.0177570308639));
#3833=CARTESIAN_POINT('Ctrl Pts',(-0.179484759858152,19.9996873987671,35.9579818172801));
#3834=CARTESIAN_POINT('Ctrl Pts',(-0.151964675862972,19.999732731102,35.8983440395181));
#3835=CARTESIAN_POINT('Ctrl Pts',(-0.102963807389847,19.9998134475627,35.7921560313474));
#3836=CARTESIAN_POINT('Ctrl Pts',(-0.0528407528434907,19.9998914078275,
35.6864058900041));
#3837=CARTESIAN_POINT('Ctrl Pts',(-0.00160549296590912,19.9999428824653,
35.5811337079504));
#3838=CARTESIAN_POINT('',(-1.22886963132014,19.700416995797,47.1260771810888));
#3839=CARTESIAN_POINT('Ctrl Pts',(-1.22886963132013,19.7004169957971,47.1260771810886));
#3840=CARTESIAN_POINT('Ctrl Pts',(-1.23127063786187,19.7014625041106,47.1284543790651));
#3841=CARTESIAN_POINT('Ctrl Pts',(-1.2336728485414,19.7025054338743,47.1308314970764));
#3842=CARTESIAN_POINT('Ctrl Pts',(-1.43733975156165,19.7906654315627,47.3322632100878));
#3843=CARTESIAN_POINT('Ctrl Pts',(-1.64835019223765,19.8602473652072,47.5320429330625));
#3844=CARTESIAN_POINT('Ctrl Pts',(-1.86605859337156,19.9100392248842,47.7291582194891));
#3845=CARTESIAN_POINT('',(3.26579315736497,19.9444151817307,33.2096096473127));
#3846=CARTESIAN_POINT('Ctrl Pts',(-1.22884930607924,19.7004198567183,47.1260791517995));
#3847=CARTESIAN_POINT('Ctrl Pts',(-1.1796843144112,19.7411191546903,45.748616665086));
#3848=CARTESIAN_POINT('Ctrl Pts',(-1.03681929511986,19.8239853606,42.7832975797147));
#3849=CARTESIAN_POINT('Ctrl Pts',(-0.649707695941814,19.90580103737,39.0582640238575));
#3850=CARTESIAN_POINT('Ctrl Pts',(0.21983561998124,19.9479045157478,36.0910504806211));
#3851=CARTESIAN_POINT('Ctrl Pts',(1.44034822010496,19.9588677499067,34.2634505720561));
#3852=CARTESIAN_POINT('Ctrl Pts',(2.65143008949161,19.9508488460469,33.4935675944506));
#3853=CARTESIAN_POINT('Ctrl Pts',(3.26585052011018,19.944412720155,33.2097196283364));
#3854=CARTESIAN_POINT('',(3.41398725155919,19.9712984628848,32.9547755775023));
#3855=CARTESIAN_POINT('Ctrl Pts',(3.41398686896321,19.9712902968408,32.9547747928939));
#3856=CARTESIAN_POINT('Ctrl Pts',(3.36635551636969,19.9640706406361,33.035674804903));
#3857=CARTESIAN_POINT('Ctrl Pts',(3.31915178330783,19.9555598587285,33.116761734496));
#3858=CARTESIAN_POINT('Ctrl Pts',(3.27241986948018,19.9458260013526,33.1980729459128));
#3859=CARTESIAN_POINT('Ctrl Pts',(3.27017441559031,19.9453582925404,33.2019799242711));
#3860=CARTESIAN_POINT('Ctrl Pts',(3.26793010576987,19.944887766957,33.2058873433241));
#3861=CARTESIAN_POINT('Ctrl Pts',(3.26568695364995,19.9444144334808,33.2097951945852));
#3862=CARTESIAN_POINT('',(3.00000000000961,20.,32.6999301057357));
#3863=CARTESIAN_POINT('Ctrl Pts',(2.99987697004136,20.,32.7001252488083));
#3864=CARTESIAN_POINT('Ctrl Pts',(3.00077238941714,19.9999999925165,32.7006671033544));
#3865=CARTESIAN_POINT('Ctrl Pts',(3.00166778277225,19.9999995834423,32.7012089977987));
#3866=CARTESIAN_POINT('Ctrl Pts',(3.00256315198318,19.9999987728726,32.7017509333015));
#3867=CARTESIAN_POINT('Ctrl Pts',(3.08624093336156,19.9999230201248,32.7523981523178));
#3868=CARTESIAN_POINT('Ctrl Pts',(3.16970843539355,19.9963428908196,32.8033937791126));
#3869=CARTESIAN_POINT('Ctrl Pts',(3.25273777633687,19.9893227349647,32.8546299105138));
#3870=CARTESIAN_POINT('Ctrl Pts',(3.30669096450975,19.9847609766087,32.8879235944974));
#3871=CARTESIAN_POINT('Ctrl Pts',(3.36045969970034,19.9787460484918,32.9213180855794));
#3872=CARTESIAN_POINT('Ctrl Pts',(3.41398686896327,19.9712902968408,32.9547747928938));
#3873=CARTESIAN_POINT('Ctrl Pts',(3.00005370975801,20.,32.7000329016181));
#3874=CARTESIAN_POINT('Ctrl Pts',(2.36153623442536,20.,33.0336519428377));
#3875=CARTESIAN_POINT('Ctrl Pts',(1.24737832771154,20.,33.792917864184));
#3876=CARTESIAN_POINT('Ctrl Pts',(0.422071721317804,20.,34.8521791891508));
#3877=CARTESIAN_POINT('Ctrl Pts',(0.100487797464961,20.,35.3750613782191));
#3878=CARTESIAN_POINT('Origin',(18.6,10.,42.));
#3879=CARTESIAN_POINT('Origin',(0.650000000000001,17.,45.));
#3880=CARTESIAN_POINT('Origin',(-3.72579575806806,17.,45.));
#3881=CARTESIAN_POINT('Origin',(-13.8174298462276,35.7386868351903,5.09586902023654));
#3882=CARTESIAN_POINT('',(-29.1149346612634,37.5386868351903,-16.509571813572));
#3883=CARTESIAN_POINT('',(-29.4182155444804,37.0114790413261,-14.735305569212));
#3884=CARTESIAN_POINT('Origin',(-28.379441980692,35.7386868351903,-15.4707982497835));
#3885=CARTESIAN_POINT('',(-10.6956285144549,37.0114790413261,11.7075523493852));
#3886=CARTESIAN_POINT('',(-14.8562034100161,37.0114790413261,5.83136170080801));
#3887=CARTESIAN_POINT('Origin',(-9.6568549506664,35.7386868351903,10.9720596688137));
#3888=CARTESIAN_POINT('Origin',(-28.379441980692,35.7386868351903,-15.4707982497835));
#3889=CARTESIAN_POINT('Origin',(-8.61808138687793,37.0114790413261,10.2365669882422));
#3890=CARTESIAN_POINT('',(-10.9264670841856,36.7286363288515,11.8709951672899));
#3891=CARTESIAN_POINT('',(-9.6568549506664,38.2842712474619,10.9720596688137));
#3892=CARTESIAN_POINT('Origin',(-9.88769352039717,35.4558441227157,11.1355024867185));
#3893=CARTESIAN_POINT('Origin',(-8.61671122677609,38.2842712474619,12.441107330958));
#3894=CARTESIAN_POINT('',(-29.6490541142112,36.7286363288515,-14.5718627513073));
#3895=CARTESIAN_POINT('',(-28.379441980692,38.2842712474619,-15.4707982497835));
#3896=CARTESIAN_POINT('',(-15.0870419797469,36.7286363288515,5.99480451871278));
#3897=CARTESIAN_POINT('Origin',(-27.3406684169035,37.0114790413261,-16.206290930355));
#3898=CARTESIAN_POINT('',(-29.4195857045823,35.7386868351903,-16.9398459119278));
#3899=CARTESIAN_POINT('Origin',(-28.379441980692,35.7386868351903,-15.4707982497835));
#3900=CARTESIAN_POINT('',(-30.6891978381015,34.1830519165799,-16.0409104134516));
#3901=CARTESIAN_POINT('',(-28.3808121407938,37.0114790413261,-17.6753385924992));
#3902=CARTESIAN_POINT('Origin',(-28.6102805504227,35.4558441227157,-15.3073554318787));
#3903=CARTESIAN_POINT('Origin',(-14.0482684159584,35.4558441227157,5.25931183814131));
#3904=CARTESIAN_POINT('',(-15.0870419797469,34.1830519165799,5.99480451871278));
#3905=CARTESIAN_POINT('Origin',(-9.78460567644834,21.3137084989848,-8.78708200667571));
#3906=CARTESIAN_POINT('',(-11.9912736899091,11.2727922061358,-29.2797786637379));
#3907=CARTESIAN_POINT('',(-31.72797140189,35.4558441227157,-15.3054177328801));
#3908=CARTESIAN_POINT('',(-1.58983645100597,11.2727922061358,-14.5893020422951));
#3909=CARTESIAN_POINT('',(-19.025760466245,25.556349186104,-14.4968156389058));
#3910=CARTESIAN_POINT('Origin',(-14.9807570955604,25.556349186104,-8.78385250834464));
#3911=CARTESIAN_POINT('Origin',(-23.6472513012112,29.9404112294606,-18.8213760168313));
#3912=CARTESIAN_POINT('',(-6.63957715361897,10.,-32.4230119667964));
#3913=CARTESIAN_POINT('Origin',(-7.3731321351918,10.,-30.3440946791176));
#3914=CARTESIAN_POINT('',(-8.41327585908211,10.,-31.8131423412619));
#3915=CARTESIAN_POINT('Origin',(-7.3731321351918,10.,-30.3440946791176));
#3916=CARTESIAN_POINT('',(-24.6873950251015,29.9404112294606,-20.2904236789756));
#3917=CARTESIAN_POINT('Origin',(-3.21255723963056,10.,-24.4679040305404));
#3918=CARTESIAN_POINT('',(5.9739827006707,10.,-14.6082425367061));
#3919=CARTESIAN_POINT('Origin',(4.2,10.,-13.998774011987));
#3920=CARTESIAN_POINT('Origin',(4.2,10.,-13.998774011987));
#3921=CARTESIAN_POINT('Origin',(-7.37313213519179,10.,-30.3440946791176));
#3922=CARTESIAN_POINT('Origin',(-2.62861001479444,10.,-13.8538093617236));
#3923=CARTESIAN_POINT('',(-11.9912736899091,8.72720779386421,-29.2797786637379));
#3924=CARTESIAN_POINT('Origin',(-13.0300472536975,10.,-28.5442859831665));
#3925=CARTESIAN_POINT('',(-1.58983645100596,8.72720779386421,-14.5893020422951));
#3926=CARTESIAN_POINT('Origin',(-1.31603982216273,10.,-12.));
#3927=CARTESIAN_POINT('Origin',(3.,10.,-12.));
#3928=CARTESIAN_POINT('Origin',(-9.78460567644834,-1.31370849898476,-8.78708200667571));
#3929=CARTESIAN_POINT('',(-30.6891978381015,-14.1830519165799,-16.0409104134516));
#3930=CARTESIAN_POINT('',(-8.64411442881287,12.8284271247462,-31.6496995233571));
#3931=CARTESIAN_POINT('',(-10.9264670841856,-14.1830519165799,11.8709951672899));
#3932=CARTESIAN_POINT('',(-25.48847921865,-14.1830519165799,-8.69567210273011));
#3933=CARTESIAN_POINT('',(5.34765208183373,5.75735931288072,0.348276505003629));
#3934=CARTESIAN_POINT('',(-19.025760466245,-5.55634918610404,-14.4968156389058));
#3935=CARTESIAN_POINT('Origin',(-14.9807570955604,-5.55634918610405,-8.78385250834464));
#3936=CARTESIAN_POINT('Origin',(-38.8825969034421,-2.86934341759516,-8.03415003511645));
#3937=CARTESIAN_POINT('',(-29.6490541142112,-16.7286363288515,-14.5718627513073));
#3938=CARTESIAN_POINT('Origin',(-28.6102805504228,-15.4558441227157,-15.3073554318787));
#3939=CARTESIAN_POINT('',(-29.4195857045823,-15.7386868351903,-16.9398459119278));
#3940=CARTESIAN_POINT('',(-39.9227406273324,-2.86934341759516,-9.50319769726074));
#3941=CARTESIAN_POINT('',(-29.1149346612634,-17.5386868351903,-16.509571813572));
#3942=CARTESIAN_POINT('Origin',(-28.379441980692,-15.7386868351903,-15.4707982497835));
#3943=CARTESIAN_POINT('',(-29.4182155444804,-17.0114790413261,-14.735305569212));
#3944=CARTESIAN_POINT('Origin',(-28.379441980692,-15.7386868351903,-15.4707982497835));
#3945=CARTESIAN_POINT('',(-39.9213704672305,-4.14213562373094,-7.29865735454498));
#3946=CARTESIAN_POINT('Origin',(-24.4497056548615,-15.4558441227157,-9.43116478330157));
#3947=CARTESIAN_POINT('',(-10.9264670841856,-16.7286363288515,11.8709951672899));
#3948=CARTESIAN_POINT('',(-25.48847921865,-16.7286363288515,-8.69567210273011));
#3949=CARTESIAN_POINT('',(-10.62124850197,-15.4558441227157,13.2144197743972));
#3950=CARTESIAN_POINT('Origin',(-9.88769352039718,-15.4558441227157,11.1355024867184));
#3951=CARTESIAN_POINT('Origin',(-9.88769352039718,-15.4558441227157,11.1355024867184));
#3952=CARTESIAN_POINT('Origin',(-29.4195857045823,-18.2842712474619,-16.9398459119278));
#3953=CARTESIAN_POINT('',(-10.6956285144549,-17.0114790413261,11.7075523493852));
#3954=CARTESIAN_POINT('',(-30.4583592683707,-17.0114790413261,-16.2043532313563));
#3955=CARTESIAN_POINT('',(-9.6568549506664,-18.2842712474619,10.9720596688137));
#3956=CARTESIAN_POINT('Origin',(-29.4195857045823,-15.7386868351903,-16.9398459119278));
#3957=CARTESIAN_POINT('Origin',(-28.379441980692,-15.7386868351903,-15.4707982497835));
#3958=CARTESIAN_POINT('',(-8.92136227009493,-17.5386868351903,12.0108332326022));
#3959=CARTESIAN_POINT('Origin',(-9.6568549506664,-15.7386868351903,10.9720596688137));
#3960=CARTESIAN_POINT('Origin',(-9.6568549506664,-15.7386868351903,10.9720596688137));
#3961=CARTESIAN_POINT('Origin',(6.3864256456222,4.48456710674493,-0.387216175567837));
#3962=CARTESIAN_POINT('',(-8.84754979650686,-15.4558441227157,12.6045501488628));
#3963=CARTESIAN_POINT('Origin',(-9.88769352039717,-15.4558441227157,11.1355024867185));
#3964=CARTESIAN_POINT('',(7.42656936951251,4.48456710674493,1.08183148657645));
#3965=CARTESIAN_POINT('Origin',(-8.61808138687793,-17.0114790413261,10.2365669882422));
#3966=CARTESIAN_POINT('',(-8.61671122677609,-15.7386868351903,12.441107330958));
#3967=CARTESIAN_POINT('Origin',(-9.6568549506664,-15.7386868351903,10.9720596688137));
#3968=CARTESIAN_POINT('',(-7.57793766298762,-17.0114790413261,11.7056146503865));
#3969=CARTESIAN_POINT('Origin',(14.467145746301,10.,-3.90317445951904));
#3970=CARTESIAN_POINT('',(13.4283721825126,11.2727922061358,-3.16768177894757));
#3971=CARTESIAN_POINT('Ctrl Pts',(5.23877356378847,19.7871005541306,0.));
#3972=CARTESIAN_POINT('Ctrl Pts',(5.15703971628809,19.8538066194576,0.));
#3973=CARTESIAN_POINT('Ctrl Pts',(5.03265943737082,19.9553180405466,0.));
#3974=CARTESIAN_POINT('Ctrl Pts',(4.8913918281927,20.0706118466576,0.));
#3975=CARTESIAN_POINT('Ctrl Pts',(5.47290497686298,19.6438509377371,0.0827778830230067));
#3976=CARTESIAN_POINT('Ctrl Pts',(5.41405586892888,19.7304458326938,0.110206931383525));
#3977=CARTESIAN_POINT('Ctrl Pts',(5.32336900418296,19.8604653447263,0.122599318175667));
#3978=CARTESIAN_POINT('Ctrl Pts',(5.21728220799812,20.0015025405806,0.116640481642687));
#3979=CARTESIAN_POINT('Ctrl Pts',(5.86035528466755,19.2587450627432,0.305314249083108));
#3980=CARTESIAN_POINT('Ctrl Pts',(5.8437148483276,19.3810045079951,0.417140645209485));
#3981=CARTESIAN_POINT('Ctrl Pts',(5.81818530939648,19.564890343716,0.490586798482212));
#3982=CARTESIAN_POINT('Ctrl Pts',(5.78618981961327,19.7628148809402,0.519489897487952));
#3983=CARTESIAN_POINT('Ctrl Pts',(6.,18.7625330992755,0.592054115483224));
#3984=CARTESIAN_POINT('Ctrl Pts',(6.00011889169637,18.9145550164583,0.821755538469663));
#3985=CARTESIAN_POINT('Ctrl Pts',(5.99965692499887,19.1451091254573,1.00282452234637));
#3986=CARTESIAN_POINT('Ctrl Pts',(6.,19.4033829997556,1.12612755772364));
#3987=CARTESIAN_POINT('Ctrl Pts',(6.,18.5143083479948,0.73549268057146));
#3988=CARTESIAN_POINT('Ctrl Pts',(6.,18.6811615557816,1.02423717531567));
#3989=CARTESIAN_POINT('Ctrl Pts',(6.,18.9350740921102,1.25892586497387));
#3990=CARTESIAN_POINT('Ctrl Pts',(6.,19.2234607821848,1.42979453554381));
#3991=CARTESIAN_POINT('',(6.,19.0873926988899,1.34263150149939));
#3992=CARTESIAN_POINT('Ctrl Pts',(6.,19.0872793026894,1.34248768027474));
#3993=CARTESIAN_POINT('Ctrl Pts',(5.99999899317053,19.0896571063197,1.34029805211207));
#3994=CARTESIAN_POINT('Ctrl Pts',(5.99998949111773,19.0920343643116,1.33810787378495));
#3995=CARTESIAN_POINT('Ctrl Pts',(5.99997150800248,19.0944110506442,1.33591716320597));
#3996=CARTESIAN_POINT('Ctrl Pts',(5.99958034408064,19.1461080972265,1.28826541156412));
#3997=CARTESIAN_POINT('Ctrl Pts',(5.99518105946855,19.1974295098461,1.24045831424196));
#3998=CARTESIAN_POINT('Ctrl Pts',(5.98694372775796,19.2481058797547,1.19269365971941));
#3999=CARTESIAN_POINT('Ctrl Pts',(5.97875764102976,19.2984669886328,1.1452261522544));
#4000=CARTESIAN_POINT('Ctrl Pts',(5.96678123832756,19.3481910252194,1.09779925576869));
#4001=CARTESIAN_POINT('Ctrl Pts',(5.95113463367558,19.3970309353174,1.05059875879174));
#4002=CARTESIAN_POINT('Ctrl Pts',(5.93794971229264,19.438186853123,1.01082432493089));
#4003=CARTESIAN_POINT('Ctrl Pts',(5.92215776636413,19.4787152024773,0.971210055193651));
#4004=CARTESIAN_POINT('Ctrl Pts',(5.90380439029686,19.5184783829675,0.931873242426112));
#4005=CARTESIAN_POINT('',(6.,18.5143083479949,0.735492680571469));
#4006=CARTESIAN_POINT('Ctrl Pts',(6.,19.0874232542847,1.34258738059358));
#4007=CARTESIAN_POINT('Ctrl Pts',(6.,18.8557755153455,1.18216247686749));
#4008=CARTESIAN_POINT('Ctrl Pts',(6.,18.6543693341287,0.977872429879603));
#4009=CARTESIAN_POINT('Ctrl Pts',(6.,18.5143083479948,0.73549268057146));
#4010=CARTESIAN_POINT('Origin',(4.2,18.5143083479949,0.735492680571469));
#4011=CARTESIAN_POINT('Origin',(4.2,11.8928371984284,-11.1077631739885));
#4012=CARTESIAN_POINT('',(6.,11.8928371984284,-11.1077631739885));
#4013=CARTESIAN_POINT('Origin',(6.,0.,-12.));
#4014=CARTESIAN_POINT('',(6.,16.9999999999998,32.6999301057475));
#4015=CARTESIAN_POINT('',(6.,17.,-12.));
#4016=CARTESIAN_POINT('',(6.,14.3043940592892,46.9999999703147));
#4017=CARTESIAN_POINT('Ctrl Pts',(6.,14.3043653440128,46.999994160226));
#4018=CARTESIAN_POINT('Ctrl Pts',(6.,15.2662390226801,42.2454851639071));
#4019=CARTESIAN_POINT('Ctrl Pts',(6.,16.1725632488839,37.4796362109589));
#4020=CARTESIAN_POINT('Ctrl Pts',(6.,16.9999982940533,32.6999298104502));
#4021=CARTESIAN_POINT('',(6.,5.69560593927994,46.999999966779));
#4022=CARTESIAN_POINT('',(6.,5.,47.));
#4023=CARTESIAN_POINT('Ctrl Pts',(6.,3.00000170591105,32.6999298104559));
#4024=CARTESIAN_POINT('Ctrl Pts',(6.,3.82743672995973,37.4796360969088));
#4025=CARTESIAN_POINT('Ctrl Pts',(6.,4.73376070839562,42.2454838647014));
#4026=CARTESIAN_POINT('Ctrl Pts',(6.,5.69563465440059,46.9999941567218));
#4027=CARTESIAN_POINT('',(6.,1.23989020756712,1.16085947347355));
#4028=CARTESIAN_POINT('',(6.,5.,1.16085947347355));
#4029=CARTESIAN_POINT('',(6.,1.27279220613578,1.10392157531262));
#4030=CARTESIAN_POINT('',(6.,6.63083014754857,-8.16832424324705));
#4031=CARTESIAN_POINT('',(6.,1.38060854097335,0.899999999995165));
#4032=CARTESIAN_POINT('Ctrl Pts',(6.,1.38074038139768,0.900063730634923));
#4033=CARTESIAN_POINT('Ctrl Pts',(6.,1.347266311535,0.969179139554251));
#4034=CARTESIAN_POINT('Ctrl Pts',(6.,1.31135212745972,1.03719247164271));
#4035=CARTESIAN_POINT('Ctrl Pts',(6.,1.27279220613578,1.10392157531262));
#4036=CARTESIAN_POINT('',(6.,1.39062984320648,0.9));
#4037=CARTESIAN_POINT('',(6.,0.,0.9));
#4038=CARTESIAN_POINT('',(6.,10.,-13.998774011987));
#4039=CARTESIAN_POINT('',(6.,12.4926496144829,-18.3123791446393));
#4040=CARTESIAN_POINT('',(6.,8.36257911642363,-16.8323801019357));
#4041=CARTESIAN_POINT('Origin',(4.2,8.36257911642363,-16.8323801019357));
#4042=CARTESIAN_POINT('Origin',(4.2,10.,-13.998774011987));
#4043=CARTESIAN_POINT('Origin',(-6.33435857140332,11.2727922061358,-31.079587359689));
#4044=CARTESIAN_POINT('',(-7.37450229529363,11.2727922061358,-32.5486350218333));
#4045=CARTESIAN_POINT('Origin',(-29.4195857045823,38.2842712474619,-16.9398459119278));
#4046=CARTESIAN_POINT('Origin',(12.3882284586223,11.2727922061358,-4.63672944109186));
#4047=CARTESIAN_POINT('',(5.97412466530264,0.712928249541396,1.4649674673915));
#4048=CARTESIAN_POINT('Origin',(4.2,1.23989020756713,1.16085947347355));
#4049=CARTESIAN_POINT('Origin',(4.2,1.23989020756712,1.16085947347355));
#4050=CARTESIAN_POINT('Origin',(4.2,5.,1.16085947347355));
#4051=CARTESIAN_POINT('Origin',(4.2,1.23989020756712,1.16085947347355));
#4052=CARTESIAN_POINT('Origin',(4.2,6.63083014754857,-8.16832424324705));
#4053=CARTESIAN_POINT('Origin',(4.2,1.27279220613578,1.10392157531262));
#4054=CARTESIAN_POINT('Ctrl Pts',(5.07127623386716,0.0511115487874127,2.50969646623739E-6));
#4055=CARTESIAN_POINT('Ctrl Pts',(5.07127318684223,0.0511109029835018,0.));
#4056=CARTESIAN_POINT('Ctrl Pts',(5.07586660919333,0.0537922517404936,-6.75084116925706E-20));
#4057=CARTESIAN_POINT('Ctrl Pts',(5.08997966161078,0.0621903366457861,0.));
#4058=CARTESIAN_POINT('Ctrl Pts',(5.09999999999959,0.06831959553906,0.));
#4059=CARTESIAN_POINT('Ctrl Pts',(4.99855634980103,0.00845989723817677,
7.92950434702077E-16));
#4060=CARTESIAN_POINT('Ctrl Pts',(4.99671300771127,0.011602660322189,-0.00804209144043319));
#4061=CARTESIAN_POINT('Ctrl Pts',(4.99799528305667,0.0230709036290865,-0.0266974972648848));
#4062=CARTESIAN_POINT('Ctrl Pts',(5.01133403473364,0.0419989306095111,-0.0424273069604344));
#4063=CARTESIAN_POINT('Ctrl Pts',(5.02155664998108,0.0541661350884324,-0.0502355817093984));
#4064=CARTESIAN_POINT('Ctrl Pts',(4.92857373984632,-0.0388516839015636,
-0.00244801993574857));
#4065=CARTESIAN_POINT('Ctrl Pts',(4.92486871713547,-0.0325348918824633,
-0.0186122097489218));
#4066=CARTESIAN_POINT('Ctrl Pts',(4.92292400020984,-0.012393684974992,-0.0562143741361479));
#4067=CARTESIAN_POINT('Ctrl Pts',(4.93581713878587,0.0166140081122933,-0.0882038916027099));
#4068=CARTESIAN_POINT('Ctrl Pts',(4.94646814884526,0.0345294854330648,-0.104163160513894));
#4069=CARTESIAN_POINT('Ctrl Pts',(4.86201408932211,-0.0903582245320098,
-0.0073199676719353));
#4070=CARTESIAN_POINT('Ctrl Pts',(4.85644737220106,-0.0808673800683909,
-0.0316063160166904));
#4071=CARTESIAN_POINT('Ctrl Pts',(4.85142160758915,-0.0522320684040648,
-0.0882587260596191));
#4072=CARTESIAN_POINT('Ctrl Pts',(4.86429637491714,-0.0136683430493534,
-0.13681072674444));
#4073=CARTESIAN_POINT('Ctrl Pts',(4.87565689405928,0.00965086587593894,
-0.16112028262432));
#4074=CARTESIAN_POINT('',(5.07127318684223,0.0511109029835019,0.));
#4075=CARTESIAN_POINT('Ctrl Pts',(5.07127623386716,0.0511115487874127,2.50969646623739E-6));
#4076=CARTESIAN_POINT('Ctrl Pts',(5.06878130220389,0.0496483512318178,2.13938588468789E-6));
#4077=CARTESIAN_POINT('Ctrl Pts',(5.06629376675093,0.048231609098531,-9.52697465468475E-5));
#4078=CARTESIAN_POINT('Ctrl Pts',(5.06378101838317,0.0468416486359965,-0.000286681955590322));
#4079=CARTESIAN_POINT('Ctrl Pts',(5.05818682353715,0.0437471447232841,-0.00071282776749789));
#4080=CARTESIAN_POINT('Ctrl Pts',(5.0525542171731,0.0408356670339756,-0.00160298653951718));
#4081=CARTESIAN_POINT('Ctrl Pts',(5.04690792215305,0.0381039624270214,-0.00290638046088879));
#4082=CARTESIAN_POINT('Ctrl Pts',(5.03687657028568,0.0332507462892251,-0.00522202337374359));
#4083=CARTESIAN_POINT('Ctrl Pts',(5.02691214867804,0.029022094722796,-0.00882098328144175));
#4084=CARTESIAN_POINT('Ctrl Pts',(5.01713373926365,0.0253355972071012,-0.0133612675091771));
#4085=CARTESIAN_POINT('Ctrl Pts',(5.00828340481045,0.0219989874792671,-0.0174706305175332));
#4086=CARTESIAN_POINT('Ctrl Pts',(4.99958599242588,0.0191050849291091,-0.0223504665648701));
#4087=CARTESIAN_POINT('Ctrl Pts',(4.99113945761309,0.0166067687750377,-0.0277812923452681));
#4088=CARTESIAN_POINT('Ctrl Pts',(4.99015255505459,0.016314862726104,-0.0284158360932319));
#4089=CARTESIAN_POINT('Ctrl Pts',(4.9891690851365,0.0160283848169531,-0.0290579465462345));
#4090=CARTESIAN_POINT('Ctrl Pts',(4.9881891976726,0.015747282376164,-0.0297073238070007));
#4091=CARTESIAN_POINT('Ctrl Pts',(4.97717671125366,0.0125881065263254,-0.0370053641722436));
#4092=CARTESIAN_POINT('Ctrl Pts',(4.96650890721176,0.0100648575802473,-0.0452716829068125));
#4093=CARTESIAN_POINT('Ctrl Pts',(4.95631202005308,0.00805258522745021,
-0.0541163970191026));
#4094=CARTESIAN_POINT('Ctrl Pts',(4.9528500437486,0.00736939249469467,-0.0571192929225411));
#4095=CARTESIAN_POINT('Ctrl Pts',(4.94944226740723,0.00674527730497778,
-0.0601892486972086));
#4096=CARTESIAN_POINT('Ctrl Pts',(4.94609338136657,0.0061760274004187,-0.0633122073167681));
#4097=CARTESIAN_POINT('Ctrl Pts',(4.93496932051591,0.00428513875844654,
-0.0736858005941321));
#4098=CARTESIAN_POINT('Ctrl Pts',(4.92428181027131,0.00293574732714061,
-0.0847983816519045));
#4099=CARTESIAN_POINT('Ctrl Pts',(4.91412881546882,0.00198732455197895,
-0.0962741305795896));
#4100=CARTESIAN_POINT('Ctrl Pts',(4.9131504821504,0.00189593539843919,-0.0973799232790081));
#4101=CARTESIAN_POINT('Ctrl Pts',(4.91217709976514,0.00180829191484221,
-0.0984891191042714));
#4102=CARTESIAN_POINT('Ctrl Pts',(4.91120874841638,0.00172428369690843,
-0.0996014017186018));
#4103=CARTESIAN_POINT('Ctrl Pts',(4.89993013874788,0.00074582076583012,
-0.112556411761347));
#4104=CARTESIAN_POINT('Ctrl Pts',(4.88913448498675,0.000240314030013618,
-0.126157595923594));
#4105=CARTESIAN_POINT('Ctrl Pts',(4.87889603123903,7.0791784097135E-5,-0.140065850243653));
#4106=CARTESIAN_POINT('Ctrl Pts',(4.87627937503837,2.74667423615812E-5,
-0.143620402601236));
#4107=CARTESIAN_POINT('Ctrl Pts',(4.87369902402548,6.25047743899263E-6,
-0.147195200214575));
#4108=CARTESIAN_POINT('Ctrl Pts',(4.87115604127793,5.21025893526761E-6,
-0.15078496779465));
#4109=CARTESIAN_POINT('',(5.09999999999968,0.0683195955389179,-7.09632047125634E-16));
#4110=CARTESIAN_POINT('Origin',(5.91443045784776,-1.26314134025985,-0.896612963195769));
#4111=CARTESIAN_POINT('Ctrl Pts',(5.07116415235425,0.0512125169525814,-6.99925842231257E-5));
#4112=CARTESIAN_POINT('Ctrl Pts',(5.08078824064361,0.0568762552691156,-6.42884418456672E-5));
#4113=CARTESIAN_POINT('Ctrl Pts',(5.09035661417585,0.0626286859359566,-5.86470397903749E-5));
#4114=CARTESIAN_POINT('Ctrl Pts',(5.09987109202815,0.0684685969169729,-4.97912105893372E-5));
#4115=CARTESIAN_POINT('Ctrl Pts',(5.09999999999965,0.0683195955391,-2.77555756156289E-16));
#4116=CARTESIAN_POINT('Ctrl Pts',(5.14348361334662,0.0949177315976886,-1.71534636220939E-14));
#4117=CARTESIAN_POINT('Ctrl Pts',(5.21615284526745,0.14160683896976,0.00512972874845681));
#4118=CARTESIAN_POINT('Ctrl Pts',(5.28028068265542,0.18797025814802,0.0182410332402079));
#4119=CARTESIAN_POINT('Ctrl Pts',(5.02155664998113,0.0541661350884587,-0.0502355817093939));
#4120=CARTESIAN_POINT('Ctrl Pts',(5.06896775949999,0.11322614474079,-0.0906457180641273));
#4121=CARTESIAN_POINT('Ctrl Pts',(5.16730230053493,0.193429601941675,-0.0962017532786384));
#4122=CARTESIAN_POINT('Ctrl Pts',(5.26001404367075,0.256886856369671,-0.074139915524319));
#4123=CARTESIAN_POINT('Ctrl Pts',(4.94646814884528,0.0345294854330746,-0.104163160513886));
#4124=CARTESIAN_POINT('Ctrl Pts',(4.9988259744736,0.124872269101768,-0.186551932091425));
#4125=CARTESIAN_POINT('Ctrl Pts',(5.12445935821645,0.237764580445719,-0.204480347236488));
#4126=CARTESIAN_POINT('Ctrl Pts',(5.24609056286638,0.318882190384942,-0.17307215878343));
#4127=CARTESIAN_POINT('Ctrl Pts',(4.87565689405928,0.00965086587593061,
-0.16112028262431));
#4128=CARTESIAN_POINT('Ctrl Pts',(4.93418137680882,0.129781347890551,-0.286352603959393));
#4129=CARTESIAN_POINT('Ctrl Pts',(5.08844317546466,0.27373454728333,-0.317596194135497));
#4130=CARTESIAN_POINT('Ctrl Pts',(5.23877356378866,0.372783792515696,-0.276684670928674));
#4131=CARTESIAN_POINT('',(5.28028068265542,0.18797025814802,0.0182410332402079));
#4132=CARTESIAN_POINT('Origin',(6.27754712757713,-0.900008413620082,-1.01217735150015));
#4133=CARTESIAN_POINT('Ctrl Pts',(5.28028068265542,0.18797025814802,0.0182410332402077));
#4134=CARTESIAN_POINT('Ctrl Pts',(5.21615284526745,0.14160683896976,0.00512972874845657));
#4135=CARTESIAN_POINT('Ctrl Pts',(5.14348361334662,0.0949177315976886,-1.73650361730016E-14));
#4136=CARTESIAN_POINT('Ctrl Pts',(5.09999999999965,0.0683195955391,-3.9480862143856E-16));
#4137=CARTESIAN_POINT('Ctrl Pts',(5.28028068265542,0.18797025814802,0.0182410332402078));
#4138=CARTESIAN_POINT('Ctrl Pts',(5.45164425546832,0.31186342969132,0.0532772994462736));
#4139=CARTESIAN_POINT('Ctrl Pts',(5.71737705082522,0.561348695256262,0.195716963647225));
#4140=CARTESIAN_POINT('Ctrl Pts',(5.91821460668013,0.929090750648259,0.494026525787469));
#4141=CARTESIAN_POINT('Ctrl Pts',(5.9869656009373,1.18128952613636,0.717456635021803));
#4142=CARTESIAN_POINT('Ctrl Pts',(5.99941996136396,1.30913775950751,0.834303024735026));
#4143=CARTESIAN_POINT('Ctrl Pts',(5.99995990758673,1.37136902106908,0.891505016981699));
#4144=CARTESIAN_POINT('Ctrl Pts',(5.26001404367071,0.256886856369651,-0.0741399155243304));
#4145=CARTESIAN_POINT('Ctrl Pts',(5.43968769907368,0.386021515059888,-0.0383693955060338));
#4146=CARTESIAN_POINT('Ctrl Pts',(5.71423518787356,0.625908311263178,0.124962668948583));
#4147=CARTESIAN_POINT('Ctrl Pts',(5.9170796929934,0.967894382080336,0.45198609853368));
#4148=CARTESIAN_POINT('Ctrl Pts',(5.98654326432924,1.20122586083825,0.69606623571757));
#4149=CARTESIAN_POINT('Ctrl Pts',(5.9992309887193,1.32292729451168,0.819032089633052));
#4150=CARTESIAN_POINT('Ctrl Pts',(5.99992961474813,1.37561564686781,0.888295788643674));
#4151=CARTESIAN_POINT('Ctrl Pts',(5.24609056286631,0.318882190384902,-0.173072158783453));
#4152=CARTESIAN_POINT('Ctrl Pts',(5.43565641387384,0.454027295841644,-0.136214657293668));
#4153=CARTESIAN_POINT('Ctrl Pts',(5.71751790843636,0.688334434880325,0.0519454918442827));
#4154=CARTESIAN_POINT('Ctrl Pts',(5.91803769302167,1.00631215702325,0.409540530472288));
#4155=CARTESIAN_POINT('Ctrl Pts',(5.98671429829777,1.22113671450311,0.674638208155543));
#4156=CARTESIAN_POINT('Ctrl Pts',(5.99919767836981,1.33671634382944,0.803758712731236));
#4157=CARTESIAN_POINT('Ctrl Pts',(5.9999229325916,1.3798622726661,0.885086337437893));
#4158=CARTESIAN_POINT('Ctrl Pts',(5.23877356378857,0.372783792515636,-0.276684670928708));
#4159=CARTESIAN_POINT('Ctrl Pts',(5.43963136201507,0.514573306819234,-0.238374048803704));
#4160=CARTESIAN_POINT('Ctrl Pts',(5.72717615967453,0.748003848889323,-0.0226648572212189));
#4161=CARTESIAN_POINT('Ctrl Pts',(5.92109654877177,1.04424331756976,0.366813783149319));
#4162=CARTESIAN_POINT('Ctrl Pts',(5.98747721493346,1.24100678456816,0.653186664950551));
#4163=CARTESIAN_POINT('Ctrl Pts',(5.9993200330971,1.35050343013771,0.788484201479297));
#4164=CARTESIAN_POINT('Ctrl Pts',(5.9999398613801,1.38410873135002,0.881876789663216));
#4165=CARTESIAN_POINT('',(5.9999398613801,1.38410873135001,0.881876789663212));
#4166=CARTESIAN_POINT('',(5.99995990758673,1.37136902106908,0.891505016981699));
#4167=CARTESIAN_POINT('Origin',(7.7998797227602,1.37136902106918,0.874515050944992));
#4168=CARTESIAN_POINT('Ctrl Pts',(5.99995990758673,1.37136902106908,0.891505016981699));
#4169=CARTESIAN_POINT('Ctrl Pts',(5.99941996136396,1.30913775950751,0.834303024735026));
#4170=CARTESIAN_POINT('Ctrl Pts',(5.99319278115063,1.24521364282194,0.775879829878415));
#4171=CARTESIAN_POINT('Ctrl Pts',(5.98148531676182,1.18172673754313,0.718739468795817));
#4172=CARTESIAN_POINT('Ctrl Pts',(5.96977785237301,1.11823983226433,0.66159910771322));
#4173=CARTESIAN_POINT('Ctrl Pts',(5.95259010380872,1.05519013839231,0.605741580404636));
#4174=CARTESIAN_POINT('Ctrl Pts',(5.92997396277392,0.992726894955847,0.551930475413345));
#4175=CARTESIAN_POINT('Ctrl Pts',(5.88474168070431,0.867800408082926,0.444308265430761));
#4176=CARTESIAN_POINT('Ctrl Pts',(5.81779582875268,0.74521972295226,0.344871744717347));
#4177=CARTESIAN_POINT('Ctrl Pts',(5.73511107032459,0.63175366938347,0.262419486017146));
#4178=CARTESIAN_POINT('Ctrl Pts',(5.61108393268246,0.461554589030285,0.138741097966845));
#4179=CARTESIAN_POINT('Ctrl Pts',(5.45164425546832,0.31186342969132,0.0532772994462739));
#4180=CARTESIAN_POINT('Ctrl Pts',(5.28028068265542,0.18797025814802,0.0182410332402079));
#4181=CARTESIAN_POINT('Ctrl Pts',(5.23877356378857,0.372783792515636,-0.276684670928708));
#4182=CARTESIAN_POINT('Ctrl Pts',(5.43963136201507,0.514573306819234,-0.238374048803704));
#4183=CARTESIAN_POINT('Ctrl Pts',(5.72717615967453,0.748003848889323,-0.0226648572212189));
#4184=CARTESIAN_POINT('Ctrl Pts',(5.92109654877177,1.04424331756976,0.366813783149319));
#4185=CARTESIAN_POINT('Ctrl Pts',(5.98747721493346,1.24100678456816,0.653186664950551));
#4186=CARTESIAN_POINT('Ctrl Pts',(5.9993200330971,1.35050343013771,0.788484201479297));
#4187=CARTESIAN_POINT('Ctrl Pts',(5.9999398613801,1.38410873135002,0.881876789663216));
#4188=CARTESIAN_POINT('Ctrl Pts',(5.99995990758673,1.37136902106905,0.891505016981697));
#4189=CARTESIAN_POINT('Ctrl Pts',(5.99997887716099,1.37592555705591,0.893514656819281));
#4190=CARTESIAN_POINT('Ctrl Pts',(5.99999111524032,1.3804821706664,0.895524351915964));
#4191=CARTESIAN_POINT('Ctrl Pts',(5.99999887390691,1.38690247036958,0.898356034633762));
#4192=CARTESIAN_POINT('Ctrl Pts',(6.,1.38876615714341,0.899178017473658));
#4193=CARTESIAN_POINT('Ctrl Pts',(6.,1.39062984320648,0.9));
#4194=CARTESIAN_POINT('Ctrl Pts',(5.99992961474813,1.37561564686775,0.888295788643711));
#4195=CARTESIAN_POINT('Ctrl Pts',(5.99996291677767,1.37916753578396,0.891064539955422));
#4196=CARTESIAN_POINT('Ctrl Pts',(5.999984401942,1.38271950871424,0.893833461895507));
#4197=CARTESIAN_POINT('Ctrl Pts',(5.99999802302598,1.38772427245051,0.897734942321148));
#4198=CARTESIAN_POINT('Ctrl Pts',(6.,1.38917705810549,0.898867471376553));
#4199=CARTESIAN_POINT('Ctrl Pts',(6.,1.39062984320648,0.9));
#4200=CARTESIAN_POINT('Ctrl Pts',(5.9999229325916,1.37986227266602,0.885086337437969));
#4201=CARTESIAN_POINT('Ctrl Pts',(5.9999593962998,1.38240951451216,0.888614358395762));
#4202=CARTESIAN_POINT('Ctrl Pts',(5.99998292114544,1.3849568467621,0.892142553095609));
#4203=CARTESIAN_POINT('Ctrl Pts',(5.99999783534421,1.38854607453145,0.897113850008514));
#4204=CARTESIAN_POINT('Ctrl Pts',(6.,1.38958795906757,0.898556925279448));
#4205=CARTESIAN_POINT('Ctrl Pts',(6.,1.39062984320648,0.9));
#4206=CARTESIAN_POINT('Ctrl Pts',(5.9999398613801,1.38410873134991,0.881876789663332));
#4207=CARTESIAN_POINT('Ctrl Pts',(5.99996831574148,1.3856514447292,0.886164148803755));
#4208=CARTESIAN_POINT('Ctrl Pts',(5.99998667286049,1.38719417072844,0.890451636158611));
#4209=CARTESIAN_POINT('Ctrl Pts',(5.99999831086036,1.38936787661237,0.896492757695884));
#4210=CARTESIAN_POINT('Ctrl Pts',(6.,1.38999886002966,0.898246379182343));
#4211=CARTESIAN_POINT('Ctrl Pts',(6.,1.39062984320648,0.9));
#4212=CARTESIAN_POINT('Ctrl Pts',(5.9999398613801,1.38410873134991,0.881876789663332));
#4213=CARTESIAN_POINT('Ctrl Pts',(5.99996831574148,1.3856514447292,0.886164148803755));
#4214=CARTESIAN_POINT('Ctrl Pts',(5.99998667286049,1.38719417072844,0.890451636158611));
#4215=CARTESIAN_POINT('Ctrl Pts',(5.99999831086036,1.38936787661237,0.896492757695884));
#4216=CARTESIAN_POINT('Ctrl Pts',(6.,1.38999886002966,0.898246379182343));
#4217=CARTESIAN_POINT('Ctrl Pts',(6.,1.39062984320648,0.9));
#4218=CARTESIAN_POINT('Ctrl Pts',(6.,1.39062984320648,0.9));
#4219=CARTESIAN_POINT('Ctrl Pts',(6.,1.38876615714341,0.899178017473658));
#4220=CARTESIAN_POINT('Ctrl Pts',(5.99999887390691,1.38690247036958,0.898356034633762));
#4221=CARTESIAN_POINT('Ctrl Pts',(5.99999111524032,1.3804821706664,0.895524351915964));
#4222=CARTESIAN_POINT('Ctrl Pts',(5.99997887716099,1.37592555705591,0.893514656819281));
#4223=CARTESIAN_POINT('Ctrl Pts',(5.99995990758673,1.37136902106905,0.891505016981697));
#4224=CARTESIAN_POINT('Origin',(4.2,12.4926496144829,-18.3123791446393));
#4225=CARTESIAN_POINT('Origin',(10.2793548536813,17.,9.77492421893351));
#4226=CARTESIAN_POINT('',(10.2793548536813,20.,9.77492421893351));
#4227=CARTESIAN_POINT('',(7.4916144397092,17.,8.66654550012534));
#4228=CARTESIAN_POINT('Origin',(0.6,10.,26.));
#4229=CARTESIAN_POINT('',(7.08211331160692,3.,9.69650288292805));
#4230=CARTESIAN_POINT('Origin',(6.,20.,-12.));
#4231=CARTESIAN_POINT('',(3.,20.,-12.));
#4232=CARTESIAN_POINT('Ctrl Pts',(3.48990847508324,0.0580299312759752,33.1104710011968));
#4233=CARTESIAN_POINT('Ctrl Pts',(2.7904777160859,0.0501120601029835,33.4073976280765));
#4234=CARTESIAN_POINT('Ctrl Pts',(1.48581556658283,0.0407311517665691,34.19569989291));
#4235=CARTESIAN_POINT('Ctrl Pts',(0.219804491089379,0.052097105497524,36.0912623733842));
#4236=CARTESIAN_POINT('Ctrl Pts',(-0.649496264958656,0.0942215544017451,
39.0589840993297));
#4237=CARTESIAN_POINT('Ctrl Pts',(-1.05915504477087,0.180721581338735,42.9978027698709));
#4238=CARTESIAN_POINT('Ctrl Pts',(-1.19990153086731,0.271218755005149,46.1867094044729));
#4239=CARTESIAN_POINT('Ctrl Pts',(-1.25115868075695,0.319233637983244,47.7857787464994));
#4240=CARTESIAN_POINT('Ctrl Pts',(3.40523144306736,0.0194685168329344,32.9368196061495));
#4241=CARTESIAN_POINT('Ctrl Pts',(2.69733665084323,0.0167986406083489,33.2520059153978));
#4242=CARTESIAN_POINT('Ctrl Pts',(1.3704789771567,0.0136701218512997,34.0754354688997));
#4243=CARTESIAN_POINT('Ctrl Pts',(0.0531822250635864,0.0174909889637588,
36.0064782134636));
#4244=CARTESIAN_POINT('Ctrl Pts',(-0.892120311019193,0.0317700545676043,
38.9994991050484));
#4245=CARTESIAN_POINT('Ctrl Pts',(-1.39153181904527,0.0613159709135288,
42.9516216797191));
#4246=CARTESIAN_POINT('Ctrl Pts',(-1.58944448658587,0.0932114819905042,
46.1462181072214));
#4247=CARTESIAN_POINT('Ctrl Pts',(-1.6653886946715,0.110268522494785,47.747636081139));
#4248=CARTESIAN_POINT('Ctrl Pts',(3.31888633276978,5.55111512312578E-16,
32.7597474001247));
#4249=CARTESIAN_POINT('Ctrl Pts',(2.60259271751338,3.66510407857236E-6,
33.0940291220806));
#4250=CARTESIAN_POINT('Ctrl Pts',(1.25355745896341,3.08161347854784E-5,
33.9535178171808));
#4251=CARTESIAN_POINT('Ctrl Pts',(-0.116232465069726,2.97234906369877E-5,
35.9201185171759));
#4252=CARTESIAN_POINT('Ctrl Pts',(-1.14193632984191,7.3594442046955E-5,
38.9379447467798));
#4253=CARTESIAN_POINT('Ctrl Pts',(-1.74338931452282,4.16702754478878E-5,
42.9023523178927));
#4254=CARTESIAN_POINT('Ctrl Pts',(-2.01679216769191,0.000124355996131573,
46.1016976244354));
#4255=CARTESIAN_POINT('Ctrl Pts',(-2.12858735026262,2.15345720968807E-17,
47.7049843400238));
#4256=CARTESIAN_POINT('Ctrl Pts',(3.23253905862576,5.55111512312578E-16,
32.5826707565925));
#4257=CARTESIAN_POINT('Ctrl Pts',(2.50784705582199,5.04773673968587E-16,
32.9360498233508));
#4258=CARTESIAN_POINT('Ctrl Pts',(1.13663759784318,2.78194893113802E-16,
33.8315991474132));
#4259=CARTESIAN_POINT('Ctrl Pts',(-0.285646925230764,1.36044038414838E-16,
35.8337575106411));
#4260=CARTESIAN_POINT('Ctrl Pts',(-1.39175558220181,1.23581960600003E-16,
38.8763871574955));
#4261=CARTESIAN_POINT('Ctrl Pts',(-2.09529983730078,1.3333855873457E-16,
42.8530720132787));
#4262=CARTESIAN_POINT('Ctrl Pts',(-2.44434188560465,-1.7424274170479E-17,
46.0571539567356));
#4263=CARTESIAN_POINT('Ctrl Pts',(-2.59214510723506,0.,47.6622995325364));
#4264=CARTESIAN_POINT('',(0.100889494701399,0.,35.3753067884889));
#4265=CARTESIAN_POINT('',(-4.33333456455005E-15,5.31682694517385E-5,35.5807162164266));
#4266=CARTESIAN_POINT('Ctrl Pts',(0.100262989738912,1.73472347597681E-16,
35.3756587737514));
#4267=CARTESIAN_POINT('Ctrl Pts',(0.0957049447709303,1.50729374791384E-7,
35.3847106489347));
#4268=CARTESIAN_POINT('Ctrl Pts',(0.0911550619058877,6.69171886449503E-7,
35.3937666012737));
#4269=CARTESIAN_POINT('Ctrl Pts',(0.0866133173984052,1.53157939760361E-6,
35.4028266540965));
#4270=CARTESIAN_POINT('Ctrl Pts',(0.0568952272402998,7.17458818580832E-6,
35.4621094838947));
#4271=CARTESIAN_POINT('Ctrl Pts',(0.0275413238289401,2.74342763703188E-5,
35.5215360932848));
#4272=CARTESIAN_POINT('Ctrl Pts',(-0.00145959385701708,5.63801803386745E-5,
35.5811222061384));
#4273=CARTESIAN_POINT('Ctrl Pts',(0.100591439426736,1.80337654677664E-16,
35.3751246943154));
#4274=CARTESIAN_POINT('Ctrl Pts',(0.422155594906548,2.08075488966114E-16,
34.8522858308632));
#4275=CARTESIAN_POINT('Ctrl Pts',(1.24747476256363,2.99440621405371E-16,
33.7930831774878));
#4276=CARTESIAN_POINT('Ctrl Pts',(2.36153324140112,4.80775955471306E-16,
33.0336795643468));
#4277=CARTESIAN_POINT('Ctrl Pts',(3.0000553984156,5.36795965962176E-16,
32.7000361265952));
#4278=CARTESIAN_POINT('',(3.26579315736497,0.0555848182693341,33.2096096473127));
#4279=CARTESIAN_POINT('Ctrl Pts',(3.41398686896873,0.0287097031583644,32.9547747928845));
#4280=CARTESIAN_POINT('Ctrl Pts',(3.36633024655465,0.0359331686998501,33.0357175577425));
#4281=CARTESIAN_POINT('Ctrl Pts',(3.31910643118844,0.0444491355405177,33.1168466391256));
#4282=CARTESIAN_POINT('Ctrl Pts',(3.272356575515,0.0541895959950162,33.1982006183113));
#4283=CARTESIAN_POINT('Ctrl Pts',(3.27013609341388,0.0546522395215975,33.2020646955803));
#4284=CARTESIAN_POINT('Ctrl Pts',(3.26791673453021,0.0551176385249264,33.2059292040909));
#4285=CARTESIAN_POINT('Ctrl Pts',(3.2656985109204,0.0555857845912262,33.2097941370846));
#4286=CARTESIAN_POINT('',(-1.22886963132014,0.299583004202953,47.1260771810888));
#4287=CARTESIAN_POINT('Ctrl Pts',(3.26585231735966,0.0555873955563095,33.2097230742839));
#4288=CARTESIAN_POINT('Ctrl Pts',(2.65142901778352,0.0491517563185027,33.4935952331854));
#4289=CARTESIAN_POINT('Ctrl Pts',(1.44040784121321,0.0411388117906947,34.2636875923863));
#4290=CARTESIAN_POINT('Ctrl Pts',(0.219804491089379,0.052097105497524,36.0912623733842));
#4291=CARTESIAN_POINT('Ctrl Pts',(-0.649496264958656,0.0942215544017451,
39.0589840993297));
#4292=CARTESIAN_POINT('Ctrl Pts',(-1.03661158611465,0.175961498369416,42.7810501937528));
#4293=CARTESIAN_POINT('Ctrl Pts',(-1.17965365345499,0.258869413273432,45.7481759222703));
#4294=CARTESIAN_POINT('Ctrl Pts',(-1.22884627404956,0.299580483451984,47.1260794457866));
#4295=CARTESIAN_POINT('',(-1.86605859337103,0.0899607750683809,47.7291582195005));
#4296=CARTESIAN_POINT('Ctrl Pts',(-1.22886963132002,0.299583004202857,47.1260771810855));
#4297=CARTESIAN_POINT('Ctrl Pts',(-1.23117562190485,0.298578870192602,47.1283603052906));
#4298=CARTESIAN_POINT('Ctrl Pts',(-1.23348272320383,0.297577114689196,47.1306433557319));
#4299=CARTESIAN_POINT('Ctrl Pts',(-1.43714079401781,0.209400148029297,47.3320748576657));
#4300=CARTESIAN_POINT('Ctrl Pts',(-1.64824774902625,0.139776064472117,47.5319501799907));
#4301=CARTESIAN_POINT('Ctrl Pts',(-1.86605859337103,0.089960775115942,47.7291582194886));
#4302=CARTESIAN_POINT('',(-2.52958197200857,0.,47.));
#4303=CARTESIAN_POINT('Ctrl Pts',(-2.52958197200959,0.,47.0000000000106));
#4304=CARTESIAN_POINT('Ctrl Pts',(-2.52768695551157,-2.12851235385038E-19,
47.0020875805043));
#4305=CARTESIAN_POINT('Ctrl Pts',(-2.52579191596569,2.17899627229037E-6,
47.0041751410678));
#4306=CARTESIAN_POINT('Ctrl Pts',(-2.30423881835591,0.00051166118006378,
47.2482309882929));
#4307=CARTESIAN_POINT('Ctrl Pts',(-2.08321398782621,0.0303084361618223,
47.4910882900384));
#4308=CARTESIAN_POINT('Ctrl Pts',(-1.86605859358609,0.08996077506707,47.729158219697));
#4309=CARTESIAN_POINT('',(-1.25918353426874,0.,38.7960965280205));
#4310=CARTESIAN_POINT('Ctrl Pts',(-2.52955671801976,-2.26675561003054E-18,
47.000002450408));
#4311=CARTESIAN_POINT('Ctrl Pts',(-2.39531108976725,2.56651717790455E-18,
45.6164623694663));
#4312=CARTESIAN_POINT('Ctrl Pts',(-2.08273523779838,1.22746927391813E-16,
42.86447729087));
#4313=CARTESIAN_POINT('Ctrl Pts',(-1.61228809539249,1.25835988905467E-16,
40.129279708739));
#4314=CARTESIAN_POINT('Ctrl Pts',(-1.2586119631711,1.27436779877674E-16,
38.7962481754161));
#4315=CARTESIAN_POINT('Ctrl Pts',(-0.00145959385701927,5.63801803386624E-5,
35.5811222061384));
#4316=CARTESIAN_POINT('Ctrl Pts',(-0.0527476343926505,0.000107548050268684,
35.6864926272003));
#4317=CARTESIAN_POINT('Ctrl Pts',(-0.102920143524089,0.000185286448571838,
35.7923432072903));
#4318=CARTESIAN_POINT('Ctrl Pts',(-0.151962381855757,0.000265826037869191,
35.8986262499945));
#4319=CARTESIAN_POINT('Ctrl Pts',(-0.186631441753643,0.000322761282680371,
35.9737601202866));
#4320=CARTESIAN_POINT('Ctrl Pts',(-0.220735511347005,0.000381341045814002,
36.0491092699787));
#4321=CARTESIAN_POINT('Ctrl Pts',(-0.254317013233432,0.000436027616542926,
36.1246764636263));
#4322=CARTESIAN_POINT('Ctrl Pts',(-0.29121724350646,0.000496118647002623,
36.2077116672368));
#4323=CARTESIAN_POINT('Ctrl Pts',(-0.327481235632146,0.000551528999133687,
36.2910043673551));
#4324=CARTESIAN_POINT('Ctrl Pts',(-0.363151138359783,0.000597767104026987,
36.374531921454));
#4325=CARTESIAN_POINT('Ctrl Pts',(-0.393573873938043,0.000637203422358151,
36.4457722809037));
#4326=CARTESIAN_POINT('Ctrl Pts',(-0.423570442324952,0.000670035438214737,
36.5171975635857));
#4327=CARTESIAN_POINT('Ctrl Pts',(-0.453163230857164,0.000694870984953876,
36.5887822800959));
#4328=CARTESIAN_POINT('Ctrl Pts',(-0.470017255073612,0.000709015610280905,
36.6295520285864));
#4329=CARTESIAN_POINT('Ctrl Pts',(-0.486742394303994,0.000720590324322565,
36.670378463829));
#4330=CARTESIAN_POINT('Ctrl Pts',(-0.503342418856637,0.000729494022935914,
36.7112555341165));
#4331=CARTESIAN_POINT('Ctrl Pts',(-0.517706619244351,0.000737198500159329,
36.7466269534183));
#4332=CARTESIAN_POINT('Ctrl Pts',(-0.531978411670659,0.000742905739839881,
36.782039415651));
#4333=CARTESIAN_POINT('Ctrl Pts',(-0.546160103745856,0.000746609847499524,
36.8174884349328));
#4334=CARTESIAN_POINT('Ctrl Pts',(-0.563552360940476,0.000751152520739889,
36.8609626873266));
#4335=CARTESIAN_POINT('Ctrl Pts',(-0.580811319616558,0.000752680546400236,
36.9044974869954));
#4336=CARTESIAN_POINT('Ctrl Pts',(-0.597941011959929,0.000751284034529162,
36.9480835205324));
#4337=CARTESIAN_POINT('Ctrl Pts',(-0.629995716861725,0.000748670749070101,
37.029645840209));
#4338=CARTESIAN_POINT('Ctrl Pts',(-0.661611545271369,0.000735753284299227,
37.1114233561515));
#4339=CARTESIAN_POINT('Ctrl Pts',(-0.692813000351732,0.000714011672873327,
37.1933447879336));
#4340=CARTESIAN_POINT('Ctrl Pts',(-0.747793129481945,0.000675700747930368,
37.3376986613765));
#4341=CARTESIAN_POINT('Ctrl Pts',(-0.801708837213657,0.000610299841959305,
37.4832111927011));
#4342=CARTESIAN_POINT('Ctrl Pts',(-0.854700802696543,0.000530901067354178,
37.6293590873683));
#4343=CARTESIAN_POINT('Ctrl Pts',(-0.912537630689597,0.000444243151803205,
37.7888687520578));
#4344=CARTESIAN_POINT('Ctrl Pts',(-0.969276730600865,0.000341100946174498,
37.9491341487731));
#4345=CARTESIAN_POINT('Ctrl Pts',(-1.02509208289458,0.000247983451812747,
38.1094195842148));
#4346=CARTESIAN_POINT('Ctrl Pts',(-1.02838589615486,0.000242488339355539,
38.1188784565679));
#4347=CARTESIAN_POINT('Ctrl Pts',(-1.03167648277254,0.000237029989973739,
38.1283373873108));
#4348=CARTESIAN_POINT('Ctrl Pts',(-1.03496387432994,0.000231614453176501,
38.137796221368));
#4349=CARTESIAN_POINT('Ctrl Pts',(-1.08978478651409,0.00014130435107653,
38.2955328043585));
#4350=CARTESIAN_POINT('Ctrl Pts',(-1.14372049551859,6.29534701933265E-5,
38.4532451570972));
#4351=CARTESIAN_POINT('Ctrl Pts',(-1.19656034545759,2.48338900945416E-5,
38.6104661009835));
#4352=CARTESIAN_POINT('Ctrl Pts',(-1.21137664436789,1.41451562368378E-5,
38.6545508684888));
#4353=CARTESIAN_POINT('Ctrl Pts',(-1.2261065297789,6.60792888645789E-6,
38.6985968147531));
#4354=CARTESIAN_POINT('Ctrl Pts',(-1.240744733374,2.79026851524034E-6,38.7425932368697));
#4355=CARTESIAN_POINT('Ctrl Pts',(-1.24677838799735,1.21668443441392E-6,
38.7607279221806));
#4356=CARTESIAN_POINT('Ctrl Pts',(-1.25280137806831,2.72196492791799E-7,
38.7788663446948));
#4357=CARTESIAN_POINT('Ctrl Pts',(-1.25881348541774,1.38777878078145E-16,
38.7970077795604));
#4358=CARTESIAN_POINT('Origin',(0.,0.,-12.));
#4359=CARTESIAN_POINT('',(9.86985372557899,0.,10.8048816017362));
#4360=CARTESIAN_POINT('Origin',(9.86985372557899,3.,10.8048816017362));
#4361=CARTESIAN_POINT('',(9.86985372557899,0.,10.8048816017362));
#4362=CARTESIAN_POINT('Origin',(0.,0.,-12.));
#4363=CARTESIAN_POINT('',(1.5,0.,47.));
#4364=CARTESIAN_POINT('Origin',(1.5,3.,47.));
#4365=CARTESIAN_POINT('Ctrl Pts',(-1.86721331791505,0.0923644763569157,
47.7280753543142));
#4366=CARTESIAN_POINT('Ctrl Pts',(-1.87307934687914,0.117563873972114,47.8263947563938));
#4367=CARTESIAN_POINT('Ctrl Pts',(-1.88006774900721,0.147730747431313,47.9234512748451));
#4368=CARTESIAN_POINT('Ctrl Pts',(-1.88811725040192,0.182684557554119,48.0189074814792));
#4369=CARTESIAN_POINT('Ctrl Pts',(-1.89284258777789,0.203203660204914,48.0749435958741));
#4370=CARTESIAN_POINT('Ctrl Pts',(-1.89793401005069,0.225373249606176,48.1304279414986));
#4371=CARTESIAN_POINT('Ctrl Pts',(-1.90338242272876,0.249163575046061,48.1852886415466));
#4372=CARTESIAN_POINT('Ctrl Pts',(-1.91264236544258,0.289596828496836,48.2785280802054));
#4373=CARTESIAN_POINT('Ctrl Pts',(-1.92288319553341,0.334487521879058,48.3694575372239));
#4374=CARTESIAN_POINT('Ctrl Pts',(-1.93404183045758,0.383575381138444,48.4577759724436));
#4375=CARTESIAN_POINT('Ctrl Pts',(-1.94532188759527,0.433197387860222,48.5470554409773));
#4376=CARTESIAN_POINT('Ctrl Pts',(-1.95753999656388,0.487108737029395,48.6336675782079));
#4377=CARTESIAN_POINT('Ctrl Pts',(-1.97065388908185,0.545087898701283,48.7172895840869));
#4378=CARTESIAN_POINT('Ctrl Pts',(-1.98371122891568,0.602817029559458,48.8005509762977));
#4379=CARTESIAN_POINT('Ctrl Pts',(-1.99765685354013,0.664579398148436,48.8808487563525));
#4380=CARTESIAN_POINT('Ctrl Pts',(-2.01246871623688,0.730197036212144,48.9578405991759));
#4381=CARTESIAN_POINT('Ctrl Pts',(-2.02384746033299,0.780605707086633,49.0169871423833));
#4382=CARTESIAN_POINT('Ctrl Pts',(-2.03573784186888,0.833290467978795,49.0741822831798));
#4383=CARTESIAN_POINT('Ctrl Pts',(-2.04813665860083,0.888184694990571,49.1292568562332));
#4384=CARTESIAN_POINT('Ctrl Pts',(-2.0645303896416,0.96076591082565,49.2020765258309));
#4385=CARTESIAN_POINT('Ctrl Pts',(-2.08173212374422,1.03684756708841,49.2708279532514));
#4386=CARTESIAN_POINT('Ctrl Pts',(-2.0997190147144,1.1161956368392,49.3352008308333));
#4387=CARTESIAN_POINT('Ctrl Pts',(-2.10311793415375,1.13118976212731,49.3473651467978));
#4388=CARTESIAN_POINT('Ctrl Pts',(-2.10654494697405,1.1463006439566,49.3593730403538));
#4389=CARTESIAN_POINT('Ctrl Pts',(-2.10999997616404,1.16152686418128,49.3712223087405));
#4390=CARTESIAN_POINT('Ctrl Pts',(-2.12767790905477,1.23943303646231,49.4318500371408));
#4391=CARTESIAN_POINT('Ctrl Pts',(-2.14608794103932,1.32035585685323,49.4883280322179));
#4392=CARTESIAN_POINT('Ctrl Pts',(-2.16512033062919,1.4038987662108,49.540604182721));
#4393=CARTESIAN_POINT('Ctrl Pts',(-2.18456562822868,1.48925414038043,49.5940144651813));
#4394=CARTESIAN_POINT('Ctrl Pts',(-2.20466090189884,1.57734518522298,49.6430390400903));
#4395=CARTESIAN_POINT('Ctrl Pts',(-2.22530384977749,1.66778002810994,49.6875801365076));
#4396=CARTESIAN_POINT('Ctrl Pts',(-2.23898180201276,1.72770187012025,49.717092926681));
#4397=CARTESIAN_POINT('Ctrl Pts',(-2.25290049905523,1.78865334657247,49.744636435038));
#4398=CARTESIAN_POINT('Ctrl Pts',(-2.26703253882827,1.85052547826123,49.7701709324241));
#4399=CARTESIAN_POINT('Ctrl Pts',(-2.28852633019992,1.94462843237085,49.8090070217935));
#4400=CARTESIAN_POINT('Ctrl Pts',(-2.31042026113873,2.04045210206229,49.843029698108));
#4401=CARTESIAN_POINT('Ctrl Pts',(-2.3326103304393,2.13757711309655,49.8721806377653));
#4402=CARTESIAN_POINT('Ctrl Pts',(-2.35493219119612,2.23527896985715,49.9015047109418));
#4403=CARTESIAN_POINT('Ctrl Pts',(-2.37755410202798,2.33429846678806,49.9258993479974));
#4404=CARTESIAN_POINT('Ctrl Pts',(-2.40038150787991,2.43423293737521,49.9452593116407));
#4405=CARTESIAN_POINT('Ctrl Pts',(-2.42288633737656,2.53275522396312,49.9643456977014));
#4406=CARTESIAN_POINT('Ctrl Pts',(-2.44559128374904,2.63216761538205,49.9785388841608));
#4407=CARTESIAN_POINT('Ctrl Pts',(-2.46841091369943,2.73209572754421,49.9876898913046));
#4408=CARTESIAN_POINT('Ctrl Pts',(-2.48806339763366,2.81815477508858,49.995570826327));
#4409=CARTESIAN_POINT('Ctrl Pts',(-2.50780115920349,2.90459678883432,49.9997114253126));
#4410=CARTESIAN_POINT('Ctrl Pts',(-2.52756950772409,2.99118281503514,49.9999854723903));
#4411=CARTESIAN_POINT('Ctrl Pts',(-2.52824066387497,2.99412250137282,49.9999947765758));
#4412=CARTESIAN_POINT('Ctrl Pts',(-2.52891181514855,2.99706217809463,49.9999996204322));
#4413=CARTESIAN_POINT('Ctrl Pts',(-2.529582959387,3.00000183571035,50.));
#4414=CARTESIAN_POINT('Ctrl Pts',(-1.82757373916428,0.00984981294286424,
47.080688383449));
#4415=CARTESIAN_POINT('Ctrl Pts',(0.674094184749174,1.21730503936786,47.2705765018053));
#4416=CARTESIAN_POINT('Ctrl Pts',(3.15952435237431,2.45746050075457,47.4562455368313));
#4417=CARTESIAN_POINT('Ctrl Pts',(5.63030547016183,3.72410454791535,47.6296463721735));
#4418=CARTESIAN_POINT('Ctrl Pts',(-1.83784864686813,0.0312382982012631,
47.9625960550349));
#4419=CARTESIAN_POINT('Ctrl Pts',(0.639347850965412,1.28947750803233,48.1146158103573));
#4420=CARTESIAN_POINT('Ctrl Pts',(3.10485956194505,2.56910529994002,48.2586596375255));
#4421=CARTESIAN_POINT('Ctrl Pts',(5.55788369485357,3.87016513251501,48.3891120265362));
#4422=CARTESIAN_POINT('Ctrl Pts',(-2.16983707099505,0.722313071820097,49.4713078057535));
#4423=CARTESIAN_POINT('Ctrl Pts',(0.291708464439,2.0053516314611,49.5166092473583));
#4424=CARTESIAN_POINT('Ctrl Pts',(2.74448825310483,3.30323439403011,49.5573266523511));
#4425=CARTESIAN_POINT('Ctrl Pts',(5.19075276101424,4.6105965648148,49.593831408745));
#4426=CARTESIAN_POINT('Ctrl Pts',(-2.83964727376237,2.11660546458152,50.));
#4427=CARTESIAN_POINT('Ctrl Pts',(-0.356505530212444,3.33918329210491,49.9995630366422));
#4428=CARTESIAN_POINT('Ctrl Pts',(2.11819070305472,4.57835113353693,50.0002267438029));
#4429=CARTESIAN_POINT('Ctrl Pts',(4.58610784054494,5.83004734716651,50.));
#4430=CARTESIAN_POINT('Ctrl Pts',(-3.12616363888817,2.71302454963886,50.));
#4431=CARTESIAN_POINT('Ctrl Pts',(-0.634013005118227,3.91023966032747,50.));
#4432=CARTESIAN_POINT('Ctrl Pts',(1.85028382398317,5.1237902762744,50.));
#4433=CARTESIAN_POINT('Ctrl Pts',(4.32731337805783,6.35198526323012,50.));
#4434=CARTESIAN_POINT('',(4.30563914912392,3.04827585507812,47.5356769235016));
#4435=CARTESIAN_POINT('Ctrl Pts',(-1.22887297323831,0.299589942285902,47.1260712985509));
#4436=CARTESIAN_POINT('Ctrl Pts',(0.624606460981968,1.19895678790554,47.2663667424245));
#4437=CARTESIAN_POINT('Ctrl Pts',(2.46922384120789,2.11603814040214,47.4039880386965));
#4438=CARTESIAN_POINT('Ctrl Pts',(4.30562729928276,3.04829988301922,47.5356514538508));
#4439=CARTESIAN_POINT('',(5.38822097679247,4.21234171793134,48.8155992305595));
#4440=CARTESIAN_POINT('Ctrl Pts',(4.30563914911577,3.04827585507398,47.535676923501));
#4441=CARTESIAN_POINT('Ctrl Pts',(4.30811265708963,3.05004274679225,47.5383801140161));
#4442=CARTESIAN_POINT('Ctrl Pts',(4.31058451834935,3.05181298745969,47.5410826256586));
#4443=CARTESIAN_POINT('Ctrl Pts',(4.63716298780614,3.2862930959601,47.8982825360989));
#4444=CARTESIAN_POINT('Ctrl Pts',(4.93593450076055,3.57881386693244,48.2443841434001));
#4445=CARTESIAN_POINT('Ctrl Pts',(5.25962331310319,4.0145756205457,48.6488133024804));
#4446=CARTESIAN_POINT('Ctrl Pts',(5.32563617422181,4.11145695152606,48.7332788901838));
#4447=CARTESIAN_POINT('Ctrl Pts',(5.38822097679247,4.21234171793135,48.8155992305595));
#4448=CARTESIAN_POINT('Ctrl Pts',(5.38703544183984,4.2147327105231,48.8139364873502));
#4449=CARTESIAN_POINT('Ctrl Pts',(5.32981227814006,4.25018707371481,48.8893340441275));
#4450=CARTESIAN_POINT('Ctrl Pts',(5.26954044236908,4.28746651630255,48.9614701804609));
#4451=CARTESIAN_POINT('Ctrl Pts',(5.20654978407466,4.32637893069955,49.0302202128462));
#4452=CARTESIAN_POINT('Ctrl Pts',(5.14085577683438,4.36696133612837,49.1019207673028));
#4453=CARTESIAN_POINT('Ctrl Pts',(5.07220448556705,4.40932007343195,49.1699388724846));
#4454=CARTESIAN_POINT('Ctrl Pts',(5.0009442298475,4.45328891938115,49.2341277688647));
#4455=CARTESIAN_POINT('Ctrl Pts',(4.93865170260558,4.49172451726709,49.290238830157));
#4456=CARTESIAN_POINT('Ctrl Pts',(4.87436504579641,4.53139147185313,49.3434239201312));
#4457=CARTESIAN_POINT('Ctrl Pts',(4.80830278130738,4.57220694388764,49.3935771494459));
#4458=CARTESIAN_POINT('Ctrl Pts',(4.76010347242062,4.60198608571946,49.4301691586679));
#4459=CARTESIAN_POINT('Ctrl Pts',(4.71101326690234,4.63233809585739,49.4651019315304));
#4460=CARTESIAN_POINT('Ctrl Pts',(4.66111301981976,4.66322765502971,49.4983413296219));
#4461=CARTESIAN_POINT('Ctrl Pts',(4.58435019455723,4.71074585327144,49.5494743451219));
#4462=CARTESIAN_POINT('Ctrl Pts',(4.505671526957,4.75953401952626,49.5966020046535));
#4463=CARTESIAN_POINT('Ctrl Pts',(4.42543313322357,4.80933805094319,49.6398012058717));
#4464=CARTESIAN_POINT('Ctrl Pts',(4.41300674043767,4.81705112230357,49.646491397654));
#4465=CARTESIAN_POINT('Ctrl Pts',(4.40054289984239,4.82478863508074,49.6530873145681));
#4466=CARTESIAN_POINT('Ctrl Pts',(4.38804289280002,4.8325497267568,49.6595891829863));
#4467=CARTESIAN_POINT('Ctrl Pts',(4.30405004978399,4.88469978975844,49.7032779914414));
#4468=CARTESIAN_POINT('Ctrl Pts',(4.21844520420658,4.93790168845626,49.7427141717603));
#4469=CARTESIAN_POINT('Ctrl Pts',(4.13157999954422,4.99190304947674,49.7779534969095));
#4470=CARTESIAN_POINT('Ctrl Pts',(4.04105622484496,5.04817882822464,49.8146770243882));
#4471=CARTESIAN_POINT('Ctrl Pts',(3.94916345845124,5.10532330702309,49.8468430277985));
#4472=CARTESIAN_POINT('Ctrl Pts',(3.85628055213031,5.16308806641899,49.8744760719311));
#4473=CARTESIAN_POINT('Ctrl Pts',(3.81195433180848,5.19065496277529,49.8876633035854));
#4474=CARTESIAN_POINT('Ctrl Pts',(3.76740236031144,5.21836361130055,49.8998175935189));
#4475=CARTESIAN_POINT('Ctrl Pts',(3.72266461512598,5.24618931405814,49.9109384062801));
#4476=CARTESIAN_POINT('Ctrl Pts',(3.62550230658047,5.30662171863331,49.9350908045806));
#4477=CARTESIAN_POINT('Ctrl Pts',(3.52745467947633,5.36760710728372,49.954373173132));
#4478=CARTESIAN_POINT('Ctrl Pts',(3.42890094904047,5.4289007022126,49.9687440198637));
#4479=CARTESIAN_POINT('Ctrl Pts',(3.3292796378132,5.49085825845774,49.9832705384289));
#4480=CARTESIAN_POINT('Ctrl Pts',(3.22914082267925,5.55313150191429,49.9927787430208));
#4481=CARTESIAN_POINT('Ctrl Pts',(3.12886823309346,5.61548188988125,49.9971755672192));
#4482=CARTESIAN_POINT('Ctrl Pts',(3.08850316465596,5.64058124841769,49.9989455235992));
#4483=CARTESIAN_POINT('Ctrl Pts',(3.04811636052952,5.66569320414796,49.9998866048391));
#4484=CARTESIAN_POINT('Ctrl Pts',(3.00773270571579,5.69080240934504,49.9999903686807));
#4485=CARTESIAN_POINT('Ctrl Pts',(3.00515392297175,5.69240581016097,49.9999969947379));
#4486=CARTESIAN_POINT('Ctrl Pts',(3.00257514412615,5.69400920444719,50.0000002059959));
#4487=CARTESIAN_POINT('Ctrl Pts',(2.99999637560055,5.69561258819958,50.));
#4488=CARTESIAN_POINT('Ctrl Pts',(4.30563914913039,3.04827585508185,47.5356769235043));
#4489=CARTESIAN_POINT('Ctrl Pts',(4.30563914913039,2.08200123607104,42.76032116471));
#4490=CARTESIAN_POINT('Ctrl Pts',(4.30563914913039,1.11572661706023,37.9849654059158));
#4491=CARTESIAN_POINT('Ctrl Pts',(4.30563914913039,0.149451998049428,33.2096096471215));
#4492=CARTESIAN_POINT('Ctrl Pts',(2.46080288898022,2.13841937472924,47.5356769235043));
#4493=CARTESIAN_POINT('Ctrl Pts',(2.46080288898022,1.41991895925114,42.76032116471));
#4494=CARTESIAN_POINT('Ctrl Pts',(2.46080288898022,0.701418543773036,37.9849654059158));
#4495=CARTESIAN_POINT('Ctrl Pts',(2.46080288898022,-0.0170818717050672,
33.2096096471215));
#4496=CARTESIAN_POINT('Ctrl Pts',(0.615966628830039,1.22856289437663,47.5356769235043));
#4497=CARTESIAN_POINT('Ctrl Pts',(0.615966628830039,0.757836682431236,42.76032116471));
#4498=CARTESIAN_POINT('Ctrl Pts',(0.61596662883004,0.287110470485837,37.9849654059158));
#4499=CARTESIAN_POINT('Ctrl Pts',(0.615966628830039,-0.183615741459562,
33.2096096471215));
#4500=CARTESIAN_POINT('Ctrl Pts',(-1.22886963132014,0.318706414024029,47.5356769235043));
#4501=CARTESIAN_POINT('Ctrl Pts',(-1.22886963132014,0.0957544056113334,
42.76032116471));
#4502=CARTESIAN_POINT('Ctrl Pts',(-1.22886963132014,-0.127197602801362,
37.9849654059158));
#4503=CARTESIAN_POINT('Ctrl Pts',(-1.22886963132014,-0.350149611214057,
33.2096096471215));
#4504=CARTESIAN_POINT('Ctrl Pts',(4.30539374722497,3.04831134416635,47.5356697602522));
#4505=CARTESIAN_POINT('Ctrl Pts',(4.01903776320232,1.94733600659033,42.7878077475478));
#4506=CARTESIAN_POINT('Ctrl Pts',(3.65977927717262,0.923170000161367,38.0149709338464));
#4507=CARTESIAN_POINT('Ctrl Pts',(3.26578432100124,0.0555893536533863,33.2096088620467));
#4508=CARTESIAN_POINT('Ctrl Pts',(4.39052405281899,3.3867870628844,48.9846179154356));
#4509=CARTESIAN_POINT('Ctrl Pts',(4.0870764432267,2.13796219214535,43.6762468345948));
#4510=CARTESIAN_POINT('Ctrl Pts',(3.68743868366708,0.975184027561965,38.3375528171957));
#4511=CARTESIAN_POINT('Ctrl Pts',(3.2451215096487,0.010302655899927,32.9579497348624));
#4512=CARTESIAN_POINT('Ctrl Pts',(4.94184904024274,3.66932023388455,48.9267739135826));
#4513=CARTESIAN_POINT('Ctrl Pts',(4.72966294693739,2.38806576376216,43.6274387667582));
#4514=CARTESIAN_POINT('Ctrl Pts',(4.44027980103655,1.16377734577122,38.3042580278122));
#4515=CARTESIAN_POINT('Ctrl Pts',(4.09313255226256,0.0788116547357611,32.9461306279834));
#4516=CARTESIAN_POINT('Ctrl Pts',(5.74188192209976,4.46666756410962,48.7635302127323));
#4517=CARTESIAN_POINT('Ctrl Pts',(5.68665049650838,3.21532196239299,43.4648939659626));
#4518=CARTESIAN_POINT('Ctrl Pts',(5.6107914076624,1.99447304549169,38.1511342856767));
#4519=CARTESIAN_POINT('Ctrl Pts',(5.50928673581929,0.858806912590362,32.8115665929759));
#4520=CARTESIAN_POINT('Ctrl Pts',(6.,5.53388019389865,48.5450360475461));
#4521=CARTESIAN_POINT('Ctrl Pts',(6.00018349251519,4.39639608847674,43.2321968812197));
#4522=CARTESIAN_POINT('Ctrl Pts',(5.999101432374,3.3140813127181,37.905200061628));
#4523=CARTESIAN_POINT('Ctrl Pts',(6.,2.32789365845361,32.5581211542905));
#4524=CARTESIAN_POINT('Ctrl Pts',(6.,5.99104570172399,48.4514389580852));
#4525=CARTESIAN_POINT('Ctrl Pts',(6.,4.9020935720591,43.1325625248221));
#4526=CARTESIAN_POINT('Ctrl Pts',(6.,3.87975277194008,37.7998051404209));
#4527=CARTESIAN_POINT('Ctrl Pts',(6.,2.95674604925987,32.4496321419807));
#4528=CARTESIAN_POINT('Ctrl Pts',(6.,5.69563356929356,46.9999887930745));
#4529=CARTESIAN_POINT('Ctrl Pts',(6.00000011336886,5.69352340507621,47.0025686189944));
#4530=CARTESIAN_POINT('Ctrl Pts',(5.99999684072066,5.69141324017007,47.0051484524364));
#4531=CARTESIAN_POINT('Ctrl Pts',(5.99999018398962,5.68930307983723,47.0077282869587));
#4532=CARTESIAN_POINT('Ctrl Pts',(5.999732034546,5.60747061399594,47.107774817613));
#4533=CARTESIAN_POINT('Ctrl Pts',(5.99438854982143,5.52556680524931,47.2079235813206));
#4534=CARTESIAN_POINT('Ctrl Pts',(5.98401701891466,5.44390083742528,47.3077891170506));
#4535=CARTESIAN_POINT('Ctrl Pts',(5.97392373455413,5.3644257972181,47.4049754687087));
#4536=CARTESIAN_POINT('Ctrl Pts',(5.95906838510811,5.28517526548265,47.5018937291485));
#4537=CARTESIAN_POINT('Ctrl Pts',(5.93945711140934,5.20644650065211,47.5981850730666));
#4538=CARTESIAN_POINT('Ctrl Pts',(5.92425741627121,5.14542786196463,47.6728155684887));
#4539=CARTESIAN_POINT('Ctrl Pts',(5.9061999222116,5.0847227674229,47.7470694295371));
#4540=CARTESIAN_POINT('Ctrl Pts',(5.88526825922491,5.02447927011907,47.8207772113743));
#4541=CARTESIAN_POINT('Ctrl Pts',(5.85927192174639,4.94965911427226,47.9123195017625));
#4542=CARTESIAN_POINT('Ctrl Pts',(5.82879949038978,4.87542483077602,48.0031844730179));
#4543=CARTESIAN_POINT('Ctrl Pts',(5.79374150322168,4.80209540053027,48.092977324715));
#4544=CARTESIAN_POINT('Ctrl Pts',(5.76116941162811,4.7339656215154,48.1764031350989));
#4545=CARTESIAN_POINT('Ctrl Pts',(5.72463871919677,4.66661672329631,48.2589035097229));
#4546=CARTESIAN_POINT('Ctrl Pts',(5.68403069952079,4.60034192526494,48.3401534339727));
#4547=CARTESIAN_POINT('Ctrl Pts',(5.68093150350776,4.59528384581507,48.3463544120874));
#4548=CARTESIAN_POINT('Ctrl Pts',(5.67780854345478,4.59023204286308,48.3525481022249));
#4549=CARTESIAN_POINT('Ctrl Pts',(5.67466175921288,4.58518665705634,48.3587343576292));
#4550=CARTESIAN_POINT('Ctrl Pts',(5.6400277054945,4.52965626487568,48.4268213586817));
#4551=CARTESIAN_POINT('Ctrl Pts',(5.60250831040441,4.47490147241228,48.4940081274047));
#4552=CARTESIAN_POINT('Ctrl Pts',(5.56212995554537,4.42105576520833,48.5601098757676));
#4553=CARTESIAN_POINT('Ctrl Pts',(5.51469734932888,4.3578030092412,48.6377598496526));
#4554=CARTESIAN_POINT('Ctrl Pts',(5.46326339631794,4.29572636623888,48.7139938769731));
#4555=CARTESIAN_POINT('Ctrl Pts',(5.40784030457248,4.23509223982887,48.7884315435788));
#4556=CARTESIAN_POINT('Ctrl Pts',(5.40111560688485,4.22773526718768,48.7974633530418));
#4557=CARTESIAN_POINT('Ctrl Pts',(5.39433217335552,4.22039959252623,48.8064687033064));
#4558=CARTESIAN_POINT('Ctrl Pts',(5.38749001949665,4.21308574392204,48.8154469035226));
#4559=CARTESIAN_POINT('Origin',(3.,17.,-12.));
#4560=CARTESIAN_POINT('Ctrl Pts',(3.41387709830035,19.9710457943195,32.9547319873633));
#4561=CARTESIAN_POINT('Ctrl Pts',(3.51281363905905,19.9569674449775,32.9535023568218));
#4562=CARTESIAN_POINT('Ctrl Pts',(3.61080330399826,19.9377731223559,32.9518184794597));
#4563=CARTESIAN_POINT('Ctrl Pts',(3.70754825074004,19.9137192682693,32.9497157571126));
#4564=CARTESIAN_POINT('Ctrl Pts',(3.80568509944589,19.8893193433244,32.9475827821947));
#4565=CARTESIAN_POINT('Ctrl Pts',(3.90254191997059,19.8599187278452,32.9450187671501));
#4566=CARTESIAN_POINT('Ctrl Pts',(3.99779771978397,19.8257330846022,32.9420515353889));
#4567=CARTESIAN_POINT('Ctrl Pts',(4.09353777505537,19.7913736505311,32.939069219001));
#4568=CARTESIAN_POINT('Ctrl Pts',(4.18766128658671,19.7521800080906,32.9356795050388));
#4569=CARTESIAN_POINT('Ctrl Pts',(4.27982041302585,19.7083245844243,32.9319024700849));
#4570=CARTESIAN_POINT('Ctrl Pts',(4.29160714090892,19.7027156776896,32.9314194047074));
#4571=CARTESIAN_POINT('Ctrl Pts',(4.30336169804978,19.6970304598467,32.9309299937673));
#4572=CARTESIAN_POINT('Ctrl Pts',(4.31508332052479,19.6912692423578,32.9304342706082));
#4573=CARTESIAN_POINT('Ctrl Pts',(4.40676571164318,19.6462070339257,32.9265568991391));
#4574=CARTESIAN_POINT('Ctrl Pts',(4.49599382967338,19.5967160612964,32.9223124844783));
#4575=CARTESIAN_POINT('Ctrl Pts',(4.58245703240224,19.5430481852121,32.9177234108349));
#4576=CARTESIAN_POINT('Ctrl Pts',(4.66922766160847,19.4891894889225,32.913118020392));
#4577=CARTESIAN_POINT('Ctrl Pts',(4.7532144731816,19.4311236845085,32.9081654370449));
#4578=CARTESIAN_POINT('Ctrl Pts',(4.83408295425631,19.3690576456502,32.9028799867394));
#4579=CARTESIAN_POINT('Ctrl Pts',(4.91375295357987,19.307911433824,32.8976728675174));
#4580=CARTESIAN_POINT('Ctrl Pts',(4.99039704317709,19.242882141978,32.892142581136));
#4581=CARTESIAN_POINT('Ctrl Pts',(5.06366464696027,19.1741289024713,32.8862961001999));
#4582=CARTESIAN_POINT('Ctrl Pts',(5.1132905989386,19.1275606405665,32.8823361347145));
#4583=CARTESIAN_POINT('Ctrl Pts',(5.16136688861535,19.0792831597673,32.8782309719927));
#4584=CARTESIAN_POINT('Ctrl Pts',(5.20777398925336,19.0293374062656,32.8739813012691));
#4585=CARTESIAN_POINT('Ctrl Pts',(5.28023027415568,18.951356155646,32.8673462099046));
#4586=CARTESIAN_POINT('Ctrl Pts',(5.34825391745989,18.8697034463482,32.8603923106703));
#4587=CARTESIAN_POINT('Ctrl Pts',(5.41148050026436,18.7846174241907,32.8531266707558));
#4588=CARTESIAN_POINT('Ctrl Pts',(5.4711232324689,18.7043543036994,32.8462728666043));
#4589=CARTESIAN_POINT('Ctrl Pts',(5.52649786816988,18.6210353919505,32.8391415417101));
#4590=CARTESIAN_POINT('Ctrl Pts',(5.57753370157608,18.5350652209104,32.8317740315013));
#4591=CARTESIAN_POINT('Ctrl Pts',(5.62920866755816,18.4480184271682,32.8243142563982));
#4592=CARTESIAN_POINT('Ctrl Pts',(5.67643585325783,18.3582527538129,32.8166122038791));
#4593=CARTESIAN_POINT('Ctrl Pts',(5.71909669688391,18.2661602312039,32.8087060612828));
#4594=CARTESIAN_POINT('Ctrl Pts',(5.75312026488408,18.1927131087616,32.8024006261958));
#4595=CARTESIAN_POINT('Ctrl Pts',(5.78423853179369,18.1177852529286,32.7959652560782));
#4596=CARTESIAN_POINT('Ctrl Pts',(5.8123687389615,18.0415683206594,32.7894181282952));
#4597=CARTESIAN_POINT('Ctrl Pts',(5.84764485165714,17.945990030887,32.7812078362014));
#4598=CARTESIAN_POINT('Ctrl Pts',(5.87806198913242,17.8488227048189,32.7728591601157));
#4599=CARTESIAN_POINT('Ctrl Pts',(5.90354378185911,17.7504780821042,32.7644093284535));
#4600=CARTESIAN_POINT('Ctrl Pts',(5.92905482945294,17.652020552935,32.755949795798));
#4601=CARTESIAN_POINT('Ctrl Pts',(5.94961947965895,17.5523821424767,32.7473887226104));
#4602=CARTESIAN_POINT('Ctrl Pts',(5.96511287523161,17.4519565222457,32.738760265338));
#4603=CARTESIAN_POINT('Ctrl Pts',(5.98033518388046,17.35328804249,32.7302827796153));
#4604=CARTESIAN_POINT('Ctrl Pts',(5.9906622828044,17.2538588130348,32.7217401009226));
#4605=CARTESIAN_POINT('Ctrl Pts',(5.99592635480906,17.1540362416447,32.7131637586742));
#4606=CARTESIAN_POINT('Ctrl Pts',(5.99826773573032,17.1096366468143,32.7093491292207));
#4607=CARTESIAN_POINT('Ctrl Pts',(5.99960680606859,17.0651592315529,32.70552784147));
#4608=CARTESIAN_POINT('Ctrl Pts',(5.99992546032698,17.0206365976402,32.7017027276319));
#4609=CARTESIAN_POINT('Ctrl Pts',(5.99997469708651,17.0137571972815,32.7011116914061));
#4610=CARTESIAN_POINT('Ctrl Pts',(5.99999956021816,17.0068777337735,32.7005206499285));
#4611=CARTESIAN_POINT('Ctrl Pts',(6.,16.9999983281453,32.6999296135167));
#4612=CARTESIAN_POINT('Ctrl Pts',(3.2451215096487,19.9896973441001,32.9579497348623));
#4613=CARTESIAN_POINT('Ctrl Pts',(3.68743870363392,19.0248159288819,38.3375530600389));
#4614=CARTESIAN_POINT('Ctrl Pts',(4.0870765517056,17.8620373614147,43.6762487322741));
#4615=CARTESIAN_POINT('Ctrl Pts',(4.39052405281903,16.6132129371154,48.9846179154363));
#4616=CARTESIAN_POINT('Ctrl Pts',(4.09313255226256,19.9211883452642,32.9461306279834));
#4617=CARTESIAN_POINT('Ctrl Pts',(4.44027981670729,18.8362226052518,38.304258269686));
#4618=CARTESIAN_POINT('Ctrl Pts',(4.72966302279139,17.6119337782047,43.6274406612073));
#4619=CARTESIAN_POINT('Ctrl Pts',(4.94184904024277,16.3306797661153,48.9267739135833));
#4620=CARTESIAN_POINT('Ctrl Pts',(5.50921364438976,19.1410977851371,32.811550151519));
#4621=CARTESIAN_POINT('Ctrl Pts',(5.61071832081494,18.0054316009701,38.1511180852558));
#4622=CARTESIAN_POINT('Ctrl Pts',(5.68662259685894,16.784655785437,43.464891395983));
#4623=CARTESIAN_POINT('Ctrl Pts',(5.74185400270575,15.5333106310613,48.7635257485543));
#4624=CARTESIAN_POINT('Ctrl Pts',(6.,17.6721063415464,32.5581211542905));
#4625=CARTESIAN_POINT('Ctrl Pts',(5.99910143233343,16.6859186427639,37.905200303003));
#4626=CARTESIAN_POINT('Ctrl Pts',(6.00018349244959,15.6036035048863,43.2321987804963));
#4627=CARTESIAN_POINT('Ctrl Pts',(6.,14.4661198061012,48.5450360475469));
#4628=CARTESIAN_POINT('Ctrl Pts',(6.,17.0432539507401,32.4496321419806));
#4629=CARTESIAN_POINT('Ctrl Pts',(6.,16.120247186394,37.7998053819355));
#4630=CARTESIAN_POINT('Ctrl Pts',(6.,15.0979060386535,43.1325644262569));
#4631=CARTESIAN_POINT('Ctrl Pts',(6.,14.0089542982759,48.451438958086));
#4632=CARTESIAN_POINT('',(4.30563914912392,16.9517241449219,47.5356769235016));
#4633=CARTESIAN_POINT('Ctrl Pts',(3.26578432096909,19.944410646287,33.2096088620364));
#4634=CARTESIAN_POINT('Ctrl Pts',(3.65977928523877,19.0768299770423,38.0149710470015));
#4635=CARTESIAN_POINT('Ctrl Pts',(4.01903783286719,18.0526636852727,42.7878090411516));
#4636=CARTESIAN_POINT('Ctrl Pts',(4.30539374598446,16.9516886547323,47.5356697600299));
#4637=CARTESIAN_POINT('',(5.38822097679146,15.7876582820731,48.8155992305573));
#4638=CARTESIAN_POINT('Ctrl Pts',(4.30539079668635,16.9516999941168,47.535620859891));
#4639=CARTESIAN_POINT('Ctrl Pts',(4.30787604676564,16.949926771372,47.5383354536161));
#4640=CARTESIAN_POINT('Ctrl Pts',(4.31035954867947,16.9481500713092,47.5410493415773));
#4641=CARTESIAN_POINT('Ctrl Pts',(4.31284129712923,16.9463699013835,47.5437625165559));
#4642=CARTESIAN_POINT('Ctrl Pts',(4.40937048940072,16.877129054251,47.6492931915941));
#4643=CARTESIAN_POINT('Ctrl Pts',(4.50346032584072,16.802487941516,47.7539905114033));
#4644=CARTESIAN_POINT('Ctrl Pts',(4.59474746486683,16.7228022713689,47.8573836089016));
#4645=CARTESIAN_POINT('Ctrl Pts',(4.68191550424274,16.6467122141366,47.9561113562061));
#4646=CARTESIAN_POINT('Ctrl Pts',(4.766528721288,16.5660218786109,48.0536497881143));
#4647=CARTESIAN_POINT('Ctrl Pts',(4.84823562947544,16.481011689753,48.1495842627517));
#4648=CARTESIAN_POINT('Ctrl Pts',(4.91308674239678,16.4135387492222,48.2257278543496));
#4649=CARTESIAN_POINT('Ctrl Pts',(4.97610650104257,16.3433438060652,48.3008608998948));
#4650=CARTESIAN_POINT('Ctrl Pts',(5.03709787798641,16.2705571035512,48.3747746373124));
#4651=CARTESIAN_POINT('Ctrl Pts',(5.10304686592771,16.1918540211335,48.4546963643155));
#4652=CARTESIAN_POINT('Ctrl Pts',(5.16688631441628,16.1098070516709,48.5335177651797));
#4653=CARTESIAN_POINT('Ctrl Pts',(5.22825935282607,16.0245398050948,48.6108440341471));
#4654=CARTESIAN_POINT('Ctrl Pts',(5.28342344172832,15.947898822467,48.6803474070666));
#4655=CARTESIAN_POINT('Ctrl Pts',(5.33659472075281,15.8686560906787,48.7486428512786));
#4656=CARTESIAN_POINT('Ctrl Pts',(5.38747820541865,15.7869050293818,48.8154450145043));
#4657=CARTESIAN_POINT('Ctrl Pts',(6.,14.3043940472758,47.0000000000002));
#4658=CARTESIAN_POINT('Ctrl Pts',(6.,14.3065003865021,47.0025752371009));
#4659=CARTESIAN_POINT('Ctrl Pts',(5.99999668407693,14.3086067197998,47.0051504801285));
#4660=CARTESIAN_POINT('Ctrl Pts',(5.99900420401025,14.6238233677083,47.3905423009064));
#4661=CARTESIAN_POINT('Ctrl Pts',(5.9247381301132,14.9383570613634,47.7754008806837));
#4662=CARTESIAN_POINT('Ctrl Pts',(5.67836546347951,15.4281638705092,48.3751341860389));
#4663=CARTESIAN_POINT('Ctrl Pts',(5.54978313390041,15.6142422440978,48.6030819931834));
#4664=CARTESIAN_POINT('Ctrl Pts',(5.38822097679176,15.7876582820694,48.8155992305605));
#4665=CARTESIAN_POINT('Origin',(5.1,0.,0.9));
#4666=CARTESIAN_POINT('Ctrl Pts',(6.,1.38093148944774,0.899669074571065));
#4667=CARTESIAN_POINT('Ctrl Pts',(6.00000027775802,1.3778525349476,0.89683569975821));
#4668=CARTESIAN_POINT('Ctrl Pts',(5.99998687818277,1.37477313626988,0.894002767843082));
#4669=CARTESIAN_POINT('Ctrl Pts',(5.99995983467458,1.37169364083058,0.891170276710924));
#4670=CARTESIAN_POINT('Ctrl Pts',(5.23877356378847,0.,0.368428894741153));
#4671=CARTESIAN_POINT('Ctrl Pts',(5.1230038608463,0.,0.204921479805994));
#4672=CARTESIAN_POINT('Ctrl Pts',(4.99903786816528,0.,0.0298380297493756));
#4673=CARTESIAN_POINT('Ctrl Pts',(4.87115223256068,0.,-0.150781330529137));
#4674=CARTESIAN_POINT('Ctrl Pts',(5.47290497686298,0.143249616393519,0.45120677776416));
#4675=CARTESIAN_POINT('Ctrl Pts',(5.38954974580145,0.146935888216718,0.271420537953688));
#4676=CARTESIAN_POINT('Ctrl Pts',(5.2983372222238,0.141391433829006,0.0808383841927018));
#4677=CARTESIAN_POINT('Ctrl Pts',(5.20204712272979,0.127471471016181,-0.112949728999538));
#4678=CARTESIAN_POINT('Ctrl Pts',(5.8604591666051,0.528308914893195,0.673716229241964));
#4679=CARTESIAN_POINT('Ctrl Pts',(5.83688926954508,0.567425857013596,0.464738881693154));
#4680=CARTESIAN_POINT('Ctrl Pts',(5.81100111303799,0.581343640605747,0.243599903216011));
#4681=CARTESIAN_POINT('Ctrl Pts',(5.78184518450144,0.576220905270203,0.0202323049724104));
#4682=CARTESIAN_POINT('Ctrl Pts',(6.,1.02456745485511,0.960483010224383));
#4683=CARTESIAN_POINT('Ctrl Pts',(6.00016840093538,1.13208456768867,0.727145352016886));
#4684=CARTESIAN_POINT('Ctrl Pts',(5.99968109336175,1.20757037098817,0.478212669724281));
#4685=CARTESIAN_POINT('Ctrl Pts',(6.,1.25929480508098,0.222958290535332));
#4686=CARTESIAN_POINT('Ctrl Pts',(6.,1.27279220613578,1.10392157531262));
#4687=CARTESIAN_POINT('Ctrl Pts',(6.,1.4146429238938,0.858444641596717));
#4688=CARTESIAN_POINT('Ctrl Pts',(6.,1.52068915027141,0.595588376140235));
#4689=CARTESIAN_POINT('Ctrl Pts',(6.,1.60116753781957,0.324420938574907));
#4690=CARTESIAN_POINT('Origin',(3.,5.,47.));
#4691=CARTESIAN_POINT('Ctrl Pts',(5.388220976794,15.7876582820696,48.8155992305575));
#4692=CARTESIAN_POINT('Ctrl Pts',(5.22092788334062,15.6838791448926,49.0356548839935));
#4693=CARTESIAN_POINT('Ctrl Pts',(5.02719765471749,15.5636740230899,49.2273732513753));
#4694=CARTESIAN_POINT('Ctrl Pts',(4.55411906710607,15.2700380490058,49.5869865948562));
#4695=CARTESIAN_POINT('Ctrl Pts',(4.26706452435494,15.0918011706846,49.7375933314833));
#4696=CARTESIAN_POINT('Ctrl Pts',(3.65647140456286,14.7124930699898,49.9457313845057));
#4697=CARTESIAN_POINT('Ctrl Pts',(3.33202611936423,14.5108511501637,49.9991569967198));
#4698=CARTESIAN_POINT('Ctrl Pts',(3.00513753917477,14.3075886379076,49.9999967007151));
#4699=CARTESIAN_POINT('Ctrl Pts',(3.00256876813939,14.3059913447876,50.));
#4700=CARTESIAN_POINT('Ctrl Pts',(3.00000000000057,14.3043940472755,50.));
#4701=CARTESIAN_POINT('Ctrl Pts',(5.63030547016267,16.2758954520842,47.6296463721735));
#4702=CARTESIAN_POINT('Ctrl Pts',(3.1595243362402,17.5425395075166,47.456245535699));
#4703=CARTESIAN_POINT('Ctrl Pts',(0.67409417061771,18.7826949674528,47.2705765007327));
#4704=CARTESIAN_POINT('Ctrl Pts',(-1.82757373916426,19.9901501870571,47.080688383449));
#4705=CARTESIAN_POINT('Ctrl Pts',(5.55788369485441,16.1298348674846,48.3891120265362));
#4706=CARTESIAN_POINT('Ctrl Pts',(3.10485954592689,17.4308947085559,48.2586596366736));
#4707=CARTESIAN_POINT('Ctrl Pts',(0.639347836972186,18.7105224990752,48.1146158094986));
#4708=CARTESIAN_POINT('Ctrl Pts',(-1.83784864686812,19.9687617017987,47.9625960550349));
#4709=CARTESIAN_POINT('Ctrl Pts',(5.19072906860711,15.3893556522225,49.5937795265032));
#4710=CARTESIAN_POINT('Ctrl Pts',(2.74446454472284,16.6967178315446,49.557274769871));
#4711=CARTESIAN_POINT('Ctrl Pts',(0.291666873638348,17.9945618283597,49.5165344941116));
#4712=CARTESIAN_POINT('Ctrl Pts',(-2.16987864789085,19.277600380753,49.4712330527627));
#4713=CARTESIAN_POINT('Ctrl Pts',(4.58610784054578,14.1699526528331,50.));
#4714=CARTESIAN_POINT('Ctrl Pts',(2.11819068693932,15.4216488746366,50.0002267438044));
#4715=CARTESIAN_POINT('Ctrl Pts',(-0.356505544239252,16.6608167148012,49.9995630366446));
#4716=CARTESIAN_POINT('Ctrl Pts',(-2.83964727376235,17.8833945354185,50.));
#4717=CARTESIAN_POINT('Ctrl Pts',(4.32731337805867,13.6480147367695,50.));
#4718=CARTESIAN_POINT('Ctrl Pts',(1.85028380780825,14.8762097317457,50.));
#4719=CARTESIAN_POINT('Ctrl Pts',(-0.634013019195931,16.0897603464354,50.));
#4720=CARTESIAN_POINT('Ctrl Pts',(-3.12616363888815,17.2869754503611,50.));
#4721=CARTESIAN_POINT('Ctrl Pts',(4.3056272992833,16.9517001169819,47.535651453855));
#4722=CARTESIAN_POINT('Ctrl Pts',(2.46922383264966,17.8839618639469,47.4039880380959));
#4723=CARTESIAN_POINT('Ctrl Pts',(0.624606453241181,18.8010432158533,47.266366741845));
#4724=CARTESIAN_POINT('Ctrl Pts',(-1.22887297323814,19.7004100577144,47.1260712985519));
#4725=CARTESIAN_POINT('Ctrl Pts',(4.30563914913686,16.9517241449144,47.5356769235069));
#4726=CARTESIAN_POINT('Ctrl Pts',(4.30563914913686,17.9179987639134,42.7603211647755));
#4727=CARTESIAN_POINT('Ctrl Pts',(4.30563914913686,18.8842733829123,37.9849654060441));
#4728=CARTESIAN_POINT('Ctrl Pts',(4.30563914913686,19.8505480019113,33.2096096473127));
#4729=CARTESIAN_POINT('Ctrl Pts',(2.46080288898453,17.8615806252682,47.5356769235069));
#4730=CARTESIAN_POINT('Ctrl Pts',(2.46080288898453,18.5800810407375,42.7603211647755));
#4731=CARTESIAN_POINT('Ctrl Pts',(2.46080288898453,19.2985814562067,37.9849654060441));
#4732=CARTESIAN_POINT('Ctrl Pts',(2.46080288898453,20.0170818716759,33.2096096473127));
#4733=CARTESIAN_POINT('Ctrl Pts',(0.615966628832197,18.771437105622,47.5356769235069));
#4734=CARTESIAN_POINT('Ctrl Pts',(0.615966628832198,19.2421633175615,42.7603211647755));
#4735=CARTESIAN_POINT('Ctrl Pts',(0.615966628832197,19.712889529501,37.9849654060441));
#4736=CARTESIAN_POINT('Ctrl Pts',(0.615966628832197,20.1836157414405,33.2096096473127));
#4737=CARTESIAN_POINT('Ctrl Pts',(-1.22886963132014,19.6812935859758,47.5356769235069));
#4738=CARTESIAN_POINT('Ctrl Pts',(-1.22886963132014,19.9042455943856,42.7603211647755));
#4739=CARTESIAN_POINT('Ctrl Pts',(-1.22886963132014,20.1271976027954,37.9849654060441));
#4740=CARTESIAN_POINT('Ctrl Pts',(-1.22886963132014,20.3501496112051,33.2096096473127));
#4741=CARTESIAN_POINT('Origin',(-14.9807570955604,-5.55634918610405,-8.78385250834464));
#4742=CARTESIAN_POINT('',(-19.025760466245,-5.55634918610404,-14.4968156389058));
#4743=CARTESIAN_POINT('Origin',(-14.9807570955604,25.556349186104,-8.78385250834464));
#4744=CARTESIAN_POINT('',(-19.025760466245,25.556349186104,-14.4968156389058));
#4745=CARTESIAN_POINT('Origin',(-10.,10.,50.));
#4746=CARTESIAN_POINT('',(-11.5,10.,43.));
#4747=CARTESIAN_POINT('Origin',(-10.,10.,43.));
#4748=CARTESIAN_POINT('',(-11.5,10.,50.));
#4749=CARTESIAN_POINT('Origin',(-10.,10.,43.));
#4750=UNCERTAINTY_MEASURE_WITH_UNIT(LENGTH_MEASURE(0.01),#4754,
'DISTANCE_ACCURACY_VALUE',
'Maximum model space distance between geometric entities at asserted c
onnectivities');
#4751=UNCERTAINTY_MEASURE_WITH_UNIT(LENGTH_MEASURE(0.01),#4754,
'DISTANCE_ACCURACY_VALUE',
'Maximum model space distance between geometric entities at asserted c
onnectivities');
#4752=(
GEOMETRIC_REPRESENTATION_CONTEXT(3)
GLOBAL_UNCERTAINTY_ASSIGNED_CONTEXT((#4750))
GLOBAL_UNIT_ASSIGNED_CONTEXT((#4754,#4756,#4757))
REPRESENTATION_CONTEXT('','3D')
);
#4753=(
GEOMETRIC_REPRESENTATION_CONTEXT(3)
GLOBAL_UNCERTAINTY_ASSIGNED_CONTEXT((#4751))
GLOBAL_UNIT_ASSIGNED_CONTEXT((#4754,#4756,#4757))
REPRESENTATION_CONTEXT('','3D')
);
#4754=(
LENGTH_UNIT()
NAMED_UNIT(*)
SI_UNIT(.MILLI.,.METRE.)
);
#4755=(
LENGTH_UNIT()
NAMED_UNIT(*)
SI_UNIT($,.METRE.)
);
#4756=(
NAMED_UNIT(*)
PLANE_ANGLE_UNIT()
SI_UNIT($,.RADIAN.)
);
#4757=(
NAMED_UNIT(*)
SI_UNIT($,.STERADIAN.)
SOLID_ANGLE_UNIT()
);
#4758=SHAPE_DEFINITION_REPRESENTATION(#4759,#4760);
#4759=PRODUCT_DEFINITION_SHAPE('',$,#4762);
#4760=SHAPE_REPRESENTATION('',(#1900),#4752);
#4761=PRODUCT_DEFINITION_CONTEXT('part definition',#4766,'design');
#4762=PRODUCT_DEFINITION('triangle brackets','triangle brackets v17',#4763,
#4761);
#4763=PRODUCT_DEFINITION_FORMATION('',$,#4768);
#4764=PRODUCT_RELATED_PRODUCT_CATEGORY('triangle brackets v17',
'triangle brackets v17',(#4768));
#4765=APPLICATION_PROTOCOL_DEFINITION('international standard',
'automotive_design',2009,#4766);
#4766=APPLICATION_CONTEXT(
'Core Data for Automotive Mechanical Design Process');
#4767=PRODUCT_CONTEXT('part definition',#4766,'mechanical');
#4768=PRODUCT('triangle brackets','triangle brackets v17',$,(#4767));
#4769=PRESENTATION_STYLE_ASSIGNMENT((#4770));
#4770=SURFACE_STYLE_USAGE(.BOTH.,#4771);
#4771=SURFACE_SIDE_STYLE('',(#4772));
#4772=SURFACE_STYLE_FILL_AREA(#4773);
#4773=FILL_AREA_STYLE('Steel - Satin',(#4774));
#4774=FILL_AREA_STYLE_COLOUR('Steel - Satin',#4775);
#4775=COLOUR_RGB('Steel - Satin',0.627450980392157,0.627450980392157,0.627450980392157);
ENDSEC;
END-ISO-10303-21;
