#VRML V2.0 utf8
# 3D model generated by easyeda2kicad.py (https://github.com/uPesy/easyeda2kicad.py)

Shape{
    appearance Appearance {
        material  Material 	{
            diffuseColor 1.0 1.0 1.0
            specularColor 0.8784313725490196 0.8784313725490196 0.8784313725490196
            ambientIntensity 1.0
            transparency 0.0
            shininess 0.5
        }
    }
    geometry IndexedFaceSet {
        ccw TRUE
        solid FALSE
        coord DEF co Coordinate {
            point [
                -0.6693 0.2972 1.2795, -0.2953 -0.2933 1.2795, -0.2953 0.2972 1.2795, 1.3583 -0.4902 1.2795, -0.6693 -0.2933 1.2795, -1.3583 -0.4902 1.2795, -1.063 -0.2933 1.2795, -1.3583 -0.3524 1.2795, -0.121 0.4748 1.2795, -0.1543 0.4941 1.2795, -0.7235 0.4941 1.2795, 0.0 0.4469 1.2795, -0.0621 0.4539 1.2795, 0.0621 0.4539 1.2795, 0.2953 0.2972 1.2795, 0.121 0.4748 1.2795, -1.3583 0.4941 1.2795, -1.3583 0.3563 1.2795, -1.063 0.2972 1.2795, -1.437 0.2776 1.2795, -1.437 -0.2736 1.2795, -0.7516 0.4839 1.2795, -0.9287 0.4839 1.2795, -0.9369 0.4941 1.2795, 0.7516 0.4839 1.2795, 0.7235 0.4941 1.2795, 0.1543 0.4941 1.2795, 1.3583 0.4941 1.2795, 0.9369 0.4941 1.2795, 1.063 0.2972 1.2795, 0.9287 0.4839 1.2795, 0.6693 0.2972 1.2795, 0.6693 -0.2933 1.2795, 1.063 -0.2933 1.2795, 1.3583 -0.3524 1.2795, 0.2953 -0.2933 1.2795, 1.437 -0.2736 1.2795, 1.437 0.2776 1.2795, 1.3583 0.3563 1.2795, -1.3583 0.3563 0.8858, -1.437 0.2776 0.8858, -1.437 -0.2736 0.8858, -1.3583 -0.3524 0.8858, -1.3583 -0.5492 0.8858, -1.3583 -0.5492 1.2205, 1.3583 -0.5492 0.8858, 1.3583 -0.5492 1.2205, 1.3583 -0.3524 0.8858, 1.437 -0.2736 0.8858, 1.437 0.2776 0.8858, 1.3583 0.3563 0.8858, 1.3583 0.5531 0.8858, 1.3583 0.5531 1.2205, 0.9843 0.5531 0.8858, 0.9843 0.5531 1.2205, 0.9287 0.4839 0.8858, 0.7516 0.4839 0.8858, 0.5614 0.5531 0.8858, 0.5614 0.5531 1.2205, 0.2175 0.5531 0.8858, 0.2175 0.5531 1.2205, -0.121 0.4748 0.8858, -0.1737 0.5085 0.8858, -0.1728 0.5095 1.2641, -0.2175 0.5531 0.8858, -0.2175 0.5531 1.2205, -0.1969 0.5296 1.244, 0.1969 0.5296 1.244, 0.1737 0.5085 0.8858, 0.121 0.4748 0.8858, 0.1737 0.5085 1.2651, -0.0621 0.4539 0.8858, 0.0 0.4469 0.8858, 0.0621 0.4539 0.8858, -0.5614 0.5531 0.8858, -0.5614 0.5531 1.2205, -0.7516 0.4839 0.8858, -0.9287 0.4839 0.8858, -0.9843 0.5531 0.8858, -0.9843 0.5531 1.2205, -1.3583 0.5531 0.8858, -1.3583 0.5531 1.2205, 0.6693 -0.2933 1.0827, 0.6693 0.2972 1.0827, 1.063 -0.2933 1.0827, 1.063 0.2972 1.0827, -1.063 -0.2933 1.0827, -1.063 0.2972 1.0827, -0.6693 -0.2933 1.0827, -0.6693 0.2972 1.0827, -0.2953 -0.2933 2.1654, -0.2953 0.2972 2.1654, 0.2953 -0.2933 2.1654, 0.2953 0.2972 2.1654
            ]
        }
        coordIndex [
            0,1,2,-1,3,4,5,-1,5,4,6,-1,5,6,7,-1,8,9,10,-1,2,11,12,-1,11,2,13,-1,13,2,14,-1,13,14,15,-1,16,17,18,-1,18,17,19,-1,18,19,6,-1,6,19,20,-1,6,20,7,-1,12,8,2,-1,2,8,10,-1,2,10,0,-1,0,10,21,-1,0,21,18,-1,18,21,22,-1,18,22,16,-1,16,22,23,-1,24,25,14,-1,14,25,26,-1,14,26,15,-1,27,28,29,-1,29,28,30,-1,29,30,31,-1,32,3,33,-1,33,3,34,-1,30,24,31,-1,31,24,14,-1,31,14,32,-1,32,14,35,-1,32,35,3,-1,3,35,1,-1,3,1,4,-1,4,1,0,-1,34,36,33,-1,33,36,37,-1,33,37,29,-1,29,37,38,-1,29,38,27,-1,39,40,17,-1,17,40,19,-1,40,41,19,-1,19,41,20,-1,41,42,20,-1,20,42,7,-1,43,44,42,-1,42,44,5,-1,42,5,7,-1,43,45,44,-1,44,45,46,-1,34,3,47,-1,47,3,46,-1,47,46,45,-1,47,48,34,-1,34,48,36,-1,48,49,36,-1,36,49,37,-1,49,50,37,-1,37,50,38,-1,51,52,50,-1,50,52,27,-1,50,27,38,-1,51,53,52,-1,52,53,54,-1,54,53,28,-1,28,53,55,-1,28,55,30,-1,55,56,30,-1,30,56,24,-1,24,56,25,-1,25,56,57,-1,25,57,58,-1,57,59,58,-1,58,59,60,-1,61,62,63,-1,64,65,62,-1,62,65,66,-1,62,66,63,-1,60,59,67,-1,67,59,68,-1,69,26,68,-1,68,26,70,-1,68,70,67,-1,63,9,61,-1,61,9,8,-1,61,8,71,-1,71,8,12,-1,71,12,72,-1,72,12,11,-1,72,11,73,-1,73,11,13,-1,73,13,69,-1,69,13,15,-1,69,15,26,-1,64,74,65,-1,65,74,75,-1,75,74,10,-1,10,74,76,-1,10,76,21,-1,76,77,21,-1,21,77,22,-1,78,79,77,-1,77,79,23,-1,77,23,22,-1,78,80,79,-1,79,80,81,-1,81,80,16,-1,16,80,39,-1,16,39,17,-1,42,41,40,-1,80,78,39,-1,39,78,77,-1,55,53,51,-1,49,48,50,-1,50,48,47,-1,40,39,42,-1,42,39,77,-1,42,77,43,-1,43,77,76,-1,43,76,74,-1,69,68,45,-1,45,68,59,-1,61,43,62,-1,62,43,74,-1,62,74,64,-1,51,50,55,-1,55,50,47,-1,55,47,56,-1,56,47,45,-1,56,45,57,-1,57,45,59,-1,61,71,43,-1,43,71,72,-1,43,72,45,-1,45,72,73,-1,45,73,69,-1,54,28,52,-1,52,28,27,-1,25,58,60,-1,60,67,25,-1,25,67,70,-1,25,70,26,-1,65,75,66,-1,66,75,10,-1,66,10,63,-1,63,10,9,-1,81,16,79,-1,79,16,23,-1,46,3,44,-1,44,3,5,-1,82,83,32,-1,32,83,31,-1,84,82,33,-1,33,82,32,-1,85,84,29,-1,29,84,33,-1,83,85,31,-1,31,85,29,-1,84,85,82,-1,82,85,83,-1,86,87,6,-1,6,87,18,-1,88,86,4,-1,4,86,6,-1,89,88,0,-1,0,88,4,-1,87,89,18,-1,18,89,0,-1,88,89,86,-1,86,89,87,-1,90,91,1,-1,1,91,2,-1,92,90,35,-1,35,90,1,-1,93,92,14,-1,14,92,35,-1,91,93,2,-1,2,93,14,-1,92,93,90,-1,90,93,91,-1,
        ]
    }
}
Shape{
    appearance Appearance {
        material  Material 	{
            diffuseColor 0.2 0.2 0.2
            specularColor 0.2 0.2 0.2
            ambientIntensity 0.2
            transparency 0.0
            shininess 0.5
        }
    }
    geometry IndexedFaceSet {
        ccw TRUE
        solid FALSE
        coord DEF co Coordinate {
            point [
                0.1817 -0.687 0.6695, 0.1681 -0.687 0.6679, 0.1386 -0.687 0.6437, 0.1367 -0.687 0.5249, 0.1386 -0.687 0.527, 0.1386 -0.687 0.5402, 0.0414 -0.687 0.7479, 0.0474 -0.687 0.7486, 0.0155 -0.687 0.7486, 0.0634 -0.687 0.7485, 0.0685 -0.687 0.747, 0.0685 -0.687 0.7486, 2.2638 -0.687 0.8465, 2.3622 -0.687 0.8465, 2.3622 -0.687 1.0236, -1.6535 -0.687 1.378, -2.2317 -0.687 1.378, -2.3438 -0.687 1.0737, 0.102 -0.687 0.5403, 0.101 -0.687 0.5402, 0.1199 -0.687 0.5402, 0.1882 -0.687 0.6209, 0.2135 -0.687 0.6209, 0.2135 -0.687 0.6437, -0.1037 -0.687 0.6437, -0.0663 -0.687 0.6437, -0.1087 -0.687 0.6562, -0.0663 -0.687 0.7486, -0.1203 -0.687 0.6724, -0.1357 -0.687 0.6855, -0.167 -0.687 0.7175, -0.1555 -0.687 0.6948, -0.1527 -0.687 0.6939, -2.3622 -0.687 1.0236, -2.3622 -0.687 0.8465, -2.2638 -0.687 0.8465, -0.2093 -0.687 0.7557, -0.199 -0.687 0.7486, -0.1862 -0.687 0.7398, -1.0908 -0.687 0.8974, -1.0971 -0.687 0.9055, -2.2638 -0.687 0.7486, -1.101 -0.687 0.915, -0.2636 -0.687 0.7694, -0.2376 -0.687 0.7664, -0.0663 -0.687 0.8858, -1.063 -0.687 0.8858, -1.0732 -0.687 0.8872, -1.0827 -0.687 0.8911, -0.2902 -0.687 0.7663, -0.3166 -0.687 0.7566, -0.3297 -0.687 0.7486, -0.332 -0.687 0.7472, -2.2638 -0.687 0.6437, -0.4609 -0.687 0.6437, -0.4583 -0.687 0.658, -0.4492 -0.687 0.6784, -0.4356 -0.687 0.696, -0.3925 -0.687 0.7205, -0.3701 -0.687 0.7233, -0.3453 -0.687 0.7358, -0.3635 -0.687 0.723, -0.357 -0.687 0.7222, -0.4317 -0.687 0.6996, -0.4136 -0.687 0.7124, -0.4206 -0.687 0.5539, -0.4384 -0.687 0.569, -2.2638 -0.687 0.5402, -0.4514 -0.687 0.5876, -0.4001 -0.687 0.5439, -0.3921 -0.687 0.5402, -0.3929 -0.687 0.5417, -0.4596 -0.687 0.6088, -0.4623 -0.687 0.6311, -0.4622 -0.687 0.6366, -0.325 -0.687 0.5047, -0.3388 -0.687 0.503, -0.0663 -0.687 0.4134, -0.341 -0.687 0.503, -0.6693 -0.687 0.4134, -0.3544 -0.687 0.5051, -0.6693 -0.687 0.5085, -0.3623 -0.687 0.5085, -0.3675 -0.687 0.5106, -0.2854 -0.687 0.5402, -0.2855 -0.687 0.5399, -0.0663 -0.687 0.5085, -0.2922 -0.687 0.5273, -0.301 -0.687 0.5175, -0.3123 -0.687 0.5096, -0.3152 -0.687 0.5085, -0.2128 -0.687 0.5738, -0.2088 -0.687 0.5753, -0.2022 -0.687 0.6077, -0.2961 -0.687 0.5981, -0.2198 -0.687 0.6379, -0.306 -0.687 0.6071, -0.3181 -0.687 0.6136, -0.2163 -0.687 0.5713, -0.1089 -0.687 0.5819, -0.1202 -0.687 0.5662, -0.0663 -0.687 0.5402, -0.1347 -0.687 0.6247, -0.1374 -0.687 0.6356, -0.1417 -0.687 0.6437, -0.425 -0.687 0.6437, -0.1017 -0.687 0.6389, -0.0991 -0.687 0.6203, -0.1017 -0.687 0.6, -0.2044 -0.687 0.5759, -0.2039 -0.687 0.5758, -0.2022 -0.687 0.5754, -0.4217 -0.687 0.6095, -0.4149 -0.687 0.598, -0.386 -0.687 0.5921, -0.4047 -0.687 0.5875, -0.3923 -0.687 0.5799, -0.365 -0.687 0.6109, -0.3766 -0.687 0.6029, -0.4265 -0.687 0.6322, -0.4258 -0.687 0.6234, -0.3524 -0.687 0.6157, -0.3388 -0.687 0.6174, -0.3319 -0.687 0.617, -0.1357 -0.687 0.5531, -0.153 -0.687 0.5446, -0.172 -0.687 0.5406, -0.2221 -0.687 0.5582, -0.2219 -0.687 0.5605, -0.2819 -0.687 0.5656, -0.2208 -0.687 0.5648, -0.2186 -0.687 0.5687, -0.146 -0.687 0.5896, -0.1397 -0.687 0.5985, -0.1358 -0.687 0.6086, -0.1344 -0.687 0.6197, -0.2056 -0.687 0.5406, -0.2088 -0.687 0.5411, -0.2125 -0.687 0.5426, -0.2162 -0.687 0.5452, -0.2176 -0.687 0.5465, -0.22 -0.687 0.5501, -0.2215 -0.687 0.554, -0.2822 -0.687 0.554, -0.2819 -0.687 0.5599, -0.201 -0.687 0.5753, -0.1754 -0.687 0.5753, -0.1652 -0.687 0.5773, -0.1551 -0.687 0.5819, -0.1467 -0.687 0.5888, -0.1956 -0.687 0.6983, -0.2085 -0.687 0.7137, -0.3394 -0.687 0.6806, -0.2099 -0.687 0.715, -0.2259 -0.687 0.7261, -0.3307 -0.687 0.6986, -0.3434 -0.687 0.6828, -0.3562 -0.687 0.6875, -0.1427 -0.687 0.6455, -0.1492 -0.687 0.6528, -0.1788 -0.687 0.6641, -0.158 -0.687 0.6589, -0.168 -0.687 0.6628, -0.1834 -0.687 0.6641, -0.1869 -0.687 0.68, -0.3895 -0.687 0.6855, -0.4022 -0.687 0.6788, -0.3755 -0.687 0.6888, -0.412 -0.687 0.67, -0.4199 -0.687 0.6587, -0.3179 -0.687 0.7139, -0.2438 -0.687 0.7329, -0.3026 -0.687 0.725, -0.2631 -0.687 0.7353, -0.284 -0.687 0.7326, -0.3695 -0.687 0.6892, -0.4248 -0.687 0.646, 0.2313 -0.687 0.55, 0.2313 -0.687 0.5408, 0.2388 -0.687 0.5402, 0.2388 -0.687 0.6437, 0.2294 -0.687 0.6209, 0.2294 -0.687 0.6117, 0.2272 -0.687 0.5769, 0.2272 -0.687 0.5861, 0.2135 -0.687 0.5861, 0.1985 -0.687 0.5769, 0.1985 -0.687 0.55, 0.2135 -0.687 0.55, 0.2135 -0.687 0.6117, 0.1985 -0.687 0.6117, 0.1985 -0.687 0.5861, 0.2135 -0.687 0.5408, 0.2135 -0.687 0.5402, 0.1882 -0.687 0.5408, 0.1487 -0.687 0.5551, 0.1499 -0.687 0.5503, 0.1502 -0.687 0.5503, 0.1774 -0.687 0.598, 0.167 -0.687 0.598, 0.1386 -0.687 0.5841, 0.1514 -0.687 0.555, 0.1506 -0.687 0.5523, 0.0685 -0.687 0.6437, 0.0685 -0.687 0.5402, 0.0787 -0.687 0.5532, 0.0787 -0.687 0.5429, 0.0825 -0.687 0.5508, 0.0833 -0.687 0.5505, 0.0833 -0.687 0.5718, 0.0816 -0.687 0.5736, 0.0803 -0.687 0.5756, 0.0792 -0.687 0.5787, 0.0787 -0.687 0.5826, 0.0791 -0.687 0.5862, 0.0832 -0.687 0.5718, 0.0833 -0.687 0.5412, 0.0833 -0.687 0.5402, 0.085 -0.687 0.5405, 0.0883 -0.687 0.5402, 0.0942 -0.687 0.5395, 0.0833 -0.687 0.5085, 0.1145 -0.687 0.5968, 0.1145 -0.687 0.5871, 0.0852 -0.687 0.5948, 0.0882 -0.687 0.5966, 0.0833 -0.687 0.6437, 0.1168 -0.687 0.5524, 0.1156 -0.687 0.5492, 0.1137 -0.687 0.5466, 0.0803 -0.687 0.5894, 0.0822 -0.687 0.5921, 0.0833 -0.687 0.5931, 0.0938 -0.687 0.5986, 0.101 -0.687 0.5993, 0.1199 -0.687 0.6437, 0.1078 -0.687 0.5988, 0.1139 -0.687 0.5659, 0.1158 -0.687 0.5631, 0.1169 -0.687 0.5601, 0.1173 -0.687 0.5564, 0.1108 -0.687 0.544, 0.1076 -0.687 0.5421, 0.1 -0.687 0.5912, 0.097 -0.687 0.591, 0.0891 -0.687 0.5835, 0.0944 -0.687 0.5903, 0.0921 -0.687 0.5891, 0.0892 -0.687 0.5822, 0.0896 -0.687 0.5806, 0.0903 -0.687 0.5793, 0.0913 -0.687 0.5782, 0.0948 -0.687 0.576, 0.1066 -0.687 0.5904, 0.101 -0.687 0.5733, 0.1123 -0.687 0.5884, 0.1049 -0.687 0.5717, 0.1115 -0.687 0.568, 0.0906 -0.687 0.5877, 0.0897 -0.687 0.5865, 0.0892 -0.687 0.5851, 0.0888 -0.687 0.5484, 0.0939 -0.687 0.566, 0.0879 -0.687 0.5687, 0.0952 -0.687 0.5477, 0.0956 -0.687 0.5477, 0.1005 -0.687 0.5632, 0.1007 -0.687 0.5483, 0.107 -0.687 0.5554, 0.1069 -0.687 0.5567, 0.1033 -0.687 0.5492, 0.1042 -0.687 0.5498, 0.1054 -0.687 0.5508, 0.1063 -0.687 0.5521, 0.1068 -0.687 0.5535, 0.1064 -0.687 0.5582, 0.1057 -0.687 0.5596, 0.1044 -0.687 0.5609, 0.2682 -0.687 0.6898, 0.2388 -0.687 0.6898, 0.2764 -0.687 0.6679, 0.2878 -0.687 0.6679, 0.3138 -0.687 0.6437, 0.2573 -0.687 0.7479, 0.2158 -0.687 0.6679, 0.2272 -0.687 0.6679, 0.2349 -0.687 0.6898, 0.1292 -0.687 0.7387, 0.1386 -0.687 0.7486, 0.1292 -0.687 0.7479, 0.1199 -0.687 0.7486, 0.1199 -0.687 0.7479, 0.1269 -0.687 0.7131, 0.1269 -0.687 0.7039, 0.131 -0.687 0.677, 0.1199 -0.687 0.677, 0.1199 -0.687 0.7039, 0.0983 -0.687 0.7039, 0.0983 -0.687 0.677, 0.1199 -0.687 0.7387, 0.1199 -0.687 0.7131, 0.0983 -0.687 0.7387, 0.0983 -0.687 0.7131, 0.0879 -0.687 0.6679, 0.1199 -0.687 0.6679, 0.131 -0.687 0.6679, 0.0879 -0.687 0.7479, 0.0833 -0.687 0.7486, 0.6693 -0.687 0.5085, 0.6693 -0.687 0.5118, 0.3138 -0.687 0.5402, 0.9055 -0.687 0.5118, 0.9055 -0.687 0.4134, 1.3751 -0.687 0.4134, 0.9055 -0.687 0.5085, 1.3751 -0.687 0.5085, 1.3751 -0.687 0.5402, -0.3787 -0.687 0.519, -0.3872 -0.687 0.5295, -0.6693 -0.687 0.5118, -0.9055 -0.687 0.5118, -0.9055 -0.687 0.5085, -2.2638 -0.687 0.5085, -0.9055 -0.687 0.4134, -2.2638 -0.687 0.4134, -1.6434 -0.687 1.3766, -1.6155 -0.687 1.3488, -1.1024 -0.687 1.2402, -1.1417 -0.687 1.2795, -1.1024 -0.687 1.0737, -1.6142 -0.687 1.2795, -1.1024 -0.687 0.9252, -1.6142 -0.687 1.3386, -1.1076 -0.687 1.2598, -1.1139 -0.687 1.268, -1.122 -0.687 1.2743, -1.1037 -0.687 1.2503, -1.1315 -0.687 1.2782, -1.6339 -0.687 1.3727, -1.6194 -0.687 1.3583, -1.6257 -0.687 1.3664, 0.0107 -0.687 0.7486, 0.0107 -0.687 0.8858, 0.0155 -0.687 0.8858, 0.0685 -0.687 0.8858, 0.0529 -0.687 0.7493, 0.0615 -0.687 0.7486, 1.3751 -0.687 0.6437, 1.3751 -0.687 0.7486, 0.3138 -0.687 0.7486, 1.063 -0.687 0.8858, 1.1024 -0.687 0.9252, 1.1024 -0.687 1.0737, 1.3751 -0.687 1.0737, 1.1024 -0.687 1.2402, 1.101 -0.687 0.915, 1.0971 -0.687 0.9055, 1.0908 -0.687 0.8974, 1.0827 -0.687 0.8911, 1.0732 -0.687 0.8872, 1.1417 -0.687 1.2795, 1.1315 -0.687 1.2782, 1.122 -0.687 1.2743, 1.1139 -0.687 1.268, 1.1037 -0.687 1.2503, 1.1076 -0.687 1.2598, 1.3751 -0.687 1.2795, 1.6142 -0.687 1.2795, 2.3438 -0.687 1.0737, 1.6142 -0.687 1.3386, 2.2317 -0.687 1.378, 1.6535 -0.687 1.378, 1.6155 -0.687 1.3488, 1.6434 -0.687 1.3766, 1.6339 -0.687 1.3727, 1.6257 -0.687 1.3664, 1.6194 -0.687 1.3583, 2.2638 -0.687 0.7486, 2.2638 -0.687 0.6437, 2.2638 -0.687 0.5402, 2.2638 -0.687 0.5085, 2.2638 -0.687 0.4134, 0.0719 -0.687 0.746, 0.0719 -0.687 0.7352, 0.0685 -0.687 0.6698, 0.0705 -0.687 0.6705, 0.0719 -0.687 0.6712, 0.0719 -0.687 0.6811, 0.053 -0.687 0.74, 0.0495 -0.687 0.7398, 0.0685 -0.687 0.6795, 0.0629 -0.687 0.7388, 0.071 -0.687 0.7357, 0.0685 -0.687 0.7367, 0.0426 -0.687 0.7384, 0.0363 -0.687 0.7354, 0.0312 -0.687 0.7311, 0.0307 -0.687 0.7305, 0.0268 -0.687 0.7249, 0.0241 -0.687 0.718, 0.0228 -0.687 0.707, 0.0229 -0.687 0.7037, 0.0653 -0.687 0.678, 0.0565 -0.687 0.676, 0.0512 -0.687 0.6757, 0.0243 -0.687 0.6957, 0.0269 -0.687 0.6893, 0.0307 -0.687 0.6842, 0.0328 -0.687 0.6821, 0.044 -0.687 0.6765, 0.0382 -0.687 0.6786, 0.3138 -0.687 0.8858, 0.2388 -0.687 0.8858, 0.2388 -0.687 0.7486, 0.2135 -0.687 0.8858, 0.2135 -0.687 0.7486, 0.1386 -0.687 0.8858, 0.1199 -0.687 0.8858, 0.0833 -0.687 0.8858, 0.0155 -0.687 0.7248, 0.0177 -0.687 0.7299, 0.0235 -0.687 0.7375, 0.0255 -0.687 0.7394, 0.033 -0.687 0.7447, 0.0139 -0.687 0.721, 0.0155 -0.687 0.6882, 0.0135 -0.687 0.6934, 0.0107 -0.687 0.6437, 0.012 -0.687 0.7064, 0.0121 -0.687 0.7106, 0.0155 -0.687 0.6437, 0.0352 -0.687 0.6689, 0.0277 -0.687 0.6727, 0.0619 -0.687 0.6677, 0.0497 -0.687 0.6665, 0.0436 -0.687 0.6669, 0.0222 -0.687 0.6775, 0.0215 -0.687 0.6782, 0.0168 -0.687 0.685, 0.0232 -0.687 0.5682, 0.0247 -0.687 0.5843, 0.0212 -0.687 0.5653, 0.0198 -0.687 0.5618, 0.0155 -0.687 0.5402, 0.0208 -0.687 0.5482, 0.0196 -0.687 0.5516, 0.0504 -0.687 0.5988, 0.0547 -0.687 0.5975, 0.0263 -0.687 0.5708, 0.0306 -0.687 0.573, 0.0308 -0.687 0.5882, 0.0381 -0.687 0.5748, 0.0469 -0.687 0.5908, 0.0435 -0.687 0.5912, 0.0371 -0.687 0.5905, 0.0274 -0.687 0.5416, 0.024 -0.687 0.544, 0.0229 -0.687 0.5451, 0.058 -0.687 0.5956, 0.0607 -0.687 0.5931, 0.0627 -0.687 0.5898, 0.055 -0.687 0.5497, 0.0548 -0.687 0.5497, 0.055 -0.687 0.5408, 0.0532 -0.687 0.5472, 0.05 -0.687 0.5439, 0.0247 -0.687 0.594, 0.0268 -0.687 0.5952, 0.0343 -0.687 0.5981, 0.0444 -0.687 0.5993, 0.0191 -0.687 0.5562, 0.0192 -0.687 0.5575, 0.055 -0.687 0.5772, 0.0547 -0.687 0.5816, 0.0537 -0.687 0.5852, 0.0525 -0.687 0.5873, 0.0643 -0.687 0.5852, 0.0651 -0.687 0.5777, 0.0651 -0.687 0.5408, 0.051 -0.687 0.5889, 0.0492 -0.687 0.59, 0.0427 -0.687 0.5402, 0.0425 -0.687 0.5401, 0.0685 -0.687 0.5085, 0.0373 -0.687 0.5395, 0.0155 -0.687 0.5085, 0.0314 -0.687 0.5402, 0.0313 -0.687 0.5402, 0.1386 -0.687 0.5572, 0.1225 -0.687 0.598, 0.1337 -0.687 0.598, 0.1449 -0.687 0.541, 0.1446 -0.687 0.5402, 0.1405 -0.687 0.5306, 0.1199 -0.687 0.5085, 0.1246 -0.687 0.5147, 0.1246 -0.687 0.5237, 0.1266 -0.687 0.523, 0.1303 -0.687 0.5225, 0.1386 -0.687 0.5157, 0.1351 -0.687 0.5144, 0.1386 -0.687 0.5085, 0.131 -0.687 0.5139, 0.1288 -0.687 0.514, 0.1327 -0.687 0.5228, 0.1349 -0.687 0.5236, 0.1514 -0.687 0.5322, 0.1469 -0.687 0.5234, 0.2135 -0.687 0.5085, 0.1546 -0.687 0.5402, 0.1432 -0.687 0.519, 0.1426 -0.687 0.5183, 0.1391 -0.687 0.5159, 0.3274 -0.687 0.5408, 0.316 -0.687 0.5408, 0.3767 -0.687 0.5408, 0.3685 -0.687 0.5628, 0.3351 -0.687 0.5628, 0.3465 -0.687 0.6209, 0.3576 -0.687 0.6209, 0.3881 -0.687 0.5408, 0.2463 -0.687 0.7479, 0.2388 -0.687 0.7285, 0.2388 -0.687 0.5085, 0.3138 -0.687 0.5085, 0.2684 -0.687 0.5408, 0.2464 -0.687 0.5408, 0.2135 -0.687 0.5769, 0.3094 -0.687 0.5674, 0.3055 -0.687 0.5591, 0.2995 -0.687 0.5521, 0.2911 -0.687 0.546, 0.282 -0.687 0.5425, 0.2464 -0.687 0.6209, 0.2692 -0.687 0.6209, 0.2815 -0.687 0.6196, 0.2911 -0.687 0.616, 0.2995 -0.687 0.6103, 0.3024 -0.687 0.6075, 0.3073 -0.687 0.6005, 0.3103 -0.687 0.5929, 0.3116 -0.687 0.5819, 0.3113 -0.687 0.5768, 0.1461 -0.687 0.6679, 0.2111 -0.687 0.7038, 0.2091 -0.687 0.6944, 0.207 -0.687 0.7276, 0.21 -0.687 0.7199, 0.2113 -0.687 0.7089, 0.2052 -0.687 0.6862, 0.1992 -0.687 0.6791, 0.1908 -0.687 0.6731, 0.1461 -0.687 0.7479, 0.169 -0.687 0.7479, 0.1812 -0.687 0.7466, 0.1909 -0.687 0.7431, 0.1992 -0.687 0.7373, 0.2021 -0.687 0.7346, 0.1199 -0.687 0.4134, 0.1386 -0.687 0.4134, 0.2135 -0.687 0.4134, 0.2388 -0.687 0.4134, 0.3138 -0.687 0.4134, 0.6693 -0.687 0.4134, 0.0685 -0.687 0.4134, 0.0833 -0.687 0.4134, 0.0465 -0.687 0.5416, 0.0107 -0.687 0.5085, 0.0107 -0.687 0.4134, 0.0155 -0.687 0.4134, 0.0107 -0.687 0.5402, 0.0077 -0.687 0.6209, 0.0077 -0.687 0.6117, -0.0335 -0.687 0.6209, -0.0335 -0.687 0.5408, -0.0232 -0.687 0.5769, -0.0232 -0.687 0.55, 0.0054 -0.687 0.5769, 0.0095 -0.687 0.55, 0.0054 -0.687 0.5861, -0.0232 -0.687 0.6117, -0.0232 -0.687 0.5861, 0.0095 -0.687 0.5408, -0.0232 -0.687 0.7479, -0.0232 -0.687 0.677, 0.0087 -0.687 0.677, -0.0335 -0.687 0.6679, -0.0335 -0.687 0.7479, 0.0087 -0.687 0.6679
            ]
        }
        coordIndex [
            0,1,2,-1,3,4,5,-1,6,7,8,-1,9,10,11,-1,12,13,14,-1,15,16,17,-1,18,19,20,-1,21,22,23,-1,24,25,26,-1,26,25,27,-1,26,27,28,-1,28,27,29,-1,30,31,27,-1,27,31,32,-1,27,32,29,-1,33,34,17,-1,17,34,35,-1,36,37,27,-1,27,37,38,-1,27,38,30,-1,39,40,41,-1,41,40,42,-1,41,42,35,-1,43,44,45,-1,45,44,36,-1,46,47,41,-1,41,47,48,-1,41,48,39,-1,43,45,49,-1,49,45,46,-1,49,46,50,-1,50,46,51,-1,51,46,41,-1,51,41,52,-1,41,53,54,-1,54,55,41,-1,41,55,56,-1,41,56,57,-1,41,58,52,-1,52,58,59,-1,52,59,60,-1,60,59,61,-1,60,61,62,-1,57,63,41,-1,41,63,64,-1,41,64,58,-1,65,66,67,-1,67,66,68,-1,65,67,69,-1,69,67,70,-1,69,70,71,-1,68,72,67,-1,67,72,73,-1,67,73,53,-1,53,73,74,-1,53,74,54,-1,75,76,77,-1,77,76,78,-1,77,78,79,-1,79,78,80,-1,79,80,81,-1,81,80,82,-1,81,82,83,-1,84,85,86,-1,86,85,87,-1,87,88,86,-1,86,88,89,-1,86,89,90,-1,91,92,93,-1,94,95,96,-1,96,95,97,-1,91,93,98,-1,99,100,101,-1,102,103,95,-1,95,103,104,-1,95,104,105,-1,24,106,25,-1,25,106,107,-1,25,107,101,-1,101,107,108,-1,101,108,99,-1,92,109,93,-1,93,109,110,-1,93,110,111,-1,112,113,114,-1,114,113,115,-1,114,115,116,-1,117,105,118,-1,118,105,119,-1,118,119,114,-1,114,119,120,-1,114,120,112,-1,117,121,105,-1,105,121,122,-1,105,122,95,-1,95,122,123,-1,95,123,97,-1,100,124,101,-1,101,124,125,-1,101,125,126,-1,127,128,129,-1,129,128,130,-1,129,130,93,-1,93,130,131,-1,93,131,98,-1,132,133,93,-1,93,133,134,-1,93,134,95,-1,95,134,135,-1,95,135,102,-1,136,137,84,-1,137,138,84,-1,84,138,139,-1,84,139,140,-1,140,141,84,-1,84,141,142,-1,84,142,143,-1,143,142,127,-1,143,127,144,-1,144,127,129,-1,111,145,93,-1,93,145,146,-1,93,146,147,-1,147,148,93,-1,93,148,149,-1,93,149,132,-1,150,151,152,-1,151,153,152,-1,152,153,154,-1,152,154,155,-1,104,152,105,-1,105,152,156,-1,105,156,157,-1,158,159,160,-1,160,159,161,-1,160,161,162,-1,158,160,104,-1,104,160,163,-1,104,163,152,-1,152,163,164,-1,152,164,150,-1,165,166,167,-1,167,166,168,-1,167,168,169,-1,155,154,170,-1,170,154,171,-1,170,171,172,-1,172,171,173,-1,172,173,174,-1,157,175,105,-1,105,175,167,-1,105,167,176,-1,176,167,169,-1,177,178,179,-1,23,22,180,-1,180,22,181,-1,180,181,182,-1,183,180,184,-1,184,180,182,-1,184,182,185,-1,186,187,188,-1,182,189,185,-1,185,189,190,-1,185,190,191,-1,178,192,193,-1,193,192,194,-1,195,196,197,-1,198,2,199,-1,199,2,200,-1,199,200,201,-1,201,200,195,-1,201,195,202,-1,202,195,197,-1,203,204,205,-1,205,204,206,-1,207,208,209,-1,210,211,205,-1,211,212,205,-1,205,212,213,-1,205,213,203,-1,203,213,214,-1,207,209,205,-1,205,209,215,-1,205,215,210,-1,216,217,218,-1,218,217,219,-1,220,219,221,-1,221,219,217,-1,221,217,204,-1,204,217,216,-1,204,216,206,-1,222,223,20,-1,224,225,226,-1,227,228,20,-1,20,228,229,-1,214,230,203,-1,203,230,231,-1,203,231,226,-1,226,231,232,-1,226,232,224,-1,225,233,226,-1,226,233,234,-1,226,234,235,-1,235,234,236,-1,235,236,222,-1,237,238,223,-1,223,238,239,-1,223,239,20,-1,20,239,240,-1,20,240,227,-1,229,241,20,-1,20,241,242,-1,20,242,18,-1,243,244,245,-1,245,244,246,-1,245,246,247,-1,245,248,243,-1,243,248,249,-1,243,249,250,-1,250,251,243,-1,243,251,252,-1,243,252,253,-1,253,252,254,-1,253,254,255,-1,255,254,256,-1,255,256,223,-1,223,256,257,-1,223,257,237,-1,258,259,247,-1,247,259,260,-1,247,260,245,-1,261,262,208,-1,208,262,263,-1,208,263,209,-1,261,264,262,-1,262,264,265,-1,262,265,266,-1,266,265,267,-1,266,268,269,-1,267,270,266,-1,266,270,271,-1,266,271,272,-1,272,273,266,-1,266,273,274,-1,266,274,268,-1,269,275,266,-1,266,275,276,-1,266,276,277,-1,278,279,280,-1,280,279,180,-1,280,180,281,-1,281,180,282,-1,281,282,283,-1,284,23,285,-1,285,23,180,-1,285,180,286,-1,286,180,279,-1,287,288,289,-1,289,288,290,-1,289,290,291,-1,292,293,294,-1,294,293,295,-1,293,296,295,-1,295,296,297,-1,295,297,298,-1,287,299,300,-1,300,299,301,-1,300,301,302,-1,303,226,304,-1,304,226,235,-1,304,235,305,-1,305,235,2,-1,305,2,294,-1,291,290,306,-1,306,290,307,-1,306,307,303,-1,308,309,310,-1,310,309,311,-1,312,313,314,-1,314,313,315,-1,314,315,311,-1,311,315,316,-1,311,316,310,-1,83,317,81,-1,81,317,318,-1,81,318,319,-1,319,318,70,-1,319,70,320,-1,320,70,67,-1,320,67,321,-1,321,67,322,-1,321,322,323,-1,323,322,324,-1,325,15,326,-1,327,328,329,-1,329,328,330,-1,42,331,35,-1,35,331,329,-1,35,329,17,-1,17,329,330,-1,17,330,15,-1,15,330,332,-1,15,332,326,-1,333,334,335,-1,327,336,328,-1,328,336,333,-1,328,333,337,-1,337,333,335,-1,325,326,338,-1,338,326,339,-1,338,339,340,-1,36,27,45,-1,45,27,341,-1,45,341,342,-1,342,8,343,-1,343,8,7,-1,343,7,344,-1,344,7,345,-1,344,345,346,-1,347,348,349,-1,349,348,350,-1,351,348,352,-1,352,348,353,-1,352,353,354,-1,351,355,348,-1,348,355,356,-1,348,356,357,-1,357,358,348,-1,348,358,359,-1,348,359,350,-1,354,360,361,-1,361,362,354,-1,354,362,363,-1,354,363,364,-1,364,363,365,-1,360,354,366,-1,366,354,353,-1,366,353,367,-1,367,353,368,-1,367,368,369,-1,368,370,369,-1,369,370,371,-1,369,371,372,-1,372,371,373,-1,373,374,372,-1,372,374,375,-1,372,375,376,-1,14,368,12,-1,12,368,353,-1,12,353,377,-1,377,353,348,-1,377,348,378,-1,378,348,347,-1,378,347,379,-1,379,347,316,-1,379,316,380,-1,380,316,315,-1,380,315,381,-1,381,315,313,-1,11,10,307,-1,307,10,382,-1,307,382,383,-1,384,203,385,-1,385,203,226,-1,385,226,386,-1,386,226,387,-1,388,389,390,-1,388,390,391,-1,303,307,226,-1,226,307,383,-1,226,383,387,-1,387,383,392,-1,387,392,390,-1,390,392,393,-1,390,393,391,-1,389,394,390,-1,390,394,395,-1,390,395,396,-1,396,397,390,-1,390,397,398,-1,390,398,399,-1,399,400,390,-1,390,400,401,-1,390,401,402,-1,402,401,403,-1,403,401,404,-1,404,401,405,-1,404,405,406,-1,406,407,404,-1,404,407,408,-1,404,408,409,-1,409,408,410,-1,350,411,349,-1,349,411,412,-1,349,412,413,-1,413,412,414,-1,413,414,415,-1,415,414,416,-1,415,416,288,-1,288,416,417,-1,288,417,290,-1,290,417,418,-1,290,418,307,-1,307,418,344,-1,307,344,11,-1,11,344,346,-1,11,346,9,-1,419,420,8,-1,8,420,421,-1,421,422,8,-1,8,422,423,-1,8,423,6,-1,342,341,8,-1,8,341,424,-1,8,424,419,-1,425,426,427,-1,427,426,428,-1,427,428,341,-1,341,428,429,-1,341,429,424,-1,430,431,432,-1,384,433,203,-1,203,433,434,-1,203,434,430,-1,430,434,435,-1,430,435,431,-1,432,436,430,-1,430,436,437,-1,430,437,438,-1,439,440,441,-1,441,440,442,-1,443,444,445,-1,446,447,203,-1,439,448,440,-1,440,448,449,-1,440,449,450,-1,450,449,451,-1,452,453,451,-1,451,453,454,-1,451,454,450,-1,455,456,443,-1,443,456,457,-1,443,457,444,-1,447,458,203,-1,203,458,459,-1,203,459,460,-1,461,462,463,-1,463,462,464,-1,463,464,465,-1,466,467,430,-1,430,467,468,-1,430,468,203,-1,203,468,469,-1,203,469,446,-1,445,470,443,-1,443,470,471,-1,443,471,430,-1,430,471,442,-1,430,442,466,-1,466,442,440,-1,472,473,451,-1,451,473,474,-1,451,474,475,-1,460,476,203,-1,203,476,477,-1,203,477,204,-1,204,477,478,-1,204,478,463,-1,475,479,451,-1,451,479,480,-1,451,480,452,-1,481,482,483,-1,482,484,485,-1,485,484,486,-1,485,486,443,-1,443,486,487,-1,443,487,455,-1,5,488,20,-1,20,488,489,-1,222,20,235,-1,235,20,489,-1,235,489,2,-1,2,489,490,-1,2,490,200,-1,491,488,492,-1,492,488,5,-1,492,5,493,-1,493,5,4,-1,494,495,496,-1,220,221,19,-1,19,221,494,-1,19,494,20,-1,20,494,496,-1,20,496,5,-1,5,496,497,-1,5,497,498,-1,499,500,501,-1,501,500,502,-1,501,502,494,-1,494,502,503,-1,494,503,495,-1,498,504,5,-1,5,504,505,-1,5,505,3,-1,506,507,508,-1,506,508,509,-1,507,510,508,-1,508,510,511,-1,508,511,501,-1,501,511,512,-1,501,512,499,-1,513,514,310,-1,515,516,517,-1,310,514,282,-1,282,514,518,-1,282,518,519,-1,517,513,515,-1,515,513,310,-1,515,310,520,-1,520,310,316,-1,520,316,519,-1,519,316,347,-1,519,347,282,-1,282,347,349,-1,282,349,283,-1,283,349,413,-1,283,413,521,-1,521,413,522,-1,178,193,179,-1,179,193,523,-1,179,523,524,-1,525,179,310,-1,310,179,524,-1,310,524,308,-1,525,526,179,-1,179,526,180,-1,179,180,177,-1,177,180,183,-1,177,183,188,-1,188,183,527,-1,188,527,186,-1,528,529,310,-1,310,529,530,-1,530,531,310,-1,310,531,532,-1,310,532,525,-1,526,533,180,-1,180,533,534,-1,180,534,282,-1,282,534,535,-1,282,535,536,-1,536,537,282,-1,282,537,538,-1,282,538,539,-1,539,540,282,-1,282,540,541,-1,282,541,310,-1,310,541,542,-1,310,542,528,-1,1,543,2,-1,2,543,288,-1,2,288,294,-1,294,288,287,-1,294,287,292,-1,292,287,300,-1,544,545,23,-1,546,547,415,-1,415,547,548,-1,545,549,23,-1,23,549,550,-1,23,550,551,-1,551,0,23,-1,23,0,2,-1,23,2,21,-1,21,2,198,-1,21,198,194,-1,194,198,509,-1,194,509,193,-1,193,509,508,-1,193,508,523,-1,543,552,288,-1,288,552,553,-1,288,553,415,-1,415,553,554,-1,415,554,555,-1,555,556,415,-1,415,556,557,-1,415,557,546,-1,522,413,284,-1,284,413,415,-1,284,415,23,-1,23,415,548,-1,23,548,544,-1,221,558,494,-1,494,558,559,-1,494,559,501,-1,501,559,560,-1,501,560,508,-1,508,560,561,-1,508,561,523,-1,523,561,562,-1,523,562,524,-1,524,562,563,-1,524,563,308,-1,482,485,483,-1,483,485,564,-1,483,564,565,-1,465,566,463,-1,463,566,481,-1,463,481,204,-1,204,481,483,-1,204,483,221,-1,221,483,565,-1,221,565,558,-1,567,568,569,-1,438,425,430,-1,430,425,427,-1,430,427,443,-1,443,427,570,-1,443,570,485,-1,568,86,77,-1,77,86,90,-1,77,90,75,-1,568,567,86,-1,86,567,101,-1,86,101,84,-1,84,101,126,-1,84,126,136,-1,427,571,572,-1,571,427,573,-1,573,427,25,-1,573,25,574,-1,574,25,101,-1,574,101,570,-1,570,101,567,-1,570,567,485,-1,485,567,569,-1,485,569,564,-1,575,576,577,-1,577,576,578,-1,577,578,579,-1,580,581,572,-1,572,581,579,-1,572,579,427,-1,427,579,578,-1,427,578,570,-1,570,578,582,-1,570,582,574,-1,583,584,585,-1,586,587,27,-1,27,587,583,-1,27,583,341,-1,341,583,585,-1,341,585,427,-1,427,585,588,-1,427,588,25,-1,25,588,586,-1,25,586,27,-1,
        ]
    }
}
Shape{
    appearance Appearance {
        material  Material 	{
            diffuseColor 0.7529411764705882 0.7529411764705882 0.7529411764705882
            specularColor 0.7529411764705882 0.7529411764705882 0.7529411764705882
            ambientIntensity 0.7529
            transparency 0.0
            shininess 0.5
        }
    }
    geometry IndexedFaceSet {
        ccw TRUE
        solid FALSE
        coord DEF co Coordinate {
            point [
                2.3425 0.3711 0.8452, 2.3425 0.3609 0.853, 2.3425 -0.6083 0.5118, 2.3425 -0.379 0.8403, 2.3425 -0.3917 0.8386, 2.3425 -0.3442 0.8751, 2.3425 -0.3491 0.8632, 2.3425 0.3481 0.8751, 2.3425 -0.3671 0.8452, 2.3425 -0.3569 0.853, 2.3425 -0.6831 0.8386, 2.3425 -0.6831 0.566, 2.3425 -0.6746 0.5482, 2.3425 -0.6621 0.533, 2.3425 -0.6461 0.5215, 2.3425 -0.6278 0.5143, 2.3425 0.3829 0.8403, 2.3425 0.6122 0.5118, 2.3425 0.3957 0.8386, 2.3425 0.6317 0.5143, 2.3425 0.65 0.5215, 2.3425 0.353 0.8632, 2.3425 0.687 0.566, 2.3425 0.687 0.8386, 2.3425 0.6786 0.5482, 2.3425 0.666 0.533, 2.3425 -0.3569 0.9226, 2.3425 -0.3491 0.9124, 2.3425 0.353 0.9124, 2.3425 -0.3442 0.9005, 2.3425 0.3957 0.937, 2.3425 0.3957 1.0771, 2.3425 0.3829 0.9353, 2.3425 0.3957 1.2598, 2.3425 0.3711 0.9304, 2.3425 -0.3425 0.8878, 2.3425 0.3465 0.8878, 2.3425 0.3481 0.9005, 2.3425 0.3609 0.9226, 2.3425 -0.3917 1.2598, 2.3425 -0.3671 0.9304, 2.3425 -0.379 0.9353, 2.3425 -0.3917 1.0771, 2.3425 -0.3917 0.937, 2.2638 -0.6083 0.5118, 2.2638 -0.6278 0.5143, 2.2638 -0.6461 0.5215, 2.2638 -0.6621 0.533, 2.2638 -0.6746 0.5482, 2.2638 -0.6831 0.566, 2.2638 -0.6831 0.8386, 2.2638 -0.3917 0.8386, 2.2638 0.687 0.566, 2.2638 0.6786 0.5482, 2.2638 0.666 0.533, 2.2638 0.65 0.5215, 2.2638 0.6317 0.5143, 2.2638 0.6122 0.5118, 2.2638 0.687 0.8386, 2.2638 0.3957 0.8386
            ]
        }
        coordIndex [
            0,1,2,-1,2,3,4,-1,5,6,7,-1,3,2,8,-1,8,2,1,-1,8,1,9,-1,10,11,4,-1,4,11,12,-1,4,12,13,-1,13,14,4,-1,4,14,15,-1,4,15,2,-1,0,2,16,-1,16,2,17,-1,16,17,18,-1,18,17,19,-1,18,19,20,-1,9,1,6,-1,6,1,21,-1,6,21,7,-1,22,23,24,-1,24,23,18,-1,24,18,25,-1,25,18,20,-1,26,27,28,-1,28,27,29,-1,30,31,32,-1,32,31,33,-1,32,33,34,-1,5,7,35,-1,35,7,36,-1,35,36,29,-1,29,36,37,-1,29,37,28,-1,34,33,38,-1,38,33,39,-1,38,39,28,-1,26,28,40,-1,40,28,39,-1,40,39,41,-1,41,39,42,-1,41,42,43,-1,44,2,15,-1,44,15,45,-1,45,15,14,-1,45,14,46,-1,46,14,13,-1,46,13,47,-1,47,13,12,-1,47,12,48,-1,48,12,11,-1,48,11,49,-1,10,4,50,-1,50,4,51,-1,52,22,24,-1,52,24,53,-1,53,24,25,-1,53,25,54,-1,54,25,20,-1,54,20,55,-1,55,20,19,-1,55,19,56,-1,56,19,17,-1,56,17,57,-1,58,59,23,-1,23,59,18,-1,
        ]
    }
}
Shape{
    appearance Appearance {
        material  Material 	{
            diffuseColor 0.2 0.2 0.2
            specularColor 0.2 0.2 0.2
            ambientIntensity 0.2
            transparency 0.0
            shininess 0.5
        }
    }
    geometry IndexedFaceSet {
        ccw TRUE
        solid FALSE
        coord DEF co Coordinate {
            point [
                0.9055 -0.5295 0.5118, 0.9055 -0.687 0.5118, 0.6693 -0.5295 0.5118, 0.6693 -0.687 0.5118, -0.9055 -0.5703 0.5064, -0.9055 -0.5295 0.5118, -0.9055 -0.687 0.5118, -0.9055 -0.687 0.5085, -0.9055 -0.687 0.4134, -0.9055 -0.6755 0.4134, -0.9055 -0.6659 0.4331, -0.9055 -0.6409 0.4657, -0.9055 -0.6083 0.4907, -0.6693 -0.687 0.5118, -0.6693 -0.5295 0.5118, -0.6693 -0.5703 0.5064, -0.6693 -0.6755 0.4134, -0.6693 -0.687 0.4134, -0.6693 -0.6659 0.4331, -0.6693 -0.687 0.5085, -0.6693 -0.6409 0.4657, -0.6693 -0.6083 0.4907
            ]
        }
        coordIndex [
            0,1,2,-1,2,1,3,-1,4,5,6,-1,7,8,9,-1,9,10,7,-1,7,10,11,-1,7,11,6,-1,6,11,12,-1,6,12,4,-1,13,14,15,-1,16,17,18,-1,18,17,19,-1,18,19,20,-1,20,19,13,-1,20,13,21,-1,21,13,15,-1,14,13,5,-1,5,13,6,-1,
        ]
    }
}
Shape{
    appearance Appearance {
        material  Material 	{
            diffuseColor 0.7529411764705882 0.7529411764705882 0.7529411764705882
            specularColor 0.7529411764705882 0.7529411764705882 0.7529411764705882
            ambientIntensity 0.7529
            transparency 0.0
            shininess 0.5
        }
    }
    geometry IndexedFaceSet {
        ccw TRUE
        solid FALSE
        coord DEF co Coordinate {
            point [
                -1.5748 0.5531 1.2795, -1.5748 0.5531 1.3583, -1.5748 0.5925 1.2795, -1.5748 0.5925 1.3583, -1.5748 0.6129 1.3556, -1.5748 0.6713 1.0039, -1.5748 0.5925 1.0039, -1.5748 0.6713 1.2795, -1.5748 0.6686 1.2999, -1.5748 0.6607 1.3189, -1.5748 0.6319 1.3477, -1.5748 0.6482 1.3352, -1.158 0.6713 1.1845, -1.1417 0.6713 1.172, -1.4961 0.6713 0.9252, -0.2799 0.6713 1.1614, -0.2799 0.6713 0.9252, -1.1024 0.6713 1.1614, -1.1227 0.6713 1.1641, -1.5354 0.6713 0.9357, -1.5517 0.6713 0.9483, -1.1706 0.6713 1.2008, -1.5643 0.6713 0.9646, -1.5721 0.6713 0.9836, -1.1784 0.6713 1.2198, -1.1811 0.6713 1.2402, -1.1811 0.6713 1.2795, -1.5164 0.6713 0.9279, -1.1811 0.5925 1.2795, -1.1811 0.5925 1.2402, -1.1811 0.6129 1.3556, -1.1811 0.5925 1.3583, -1.1811 0.6686 1.2999, -1.1811 0.6607 1.3189, -1.1811 0.6482 1.3352, -1.1811 0.6319 1.3477, 1.1811 0.5925 1.2795, 1.1811 0.5925 1.3583, 1.1811 0.6129 1.3556, 1.1811 0.6319 1.3477, 1.1811 0.6482 1.3352, 1.1811 0.6607 1.3189, 1.1811 0.6713 1.2402, 1.1811 0.5925 1.2402, 1.1811 0.6713 1.2795, 1.1811 0.6686 1.2999, 1.5748 0.6713 1.2795, 1.1784 0.6713 1.2198, 0.2799 0.6713 0.9252, 0.2799 0.6713 1.1614, 1.4961 0.6713 0.9252, 1.1024 0.6713 1.1614, 1.1227 0.6713 1.1641, 1.5748 0.6713 1.0039, 1.5721 0.6713 0.9836, 1.1706 0.6713 1.2008, 1.5643 0.6713 0.9646, 1.5517 0.6713 0.9483, 1.1417 0.6713 1.172, 1.158 0.6713 1.1845, 1.5164 0.6713 0.9279, 1.5354 0.6713 0.9357, 1.5748 0.5531 1.3583, 1.5748 0.5531 1.2795, 1.5748 0.5925 1.3583, 1.5748 0.5925 1.2795, 1.5748 0.5925 1.0039, 1.5748 0.6482 1.3352, 1.5748 0.6319 1.3477, 1.5748 0.6129 1.3556, 1.5748 0.6686 1.2999, 1.5748 0.6607 1.3189, 1.6142 -0.5598 1.2795, 1.6015 -0.5689 1.2795, 1.177 -0.5689 1.2795, 1.1565 0.5499 1.2795, 1.1667 0.5577 1.2795, 1.0827 0.3117 1.2795, 1.6535 -0.5492 1.2795, 1.6332 -0.5519 1.2795, 2.1457 0.3957 1.2795, -2.2638 -0.3917 1.2795, -2.2638 0.3957 1.2795, -2.1457 -0.3917 1.2795, -2.1457 0.3957 1.2795, -2.1457 0.5531 1.2795, -1.6732 0.5531 1.2795, 2.1457 -0.5492 1.2795, 2.1457 -0.3917 1.2795, 2.2638 -0.3917 1.2795, 2.2638 0.3957 1.2795, -1.0971 0.2972 1.2795, -1.101 0.2877 1.2795, -1.1794 0.5798 1.2795, 1.6732 0.5531 1.2795, 2.1457 0.5531 1.2795, 1.6716 0.5404 1.2795, -1.0908 0.3054 1.2795, 1.0908 -0.3015 1.2795, 1.0971 -0.2933 1.2795, 1.101 -0.2838 1.2795, 1.1024 -0.2736 1.2795, 1.1024 0.2776 1.2795, 1.1794 0.5798 1.2795, 1.5765 0.5404 1.2795, 1.5814 0.5285 1.2795, 1.5892 0.5184 1.2795, 1.6368 0.5056 1.2795, 1.6486 0.5105 1.2795, -1.6486 0.5105 1.2795, -1.6368 0.5056 1.2795, -1.1439 -0.5409 1.2795, -1.1552 -0.5452 1.2795, -1.0827 -0.3077 1.2795, -1.1651 -0.5523 1.2795, 1.0827 -0.3077 1.2795, 1.173 -0.5615 1.2795, 1.1651 -0.5523 1.2795, 1.101 0.2877 1.2795, 1.0971 0.2972 1.2795, 1.0908 0.3054 1.2795, 1.1745 0.5679 1.2795, 1.5994 0.5105 1.2795, 1.6113 0.5056 1.2795, 1.624 0.5039 1.2795, 1.6588 0.5184 1.2795, 1.6666 0.5285 1.2795, -1.6716 0.5404 1.2795, -1.6666 0.5285 1.2795, -1.6588 0.5184 1.2795, -1.5994 0.5105 1.2795, -1.5892 0.5184 1.2795, -1.5814 0.5285 1.2795, -1.5765 0.5404 1.2795, -1.173 -0.5615 1.2795, -1.177 -0.5689 1.2795, -1.0908 -0.3015 1.2795, -1.6015 -0.5689 1.2795, -1.0971 -0.2933 1.2795, 1.0908 -0.5615 1.2795, -1.063 -0.313 1.2795, 1.0987 -0.5523 1.2795, 1.063 -0.313 1.2795, 1.1086 -0.5452 1.2795, -1.0854 -0.5723 1.2795, -1.0908 -0.5615 1.2795, -1.0893 0.5679 1.2795, -1.0844 0.5798 1.2795, -1.063 0.3169 1.2795, -1.0827 0.5925 1.2795, 1.0827 0.5925 1.2795, -1.624 0.5039 1.2795, -1.6113 0.5056 1.2795, -1.0827 0.3117 1.2795, -1.1745 0.5679 1.2795, -1.0732 0.3156 1.2795, -1.1024 0.2776 1.2795, -1.1024 -0.2736 1.2795, -2.1457 -0.5492 1.2795, -1.101 -0.2838 1.2795, -1.6535 -0.5492 1.2795, -1.6332 -0.5519 1.2795, -1.1319 -0.5394 1.2795, -1.0732 -0.3117 1.2795, -1.1199 -0.5409 1.2795, -1.1086 -0.5452 1.2795, 1.0971 0.5577 1.2795, 1.063 0.3169 1.2795, 1.0893 0.5679 1.2795, 1.0844 0.5798 1.2795, 1.1073 0.5499 1.2795, 1.1192 0.545 1.2795, 1.0732 0.3156 1.2795, 1.1319 0.5433 1.2795, 1.1446 0.545 1.2795, -1.1667 0.5577 1.2795, -1.1565 0.5499 1.2795, -1.6142 -0.5598 1.2795, 1.1552 -0.5452 1.2795, 1.1439 -0.5409 1.2795, 1.0732 -0.3117 1.2795, 1.1319 -0.5394 1.2795, 1.1199 -0.5409 1.2795, -1.0987 -0.5523 1.2795, 1.0827 -0.5886 1.2795, -1.0827 -0.5886 1.2795, 1.0829 -0.5842 1.2795, 1.0854 -0.5723 1.2795, -1.1446 0.545 1.2795, -1.1319 0.5433 1.2795, -1.1192 0.545 1.2795, -1.1073 0.5499 1.2795, -1.0971 0.5577 1.2795, -1.0829 -0.5842 1.2795, 1.1667 0.5577 1.3583, 1.5814 0.5285 1.3583, 1.5765 0.5404 1.3583, 2.185 0.5531 1.3583, 1.6732 0.5531 1.3583, 1.6716 0.5404 1.3583, 1.1086 -0.5452 1.3583, 1.1199 -0.5409 1.3583, 1.063 -0.313 1.3583, 1.6486 0.5105 1.3583, 1.6368 0.5056 1.3583, 2.2441 -0.5226 1.3583, 1.624 0.5039 1.3583, -2.2441 0.5265 1.3583, -1.6716 0.5404 1.3583, -1.6732 0.5531 1.3583, 1.101 0.2877 1.3583, 1.0971 0.2972 1.3583, 1.0827 -0.3077 1.3583, 1.1552 -0.5452 1.3583, 1.1651 -0.5523 1.3583, 2.2441 0.5265 1.3583, 2.1982 0.552 1.3583, 2.2334 0.5365 1.3583, 2.2168 0.5465 1.3583, 1.6666 0.5285 1.3583, 1.6588 0.5184 1.3583, 1.1794 0.5798 1.3583, 1.1745 0.5679 1.3583, 1.1565 0.5499 1.3583, 1.0827 0.3117 1.3583, 1.0908 0.3054 1.3583, 1.1446 0.545 1.3583, 1.1319 0.5433 1.3583, 1.0732 0.3156 1.3583, 1.063 0.3169 1.3583, 1.1073 0.5499 1.3583, 1.0971 0.5577 1.3583, -1.1783 -0.5723 1.3583, -1.173 -0.5615 1.3583, -1.5775 -0.6076 1.3583, 1.1024 -0.2736 1.3583, 1.101 -0.2838 1.3583, 1.5979 -0.5723 1.3583, 1.0971 -0.2933 1.3583, 1.5854 -0.5886 1.3583, 1.6142 -0.5598 1.3583, 1.6332 -0.5519 1.3583, 1.0732 -0.3117 1.3583, 1.1319 -0.5394 1.3583, 1.1439 -0.5409 1.3583, 1.6113 0.5056 1.3583, 1.5994 0.5105 1.3583, 1.5892 0.5184 1.3583, -2.185 0.5531 1.3583, -2.1982 0.552 1.3583, -2.2334 0.5365 1.3583, -2.2168 0.5465 1.3583, 1.1024 0.2776 1.3583, -1.6142 -0.5598 1.3583, -1.5979 -0.5723 1.3583, -1.0971 -0.2933 1.3583, -1.1651 -0.5523 1.3583, -1.1552 -0.5452 1.3583, -1.1439 -0.5409 1.3583, 1.1192 0.545 1.3583, -1.1794 0.5798 1.3583, -1.1745 0.5679 1.3583, -1.0908 -0.3015 1.3583, 1.173 -0.5615 1.3583, 1.1783 -0.5723 1.3583, 1.0908 -0.3015 1.3583, 1.6535 -0.5492 1.3583, 2.185 -0.5492 1.3583, 2.1982 -0.5481 1.3583, -1.1024 -0.2736 1.3583, -1.1024 0.2776 1.3583, -1.5765 0.5404 1.3583, -1.101 0.2877 1.3583, -1.0971 0.2972 1.3583, -1.0908 0.3054 1.3583, -1.1199 -0.5409 1.3583, -1.063 -0.313 1.3583, -1.1319 -0.5394 1.3583, -1.0732 -0.3117 1.3583, -1.0827 -0.3077 1.3583, -1.5854 -0.5886 1.3583, -1.5748 -0.6673 1.3583, -1.1811 -0.6673 1.3583, -1.5748 -0.628 1.3583, -1.1811 -0.5886 1.3583, -1.1809 -0.5842 1.3583, 1.5775 -0.6076 1.3583, 1.1809 -0.5842 1.3583, 1.5748 -0.628 1.3583, 1.1811 -0.5886 1.3583, 1.5748 -0.6673 1.3583, 1.1811 -0.6673 1.3583, -1.0844 0.5798 1.3583, -1.0893 0.5679 1.3583, -1.063 0.3169 1.3583, -1.0971 0.5577 1.3583, -1.1086 -0.5452 1.3583, -1.1024 -0.5492 1.3583, 1.1024 -0.5492 1.3583, -1.5814 0.5285 1.3583, -1.101 -0.2838 1.3583, 2.2168 -0.5425 1.3583, 2.2334 -0.5326 1.3583, -1.1565 0.5499 1.3583, -1.0827 0.3117 1.3583, 1.0827 0.5925 1.3583, -1.0827 0.5925 1.3583, 1.0844 0.5798 1.3583, 1.0893 0.5679 1.3583, -1.1667 0.5577 1.3583, -1.5892 0.5184 1.3583, -1.5994 0.5105 1.3583, -1.6113 0.5056 1.3583, -1.6332 -0.5519 1.3583, -1.624 0.5039 1.3583, -2.2334 -0.5326 1.3583, -1.6486 0.5105 1.3583, -2.2441 -0.5226 1.3583, -1.6588 0.5184 1.3583, -1.6666 0.5285 1.3583, -2.2168 -0.5425 1.3583, -2.1982 -0.5481 1.3583, -1.6368 0.5056 1.3583, -2.185 -0.5492 1.3583, -1.6535 -0.5492 1.3583, -1.1073 0.5499 1.3583, -1.1192 0.545 1.3583, -1.0732 0.3156 1.3583, -1.1319 0.5433 1.3583, -1.1446 0.545 1.3583, -1.0827 -0.5968 1.3482, -1.0827 -0.5886 1.3515, -1.0827 -0.5886 1.0039, -1.0827 -0.6673 1.0039, -1.0827 -0.6673 1.2402, -1.0827 -0.6657 1.2599, -1.0827 -0.6573 1.2878, -1.0827 -0.6424 1.3128, -1.0827 -0.6218 1.3333, 1.0827 -0.6673 1.0039, 1.0827 -0.5886 1.0039, 1.0827 -0.6673 1.2402, 1.0827 -0.6657 1.2599, 1.0827 -0.5886 1.3515, 1.0827 -0.5968 1.3482, 1.0827 -0.6218 1.3333, 1.0827 -0.6424 1.3128, 1.0827 -0.6573 1.2878, -2.3425 0.3957 1.0771, -2.3425 0.3957 1.2598, -2.2679 0.3957 1.2795, -2.3411 0.3957 1.2763, -2.3405 0.3957 1.2795, -2.3405 -0.3917 1.2795, -2.3411 -0.3917 1.2763, -2.2679 -0.3917 1.2795, -2.3425 -0.3917 1.2598, -2.3425 -0.3917 1.0771, -2.3282 0.397 1.2795, -2.3099 0.4027 1.2795, -2.2935 0.4128 1.2795, -2.2801 0.4264 1.2795, -2.2703 0.443 1.2795, -2.2679 0.4491 1.2795, -2.2679 -0.4452 1.2795, -2.2703 -0.439 1.2795, -2.2801 -0.4225 1.2795, -2.2935 -0.4088 1.2795, -2.3099 -0.3988 1.2795, -2.3282 -0.393 1.2795
            ]
        }
        coordIndex [
            0,1,2,-1,2,1,3,-1,2,3,4,-1,5,6,7,-1,7,6,2,-1,7,2,8,-1,8,2,9,-1,4,10,2,-1,2,10,11,-1,2,11,9,-1,12,13,14,-1,15,16,17,-1,17,16,14,-1,17,14,18,-1,18,14,13,-1,19,20,21,-1,20,22,21,-1,21,22,23,-1,21,23,24,-1,24,23,5,-1,24,5,25,-1,25,5,7,-1,25,7,26,-1,12,14,21,-1,21,14,27,-1,21,27,19,-1,28,29,25,-1,30,31,28,-1,25,26,28,-1,28,26,32,-1,28,32,33,-1,33,34,28,-1,28,34,35,-1,28,35,30,-1,36,37,38,-1,38,39,36,-1,36,39,40,-1,36,40,41,-1,42,43,44,-1,44,43,36,-1,44,36,45,-1,45,36,41,-1,42,44,46,-1,42,46,47,-1,48,49,50,-1,50,49,51,-1,50,51,52,-1,46,53,47,-1,47,53,54,-1,47,54,55,-1,55,54,56,-1,55,56,57,-1,52,58,50,-1,50,58,59,-1,50,59,60,-1,60,59,55,-1,60,55,61,-1,61,55,57,-1,62,63,64,-1,64,63,65,-1,66,53,65,-1,65,53,46,-1,67,68,65,-1,65,68,69,-1,65,69,64,-1,46,70,65,-1,65,70,71,-1,65,71,67,-1,72,73,74,-1,75,76,77,-1,78,79,80,-1,81,82,83,-1,83,82,84,-1,84,85,86,-1,87,78,88,-1,88,78,80,-1,88,80,89,-1,89,80,90,-1,91,92,83,-1,2,28,0,-1,0,28,93,-1,94,95,96,-1,96,95,80,-1,93,97,91,-1,98,99,74,-1,74,99,80,-1,74,80,72,-1,72,80,79,-1,99,100,80,-1,80,100,101,-1,80,101,102,-1,103,36,65,-1,104,105,76,-1,76,105,106,-1,80,107,108,-1,83,109,110,-1,111,112,113,-1,113,112,114,-1,98,74,115,-1,115,74,116,-1,115,116,117,-1,102,118,80,-1,80,118,119,-1,80,119,76,-1,76,119,120,-1,76,120,77,-1,76,121,104,-1,104,121,103,-1,104,103,63,-1,63,103,65,-1,106,122,76,-1,76,122,123,-1,76,123,80,-1,80,123,124,-1,80,124,107,-1,108,125,80,-1,80,125,126,-1,80,126,96,-1,86,127,84,-1,84,127,128,-1,84,128,83,-1,83,128,129,-1,83,129,109,-1,91,83,93,-1,93,83,130,-1,93,130,131,-1,131,132,93,-1,93,132,133,-1,93,133,0,-1,114,134,113,-1,113,134,135,-1,113,135,136,-1,136,135,137,-1,136,137,138,-1,139,140,141,-1,141,140,142,-1,141,142,143,-1,144,145,139,-1,146,147,148,-1,148,147,149,-1,148,149,150,-1,110,151,83,-1,83,151,152,-1,83,152,130,-1,97,93,153,-1,153,93,154,-1,153,154,155,-1,92,156,83,-1,83,156,157,-1,83,157,158,-1,158,157,159,-1,158,159,160,-1,160,159,161,-1,111,113,162,-1,162,113,163,-1,162,163,164,-1,164,163,140,-1,164,140,165,-1,166,167,168,-1,168,167,148,-1,168,148,169,-1,169,148,150,-1,166,170,167,-1,167,170,171,-1,167,171,172,-1,172,171,173,-1,172,173,77,-1,77,173,174,-1,77,174,75,-1,155,154,148,-1,148,154,175,-1,148,175,176,-1,138,137,159,-1,159,137,177,-1,159,177,161,-1,117,178,115,-1,115,178,179,-1,115,179,180,-1,180,179,181,-1,180,181,142,-1,142,181,182,-1,142,182,143,-1,139,145,140,-1,140,145,183,-1,140,183,165,-1,184,185,186,-1,186,185,187,-1,176,188,148,-1,148,188,189,-1,148,189,190,-1,190,191,148,-1,148,191,192,-1,148,192,146,-1,187,185,139,-1,139,185,193,-1,139,193,144,-1,194,195,196,-1,197,198,199,-1,200,201,202,-1,203,204,205,-1,205,204,206,-1,207,208,209,-1,210,205,211,-1,211,205,194,-1,212,213,214,-1,197,215,216,-1,216,215,217,-1,216,217,218,-1,197,199,215,-1,215,199,219,-1,215,219,205,-1,205,219,220,-1,205,220,203,-1,64,37,62,-1,62,37,221,-1,62,221,196,-1,196,221,222,-1,196,222,194,-1,223,224,194,-1,194,224,225,-1,194,225,211,-1,223,226,224,-1,224,226,227,-1,224,227,228,-1,229,230,231,-1,232,233,234,-1,235,236,237,-1,237,236,238,-1,237,238,239,-1,210,240,241,-1,202,201,242,-1,242,201,243,-1,242,243,212,-1,212,243,244,-1,212,244,213,-1,206,245,205,-1,205,245,246,-1,205,246,194,-1,194,246,247,-1,194,247,195,-1,209,248,207,-1,207,248,249,-1,207,249,250,-1,250,249,251,-1,240,210,237,-1,237,210,252,-1,237,252,235,-1,253,254,255,-1,233,256,234,-1,234,256,257,-1,234,257,258,-1,228,227,229,-1,229,227,259,-1,229,259,230,-1,31,3,260,-1,260,3,261,-1,255,254,262,-1,214,263,212,-1,212,263,264,-1,212,264,265,-1,241,266,210,-1,210,266,267,-1,210,267,268,-1,269,270,271,-1,271,270,272,-1,271,272,1,-1,1,272,273,-1,1,273,3,-1,3,273,274,-1,275,276,277,-1,277,276,278,-1,277,278,258,-1,258,278,279,-1,258,279,234,-1,234,279,262,-1,234,262,280,-1,280,262,254,-1,281,282,283,-1,283,282,284,-1,283,284,234,-1,234,284,285,-1,234,285,232,-1,238,265,239,-1,239,265,264,-1,239,264,286,-1,286,264,287,-1,286,287,288,-1,288,287,289,-1,288,289,290,-1,290,289,291,-1,231,292,229,-1,229,292,293,-1,229,293,294,-1,294,293,295,-1,275,296,276,-1,276,296,297,-1,276,297,202,-1,202,297,298,-1,202,298,200,-1,299,255,271,-1,271,255,300,-1,271,300,269,-1,268,301,210,-1,210,301,302,-1,210,302,205,-1,303,274,304,-1,305,306,307,-1,307,306,292,-1,307,292,308,-1,308,292,231,-1,274,303,3,-1,3,303,309,-1,3,309,261,-1,299,310,255,-1,255,310,311,-1,255,311,253,-1,253,311,312,-1,253,312,313,-1,313,312,314,-1,315,316,317,-1,317,316,318,-1,317,318,207,-1,207,318,319,-1,207,319,208,-1,315,320,316,-1,316,320,321,-1,316,321,322,-1,322,321,323,-1,322,323,314,-1,314,323,324,-1,314,324,313,-1,295,325,294,-1,294,325,326,-1,294,326,327,-1,327,326,328,-1,327,328,304,-1,304,328,329,-1,304,329,303,-1,330,331,185,-1,185,332,333,-1,333,334,185,-1,185,334,335,-1,185,335,336,-1,336,337,185,-1,185,337,338,-1,185,338,330,-1,339,340,341,-1,341,340,184,-1,341,184,342,-1,343,344,184,-1,184,344,345,-1,345,346,184,-1,184,346,347,-1,184,347,342,-1,348,349,350,-1,350,349,351,-1,350,351,352,-1,353,354,355,-1,355,354,356,-1,355,356,357,-1,352,358,350,-1,350,358,359,-1,350,359,360,-1,360,361,350,-1,350,361,362,-1,350,362,363,-1,364,365,355,-1,355,365,366,-1,355,366,367,-1,367,368,355,-1,355,368,369,-1,355,369,353,-1,
        ]
    }
}
Shape{
    appearance Appearance {
        material  Material 	{
            diffuseColor 0.2 0.2 0.2
            specularColor 0.2 0.2 0.2
            ambientIntensity 0.2
            transparency 0.0
            shininess 0.5
        }
    }
    geometry IndexedFaceSet {
        ccw TRUE
        solid FALSE
        coord DEF co Coordinate {
            point [
                -2.2638 -0.3917 0.8858, -2.2638 -0.3426 0.8858, -2.2638 -0.3442 0.8751, -2.2638 0.3609 0.853, -2.2638 0.353 0.8632, -2.2638 0.3957 0.8858, -2.2638 0.3481 0.8751, -2.2638 0.3465 0.8858, -2.2638 0.6909 0.8465, -2.2638 0.6909 0.4134, -2.2638 0.687 0.566, -2.2638 0.5531 0.2954, -2.2638 0.5138 0.1181, -2.2638 0.2283 0.1181, -2.2638 -0.5098 0.1181, -2.2638 -0.5492 0.2954, -2.2638 -0.4803 0.1181, -2.2638 -0.5492 0.4134, -2.2638 -0.2244 0.1181, -2.2638 -0.6621 0.533, -2.2638 -0.6461 0.5215, -2.2638 -0.3917 0.8465, -2.2638 -0.3671 0.8452, -2.2638 0.65 0.5215, -2.2638 0.666 0.533, -2.2638 0.6786 0.5482, -2.2638 -0.379 0.8403, -2.2638 -0.3917 0.8386, -2.2638 -0.687 0.8465, -2.2638 -0.6831 0.8386, -2.2638 -0.687 0.7486, -2.2638 -0.6831 0.566, -2.2638 -0.3491 0.8632, -2.2638 -0.3569 0.853, -2.2638 0.687 0.8386, -2.2638 0.3957 0.8386, -2.2638 0.3957 0.8465, -2.2638 0.3829 0.8403, -2.2638 0.3711 0.8452, -2.2638 -0.687 0.4134, -2.2638 -0.687 0.5085, -2.2638 -0.6746 0.5482, -2.2638 -0.687 0.5402, -2.2638 -0.687 0.6437, -2.2638 -0.6278 0.5143, -2.2638 -0.6083 0.5118, -2.2638 0.5531 0.4134, -2.2638 0.6122 0.5118, -2.2638 0.6317 0.5143, -2.2638 0.1791 0.1181, -2.2638 -0.1752 0.1181, -2.3622 -0.687 0.8465, -2.3622 -0.687 1.0236, -2.3622 -0.3917 0.8465, -2.3622 -0.3917 1.0236, -2.3622 0.3957 1.0236, -2.3622 0.6909 1.0236, -2.3622 0.3957 0.8465, -2.3622 0.6909 0.8465, 2.2638 0.3957 1.2795, 2.1457 0.3957 1.2795, 2.2638 0.3957 0.937, 2.1457 0.3957 0.8858, 2.3425 0.3957 0.937, 2.2638 0.3957 0.8858, 2.3622 0.3957 1.0236, 2.3425 0.3957 1.0771, 2.2638 0.3957 0.8465, 2.3622 0.3957 0.8465, 2.3425 -0.3917 1.0771, 2.3622 -0.3917 1.0236, 2.3425 -0.3917 0.937, 2.3622 -0.3917 0.8465, 2.1457 -0.3917 1.2795, 2.2638 -0.3917 1.2795, 2.1457 -0.3917 0.8858, 2.2638 -0.3917 0.937, 2.2638 -0.3917 0.8858, 2.2638 -0.3917 0.8465, 2.2638 -0.687 0.6437, 2.2638 -0.687 0.5402, 2.2638 -0.6831 0.566, 2.2638 -0.3569 0.853, 2.2638 -0.3491 0.8632, 2.2638 -0.3442 0.8751, 2.2638 -0.3426 0.8858, 2.2638 -0.5098 0.1181, 2.2638 -0.4803 0.1181, 2.2638 -0.5492 0.2954, 2.2638 -0.5492 0.4134, 2.2638 0.6909 0.4134, 2.2638 0.666 0.533, 2.2638 0.5531 0.4134, 2.2638 0.65 0.5215, 2.2638 0.6909 0.8465, 2.2638 0.3957 0.8386, 2.2638 0.3465 0.8858, 2.2638 0.3481 0.8751, 2.2638 0.353 0.8632, 2.2638 0.687 0.8386, 2.2638 0.687 0.566, 2.2638 0.6786 0.5482, 2.2638 -0.687 0.7486, 2.2638 -0.6831 0.8386, 2.2638 -0.687 0.8465, 2.2638 -0.3917 0.8386, 2.2638 -0.379 0.8403, 2.2638 -0.3671 0.8452, 2.2638 0.6317 0.5143, 2.2638 0.6122 0.5118, 2.2638 -0.6083 0.5118, 2.2638 -0.687 0.4134, 2.2638 -0.6278 0.5143, 2.2638 -0.6461 0.5215, 2.2638 -0.687 0.5085, 2.2638 -0.6621 0.533, 2.2638 -0.6746 0.5482, 2.2638 0.2283 0.1181, 2.2638 0.5531 0.2954, 2.2638 0.5138 0.1181, 2.2638 -0.2244 0.1181, 2.2638 -0.1752 0.1181, 2.2638 0.1791 0.1181, 2.2638 0.3609 0.853, 2.2638 0.3711 0.8452, 2.2638 0.3829 0.8403
            ]
        }
        coordIndex [
            0,1,2,-1,3,4,5,-1,5,4,6,-1,5,6,7,-1,8,9,10,-1,11,12,13,-1,14,15,16,-1,16,15,17,-1,16,17,18,-1,17,19,20,-1,21,0,22,-1,23,24,9,-1,9,24,25,-1,9,25,10,-1,22,26,21,-1,21,26,27,-1,21,27,28,-1,28,27,29,-1,28,29,30,-1,30,29,31,-1,2,32,0,-1,0,32,33,-1,0,33,22,-1,10,34,8,-1,8,34,35,-1,8,35,36,-1,36,35,37,-1,36,37,5,-1,5,37,38,-1,5,38,3,-1,17,39,19,-1,19,39,40,-1,19,40,41,-1,41,40,42,-1,41,42,31,-1,31,42,43,-1,31,43,30,-1,20,44,17,-1,17,44,45,-1,17,45,46,-1,46,45,47,-1,46,47,9,-1,9,47,48,-1,9,48,23,-1,11,13,46,-1,46,13,49,-1,46,49,17,-1,17,49,50,-1,17,50,18,-1,51,52,53,-1,53,52,54,-1,55,56,57,-1,57,56,58,-1,21,28,53,-1,53,28,51,-1,57,58,36,-1,36,58,8,-1,59,60,61,-1,61,60,62,-1,61,62,63,-1,63,62,64,-1,65,66,63,-1,64,67,63,-1,63,67,68,-1,63,68,65,-1,69,70,71,-1,71,70,72,-1,73,74,75,-1,75,74,76,-1,75,76,77,-1,77,76,71,-1,77,71,78,-1,78,71,72,-1,79,80,81,-1,82,83,77,-1,77,83,84,-1,77,84,85,-1,86,87,88,-1,88,87,89,-1,90,91,92,-1,92,91,93,-1,94,67,95,-1,96,97,64,-1,64,97,98,-1,95,99,94,-1,94,99,100,-1,94,100,90,-1,90,100,101,-1,90,101,91,-1,79,81,102,-1,102,81,103,-1,102,103,104,-1,104,103,105,-1,104,105,78,-1,78,105,106,-1,78,106,77,-1,77,106,107,-1,77,107,82,-1,93,108,92,-1,92,108,109,-1,92,109,89,-1,89,109,110,-1,89,110,111,-1,110,112,111,-1,111,112,113,-1,111,113,114,-1,114,113,115,-1,114,115,80,-1,80,115,116,-1,80,116,81,-1,92,117,118,-1,118,117,119,-1,87,120,89,-1,89,120,121,-1,89,121,92,-1,92,121,122,-1,92,122,117,-1,98,123,64,-1,64,123,124,-1,64,124,67,-1,67,124,125,-1,67,125,95,-1,
        ]
    }
}
Shape{
    appearance Appearance {
        material  Material 	{
            diffuseColor 0.7529411764705882 0.7529411764705882 0.7529411764705882
            specularColor 0.7529411764705882 0.7529411764705882 0.7529411764705882
            ambientIntensity 0.7529
            transparency 0.0
            shininess 0.5
        }
    }
    geometry IndexedFaceSet {
        ccw TRUE
        solid FALSE
        coord DEF co Coordinate {
            point [
                2.2679 0.4491 1.2795, 2.2703 0.443 1.2795, 2.2679 0.3957 1.2795, 2.2801 0.4264 1.2795, 2.2935 0.4128 1.2795, 2.3099 0.4027 1.2795, 2.3282 0.397 1.2795, 2.3405 0.3957 1.2795
            ]
        }
        coordIndex [
            0,1,2,-1,2,1,3,-1,2,3,4,-1,4,5,2,-1,2,5,6,-1,2,6,7,-1,
        ]
    }
}
Shape{
    appearance Appearance {
        material  Material 	{
            diffuseColor 0.2 0.2 0.2
            specularColor 0.2 0.2 0.2
            ambientIntensity 0.2
            transparency 0.0
            shininess 0.5
        }
    }
    geometry IndexedFaceSet {
        ccw TRUE
        solid FALSE
        coord DEF co Coordinate {
            point [
                2.3622 -0.3917 1.0236, 2.3622 -0.687 1.0236, 2.3622 -0.3917 0.8465, 2.3622 -0.687 0.8465, 2.3622 0.6909 0.8465, 2.3622 0.6909 1.0236, 2.3622 0.3957 0.8465, 2.3622 0.3957 1.0236, 2.1457 0.3957 0.8858, 2.1457 0.5728 0.8858, 1.5748 0.5728 0.8858, -2.2638 -0.3426 0.8858, -2.2638 -0.3917 0.8858, -2.1457 -0.3917 0.8858, -1.5748 0.5728 0.8858, -2.1457 0.5728 0.8858, -2.1457 0.3957 0.8858, -2.2638 0.3957 0.8858, -2.2638 0.3465 0.8858, -1.063 -0.5689 0.8858, -1.063 -0.687 0.8858, -0.0663 -0.687 0.8858, -1.5748 0.6909 0.8858, 1.5748 0.6909 0.8858, -2.1457 -0.5689 0.8858, 1.063 -0.5689 0.8858, 2.1457 -0.5689 0.8858, 2.1457 -0.3917 0.8858, 2.2638 -0.3917 0.8858, 2.2638 -0.3426 0.8858, 2.2638 0.3465 0.8858, 0.0107 -0.687 0.8858, 2.2638 0.3957 0.8858, 0.0155 -0.687 0.8858, 0.0685 -0.687 0.8858, 0.0833 -0.687 0.8858, 0.1199 -0.687 0.8858, 0.1386 -0.687 0.8858, 0.2135 -0.687 0.8858, 0.2388 -0.687 0.8858, 0.3138 -0.687 0.8858, 1.063 -0.687 0.8858, 2.2638 -0.3917 0.8465, 2.2638 -0.687 0.8465, 2.2638 0.3957 0.8465, 2.2638 0.6909 0.8465, -2.2627 0.4876 1.2795, -2.2571 0.5062 1.2795, -2.2679 0.5728 1.2795, -2.2471 0.5228 1.2795, -2.2334 0.5365 1.2795, -2.2638 0.4744 1.2795, -2.2679 0.4491 1.2795, -2.2649 0.4614 1.2795, -2.2168 0.5465 1.2795, -2.1982 0.552 1.2795, -2.1457 0.5728 1.2795, -2.185 0.5531 1.2795, -2.1457 0.5531 1.2795, -1.1417 -0.5689 1.2795, -1.177 -0.5689 1.2795, -1.1783 -0.5723 1.2795, -1.1809 -0.5842 1.2795, -1.1811 -0.5886 1.2795, -1.1417 -0.687 1.2795, -1.1811 -0.6673 1.2795, -1.6142 -0.687 1.2795, -1.5748 -0.6673 1.2795, -1.5748 -0.628 1.2795, -1.6015 -0.5689 1.2795, -1.6142 -0.5689 1.2795, -1.5979 -0.5723 1.2795, -1.5775 -0.6076 1.2795, -1.5854 -0.5886 1.2795, 1.1783 -0.5723 1.2795, 1.177 -0.5689 1.2795, 1.1417 -0.5689 1.2795, 1.6142 -0.5689 1.2795, 1.6015 -0.5689 1.2795, 1.6142 -0.687 1.2795, 1.5979 -0.5723 1.2795, 1.5854 -0.5886 1.2795, 1.5748 -0.6673 1.2795, 1.3751 -0.687 1.2795, 1.1811 -0.6673 1.2795, 1.1417 -0.687 1.2795, 1.1809 -0.5842 1.2795, 1.5775 -0.6076 1.2795, 1.5748 -0.628 1.2795, 1.1811 -0.5886 1.2795, 2.2627 -0.4837 1.2795, 2.2571 -0.5022 1.2795, 2.2679 -0.5689 1.2795, 2.2471 -0.5189 1.2795, 2.2334 -0.5326 1.2795, 2.2168 -0.5425 1.2795, 2.1982 -0.5481 1.2795, 2.1457 -0.5689 1.2795, 2.185 -0.5492 1.2795, 2.1457 -0.5492 1.2795, 2.2638 -0.4705 1.2795, 2.2679 -0.4452 1.2795, 2.2649 -0.4574 1.2795, 2.2638 -0.5492 0.4134, 2.2638 -0.687 0.4134, 1.3751 -0.687 0.4134, 0.9055 -0.687 0.4134, 0.9055 -0.6755 0.4134, 0.9055 -0.5492 0.4134, 1.6929 0.6909 0.4134, 2.2638 0.6909 0.4134, 1.6929 0.6795 0.4134, 2.2638 0.5531 0.4134, 1.6929 0.5531 0.4134, 1.6929 0.6909 0.5118, -1.6128 0.6909 0.915, -1.6089 0.6909 0.9055, -2.3622 0.6909 1.0236, 1.585 0.6909 0.8872, 1.4567 0.6909 0.5118, 1.5945 0.6909 0.8911, 1.6026 0.6909 0.8974, 1.6089 0.6909 0.9055, 1.6128 0.6909 0.915, -1.6929 0.6909 0.5118, -1.6026 0.6909 0.8974, -1.5945 0.6909 0.8911, -1.6929 0.6909 0.4134, -2.2638 0.6909 0.4134, -2.2638 0.6909 0.8465, -2.3622 0.6909 0.8465, 1.6142 0.6909 0.9252, 1.6142 0.6909 1.3386, 1.6155 0.6909 1.3488, 2.2317 0.6909 1.378, 1.6535 0.6909 1.378, 1.6434 0.6909 1.3766, 1.6339 0.6909 1.3727, -1.6142 0.6909 0.9252, -2.2317 0.6909 1.378, -1.6535 0.6909 1.378, 1.6194 0.6909 1.3583, 1.6257 0.6909 1.3664, -1.585 0.6909 0.8872, -1.4567 0.6909 0.5118, -1.4567 0.6909 0.4134, 1.4567 0.6909 0.4134, -1.6434 0.6909 1.3766, -1.6155 0.6909 1.3488, -1.6142 0.6909 1.3386, -1.6339 0.6909 1.3727, -1.6257 0.6909 1.3664, -1.6194 0.6909 1.3583, 0.6693 -0.687 0.4134, 0.3138 -0.687 0.4134, 0.6693 -0.6755 0.4134, 0.6693 -0.5492 0.4134, 0.2388 -0.687 0.4134, 0.2135 -0.687 0.4134, 0.1386 -0.687 0.4134, 0.1199 -0.687 0.4134, 0.0833 -0.687 0.4134, 0.0685 -0.687 0.4134, -0.6693 -0.687 0.4134, -0.6693 -0.6755 0.4134, -0.0663 -0.687 0.4134, 0.0107 -0.687 0.4134, -0.6693 -0.5492 0.4134, 0.0155 -0.687 0.4134, 1.4567 0.5531 0.4134, -1.4567 0.5531 0.4134, 1.4567 0.6795 0.4134, -1.4567 0.6795 0.4134, -0.9055 -0.687 0.4134, -2.2638 -0.687 0.4134, -0.9055 -0.6755 0.4134, -2.2638 -0.5492 0.4134, -0.9055 -0.5492 0.4134, -1.6929 0.5531 0.4134, -2.2638 0.5531 0.4134, -1.6929 0.6795 0.4134, 2.1982 0.552 1.2795, 2.2168 0.5465 1.2795, 2.2679 0.5728 1.2795, 2.2334 0.5365 1.2795, 2.2471 0.5228 1.2795, 2.2571 0.5062 1.2795, 2.185 0.5531 1.2795, 2.1457 0.5728 1.2795, 2.1457 0.5531 1.2795, 2.2649 0.4614 1.2795, 2.2679 0.4491 1.2795, 2.2638 0.4744 1.2795, 2.2627 0.4876 1.2795, -2.3425 0.3957 1.0771, -2.3622 0.3957 1.0236, -2.3425 0.3957 0.937, -2.3622 0.3957 0.8465, -2.1457 0.3957 1.2795, -2.2638 0.3957 1.2795, -2.2638 0.3957 0.937, -2.2638 0.3957 0.8465, -2.2638 -0.3917 1.2795, -2.1457 -0.3917 1.2795, -2.2638 -0.3917 0.937, -2.3425 -0.3917 0.937, -2.3622 -0.3917 1.0236, -2.3425 -0.3917 1.0771, -2.2638 -0.3917 0.8465, -2.3622 -0.3917 0.8465, -2.1982 -0.5481 1.2795, -2.2168 -0.5425 1.2795, -2.2679 -0.5689 1.2795, -2.2334 -0.5326 1.2795, -2.2471 -0.5189 1.2795, -2.2571 -0.5022 1.2795, -2.185 -0.5492 1.2795, -2.1457 -0.5689 1.2795, -2.1457 -0.5492 1.2795, -2.2649 -0.4574 1.2795, -2.2679 -0.4452 1.2795, -2.2638 -0.4705 1.2795, -2.2627 -0.4837 1.2795, 1.1315 -0.5689 1.2782, 1.1315 -0.687 1.2782, 1.122 -0.5689 1.2743, 1.122 -0.687 1.2743, 1.1139 -0.5689 1.268, 1.1139 -0.687 1.268, 1.1076 -0.5689 1.2598, 1.1076 -0.687 1.2598, 1.1037 -0.5689 1.2503, 1.1037 -0.687 1.2503, 1.1024 -0.5689 1.2402, 1.1024 -0.687 1.2402, 1.1024 -0.687 1.0737, 1.1024 -0.5689 0.9252, 1.1024 -0.687 0.9252, 1.101 -0.687 0.915, 1.101 -0.5689 0.915, 1.0971 -0.687 0.9055, 1.0971 -0.5689 0.9055, 1.0908 -0.687 0.8974, 1.0908 -0.5689 0.8974, 1.0827 -0.687 0.8911, 1.0827 -0.5689 0.8911, 1.0732 -0.687 0.8872, 1.0732 -0.5689 0.8872, -1.0732 -0.687 0.8872, -1.0732 -0.5689 0.8872, -1.0827 -0.687 0.8911, -1.0827 -0.5689 0.8911, -1.0908 -0.687 0.8974, -1.0908 -0.5689 0.8974, -1.0971 -0.687 0.9055, -1.0971 -0.5689 0.9055, -1.101 -0.687 0.915, -1.101 -0.5689 0.915, -1.1024 -0.687 0.9252, -1.1024 -0.5689 0.9252, -1.1024 -0.687 1.2402, -1.1024 -0.5689 1.2402, -1.1037 -0.5689 1.2503, -1.1037 -0.687 1.2503, -1.1076 -0.5689 1.2598, -1.1076 -0.687 1.2598, -1.1139 -0.5689 1.268, -1.1139 -0.687 1.268, -1.122 -0.5689 1.2743, -1.122 -0.687 1.2743, -1.1315 -0.5689 1.2782, -1.1315 -0.687 1.2782, -1.1024 -0.687 1.0737, -2.2638 -0.5492 0.2954, 2.2638 -0.5492 0.2954, -2.2638 -0.5098 0.1181, -2.1654 -0.5098 0.1181, -1.6043 -0.5098 0.1181, -0.5906 -0.5098 0.1181, 0.374 -0.5098 0.1181, 1.3976 -0.5098 0.1181, 1.8406 -0.5098 0.1181, 2.0965 -0.5098 0.1181, 2.2638 -0.5098 0.1181, -2.2638 -0.4803 0.1181, -0.5906 -0.4803 0.1181, 0.689 -0.1685 0.1181, 0.7051 -0.1752 0.1181, 0.374 -0.1752 0.1181, 1.8406 -0.1752 0.1181, 1.8571 -0.1094 0.1181, 1.8898 -0.1344 0.1181, 1.9277 -0.1501 0.1181, 1.9685 -0.1555 0.1181, 2.0965 -0.1752 0.1181, 2.0093 -0.1501 0.1181, 2.0472 -0.1344 0.1181, 1.3976 0.1791 0.1181, 1.8164 0.0427 0.1181, 1.811 0.002 0.1181, 1.3976 -0.1752 0.1181, 1.8164 -0.0388 0.1181, 1.8321 -0.0768 0.1181, 1.8406 -0.0878 0.1181, 2.1049 0.0807 0.1181, 2.0965 0.0917 0.1181, 2.0965 0.1791 0.1181, 2.0799 0.1133 0.1181, 1.9277 0.1541 0.1181, 1.8898 0.1384 0.1181, 1.8406 0.1791 0.1181, 1.9685 0.1594 0.1181, 1.8571 0.1133 0.1181, 1.8406 0.0917 0.1181, 1.8321 0.0807 0.1181, 2.0472 0.1384 0.1181, 2.0093 0.1541 0.1181, 2.0799 -0.1094 0.1181, 2.0965 -0.0878 0.1181, 2.2638 -0.1752 0.1181, 2.1049 -0.0768 0.1181, 2.1206 -0.0388 0.1181, 2.126 0.002 0.1181, 2.2638 0.1791 0.1181, 2.1206 0.0427 0.1181, 0.8697 0.1791 0.1181, 0.8384 0.1921 0.1181, 1.3976 0.2283 0.1181, 0.7874 0.1988 0.1181, 0.374 0.2283 0.1181, 0.8384 -0.1882 0.1181, 0.8697 -0.1752 0.1181, 0.8858 -0.1685 0.1181, 0.9266 -0.1372 0.1181, 0.9775 0.0529 0.1181, 0.9579 0.1004 0.1181, 0.9266 0.1412 0.1181, 0.8858 0.1724 0.1181, 0.9579 -0.0965 0.1181, 0.9775 -0.049 0.1181, 0.9843 0.002 0.1181, 0.374 -0.2244 0.1181, 0.7365 -0.1882 0.1181, 0.7874 -0.1949 0.1181, 1.3976 -0.2244 0.1181, 0.7365 0.1921 0.1181, 0.7051 0.1791 0.1181, 0.374 0.1791 0.1181, 0.689 0.1724 0.1181, 0.6482 0.1412 0.1181, 0.5973 -0.049 0.1181, 0.6169 -0.0965 0.1181, 0.6482 -0.1372 0.1181, 0.6169 0.1004 0.1181, 0.5973 0.0529 0.1181, 0.5906 0.002 0.1181, 0.374 -0.4803 0.1181, 1.3976 -0.4803 0.1181, 1.8406 -0.4803 0.1181, 2.0965 -0.4803 0.1181, -2.1654 -0.4803 0.1181, -1.6043 -0.4803 0.1181, 2.2638 -0.4803 0.1181, 2.0965 -0.2244 0.1181, 2.2638 -0.2244 0.1181, 1.8406 -0.2244 0.1181, 1.8754 -0.2736 0.1181, 1.8714 -0.2831 0.1181, 1.8993 -0.2553 0.1181, 1.8898 -0.2592 0.1181, 1.8816 -0.2655 0.1181, 1.8754 -0.4311 0.1181, 1.8816 -0.4393 0.1181, 1.8898 -0.4455 0.1181, 2.0656 -0.2831 0.1181, 2.0617 -0.2736 0.1181, 2.0554 -0.2655 0.1181, 2.0472 -0.2592 0.1181, 2.0377 -0.4494 0.1181, 2.0472 -0.4455 0.1181, 2.0554 -0.4393 0.1181, 2.0617 -0.4311 0.1181, 2.0377 -0.2553 0.1181, 2.0276 -0.2539 0.1181, 1.9094 -0.2539 0.1181, 1.8701 -0.2933 0.1181, 1.8701 -0.4114 0.1181, 1.8714 -0.4216 0.1181, 1.8993 -0.4494 0.1181, 1.9094 -0.4508 0.1181, 2.0276 -0.4508 0.1181, 2.0656 -0.4216 0.1181, 2.0669 -0.4114 0.1181, 2.0669 -0.2933 0.1181, -2.0656 -0.4216 0.1181, -2.0617 -0.4311 0.1181, -2.0276 -0.2539 0.1181, -2.0377 -0.2553 0.1181, -2.1654 -0.2244 0.1181, -1.9094 -0.2539 0.1181, -1.6043 -0.2244 0.1181, -1.8993 -0.2553 0.1181, -1.8898 -0.2592 0.1181, -2.0472 -0.2592 0.1181, -2.0554 -0.2655 0.1181, -2.0617 -0.2736 0.1181, -2.0554 -0.4393 0.1181, -2.0472 -0.4455 0.1181, -2.0377 -0.4494 0.1181, -1.8898 -0.4455 0.1181, -1.8816 -0.4393 0.1181, -1.8754 -0.4311 0.1181, -2.0656 -0.2831 0.1181, -2.0669 -0.2933 0.1181, -2.0669 -0.4114 0.1181, -1.8714 -0.2831 0.1181, -1.8754 -0.2736 0.1181, -1.8816 -0.2655 0.1181, -2.0276 -0.4508 0.1181, -1.9094 -0.4508 0.1181, -1.8993 -0.4494 0.1181, -1.8714 -0.4216 0.1181, -1.8701 -0.4114 0.1181, -1.8701 -0.2933 0.1181, -0.5906 -0.2244 0.1181, -1.6043 -0.1752 0.1181, -0.5906 -0.1752 0.1181, -0.0787 0.1384 0.1181, -0.1114 0.1133 0.1181, -0.5906 0.1791 0.1181, 0.0787 0.1384 0.1181, 0.0408 0.1541 0.1181, 0.0 0.1594 0.1181, -0.0408 0.1541 0.1181, -0.1521 -0.0388 0.1181, -0.1364 -0.0768 0.1181, -0.1114 -0.1094 0.1181, 0.0408 -0.1501 0.1181, 0.0787 -0.1344 0.1181, 0.1114 -0.1094 0.1181, -0.0787 -0.1344 0.1181, -0.0408 -0.1501 0.1181, 0.0 -0.1555 0.1181, -0.1364 0.0807 0.1181, -0.1521 0.0427 0.1181, -0.1575 0.002 0.1181, 0.1364 -0.0768 0.1181, 0.1521 -0.0388 0.1181, 0.1575 0.002 0.1181, 0.1521 0.0427 0.1181, 0.1364 0.0807 0.1181, 0.1114 0.1133 0.1181, -1.6043 0.1791 0.1181, -1.1811 0.1594 0.1181, -1.2219 0.1541 0.1181, -1.2598 0.1384 0.1181, -1.2925 0.1133 0.1181, -1.3175 0.0807 0.1181, -1.3332 0.0427 0.1181, -1.3386 0.002 0.1181, -1.3332 -0.0388 0.1181, -1.3175 -0.0768 0.1181, -1.2925 -0.1094 0.1181, -1.2598 -0.1344 0.1181, -1.0236 0.002 0.1181, -1.029 0.0427 0.1181, -1.0447 0.0807 0.1181, -1.1024 -0.1344 0.1181, -1.0697 -0.1094 0.1181, -1.0697 0.1133 0.1181, -1.1024 0.1384 0.1181, -1.1403 0.1541 0.1181, -1.2219 -0.1501 0.1181, -1.1811 -0.1555 0.1181, -1.1403 -0.1501 0.1181, -1.0447 -0.0768 0.1181, -1.029 -0.0388 0.1181, -2.1654 0.2283 0.1181, -2.1654 0.1791 0.1181, -2.1654 -0.1752 0.1181, 1.8406 0.2283 0.1181, -0.5906 0.2283 0.1181, -1.6043 0.2283 0.1181, 2.0965 0.2283 0.1181, 2.2638 0.2283 0.1181, 2.0965 0.5138 0.1181, 2.2638 0.5138 0.1181, 1.8993 0.4534 0.1181, 1.8898 0.4494 0.1181, 1.8406 0.5138 0.1181, 1.8816 0.4432 0.1181, 1.8754 0.435 0.1181, 1.8714 0.4255 0.1181, 1.8754 0.2776 0.1181, 1.8816 0.2694 0.1181, 2.0617 0.2776 0.1181, 2.0656 0.2871 0.1181, 1.8701 0.4154 0.1181, 1.8701 0.2972 0.1181, 1.8714 0.2871 0.1181, 2.0617 0.435 0.1181, 2.0554 0.4432 0.1181, 2.0472 0.4494 0.1181, 2.0276 0.2579 0.1181, 2.0377 0.2592 0.1181, 2.0377 0.4534 0.1181, 2.0276 0.4547 0.1181, 1.9094 0.4547 0.1181, 1.8898 0.2631 0.1181, 1.8993 0.2592 0.1181, 1.9094 0.2579 0.1181, 2.0472 0.2631 0.1181, 2.0554 0.2694 0.1181, 2.0669 0.2972 0.1181, 2.0669 0.4154 0.1181, 2.0656 0.4255 0.1181, -2.0377 0.4534 0.1181, -2.0472 0.4494 0.1181, -2.1654 0.5138 0.1181, -2.0554 0.4432 0.1181, -2.0617 0.435 0.1181, -2.0656 0.2871 0.1181, -2.0617 0.2776 0.1181, -2.0554 0.2694 0.1181, -1.8993 0.2592 0.1181, -1.8898 0.2631 0.1181, -1.9094 0.2579 0.1181, -1.8816 0.2694 0.1181, -1.8754 0.2776 0.1181, -1.8714 0.2871 0.1181, -1.8701 0.4154 0.1181, -1.8714 0.4255 0.1181, -1.6043 0.5138 0.1181, -1.8898 0.4494 0.1181, -1.8993 0.4534 0.1181, -1.9094 0.4547 0.1181, -2.0276 0.4547 0.1181, -2.0656 0.4255 0.1181, -2.0669 0.4154 0.1181, -2.0669 0.2972 0.1181, -1.8701 0.2972 0.1181, -1.8754 0.435 0.1181, -1.8816 0.4432 0.1181, -2.0472 0.2631 0.1181, -2.0377 0.2592 0.1181, -2.0276 0.2579 0.1181, -0.5906 0.5138 0.1181, 0.374 0.5138 0.1181, 1.3976 0.5138 0.1181, -2.2638 -0.2244 0.1181, -2.2638 -0.1752 0.1181, -2.2638 0.1791 0.1181, -2.2638 0.2283 0.1181, -2.2638 0.5138 0.1181, -2.2638 0.5531 0.2954, 2.2638 0.5531 0.2954, -1.6535 0.5728 1.378, -2.2317 0.5728 1.378, 1.6535 0.5728 1.378, 2.2317 0.5728 1.378, -1.6026 0.5728 0.8974, -1.6089 0.5728 0.9055, -1.585 0.5728 0.8872, -1.5945 0.5728 0.8911, -1.6128 0.5728 0.915, -1.6142 0.5728 0.9252, -1.6142 0.5728 1.3386, -1.6155 0.5728 1.3488, -1.6434 0.5728 1.3766, -1.6339 0.5728 1.3727, -1.6194 0.5728 1.3583, -1.6257 0.5728 1.3664, 1.6128 0.5728 0.915, 1.6089 0.5728 0.9055, 1.6026 0.5728 0.8974, 1.5945 0.5728 0.8911, 1.585 0.5728 0.8872, 1.6142 0.5728 1.3386, 1.6142 0.5728 0.9252, 1.6434 0.5728 1.3766, 1.6339 0.5728 1.3727, 1.6257 0.5728 1.3664, 1.6194 0.5728 1.3583, 1.6155 0.5728 1.3488, -1.6155 -0.5689 1.3488, -1.6142 -0.5689 1.3386, -2.2317 -0.5689 1.378, -1.6535 -0.5689 1.378, -1.6434 -0.5689 1.3766, -1.6339 -0.5689 1.3727, -1.6194 -0.5689 1.3583, -1.6257 -0.5689 1.3664, 2.2317 -0.5689 1.378, 1.6339 -0.5689 1.3727, 1.6434 -0.5689 1.3766, 1.6535 -0.5689 1.378, 1.6155 -0.5689 1.3488, 1.6194 -0.5689 1.3583, 1.6257 -0.5689 1.3664, 1.6142 -0.5689 1.3386, -1.6535 -0.687 1.378, -2.2317 -0.687 1.378, 1.6535 -0.687 1.378, 2.2317 -0.687 1.378, -2.3438 -0.687 1.0737, -2.3622 -0.687 1.0236, -2.2679 -0.3917 1.2795, -2.2679 0.3957 1.2795, 2.3438 -0.687 1.0737, 2.3425 -0.3917 1.0771, 2.2679 -0.3917 1.2795, 2.3425 0.3957 1.0771, 2.2679 0.3957 1.2795, 1.6434 -0.687 1.3766, 1.6339 -0.687 1.3727, 1.6257 -0.687 1.3664, 1.6194 -0.687 1.3583, 1.6155 -0.687 1.3488, 1.6142 -0.687 1.3386, -1.6142 -0.687 1.3386, -1.6155 -0.687 1.3488, -1.6194 -0.687 1.3583, -1.6257 -0.687 1.3664, -1.6339 -0.687 1.3727, -1.6434 -0.687 1.3766, 2.1457 0.3957 1.2795, 2.1457 -0.3917 1.2795, -1.6929 0.6122 0.4907, -1.6929 0.5742 0.5064, -1.6929 0.5335 0.5118, -1.6929 0.6698 0.4331, -1.6929 0.6448 0.4657, -1.4567 0.6448 0.4657, -1.4567 0.6122 0.4907, -1.4567 0.5742 0.5064, -1.4567 0.5335 0.5118, -1.4567 0.6698 0.4331, 0.6693 -0.5703 0.5064, 0.6693 -0.5295 0.5118, 0.6693 -0.687 0.5118, 0.6693 -0.687 0.5085, 0.6693 -0.6659 0.4331, 0.6693 -0.6409 0.4657, 0.6693 -0.6083 0.4907, 0.9055 -0.687 0.5118, 0.9055 -0.5295 0.5118, 0.9055 -0.5703 0.5064, 0.9055 -0.6659 0.4331, 0.9055 -0.687 0.5085, 0.9055 -0.6409 0.4657, 0.9055 -0.6083 0.4907, 1.4567 0.6122 0.4907, 1.4567 0.5742 0.5064, 1.4567 0.5335 0.5118, 1.4567 0.6698 0.4331, 1.4567 0.6448 0.4657, 1.6929 0.6448 0.4657, 1.6929 0.6122 0.4907, 1.6929 0.5742 0.5064, 1.6929 0.5335 0.5118, 1.6929 0.6698 0.4331, -2.0669 0.4154 0.0, -2.0656 0.4255 0.0, -2.0617 0.435 0.0, -2.0554 0.4432 0.0, -2.0472 0.4494 0.0, -2.0377 0.4534 0.0, -2.0276 0.4547 0.0, -2.0669 0.2972 0.0, -2.0276 0.2579 0.0, -2.0377 0.2592 0.0, -2.0472 0.2631 0.0, -2.0554 0.2694 0.0, -2.0617 0.2776 0.0, -2.0656 0.2871 0.0, -1.9094 0.2579 0.0, -1.8701 0.2972 0.0, -1.8714 0.2871 0.0, -1.8754 0.2776 0.0, -1.8816 0.2694 0.0, -1.8898 0.2631 0.0, -1.8993 0.2592 0.0, -1.8701 0.4154 0.0, -1.9094 0.4547 0.0, -1.8993 0.4534 0.0, -1.8898 0.4494 0.0, -1.8816 0.4432 0.0, -1.8754 0.435 0.0, -1.8714 0.4255 0.0, 1.8701 0.4154 0.0, 1.8714 0.4255 0.0, 1.8754 0.435 0.0, 1.8816 0.4432 0.0, 1.8898 0.4494 0.0, 1.8993 0.4534 0.0, 1.9094 0.4547 0.0, 1.8701 0.2972 0.0, 1.9094 0.2579 0.0, 1.8993 0.2592 0.0, 1.8898 0.2631 0.0, 1.8816 0.2694 0.0, 1.8754 0.2776 0.0, 1.8714 0.2871 0.0, 2.0276 0.2579 0.0, 2.0669 0.2972 0.0, 2.0656 0.2871 0.0, 2.0617 0.2776 0.0, 2.0554 0.2694 0.0, 2.0472 0.2631 0.0, 2.0377 0.2592 0.0, 2.0669 0.4154 0.0, 2.0276 0.4547 0.0, 2.0377 0.4534 0.0, 2.0472 0.4494 0.0, 2.0554 0.4432 0.0, 2.0617 0.435 0.0, 2.0656 0.4255 0.0, -2.0669 -0.2933 0.0, -2.0656 -0.2831 0.0, -2.0617 -0.2736 0.0, -2.0554 -0.2655 0.0, -2.0472 -0.2592 0.0, -2.0377 -0.2553 0.0, -2.0276 -0.2539 0.0, -2.0669 -0.4114 0.0, -2.0276 -0.4508 0.0, -2.0377 -0.4494 0.0, -2.0472 -0.4455 0.0, -2.0554 -0.4393 0.0, -2.0617 -0.4311 0.0, -2.0656 -0.4216 0.0, -1.9094 -0.4508 0.0, -1.8701 -0.4114 0.0, -1.8714 -0.4216 0.0, -1.8754 -0.4311 0.0, -1.8816 -0.4393 0.0, -1.8898 -0.4455 0.0, -1.8993 -0.4494 0.0, -1.8701 -0.2933 0.0, -1.9094 -0.2539 0.0, -1.8993 -0.2553 0.0, -1.8898 -0.2592 0.0, -1.8816 -0.2655 0.0, -1.8754 -0.2736 0.0, -1.8714 -0.2831 0.0, 1.8701 -0.2933 0.0, 1.8714 -0.2831 0.0, 1.8754 -0.2736 0.0, 1.8816 -0.2655 0.0, 1.8898 -0.2592 0.0, 1.8993 -0.2553 0.0, 1.9094 -0.2539 0.0, 1.8701 -0.4114 0.0, 1.9094 -0.4508 0.0, 1.8993 -0.4494 0.0, 1.8898 -0.4455 0.0, 1.8816 -0.4393 0.0, 1.8754 -0.4311 0.0, 1.8714 -0.4216 0.0, 2.0276 -0.4508 0.0, 2.0669 -0.4114 0.0, 2.0656 -0.4216 0.0, 2.0617 -0.4311 0.0, 2.0554 -0.4393 0.0, 2.0472 -0.4455 0.0, 2.0377 -0.4494 0.0, 2.0669 -0.2933 0.0, 2.0276 -0.2539 0.0, 2.0377 -0.2553 0.0, 2.0472 -0.2592 0.0, 2.0554 -0.2655 0.0, 2.0617 -0.2736 0.0, 2.0656 -0.2831 0.0, -1.1417 -0.0662 -0.315, -1.1607 -0.0741 -0.315, -1.1811 0.002 -0.315, -1.1811 -0.0768 -0.315, -1.2015 -0.0741 -0.315, -1.105 -0.0184 -0.315, -1.1129 -0.0374 -0.315, -1.1254 -0.0537 -0.315, -1.1129 0.0413 -0.315, -1.105 0.0223 -0.315, -1.1024 0.002 -0.315, -1.1607 0.078 -0.315, -1.1417 0.0702 -0.315, -1.1254 0.0576 -0.315, -1.2205 0.0702 -0.315, -1.2015 0.078 -0.315, -1.1811 0.0807 -0.315, -1.2572 0.0223 -0.315, -1.2493 0.0413 -0.315, -1.2368 0.0576 -0.315, -1.2493 -0.0374 -0.315, -1.2572 -0.0184 -0.315, -1.2598 0.002 -0.315, -1.2205 -0.0662 -0.315, -1.2368 -0.0537 -0.315, -1.1811 -0.1555 -0.2362, -1.1403 -0.1501 -0.2362, -1.1024 -0.1344 -0.2362, -1.0697 -0.1094 -0.2362, -1.0447 -0.0768 -0.2362, -1.029 -0.0388 -0.2362, -1.0236 0.002 -0.2362, -1.029 0.0427 -0.2362, -1.0447 0.0807 -0.2362, -1.0697 0.1133 -0.2362, -1.1024 0.1384 -0.2362, -1.1403 0.1541 -0.2362, -1.1811 0.1594 -0.2362, -1.2219 0.1541 -0.2362, -1.2598 0.1384 -0.2362, -1.2925 0.1133 -0.2362, -1.3175 0.0807 -0.2362, -1.3332 0.0427 -0.2362, -1.3386 0.002 -0.2362, -1.3332 -0.0388 -0.2362, -1.3175 -0.0768 -0.2362, -1.2925 -0.1094 -0.2362, -1.2598 -0.1344 -0.2362, -1.2219 -0.1501 -0.2362, 2.0079 -0.0662 -0.315, 1.9889 -0.0741 -0.315, 1.9685 0.002 -0.315, 1.9685 -0.0768 -0.315, 1.9481 -0.0741 -0.315, 2.0446 -0.0184 -0.315, 2.0367 -0.0374 -0.315, 2.0242 -0.0537 -0.315, 2.0367 0.0413 -0.315, 2.0446 0.0223 -0.315, 2.0472 0.002 -0.315, 1.9889 0.078 -0.315, 2.0079 0.0702 -0.315, 2.0242 0.0576 -0.315, 1.9291 0.0702 -0.315, 1.9481 0.078 -0.315, 1.9685 0.0807 -0.315, 1.8924 0.0223 -0.315, 1.9003 0.0413 -0.315, 1.9128 0.0576 -0.315, 1.9003 -0.0374 -0.315, 1.8924 -0.0184 -0.315, 1.8898 0.002 -0.315, 1.9291 -0.0662 -0.315, 1.9128 -0.0537 -0.315, 1.9685 -0.1555 -0.2362, 2.0093 -0.1501 -0.2362, 2.0472 -0.1344 -0.2362, 2.0799 -0.1094 -0.2362, 2.1049 -0.0768 -0.2362, 2.1206 -0.0388 -0.2362, 2.126 0.002 -0.2362, 2.1206 0.0427 -0.2362, 2.1049 0.0807 -0.2362, 2.0799 0.1133 -0.2362, 2.0472 0.1384 -0.2362, 2.0093 0.1541 -0.2362, 1.9685 0.1594 -0.2362, 1.9277 0.1541 -0.2362, 1.8898 0.1384 -0.2362, 1.8571 0.1133 -0.2362, 1.8321 0.0807 -0.2362, 1.8164 0.0427 -0.2362, 1.811 0.002 -0.2362, 1.8164 -0.0388 -0.2362, 1.8321 -0.0768 -0.2362, 1.8571 -0.1094 -0.2362, 1.8898 -0.1344 -0.2362, 1.9277 -0.1501 -0.2362, 0.689 0.1724 0.2362, 0.7365 0.1921 0.2362, 0.7874 0.002 0.2362, 0.7874 0.1988 0.2362, 0.8384 0.1921 0.2362, 0.5973 0.0529 0.2362, 0.6169 0.1004 0.2362, 0.6482 0.1412 0.2362, 0.6169 -0.0965 0.2362, 0.5973 -0.049 0.2362, 0.5906 0.002 0.2362, 0.7365 -0.1882 0.2362, 0.689 -0.1685 0.2362, 0.6482 -0.1372 0.2362, 0.8858 -0.1685 0.2362, 0.8384 -0.1882 0.2362, 0.7874 -0.1949 0.2362, 0.9775 -0.049 0.2362, 0.9579 -0.0965 0.2362, 0.9266 -0.1372 0.2362, 0.9579 0.1004 0.2362, 0.9775 0.0529 0.2362, 0.9843 0.002 0.2362, 0.8858 0.1724 0.2362, 0.9266 0.1412 0.2362, -0.0787 0.1384 0.2362, -0.0408 0.1541 0.2362, 0.0 0.002 0.2362, 0.0 0.1594 0.2362, 0.0408 0.1541 0.2362, -0.1521 0.0427 0.2362, -0.1364 0.0807 0.2362, -0.1114 0.1133 0.2362, -0.1364 -0.0768 0.2362, -0.1521 -0.0388 0.2362, -0.1575 0.002 0.2362, -0.0408 -0.1501 0.2362, -0.0787 -0.1344 0.2362, -0.1114 -0.1094 0.2362, 0.0787 -0.1344 0.2362, 0.0408 -0.1501 0.2362, 0.0 -0.1555 0.2362, 0.1521 -0.0388 0.2362, 0.1364 -0.0768 0.2362, 0.1114 -0.1094 0.2362, 0.1364 0.0807 0.2362, 0.1521 0.0427 0.2362, 0.1575 0.002 0.2362, 0.0787 0.1384 0.2362, 0.1114 0.1133 0.2362
            ]
        }
        coordIndex [
            0,1,2,-1,2,1,3,-1,4,5,6,-1,6,5,7,-1,8,9,10,-1,11,12,13,-1,14,15,16,-1,16,17,18,-1,19,20,21,-1,22,14,23,-1,23,14,19,-1,23,19,10,-1,18,11,16,-1,16,11,13,-1,16,13,14,-1,14,13,24,-1,14,24,19,-1,25,26,27,-1,28,29,27,-1,27,29,30,-1,21,31,19,-1,19,31,25,-1,19,25,10,-1,10,25,27,-1,10,27,8,-1,8,27,30,-1,8,30,32,-1,31,33,25,-1,25,33,34,-1,25,34,35,-1,35,36,25,-1,25,36,37,-1,25,37,38,-1,38,39,25,-1,25,39,40,-1,25,40,41,-1,2,3,42,-1,42,3,43,-1,44,45,6,-1,6,45,4,-1,46,47,48,-1,48,47,49,-1,48,49,50,-1,46,48,51,-1,51,48,52,-1,51,52,53,-1,50,54,48,-1,48,54,55,-1,48,55,56,-1,56,55,57,-1,56,57,58,-1,59,60,61,-1,61,62,59,-1,59,62,63,-1,59,63,64,-1,64,63,65,-1,64,65,66,-1,66,65,67,-1,66,67,68,-1,69,70,71,-1,71,70,66,-1,68,72,66,-1,66,72,73,-1,66,73,71,-1,74,75,76,-1,77,78,79,-1,79,78,80,-1,79,80,81,-1,79,82,83,-1,83,82,84,-1,83,84,85,-1,74,76,86,-1,81,87,79,-1,79,87,88,-1,79,88,82,-1,85,84,76,-1,76,84,89,-1,76,89,86,-1,90,91,92,-1,92,91,93,-1,92,93,94,-1,94,95,92,-1,92,95,96,-1,92,96,97,-1,97,96,98,-1,97,98,99,-1,90,92,100,-1,100,92,101,-1,100,101,102,-1,103,104,105,-1,106,107,105,-1,105,107,108,-1,105,108,103,-1,109,110,111,-1,111,110,112,-1,111,112,113,-1,5,4,45,-1,110,109,45,-1,45,109,114,-1,115,116,117,-1,118,114,23,-1,23,114,119,-1,23,119,22,-1,118,120,114,-1,114,120,121,-1,114,121,45,-1,45,121,122,-1,45,122,123,-1,117,116,124,-1,124,116,125,-1,124,125,126,-1,127,128,124,-1,124,128,129,-1,124,129,117,-1,117,129,130,-1,123,131,45,-1,45,131,132,-1,45,132,133,-1,134,5,135,-1,135,5,45,-1,135,45,136,-1,136,45,137,-1,115,117,138,-1,138,117,139,-1,138,139,140,-1,133,141,45,-1,45,141,142,-1,45,142,137,-1,126,143,124,-1,124,143,22,-1,124,22,144,-1,144,22,119,-1,144,119,145,-1,145,119,146,-1,147,148,140,-1,140,148,149,-1,140,149,138,-1,147,150,148,-1,148,150,151,-1,148,151,152,-1,153,154,155,-1,155,154,156,-1,154,157,156,-1,156,157,158,-1,156,158,159,-1,159,160,156,-1,156,160,161,-1,156,161,162,-1,163,164,165,-1,165,164,166,-1,164,167,166,-1,166,167,156,-1,166,156,168,-1,168,156,162,-1,169,170,171,-1,171,170,172,-1,171,172,146,-1,146,172,145,-1,173,174,175,-1,175,174,176,-1,175,176,177,-1,178,179,180,-1,180,179,128,-1,180,128,127,-1,181,182,183,-1,182,184,183,-1,183,184,185,-1,183,185,186,-1,181,183,187,-1,187,183,188,-1,187,188,189,-1,190,191,192,-1,192,191,183,-1,192,183,193,-1,193,183,186,-1,194,195,196,-1,196,195,197,-1,198,199,16,-1,16,199,200,-1,16,200,17,-1,17,200,196,-1,17,196,201,-1,201,196,197,-1,202,203,204,-1,204,203,13,-1,204,13,205,-1,205,13,12,-1,206,207,205,-1,12,208,205,-1,205,208,209,-1,205,209,206,-1,210,211,212,-1,211,213,212,-1,212,213,214,-1,212,214,215,-1,210,212,216,-1,216,212,217,-1,216,217,218,-1,219,220,221,-1,221,220,212,-1,221,212,222,-1,222,212,215,-1,85,76,223,-1,85,223,224,-1,224,223,225,-1,224,225,226,-1,226,225,227,-1,226,227,228,-1,228,227,229,-1,228,229,230,-1,230,229,231,-1,230,231,232,-1,232,231,233,-1,232,233,234,-1,234,233,235,-1,235,233,236,-1,235,236,237,-1,237,236,238,-1,238,236,239,-1,238,239,240,-1,240,239,241,-1,240,241,242,-1,242,241,243,-1,242,243,244,-1,244,243,245,-1,244,245,246,-1,246,245,247,-1,246,247,41,-1,41,247,25,-1,20,19,248,-1,248,19,249,-1,248,249,250,-1,250,249,251,-1,250,251,252,-1,252,251,253,-1,252,253,254,-1,254,253,255,-1,254,255,256,-1,256,255,257,-1,256,257,258,-1,258,257,259,-1,260,261,262,-1,260,262,263,-1,263,262,264,-1,263,264,265,-1,265,264,266,-1,265,266,267,-1,267,266,268,-1,267,268,269,-1,269,268,270,-1,269,270,271,-1,271,270,59,-1,271,59,64,-1,261,260,259,-1,259,260,272,-1,259,272,258,-1,177,176,273,-1,103,108,274,-1,274,108,156,-1,274,156,273,-1,273,156,167,-1,273,167,177,-1,275,276,273,-1,273,276,277,-1,277,278,273,-1,273,278,279,-1,273,279,274,-1,274,279,280,-1,280,281,274,-1,274,281,282,-1,274,282,283,-1,276,275,284,-1,279,278,285,-1,286,287,288,-1,289,290,291,-1,291,292,289,-1,289,292,293,-1,289,293,294,-1,294,293,295,-1,294,295,296,-1,297,298,299,-1,297,299,300,-1,299,301,300,-1,300,301,302,-1,300,302,289,-1,289,302,303,-1,289,303,290,-1,304,305,306,-1,306,305,307,-1,308,309,310,-1,308,310,311,-1,309,312,310,-1,310,312,313,-1,310,313,297,-1,297,313,314,-1,297,314,298,-1,307,315,306,-1,306,315,316,-1,306,316,311,-1,296,317,294,-1,294,317,318,-1,294,318,319,-1,319,318,320,-1,320,321,319,-1,319,321,322,-1,319,322,323,-1,323,322,324,-1,323,324,304,-1,325,326,327,-1,327,326,328,-1,327,328,329,-1,330,331,300,-1,300,331,332,-1,300,332,333,-1,334,335,297,-1,297,335,336,-1,297,336,337,-1,333,338,300,-1,300,338,339,-1,300,339,297,-1,297,339,340,-1,297,340,334,-1,288,287,341,-1,287,342,341,-1,341,342,343,-1,341,343,344,-1,345,346,347,-1,347,346,348,-1,347,348,349,-1,350,351,288,-1,288,351,352,-1,288,352,286,-1,349,353,347,-1,347,353,354,-1,347,354,288,-1,288,354,355,-1,288,355,350,-1,279,356,280,-1,280,356,357,-1,280,357,281,-1,281,357,358,-1,281,358,282,-1,282,358,359,-1,282,359,283,-1,276,360,277,-1,277,360,361,-1,277,361,278,-1,283,359,362,-1,362,359,363,-1,362,363,364,-1,365,366,367,-1,368,369,365,-1,365,369,370,-1,365,370,366,-1,371,372,358,-1,358,372,373,-1,374,375,363,-1,363,375,376,-1,363,376,377,-1,378,379,359,-1,359,379,380,-1,359,380,381,-1,377,382,363,-1,363,382,383,-1,363,383,365,-1,365,383,384,-1,365,384,368,-1,385,386,358,-1,358,386,387,-1,358,387,371,-1,373,388,358,-1,358,388,389,-1,358,389,359,-1,359,389,390,-1,359,390,378,-1,381,391,359,-1,359,391,392,-1,359,392,363,-1,363,392,393,-1,363,393,374,-1,356,341,357,-1,357,341,344,-1,357,344,358,-1,358,344,365,-1,358,365,385,-1,385,365,367,-1,394,395,360,-1,396,397,398,-1,399,400,401,-1,401,400,402,-1,397,403,398,-1,398,403,404,-1,398,404,405,-1,395,406,360,-1,360,406,407,-1,360,407,408,-1,409,410,361,-1,361,410,411,-1,405,412,398,-1,398,412,413,-1,398,413,360,-1,360,413,414,-1,360,414,394,-1,415,416,400,-1,400,416,417,-1,400,417,402,-1,408,418,360,-1,360,418,419,-1,360,419,361,-1,361,419,420,-1,361,420,409,-1,411,421,361,-1,361,421,422,-1,361,422,400,-1,400,422,423,-1,400,423,415,-1,343,330,344,-1,344,330,300,-1,344,300,365,-1,365,300,289,-1,365,289,363,-1,363,289,294,-1,363,294,364,-1,364,294,319,-1,278,361,285,-1,285,361,400,-1,285,400,424,-1,424,400,425,-1,424,425,426,-1,427,428,429,-1,430,431,347,-1,347,431,432,-1,347,432,429,-1,429,432,433,-1,429,433,427,-1,434,435,426,-1,426,435,436,-1,437,438,288,-1,288,438,439,-1,436,440,426,-1,426,440,441,-1,426,441,442,-1,279,285,356,-1,356,285,424,-1,356,424,341,-1,341,424,426,-1,341,426,288,-1,288,426,442,-1,288,442,437,-1,428,443,429,-1,429,443,444,-1,429,444,426,-1,426,444,445,-1,426,445,434,-1,439,446,288,-1,288,446,447,-1,288,447,347,-1,347,447,448,-1,347,448,449,-1,449,450,347,-1,347,450,451,-1,347,451,430,-1,452,453,454,-1,454,455,452,-1,452,455,456,-1,452,456,457,-1,457,458,452,-1,452,458,459,-1,452,459,425,-1,425,459,460,-1,460,461,425,-1,425,461,462,-1,425,462,463,-1,426,464,429,-1,429,464,465,-1,429,465,466,-1,467,468,426,-1,466,469,429,-1,429,469,470,-1,429,470,471,-1,463,472,425,-1,425,472,473,-1,425,473,426,-1,426,473,474,-1,426,474,467,-1,468,475,426,-1,426,475,476,-1,426,476,464,-1,477,452,478,-1,478,452,425,-1,478,425,479,-1,479,425,400,-1,479,400,398,-1,398,400,399,-1,398,399,396,-1,337,325,297,-1,297,325,327,-1,297,327,310,-1,310,327,480,-1,328,345,329,-1,329,345,347,-1,329,347,481,-1,481,347,429,-1,481,429,482,-1,304,306,323,-1,323,306,483,-1,323,483,484,-1,484,483,485,-1,484,485,486,-1,487,488,489,-1,488,490,489,-1,489,490,491,-1,489,491,492,-1,480,493,494,-1,483,495,496,-1,497,498,480,-1,480,498,499,-1,480,499,493,-1,500,501,485,-1,485,501,502,-1,503,504,483,-1,502,505,485,-1,485,505,506,-1,485,506,489,-1,489,506,507,-1,489,507,487,-1,494,508,480,-1,480,508,509,-1,480,509,510,-1,504,511,483,-1,483,511,512,-1,483,512,495,-1,496,513,483,-1,483,513,514,-1,483,514,485,-1,485,514,515,-1,485,515,500,-1,311,310,306,-1,306,310,480,-1,306,480,483,-1,483,480,510,-1,483,510,503,-1,516,517,518,-1,518,517,519,-1,518,519,520,-1,521,522,477,-1,477,522,523,-1,524,525,482,-1,524,482,526,-1,525,527,482,-1,482,527,528,-1,482,528,529,-1,530,531,532,-1,533,534,532,-1,532,534,535,-1,532,535,518,-1,518,535,536,-1,518,536,516,-1,520,537,518,-1,518,537,538,-1,518,538,477,-1,477,538,539,-1,477,539,521,-1,530,532,540,-1,531,541,532,-1,532,541,542,-1,532,542,533,-1,523,543,477,-1,477,543,544,-1,477,544,545,-1,471,453,429,-1,429,453,452,-1,429,452,482,-1,482,452,477,-1,482,477,526,-1,526,477,545,-1,529,540,482,-1,482,540,532,-1,482,532,481,-1,481,532,546,-1,481,546,329,-1,329,546,547,-1,329,547,327,-1,327,547,548,-1,327,548,480,-1,480,548,489,-1,480,489,497,-1,497,489,492,-1,276,284,360,-1,360,284,549,-1,360,549,398,-1,398,549,550,-1,398,550,479,-1,479,550,551,-1,479,551,478,-1,478,551,552,-1,478,552,477,-1,477,552,553,-1,477,553,518,-1,518,553,554,-1,518,554,532,-1,486,485,555,-1,555,485,489,-1,489,548,555,-1,555,548,547,-1,555,547,554,-1,554,547,546,-1,554,546,532,-1,113,112,555,-1,179,178,554,-1,554,178,170,-1,554,170,555,-1,555,170,169,-1,555,169,113,-1,556,140,557,-1,557,140,139,-1,558,559,135,-1,135,559,134,-1,556,557,56,-1,56,557,48,-1,560,561,15,-1,14,562,15,-1,15,562,563,-1,15,563,560,-1,561,564,15,-1,15,564,565,-1,15,565,56,-1,56,565,566,-1,56,566,567,-1,556,56,568,-1,568,56,567,-1,568,567,569,-1,569,567,570,-1,569,570,571,-1,183,559,188,-1,188,559,558,-1,572,573,9,-1,9,573,574,-1,574,575,9,-1,9,575,576,-1,9,576,10,-1,188,577,9,-1,9,577,578,-1,9,578,572,-1,558,579,188,-1,188,579,580,-1,188,580,581,-1,581,582,188,-1,188,582,583,-1,188,583,577,-1,584,585,217,-1,217,585,24,-1,259,257,24,-1,24,257,255,-1,24,255,253,-1,212,586,217,-1,217,586,587,-1,217,587,584,-1,585,70,24,-1,24,70,69,-1,24,69,259,-1,253,251,24,-1,24,251,249,-1,24,249,19,-1,587,588,584,-1,584,588,589,-1,584,589,590,-1,590,589,591,-1,69,60,259,-1,259,60,59,-1,259,59,261,-1,261,59,262,-1,268,266,264,-1,262,59,264,-1,264,59,270,-1,264,270,268,-1,592,92,97,-1,243,241,26,-1,25,247,26,-1,26,247,245,-1,26,245,243,-1,593,594,97,-1,97,594,595,-1,97,595,592,-1,596,597,97,-1,97,597,598,-1,97,598,593,-1,241,239,26,-1,26,239,236,-1,26,236,75,-1,75,236,233,-1,75,233,76,-1,76,233,223,-1,75,78,26,-1,26,78,77,-1,26,77,97,-1,97,77,599,-1,97,599,596,-1,231,229,227,-1,231,227,233,-1,233,227,225,-1,233,225,223,-1,600,587,601,-1,601,587,586,-1,602,603,595,-1,595,603,592,-1,604,601,586,-1,206,605,604,-1,220,606,207,-1,207,206,220,-1,220,206,604,-1,220,604,212,-1,212,604,586,-1,194,607,52,-1,557,139,48,-1,48,139,117,-1,48,117,52,-1,52,117,195,-1,52,195,194,-1,608,1,0,-1,609,610,101,-1,592,603,92,-1,92,603,608,-1,92,608,101,-1,101,608,0,-1,101,0,609,-1,134,559,5,-1,5,559,183,-1,5,183,7,-1,7,183,191,-1,7,191,611,-1,611,191,612,-1,602,595,594,-1,602,594,613,-1,613,594,593,-1,613,593,614,-1,614,593,598,-1,614,598,615,-1,615,598,597,-1,615,597,616,-1,616,597,596,-1,616,596,617,-1,617,596,599,-1,617,599,618,-1,599,77,618,-1,618,77,79,-1,619,585,584,-1,619,584,620,-1,620,584,590,-1,620,590,621,-1,621,590,591,-1,621,591,622,-1,622,591,589,-1,622,589,623,-1,623,589,588,-1,623,588,624,-1,624,588,587,-1,624,587,600,-1,70,585,66,-1,66,585,619,-1,566,565,149,-1,149,565,138,-1,131,578,132,-1,132,578,577,-1,566,149,148,-1,566,148,567,-1,567,148,152,-1,567,152,570,-1,570,152,151,-1,570,151,571,-1,571,151,150,-1,571,150,569,-1,569,150,147,-1,569,147,568,-1,568,147,140,-1,568,140,556,-1,558,135,136,-1,558,136,579,-1,579,136,137,-1,579,137,580,-1,580,137,142,-1,580,142,581,-1,581,142,141,-1,581,141,582,-1,582,141,133,-1,582,133,583,-1,583,133,132,-1,583,132,577,-1,188,9,189,-1,189,9,8,-1,189,8,625,-1,198,16,58,-1,58,16,15,-1,58,15,56,-1,217,24,218,-1,218,24,13,-1,218,13,203,-1,626,27,99,-1,99,27,26,-1,99,26,97,-1,23,10,118,-1,118,10,576,-1,118,576,120,-1,120,576,575,-1,120,575,121,-1,121,575,574,-1,121,574,122,-1,122,574,573,-1,122,573,123,-1,123,573,572,-1,123,572,131,-1,131,572,578,-1,138,565,115,-1,115,565,564,-1,115,564,116,-1,116,564,561,-1,116,561,125,-1,125,561,560,-1,125,560,126,-1,126,560,563,-1,126,563,143,-1,143,563,562,-1,143,562,22,-1,22,562,14,-1,627,124,628,-1,628,124,629,-1,180,127,630,-1,630,127,124,-1,630,124,631,-1,631,124,627,-1,632,633,144,-1,144,633,634,-1,144,634,635,-1,145,172,144,-1,144,172,636,-1,144,636,632,-1,124,144,629,-1,629,144,635,-1,637,638,639,-1,640,153,155,-1,155,641,640,-1,640,641,642,-1,640,642,639,-1,639,642,643,-1,639,643,637,-1,644,645,646,-1,107,106,647,-1,647,106,648,-1,647,648,649,-1,649,648,644,-1,649,644,650,-1,650,644,646,-1,651,119,652,-1,652,119,653,-1,171,146,654,-1,654,146,119,-1,654,119,655,-1,655,119,651,-1,656,657,114,-1,114,657,658,-1,114,658,659,-1,109,111,114,-1,114,111,660,-1,114,660,656,-1,119,114,653,-1,653,114,659,-1,661,538,537,-1,661,537,662,-1,662,537,520,-1,662,520,663,-1,663,520,519,-1,663,519,664,-1,664,519,517,-1,664,517,665,-1,665,517,516,-1,665,516,666,-1,666,516,536,-1,666,536,667,-1,661,668,538,-1,538,668,539,-1,669,545,544,-1,669,544,670,-1,670,544,543,-1,670,543,671,-1,671,543,523,-1,671,523,672,-1,672,523,522,-1,672,522,673,-1,673,522,521,-1,673,521,674,-1,674,521,539,-1,674,539,668,-1,669,675,545,-1,545,675,526,-1,676,540,529,-1,676,529,677,-1,677,529,528,-1,677,528,678,-1,678,528,527,-1,678,527,679,-1,679,527,525,-1,679,525,680,-1,680,525,524,-1,680,524,681,-1,681,524,526,-1,681,526,675,-1,676,682,540,-1,540,682,530,-1,683,535,534,-1,683,534,684,-1,684,534,533,-1,684,533,685,-1,685,533,542,-1,685,542,686,-1,686,542,541,-1,686,541,687,-1,687,541,531,-1,687,531,688,-1,688,531,530,-1,688,530,682,-1,683,667,535,-1,535,667,536,-1,669,667,675,-1,675,667,683,-1,662,663,664,-1,664,665,662,-1,662,665,666,-1,662,666,667,-1,670,674,669,-1,669,674,668,-1,669,668,667,-1,667,668,661,-1,667,661,662,-1,670,671,674,-1,674,671,672,-1,674,672,673,-1,684,688,683,-1,683,688,682,-1,683,682,675,-1,684,685,688,-1,688,685,686,-1,688,686,687,-1,680,677,679,-1,679,677,678,-1,682,676,675,-1,675,676,677,-1,675,677,681,-1,681,677,680,-1,689,497,492,-1,689,492,690,-1,690,492,491,-1,690,491,691,-1,691,491,490,-1,691,490,692,-1,692,490,488,-1,692,488,693,-1,693,488,487,-1,693,487,694,-1,694,487,507,-1,694,507,695,-1,689,696,497,-1,497,696,498,-1,697,510,509,-1,697,509,698,-1,698,509,508,-1,698,508,699,-1,699,508,494,-1,699,494,700,-1,700,494,493,-1,700,493,701,-1,701,493,499,-1,701,499,702,-1,702,499,498,-1,702,498,696,-1,697,703,510,-1,510,703,503,-1,704,513,496,-1,704,496,705,-1,705,496,495,-1,705,495,706,-1,706,495,512,-1,706,512,707,-1,707,512,511,-1,707,511,708,-1,708,511,504,-1,708,504,709,-1,709,504,503,-1,709,503,703,-1,704,710,513,-1,513,710,514,-1,711,506,505,-1,711,505,712,-1,712,505,502,-1,712,502,713,-1,713,502,501,-1,713,501,714,-1,714,501,500,-1,714,500,715,-1,715,500,515,-1,715,515,716,-1,716,515,514,-1,716,514,710,-1,711,695,506,-1,506,695,507,-1,697,695,703,-1,703,695,711,-1,690,691,692,-1,692,693,690,-1,690,693,694,-1,690,694,695,-1,698,702,697,-1,697,702,696,-1,697,696,695,-1,695,696,689,-1,695,689,690,-1,698,699,702,-1,702,699,700,-1,702,700,701,-1,712,716,711,-1,711,716,710,-1,711,710,703,-1,712,713,716,-1,716,713,714,-1,716,714,715,-1,708,705,707,-1,707,705,706,-1,710,704,703,-1,703,704,705,-1,703,705,709,-1,709,705,708,-1,717,413,412,-1,717,412,718,-1,718,412,405,-1,718,405,719,-1,719,405,404,-1,719,404,720,-1,720,404,403,-1,720,403,721,-1,721,403,397,-1,721,397,722,-1,722,397,396,-1,722,396,723,-1,717,724,413,-1,413,724,414,-1,725,418,408,-1,725,408,726,-1,726,408,407,-1,726,407,727,-1,727,407,406,-1,727,406,728,-1,728,406,395,-1,728,395,729,-1,729,395,394,-1,729,394,730,-1,730,394,414,-1,730,414,724,-1,725,731,418,-1,418,731,419,-1,732,422,421,-1,732,421,733,-1,733,421,411,-1,733,411,734,-1,734,411,410,-1,734,410,735,-1,735,410,409,-1,735,409,736,-1,736,409,420,-1,736,420,737,-1,737,420,419,-1,737,419,731,-1,732,738,422,-1,422,738,423,-1,739,399,401,-1,739,401,740,-1,740,401,402,-1,740,402,741,-1,741,402,417,-1,741,417,742,-1,742,417,416,-1,742,416,743,-1,743,416,415,-1,743,415,744,-1,744,415,423,-1,744,423,738,-1,739,723,399,-1,399,723,396,-1,722,723,718,-1,739,731,723,-1,723,731,725,-1,740,744,739,-1,739,744,738,-1,739,738,731,-1,740,741,744,-1,744,741,742,-1,744,742,743,-1,736,733,735,-1,735,733,734,-1,738,732,731,-1,731,732,733,-1,731,733,737,-1,737,733,736,-1,726,730,725,-1,725,730,724,-1,725,724,723,-1,723,724,717,-1,723,717,718,-1,726,727,730,-1,730,727,728,-1,730,728,729,-1,719,720,718,-1,718,720,721,-1,718,721,722,-1,745,385,367,-1,745,367,746,-1,746,367,366,-1,746,366,747,-1,747,366,370,-1,747,370,748,-1,748,370,369,-1,748,369,749,-1,749,369,368,-1,749,368,750,-1,750,368,384,-1,750,384,751,-1,745,752,385,-1,385,752,386,-1,753,389,388,-1,753,388,754,-1,754,388,373,-1,754,373,755,-1,755,373,372,-1,755,372,756,-1,756,372,371,-1,756,371,757,-1,757,371,387,-1,757,387,758,-1,758,387,386,-1,758,386,752,-1,753,759,389,-1,389,759,390,-1,760,392,391,-1,760,391,761,-1,761,391,381,-1,761,381,762,-1,762,381,380,-1,762,380,763,-1,763,380,379,-1,763,379,764,-1,764,379,378,-1,764,378,765,-1,765,378,390,-1,765,390,759,-1,760,766,392,-1,392,766,393,-1,767,383,382,-1,767,382,768,-1,768,382,377,-1,768,377,769,-1,769,377,376,-1,769,376,770,-1,770,376,375,-1,770,375,771,-1,771,375,374,-1,771,374,772,-1,772,374,393,-1,772,393,766,-1,767,751,383,-1,383,751,384,-1,750,751,746,-1,767,759,751,-1,751,759,753,-1,768,772,767,-1,767,772,766,-1,767,766,759,-1,768,769,772,-1,772,769,770,-1,772,770,771,-1,764,761,763,-1,763,761,762,-1,766,760,759,-1,759,760,761,-1,759,761,765,-1,765,761,764,-1,754,758,753,-1,753,758,752,-1,753,752,751,-1,751,752,745,-1,751,745,746,-1,754,755,758,-1,758,755,756,-1,758,756,757,-1,747,748,746,-1,746,748,749,-1,746,749,750,-1,773,774,775,-1,775,774,776,-1,775,776,777,-1,778,779,775,-1,775,779,780,-1,775,780,773,-1,781,782,775,-1,775,782,783,-1,775,783,778,-1,784,785,775,-1,775,785,786,-1,775,786,781,-1,787,788,775,-1,775,788,789,-1,775,789,784,-1,790,791,775,-1,775,791,792,-1,775,792,787,-1,793,794,775,-1,775,794,795,-1,775,795,790,-1,777,796,775,-1,775,796,797,-1,775,797,793,-1,798,774,799,-1,799,774,773,-1,799,773,800,-1,800,773,780,-1,800,780,801,-1,801,780,779,-1,801,779,802,-1,802,779,778,-1,802,778,803,-1,803,778,783,-1,803,783,804,-1,804,783,782,-1,804,782,805,-1,805,782,781,-1,805,781,806,-1,806,781,786,-1,806,786,807,-1,807,786,785,-1,807,785,808,-1,808,785,784,-1,808,784,809,-1,809,784,789,-1,809,789,810,-1,810,789,788,-1,810,788,811,-1,811,788,787,-1,811,787,812,-1,812,787,792,-1,812,792,813,-1,813,792,791,-1,813,791,814,-1,814,791,790,-1,814,790,815,-1,815,790,795,-1,815,795,816,-1,816,795,794,-1,816,794,817,-1,817,794,793,-1,817,793,818,-1,818,793,797,-1,818,797,819,-1,819,797,796,-1,819,796,820,-1,820,796,777,-1,820,777,821,-1,821,777,776,-1,821,776,798,-1,798,776,774,-1,473,799,474,-1,474,799,800,-1,474,800,467,-1,467,800,801,-1,467,801,468,-1,468,801,802,-1,468,802,475,-1,475,802,803,-1,475,803,476,-1,476,803,804,-1,476,804,464,-1,464,804,805,-1,464,805,465,-1,465,805,806,-1,465,806,466,-1,466,806,807,-1,466,807,469,-1,469,807,808,-1,469,808,470,-1,470,808,809,-1,470,809,471,-1,471,809,810,-1,471,810,453,-1,453,810,811,-1,453,811,454,-1,454,811,812,-1,454,812,455,-1,455,812,813,-1,455,813,456,-1,456,813,814,-1,456,814,457,-1,457,814,815,-1,457,815,458,-1,458,815,816,-1,458,816,459,-1,459,816,817,-1,459,817,460,-1,460,817,818,-1,460,818,461,-1,461,818,819,-1,461,819,462,-1,462,819,820,-1,462,820,463,-1,463,820,821,-1,463,821,472,-1,472,821,798,-1,472,798,473,-1,473,798,799,-1,822,823,824,-1,824,823,825,-1,824,825,826,-1,827,828,824,-1,824,828,829,-1,824,829,822,-1,830,831,824,-1,824,831,832,-1,824,832,827,-1,833,834,824,-1,824,834,835,-1,824,835,830,-1,836,837,824,-1,824,837,838,-1,824,838,833,-1,839,840,824,-1,824,840,841,-1,824,841,836,-1,842,843,824,-1,824,843,844,-1,824,844,839,-1,826,845,824,-1,824,845,846,-1,824,846,842,-1,847,823,848,-1,848,823,822,-1,848,822,849,-1,849,822,829,-1,849,829,850,-1,850,829,828,-1,850,828,851,-1,851,828,827,-1,851,827,852,-1,852,827,832,-1,852,832,853,-1,853,832,831,-1,853,831,854,-1,854,831,830,-1,854,830,855,-1,855,830,835,-1,855,835,856,-1,856,835,834,-1,856,834,857,-1,857,834,833,-1,857,833,858,-1,858,833,838,-1,858,838,859,-1,859,838,837,-1,859,837,860,-1,860,837,836,-1,860,836,861,-1,861,836,841,-1,861,841,862,-1,862,841,840,-1,862,840,863,-1,863,840,839,-1,863,839,864,-1,864,839,844,-1,864,844,865,-1,865,844,843,-1,865,843,866,-1,866,843,842,-1,866,842,867,-1,867,842,846,-1,867,846,868,-1,868,846,845,-1,868,845,869,-1,869,845,826,-1,869,826,870,-1,870,826,825,-1,870,825,847,-1,847,825,823,-1,867,301,866,-1,866,301,299,-1,866,299,865,-1,865,299,298,-1,865,298,864,-1,864,298,314,-1,864,314,863,-1,863,314,313,-1,863,313,862,-1,313,312,862,-1,862,312,309,-1,862,309,861,-1,861,309,308,-1,861,308,860,-1,860,308,311,-1,860,311,859,-1,859,311,316,-1,859,316,858,-1,858,316,315,-1,858,315,857,-1,857,315,307,-1,857,307,856,-1,856,307,305,-1,856,305,855,-1,305,304,855,-1,855,304,324,-1,855,324,854,-1,854,324,322,-1,854,322,853,-1,853,322,321,-1,853,321,852,-1,852,321,320,-1,852,320,851,-1,851,320,318,-1,851,318,850,-1,318,317,850,-1,850,317,296,-1,850,296,849,-1,849,296,295,-1,849,295,848,-1,848,295,293,-1,848,293,847,-1,847,293,292,-1,847,292,870,-1,870,292,291,-1,870,291,869,-1,869,291,290,-1,869,290,868,-1,868,290,303,-1,868,303,867,-1,867,303,302,-1,867,302,301,-1,871,872,873,-1,873,872,874,-1,873,874,875,-1,876,877,873,-1,873,877,878,-1,873,878,871,-1,879,880,873,-1,873,880,881,-1,873,881,876,-1,882,883,873,-1,873,883,884,-1,873,884,879,-1,885,886,873,-1,873,886,887,-1,873,887,882,-1,888,889,873,-1,873,889,890,-1,873,890,885,-1,891,892,873,-1,873,892,893,-1,873,893,888,-1,875,894,873,-1,873,894,895,-1,873,895,891,-1,875,325,894,-1,894,325,337,-1,894,337,895,-1,895,337,336,-1,895,336,891,-1,891,336,335,-1,891,335,892,-1,892,335,334,-1,892,334,893,-1,893,334,340,-1,893,340,888,-1,888,340,339,-1,888,339,889,-1,889,339,338,-1,889,338,890,-1,890,338,333,-1,890,333,885,-1,333,332,885,-1,885,332,331,-1,885,331,886,-1,886,331,330,-1,886,330,887,-1,887,330,343,-1,887,343,882,-1,343,342,882,-1,882,342,287,-1,882,287,883,-1,883,287,286,-1,883,286,884,-1,884,286,352,-1,884,352,879,-1,879,352,351,-1,879,351,880,-1,880,351,350,-1,880,350,881,-1,881,350,355,-1,881,355,876,-1,876,355,354,-1,876,354,877,-1,877,354,353,-1,877,353,878,-1,878,353,349,-1,878,349,871,-1,349,348,871,-1,871,348,346,-1,871,346,872,-1,872,346,345,-1,872,345,874,-1,874,345,328,-1,874,328,875,-1,875,328,326,-1,875,326,325,-1,896,897,898,-1,898,897,899,-1,898,899,900,-1,901,902,898,-1,898,902,903,-1,898,903,896,-1,904,905,898,-1,898,905,906,-1,898,906,901,-1,907,908,898,-1,898,908,909,-1,898,909,904,-1,910,911,898,-1,898,911,912,-1,898,912,907,-1,913,914,898,-1,898,914,915,-1,898,915,910,-1,916,917,898,-1,898,917,918,-1,898,918,913,-1,900,919,898,-1,898,919,920,-1,898,920,916,-1,899,432,900,-1,900,432,431,-1,900,431,919,-1,919,431,430,-1,919,430,920,-1,920,430,451,-1,920,451,916,-1,916,451,450,-1,916,450,917,-1,917,450,449,-1,917,449,918,-1,918,449,448,-1,918,448,913,-1,913,448,447,-1,913,447,914,-1,914,447,446,-1,914,446,915,-1,915,446,439,-1,915,439,910,-1,910,439,438,-1,910,438,911,-1,911,438,437,-1,911,437,912,-1,912,437,442,-1,912,442,907,-1,907,442,441,-1,907,441,908,-1,908,441,440,-1,908,440,909,-1,909,440,436,-1,909,436,904,-1,904,436,435,-1,904,435,905,-1,905,435,434,-1,905,434,906,-1,906,434,445,-1,906,445,901,-1,901,445,444,-1,901,444,902,-1,902,444,443,-1,902,443,903,-1,903,443,428,-1,903,428,896,-1,896,428,427,-1,896,427,897,-1,897,427,433,-1,897,433,899,-1,899,433,432,-1,
        ]
    }
}
Shape{
    appearance Appearance {
        material  Material 	{
            diffuseColor 0.7529411764705882 0.7529411764705882 0.7529411764705882
            specularColor 0.7529411764705882 0.7529411764705882 0.7529411764705882
            ambientIntensity 0.7529
            transparency 0.0
            shininess 0.5
        }
    }
    geometry IndexedFaceSet {
        ccw TRUE
        solid FALSE
        coord DEF co Coordinate {
            point [
                2.2703 -0.439 1.2795, 2.2679 -0.4452 1.2795, 2.2679 -0.3917 1.2795, 2.3099 -0.3988 1.2795, 2.3282 -0.393 1.2795, 2.3405 -0.3917 1.2795, 2.2935 -0.4088 1.2795, 2.2801 -0.4225 1.2795, -1.063 0.3169 1.2795, 1.063 0.3169 1.2795, -1.063 0.3169 1.3583, 1.063 0.3169 1.3583, -1.0732 0.3156 1.2795, -1.0732 0.3156 1.3583, -1.0827 0.3117 1.2795, -1.0827 0.3117 1.3583, -1.0908 0.3054 1.2795, -1.0908 0.3054 1.3583, -1.0971 0.2972 1.2795, -1.0971 0.2972 1.3583, -1.101 0.2877 1.2795, -1.101 0.2877 1.3583, -1.1024 0.2776 1.2795, -1.1024 0.2776 1.3583, -1.1024 -0.2736 1.2795, -1.1024 -0.2736 1.3583, -1.101 -0.2838 1.2795, -1.101 -0.2838 1.3583, -1.0971 -0.2933 1.2795, -1.0971 -0.2933 1.3583, -1.0908 -0.3015 1.2795, -1.0908 -0.3015 1.3583, -1.0827 -0.3077 1.2795, -1.0827 -0.3077 1.3583, -1.0732 -0.3117 1.2795, -1.0732 -0.3117 1.3583, -1.063 -0.313 1.2795, -1.063 -0.313 1.3583, 1.063 -0.313 1.2795, 1.063 -0.313 1.3583, 1.0732 -0.3117 1.2795, 1.0732 -0.3117 1.3583, 1.0827 -0.3077 1.2795, 1.0827 -0.3077 1.3583, 1.0908 -0.3015 1.2795, 1.0908 -0.3015 1.3583, 1.0971 -0.2933 1.2795, 1.0971 -0.2933 1.3583, 1.101 -0.2838 1.2795, 1.101 -0.2838 1.3583, 1.1024 -0.2736 1.2795, 1.1024 -0.2736 1.3583, 1.1024 0.2776 1.2795, 1.1024 0.2776 1.3583, -2.3213 0.3986 1.32, -2.31 0.4029 1.3321, -2.3099 0.4027 1.2795, -2.2638 0.4744 1.3563, -2.2638 0.4744 1.2795, -2.2641 0.4676 1.3562, -2.2649 0.4614 1.2795, -2.2653 0.4614 1.3559, -2.2675 0.4503 1.3553, -2.2679 0.4491 1.2795, -2.2708 0.4432 1.3542, -2.2703 0.443 1.2795, -2.2746 0.4345 1.353, -2.2801 0.4264 1.2795, -2.2805 0.4267 1.3507, -2.2935 0.4128 1.2795, -2.2851 0.4205 1.3488, -2.2832 0.4231 1.3496, -2.3078 0.4037 1.3344, -2.3043 0.4058 1.337, -2.2968 0.4103 1.3426, -2.2937 0.413 1.3442, -2.3282 0.397 1.2795, -2.3405 0.3957 1.2795, -2.3339 0.3962 1.2994, -2.3332 0.3962 1.3013, -2.3283 0.3972 1.3092, -2.3218 0.3984 1.3196, -2.2623 0.4876 1.3566, -2.2627 0.4876 1.2795, -2.2334 0.5365 1.2795, -2.2471 0.5228 1.2795, -2.2441 0.5265 1.3583, -2.2571 0.5062 1.2795, -2.2553 0.5103 1.3576, -2.2468 0.5226 1.3581, -2.2618 0.4925 1.3567, -2.2606 0.4958 1.3568, -2.2568 0.5061 1.3574, -2.2334 0.5365 1.3583, -2.2168 0.5465 1.3583, -2.2168 0.5465 1.2795, -2.1982 0.552 1.3583, -2.1982 0.552 1.2795, -2.185 0.5531 1.3583, -2.185 0.5531 1.2795, -2.1457 0.5531 1.2795, -1.6732 0.5531 1.3583, -1.6732 0.5531 1.2795, -1.6716 0.5404 1.2795, -1.6716 0.5404 1.3583, -1.6666 0.5285 1.2795, -1.6666 0.5285 1.3583, -1.6588 0.5184 1.2795, -1.6588 0.5184 1.3583, -1.6486 0.5105 1.2795, -1.6486 0.5105 1.3583, -1.6368 0.5056 1.2795, -1.6368 0.5056 1.3583, -1.624 0.5039 1.2795, -1.624 0.5039 1.3583, -1.6113 0.5056 1.2795, -1.6113 0.5056 1.3583, -1.5994 0.5105 1.2795, -1.5994 0.5105 1.3583, -1.5892 0.5184 1.2795, -1.5892 0.5184 1.3583, -1.5814 0.5285 1.2795, -1.5814 0.5285 1.3583, -1.5765 0.5404 1.2795, -1.5765 0.5404 1.3583, -1.5748 0.5531 1.2795, -1.5748 0.5531 1.3583, -1.1811 0.5925 1.2795, -1.1811 0.5925 1.3583, -1.1794 0.5798 1.2795, -1.1794 0.5798 1.3583, -1.1745 0.5679 1.2795, -1.1745 0.5679 1.3583, -1.1667 0.5577 1.2795, -1.1667 0.5577 1.3583, -1.1565 0.5499 1.2795, -1.1565 0.5499 1.3583, -1.1446 0.545 1.2795, -1.1446 0.545 1.3583, -1.1319 0.5433 1.2795, -1.1319 0.5433 1.3583, -1.1192 0.545 1.2795, -1.1192 0.545 1.3583, -1.1073 0.5499 1.2795, -1.1073 0.5499 1.3583, -1.0971 0.5577 1.2795, -1.0971 0.5577 1.3583, -1.0893 0.5679 1.2795, -1.0893 0.5679 1.3583, -1.0844 0.5798 1.2795, -1.0844 0.5798 1.3583, -1.0827 0.5925 1.2795, -1.0827 0.5925 1.3583, 1.0827 0.5925 1.2795, 1.0827 0.5925 1.3583, 1.0844 0.5798 1.2795, 1.0844 0.5798 1.3583, 1.0893 0.5679 1.2795, 1.0893 0.5679 1.3583, 1.0971 0.5577 1.2795, 1.0971 0.5577 1.3583, 1.1073 0.5499 1.2795, 1.1073 0.5499 1.3583, 1.1192 0.545 1.2795, 1.1192 0.545 1.3583, 1.1319 0.5433 1.2795, 1.1319 0.5433 1.3583, 1.1446 0.545 1.2795, 1.1446 0.545 1.3583, 1.1565 0.5499 1.2795, 1.1565 0.5499 1.3583, 1.1667 0.5577 1.2795, 1.1667 0.5577 1.3583, 1.1745 0.5679 1.2795, 1.1745 0.5679 1.3583, 1.1794 0.5798 1.2795, 1.1794 0.5798 1.3583, 1.1811 0.5925 1.2795, 1.1811 0.5925 1.3583, 1.5748 0.5531 1.2795, 1.5748 0.5531 1.3583, 1.5765 0.5404 1.2795, 1.5765 0.5404 1.3583, 1.5814 0.5285 1.2795, 1.5814 0.5285 1.3583, 1.5892 0.5184 1.2795, 1.5892 0.5184 1.3583, 1.5994 0.5105 1.2795, 1.5994 0.5105 1.3583, 1.6113 0.5056 1.2795, 1.6113 0.5056 1.3583, 1.624 0.5039 1.2795, 1.624 0.5039 1.3583, 1.6368 0.5056 1.2795, 1.6368 0.5056 1.3583, 1.6486 0.5105 1.2795, 1.6486 0.5105 1.3583, 1.6588 0.5184 1.2795, 1.6588 0.5184 1.3583, 1.6666 0.5285 1.2795, 1.6666 0.5285 1.3583, 1.6716 0.5404 1.2795, 1.6716 0.5404 1.3583, 1.6732 0.5531 1.2795, 1.6732 0.5531 1.3583
            ]
        }
        coordIndex [
            0,1,2,-1,3,2,4,-1,4,2,5,-1,3,6,2,-1,2,6,7,-1,2,7,0,-1,8,9,10,-1,10,9,11,-1,8,10,12,-1,12,10,13,-1,12,13,14,-1,14,13,15,-1,14,15,16,-1,16,15,17,-1,16,17,18,-1,18,17,19,-1,18,19,20,-1,20,19,21,-1,20,21,22,-1,22,21,23,-1,24,22,25,-1,25,22,23,-1,24,25,26,-1,26,25,27,-1,26,27,28,-1,28,27,29,-1,28,29,30,-1,30,29,31,-1,30,31,32,-1,32,31,33,-1,32,33,34,-1,34,33,35,-1,34,35,36,-1,36,35,37,-1,38,36,39,-1,39,36,37,-1,38,39,40,-1,40,39,41,-1,40,41,42,-1,42,41,43,-1,42,43,44,-1,44,43,45,-1,44,45,46,-1,46,45,47,-1,46,47,48,-1,48,47,49,-1,48,49,50,-1,50,49,51,-1,52,50,53,-1,53,50,51,-1,54,55,56,-1,57,58,59,-1,59,58,60,-1,59,60,61,-1,61,60,62,-1,62,60,63,-1,62,63,64,-1,64,63,65,-1,64,65,66,-1,66,65,67,-1,66,67,68,-1,69,70,67,-1,67,70,71,-1,67,71,68,-1,56,55,69,-1,69,55,72,-1,69,72,73,-1,73,74,69,-1,69,74,75,-1,69,75,70,-1,76,77,78,-1,78,79,76,-1,76,79,80,-1,76,80,56,-1,56,80,81,-1,56,81,54,-1,82,83,57,-1,57,83,58,-1,84,85,86,-1,87,88,85,-1,85,88,89,-1,85,89,86,-1,82,90,83,-1,83,90,91,-1,83,91,87,-1,87,91,92,-1,87,92,88,-1,86,93,84,-1,84,93,94,-1,84,94,95,-1,95,94,96,-1,95,96,97,-1,97,96,98,-1,97,98,99,-1,99,98,100,-1,100,98,101,-1,100,101,102,-1,102,101,103,-1,103,101,104,-1,103,104,105,-1,105,104,106,-1,105,106,107,-1,107,106,108,-1,107,108,109,-1,109,108,110,-1,109,110,111,-1,111,110,112,-1,111,112,113,-1,113,112,114,-1,113,114,115,-1,115,114,116,-1,115,116,117,-1,117,116,118,-1,117,118,119,-1,119,118,120,-1,119,120,121,-1,121,120,122,-1,121,122,123,-1,123,122,124,-1,123,124,125,-1,125,124,126,-1,127,128,129,-1,129,128,130,-1,129,130,131,-1,131,130,132,-1,131,132,133,-1,133,132,134,-1,133,134,135,-1,135,134,136,-1,135,136,137,-1,137,136,138,-1,137,138,139,-1,139,138,140,-1,139,140,141,-1,141,140,142,-1,141,142,143,-1,143,142,144,-1,143,144,145,-1,145,144,146,-1,145,146,147,-1,147,146,148,-1,147,148,149,-1,149,148,150,-1,149,150,151,-1,151,150,152,-1,153,151,154,-1,154,151,152,-1,153,154,155,-1,155,154,156,-1,155,156,157,-1,157,156,158,-1,157,158,159,-1,159,158,160,-1,159,160,161,-1,161,160,162,-1,161,162,163,-1,163,162,164,-1,163,164,165,-1,165,164,166,-1,165,166,167,-1,167,166,168,-1,167,168,169,-1,169,168,170,-1,169,170,171,-1,171,170,172,-1,171,172,173,-1,173,172,174,-1,173,174,175,-1,175,174,176,-1,175,176,177,-1,177,176,178,-1,179,180,181,-1,181,180,182,-1,181,182,183,-1,183,182,184,-1,183,184,185,-1,185,184,186,-1,185,186,187,-1,187,186,188,-1,187,188,189,-1,189,188,190,-1,189,190,191,-1,191,190,192,-1,191,192,193,-1,193,192,194,-1,193,194,195,-1,195,194,196,-1,195,196,197,-1,197,196,198,-1,197,198,199,-1,199,198,200,-1,199,200,201,-1,201,200,202,-1,201,202,203,-1,203,202,204,-1,
        ]
    }
}
Shape{
    appearance Appearance {
        material  Material 	{
            diffuseColor 0.2 0.2 0.2
            specularColor 0.2 0.2 0.2
            ambientIntensity 0.2
            transparency 0.0
            shininess 0.5
        }
    }
    geometry IndexedFaceSet {
        ccw TRUE
        solid FALSE
        coord DEF co Coordinate {
            point [
                1.6732 0.5531 1.2795, 1.6732 0.5531 1.3583, 2.1457 0.5531 1.2795, 2.185 0.5531 1.3583, 2.185 0.5531 1.2795, 2.2638 0.4744 1.3563, 2.2638 0.4744 1.2795, 2.2622 0.4875 1.3566, 2.2627 0.4876 1.2795, 2.2613 0.4946 1.3568, 2.2571 0.5062 1.2795, 2.2606 0.4964 1.3569, 2.2568 0.5061 1.3574, 2.255 0.5109 1.3577, 2.2471 0.5228 1.2795, 2.2468 0.5226 1.3581, 2.2441 0.5265 1.3583, 2.2334 0.5365 1.2795, 2.2334 0.5365 1.3583, 2.2168 0.5465 1.2795, 2.2168 0.5465 1.3583, 2.1982 0.552 1.2795, 2.1982 0.552 1.3583, 2.3405 0.3957 1.2795, 2.3282 0.397 1.2795, 2.3373 0.3958 1.2915, 2.3336 0.3963 1.2993, 2.3099 0.4027 1.2795, 2.31 0.403 1.332, 2.3154 0.4005 1.327, 2.3211 0.3989 1.3198, 2.3281 0.397 1.3108, 2.3282 0.397 1.3105, 2.3044 0.4057 1.3372, 2.2935 0.4128 1.2795, 2.3026 0.4065 1.3387, 2.2801 0.4264 1.2795, 2.2801 0.4264 1.3511, 2.2803 0.4261 1.351, 2.2834 0.4229 1.3496, 2.2915 0.4145 1.3458, 2.2937 0.4129 1.3445, 2.2716 0.4401 1.3541, 2.2703 0.443 1.2795, 2.2706 0.443 1.3544, 2.2679 0.4491 1.2795, 2.2659 0.4561 1.3557, 2.2649 0.4614 1.2795, 2.2653 0.4614 1.3559
            ]
        }
        coordIndex [
            0,1,2,-1,2,1,3,-1,2,3,4,-1,5,6,7,-1,7,6,8,-1,7,8,9,-1,9,8,10,-1,9,10,11,-1,11,10,12,-1,12,10,13,-1,13,10,14,-1,13,14,15,-1,15,14,16,-1,16,14,17,-1,16,17,18,-1,18,17,19,-1,18,19,20,-1,20,19,21,-1,20,21,22,-1,22,21,4,-1,22,4,3,-1,23,24,25,-1,25,24,26,-1,27,28,29,-1,29,30,27,-1,27,30,31,-1,27,31,24,-1,24,31,32,-1,24,32,26,-1,28,27,33,-1,33,27,34,-1,33,34,35,-1,36,37,38,-1,38,39,36,-1,36,39,40,-1,36,40,34,-1,34,40,41,-1,34,41,35,-1,37,36,42,-1,42,36,43,-1,42,43,44,-1,44,43,45,-1,44,45,46,-1,46,45,47,-1,46,47,48,-1,48,47,6,-1,48,6,5,-1,
        ]
    }
}
Shape{
    appearance Appearance {
        material  Material 	{
            diffuseColor 0.7529411764705882 0.7529411764705882 0.7529411764705882
            specularColor 0.7529411764705882 0.7529411764705882 0.7529411764705882
            ambientIntensity 0.7529
            transparency 0.0
            shininess 0.5
        }
    }
    geometry IndexedFaceSet {
        ccw TRUE
        solid FALSE
        coord DEF co Coordinate {
            point [
                2.3213 -0.3947 1.32, 2.31 -0.399 1.3321, 2.3099 -0.3988 1.2795, 2.2638 -0.4705 1.3563, 2.2638 -0.4705 1.2795, 2.2641 -0.4637 1.3562, 2.2649 -0.4574 1.2795, 2.2653 -0.4575 1.3559, 2.2675 -0.4464 1.3553, 2.2679 -0.4452 1.2795, 2.2708 -0.4392 1.3542, 2.2703 -0.439 1.2795, 2.2746 -0.4306 1.353, 2.2801 -0.4225 1.2795, 2.2805 -0.4228 1.3507, 2.2935 -0.4088 1.2795, 2.2851 -0.4166 1.3488, 2.2832 -0.4191 1.3496, 2.3078 -0.3998 1.3344, 2.3043 -0.4019 1.337, 2.2968 -0.4063 1.3426, 2.2937 -0.409 1.3442, 2.3282 -0.393 1.2795, 2.3405 -0.3917 1.2795, 2.3339 -0.3922 1.2994, 2.3332 -0.3923 1.3013, 2.3283 -0.3932 1.3092, 2.3218 -0.3945 1.3196, 2.2623 -0.4836 1.3566, 2.2627 -0.4837 1.2795, 2.2334 -0.5326 1.2795, 2.2471 -0.5189 1.2795, 2.2441 -0.5226 1.3583, 2.2571 -0.5022 1.2795, 2.2553 -0.5064 1.3576, 2.2468 -0.5186 1.3581, 2.2618 -0.4885 1.3567, 2.2606 -0.4919 1.3568, 2.2568 -0.5021 1.3574, 2.2334 -0.5326 1.3583, 2.2168 -0.5425 1.3583, 2.2168 -0.5425 1.2795, 2.1982 -0.5481 1.3583, 2.1982 -0.5481 1.2795, 2.185 -0.5492 1.3583, 2.185 -0.5492 1.2795, 2.1457 -0.5492 1.2795, 1.6535 -0.5492 1.3583, 1.6535 -0.5492 1.2795, 1.6332 -0.5519 1.2795, 1.6332 -0.5519 1.3583, 1.6142 -0.5598 1.2795, 1.6142 -0.5598 1.3583, 1.6015 -0.5689 1.2795, 1.5979 -0.5723 1.3583, 1.5748 -0.628 1.3583, 1.5748 -0.628 1.2795, 1.5775 -0.6076 1.3583, 1.5775 -0.6076 1.2795, 1.5854 -0.5886 1.3583, 1.5854 -0.5886 1.2795, 1.5979 -0.5723 1.2795, 1.5748 -0.6673 1.2795, 1.5748 -0.6673 1.3583, 1.1811 -0.6673 1.2795, 1.1811 -0.6673 1.3583, 1.1811 -0.5886 1.2795, 1.1811 -0.5886 1.3583, 1.0827 -0.5886 1.3515, 1.0827 -0.5886 1.2795, 1.0832 -0.5842 1.3528, 1.0829 -0.5842 1.2795, 1.0839 -0.5775 1.3547, 1.0854 -0.5723 1.2795, 1.0857 -0.5724 1.3557, 1.087 -0.5689 1.3564, 1.0908 -0.5615 1.2795, 1.0877 -0.5669 1.3568, 1.0987 -0.5523 1.2795, 1.0939 -0.5573 1.3579, 1.0911 -0.5617 1.3574, 1.1086 -0.5452 1.2795, 1.1024 -0.5492 1.3583, 1.0989 -0.5525 1.3581, 1.1809 -0.5842 1.2795, 1.1809 -0.5842 1.3583, 1.1783 -0.5723 1.2795, 1.1783 -0.5723 1.3583, 1.177 -0.5689 1.2795, 1.173 -0.5615 1.3583, 1.173 -0.5615 1.2795, 1.1651 -0.5523 1.2795, 1.1651 -0.5523 1.3583, 1.1552 -0.5452 1.2795, 1.1552 -0.5452 1.3583, 1.1439 -0.5409 1.2795, 1.1439 -0.5409 1.3583, 1.1319 -0.5394 1.2795, 1.1319 -0.5394 1.3583, 1.1199 -0.5409 1.2795, 1.1199 -0.5409 1.3583, 1.1086 -0.5452 1.3583, -1.0989 -0.5524 1.3581, -1.0987 -0.5523 1.2795, -1.0932 -0.5581 1.3578, -1.0908 -0.5615 1.2795, -1.087 -0.5689 1.3564, -1.0879 -0.5665 1.3569, -1.091 -0.5616 1.3574, -1.0858 -0.5724 1.3557, -1.0854 -0.5723 1.2795, -1.084 -0.5773 1.3548, -1.0829 -0.5842 1.2795, -1.0832 -0.5842 1.3528, -1.0827 -0.5886 1.2795, -1.0827 -0.5886 1.3515, -1.1011 -0.5502 1.3583, -1.1024 -0.5492 1.3583, -1.1086 -0.5452 1.2795, -1.1086 -0.5452 1.3583, -1.1199 -0.5409 1.2795, -1.1199 -0.5409 1.3583, -1.1319 -0.5394 1.2795, -1.1319 -0.5394 1.3583, -1.1439 -0.5409 1.2795, -1.1439 -0.5409 1.3583, -1.1552 -0.5452 1.2795, -1.1552 -0.5452 1.3583, -1.1651 -0.5523 1.2795, -1.1651 -0.5523 1.3583, -1.173 -0.5615 1.2795, -1.173 -0.5615 1.3583, -1.177 -0.5689 1.2795, -1.1783 -0.5723 1.3583, -1.1811 -0.5886 1.3583, -1.1811 -0.5886 1.2795, -1.1809 -0.5842 1.3583, -1.1809 -0.5842 1.2795, -1.1783 -0.5723 1.2795, -1.1811 -0.6673 1.2795, -1.1811 -0.6673 1.3583, -1.5748 -0.6673 1.2795, -1.5748 -0.6673 1.3583, -1.5748 -0.628 1.2795, -1.5748 -0.628 1.3583, -1.5775 -0.6076 1.2795, -1.5775 -0.6076 1.3583, -1.5854 -0.5886 1.2795, -1.5854 -0.5886 1.3583, -1.5979 -0.5723 1.2795, -1.5979 -0.5723 1.3583, -1.6015 -0.5689 1.2795, -1.6142 -0.5598 1.3583, -1.6535 -0.5492 1.3583, -1.6535 -0.5492 1.2795, -1.6332 -0.5519 1.3583, -1.6332 -0.5519 1.2795, -1.6142 -0.5598 1.2795, -2.1457 -0.5492 1.2795, -2.185 -0.5492 1.3583, -2.185 -0.5492 1.2795, -2.2638 -0.4705 1.3563, -2.2638 -0.4705 1.2795, -2.2622 -0.4836 1.3566, -2.2627 -0.4837 1.2795, -2.2613 -0.4907 1.3568, -2.2571 -0.5022 1.2795, -2.2606 -0.4925 1.3569, -2.2568 -0.5021 1.3574, -2.255 -0.5069 1.3577, -2.2471 -0.5189 1.2795, -2.2468 -0.5186 1.3581, -2.2441 -0.5226 1.3583, -2.2334 -0.5326 1.2795, -2.2334 -0.5326 1.3583, -2.2168 -0.5425 1.2795, -2.2168 -0.5425 1.3583, -2.1982 -0.5481 1.2795, -2.1982 -0.5481 1.3583, -2.3405 -0.3917 1.2795, -2.3282 -0.393 1.2795, -2.3373 -0.3919 1.2915, -2.3336 -0.3924 1.2993, -2.3099 -0.3988 1.2795, -2.31 -0.3991 1.332, -2.3154 -0.3965 1.327, -2.3211 -0.395 1.3198, -2.3281 -0.3931 1.3108, -2.3282 -0.393 1.3105, -2.3044 -0.4018 1.3372, -2.2935 -0.4088 1.2795, -2.3026 -0.4026 1.3387, -2.2801 -0.4225 1.2795, -2.2801 -0.4225 1.3511, -2.2803 -0.4222 1.351, -2.2834 -0.419 1.3496, -2.2915 -0.4105 1.3458, -2.2937 -0.409 1.3445, -2.2716 -0.4362 1.3541, -2.2703 -0.439 1.2795, -2.2706 -0.4391 1.3544, -2.2679 -0.4452 1.2795, -2.2659 -0.4522 1.3557, -2.2649 -0.4574 1.2795, -2.2653 -0.4575 1.3559, -2.3425 -0.6083 0.5118, -2.3425 0.3609 0.853, -2.3425 0.3711 0.8452, -2.3425 0.3957 1.2598, -2.3425 -0.3491 0.9124, -2.3425 -0.3569 0.9226, -2.3425 0.6122 0.5118, -2.3425 -0.3917 1.2598, -2.3425 -0.3671 0.9304, -2.3425 -0.379 0.9353, -2.3425 -0.3917 1.0771, -2.3425 -0.3917 0.937, -2.3425 0.3481 0.8751, -2.3425 0.353 0.8632, -2.3425 -0.3569 0.853, -2.3425 -0.3671 0.8452, -2.3425 0.3481 0.9005, -2.3425 0.353 0.9124, -2.3425 0.3609 0.9226, -2.3425 0.3711 0.9304, -2.3425 0.3829 0.9353, -2.3425 0.3957 1.0771, -2.3425 0.3957 0.937, -2.3425 -0.3491 0.8632, -2.3425 -0.3442 0.8751, -2.3425 0.3465 0.8878, -2.3425 -0.3425 0.8878, -2.3425 -0.3442 0.9005, -2.3425 0.3957 0.8386, -2.3425 0.666 0.533, -2.3425 0.65 0.5215, -2.3425 0.687 0.8386, -2.3425 0.687 0.566, -2.3425 0.6786 0.5482, -2.3425 0.3829 0.8403, -2.3425 0.6317 0.5143, -2.3425 -0.379 0.8403, -2.3425 -0.3917 0.8386, -2.3425 -0.6278 0.5143, -2.3425 -0.6461 0.5215, -2.3425 -0.6831 0.566, -2.3425 -0.6831 0.8386, -2.3425 -0.6746 0.5482, -2.3425 -0.6621 0.533, 1.1024 0.2776 1.2795, 1.1024 0.2776 1.3583, 1.101 0.2877 1.2795, 1.101 0.2877 1.3583, 1.0971 0.2972 1.2795, 1.0971 0.2972 1.3583, 1.0908 0.3054 1.2795, 1.0908 0.3054 1.3583, 1.0827 0.3117 1.2795, 1.0827 0.3117 1.3583, 1.0732 0.3156 1.2795, 1.0732 0.3156 1.3583, 1.063 0.3169 1.2795, 1.063 0.3169 1.3583, 2.3405 0.3957 1.2795, 2.3411 0.3957 1.2763, 2.2679 0.3957 1.2795, 2.3425 0.3957 1.2598, 2.3425 0.3957 1.0771, 2.3425 -0.3917 1.0771, 2.3425 -0.3917 1.2598, 2.2679 -0.3917 1.2795, 2.3411 -0.3917 1.2763
            ]
        }
        coordIndex [
            0,1,2,-1,3,4,5,-1,5,4,6,-1,5,6,7,-1,7,6,8,-1,8,6,9,-1,8,9,10,-1,10,9,11,-1,10,11,12,-1,12,11,13,-1,12,13,14,-1,15,16,13,-1,13,16,17,-1,13,17,14,-1,2,1,15,-1,15,1,18,-1,15,18,19,-1,19,20,15,-1,15,20,21,-1,15,21,16,-1,22,23,24,-1,24,25,22,-1,22,25,26,-1,22,26,2,-1,2,26,27,-1,2,27,0,-1,28,29,3,-1,3,29,4,-1,30,31,32,-1,33,34,31,-1,31,34,35,-1,31,35,32,-1,28,36,29,-1,29,36,37,-1,29,37,33,-1,33,37,38,-1,33,38,34,-1,32,39,30,-1,30,39,40,-1,30,40,41,-1,41,40,42,-1,41,42,43,-1,43,42,44,-1,43,44,45,-1,45,44,46,-1,46,44,47,-1,46,47,48,-1,48,47,49,-1,49,47,50,-1,49,50,51,-1,51,50,52,-1,51,52,53,-1,53,52,54,-1,55,56,57,-1,57,56,58,-1,57,58,59,-1,59,58,60,-1,59,60,54,-1,54,60,61,-1,54,61,53,-1,62,56,63,-1,63,56,55,-1,64,62,65,-1,65,62,63,-1,66,64,67,-1,67,64,65,-1,68,69,70,-1,70,69,71,-1,70,71,72,-1,72,71,73,-1,72,73,74,-1,74,73,75,-1,75,73,76,-1,75,76,77,-1,78,79,76,-1,76,79,80,-1,76,80,77,-1,81,82,78,-1,78,82,83,-1,78,83,79,-1,66,67,84,-1,84,67,85,-1,84,85,86,-1,86,85,87,-1,86,87,88,-1,88,87,89,-1,88,89,90,-1,90,89,91,-1,91,89,92,-1,91,92,93,-1,93,92,94,-1,93,94,95,-1,95,94,96,-1,95,96,97,-1,97,96,98,-1,97,98,99,-1,99,98,100,-1,99,100,81,-1,81,100,101,-1,81,101,82,-1,102,103,104,-1,104,103,105,-1,106,107,105,-1,105,107,108,-1,105,108,104,-1,106,105,109,-1,109,105,110,-1,109,110,111,-1,111,110,112,-1,111,112,113,-1,113,112,114,-1,113,114,115,-1,102,116,103,-1,103,116,117,-1,103,117,118,-1,118,117,119,-1,118,119,120,-1,120,119,121,-1,120,121,122,-1,122,121,123,-1,122,123,124,-1,124,123,125,-1,124,125,126,-1,126,125,127,-1,126,127,128,-1,128,127,129,-1,128,129,130,-1,130,129,131,-1,130,131,132,-1,132,131,133,-1,134,135,136,-1,136,135,137,-1,136,137,133,-1,133,137,138,-1,133,138,132,-1,139,135,140,-1,140,135,134,-1,141,139,142,-1,142,139,140,-1,143,141,144,-1,144,141,142,-1,143,144,145,-1,145,144,146,-1,145,146,147,-1,147,146,148,-1,147,148,149,-1,149,148,150,-1,149,150,151,-1,151,150,152,-1,153,154,155,-1,155,154,156,-1,155,156,152,-1,152,156,157,-1,152,157,151,-1,154,153,158,-1,158,153,159,-1,158,159,160,-1,161,162,163,-1,163,162,164,-1,163,164,165,-1,165,164,166,-1,165,166,167,-1,167,166,168,-1,168,166,169,-1,169,166,170,-1,169,170,171,-1,171,170,172,-1,172,170,173,-1,172,173,174,-1,174,173,175,-1,174,175,176,-1,176,175,177,-1,176,177,178,-1,178,177,160,-1,178,160,159,-1,179,180,181,-1,181,180,182,-1,183,184,185,-1,185,186,183,-1,183,186,187,-1,183,187,180,-1,180,187,188,-1,180,188,182,-1,184,183,189,-1,189,183,190,-1,189,190,191,-1,192,193,194,-1,194,195,192,-1,192,195,196,-1,192,196,190,-1,190,196,197,-1,190,197,191,-1,193,192,198,-1,198,192,199,-1,198,199,200,-1,200,199,201,-1,200,201,202,-1,202,201,203,-1,202,203,204,-1,204,203,162,-1,204,162,161,-1,205,206,207,-1,208,209,210,-1,205,207,211,-1,208,210,212,-1,210,213,212,-1,212,213,214,-1,212,214,215,-1,215,214,216,-1,217,218,219,-1,219,218,206,-1,219,206,220,-1,221,209,222,-1,222,209,223,-1,223,209,224,-1,224,209,208,-1,224,208,225,-1,225,208,226,-1,225,226,227,-1,219,228,217,-1,217,228,229,-1,217,229,230,-1,230,229,231,-1,230,231,221,-1,221,231,232,-1,221,232,209,-1,233,234,235,-1,236,237,233,-1,233,237,238,-1,233,238,234,-1,207,239,211,-1,211,239,233,-1,211,233,240,-1,240,233,235,-1,220,206,241,-1,241,206,205,-1,241,205,242,-1,242,205,243,-1,242,243,244,-1,245,246,247,-1,247,246,242,-1,247,242,248,-1,248,242,244,-1,249,250,251,-1,251,250,252,-1,251,252,253,-1,253,252,254,-1,253,254,255,-1,255,254,256,-1,255,256,257,-1,257,256,258,-1,257,258,259,-1,259,258,260,-1,259,260,261,-1,261,260,262,-1,263,264,265,-1,265,264,266,-1,265,266,267,-1,268,269,270,-1,270,269,271,-1,270,271,23,-1,
        ]
    }
}
Shape{
    appearance Appearance {
        material  Material 	{
            diffuseColor 0.2 0.2 0.2
            specularColor 0.2 0.2 0.2
            ambientIntensity 0.2
            transparency 0.0
            shininess 0.5
        }
    }
    geometry IndexedFaceSet {
        ccw TRUE
        solid FALSE
        coord DEF co Coordinate {
            point [
                2.2638 -0.379 0.9353, 2.2638 -0.3917 0.937, 2.2638 -0.3917 1.2795, 2.2638 -0.3491 0.9124, 2.2638 -0.3569 0.9226, 2.2638 0.3481 0.9005, 2.2638 0.353 0.9124, 2.2638 0.3957 1.2795, 2.2638 -0.3671 0.9304, 2.2638 0.3957 0.937, 2.2638 0.3829 0.9353, 2.2638 0.3711 0.9304, 2.2638 0.3609 0.9226, 2.2638 0.3465 0.8858, 2.2638 -0.3426 0.8858, 2.2638 0.3465 0.8878, 2.2638 -0.3425 0.8878, 2.2638 -0.3442 0.9005
            ]
        }
        coordIndex [
            0,1,2,-1,3,4,5,-1,5,4,6,-1,7,4,2,-1,2,4,8,-1,2,8,0,-1,9,10,7,-1,7,10,11,-1,7,11,4,-1,4,11,12,-1,4,12,6,-1,13,14,15,-1,15,14,16,-1,15,16,5,-1,5,16,17,-1,5,17,3,-1,
        ]
    }
}
Shape{
    appearance Appearance {
        material  Material 	{
            diffuseColor 0.7529411764705882 0.7529411764705882 0.7529411764705882
            specularColor 0.7529411764705882 0.7529411764705882 0.7529411764705882
            ambientIntensity 0.7529
            transparency 0.0
            shininess 0.5
        }
    }
    geometry IndexedFaceSet {
        ccw TRUE
        solid FALSE
        coord DEF co Coordinate {
            point [
                2.2638 -0.6083 0.5118, 2.2638 0.6122 0.5118, 2.3425 -0.6083 0.5118, 2.3425 0.6122 0.5118, 2.2638 0.3957 0.937, 2.3425 0.3957 0.937, 2.2638 0.3829 0.9353, 2.3425 0.3829 0.9353, 2.2638 0.3711 0.9304, 2.3425 0.3711 0.9304, 2.2638 0.3609 0.9226, 2.3425 0.3609 0.9226, 2.2638 0.353 0.9124, 2.3425 0.353 0.9124, 2.2638 0.3481 0.9005, 2.3425 0.3481 0.9005, 2.2638 0.3465 0.8878, 2.3425 0.3465 0.8878, 2.2638 0.3465 0.8858, 2.3425 0.3481 0.8751, 2.3425 0.3957 0.8386, 2.2638 0.3957 0.8386, 2.3425 0.3829 0.8403, 2.2638 0.3829 0.8403, 2.3425 0.3711 0.8452, 2.2638 0.3711 0.8452, 2.3425 0.3609 0.853, 2.2638 0.3609 0.853, 2.3425 0.353 0.8632, 2.2638 0.353 0.8632, 2.2638 0.3481 0.8751, 2.2638 -0.3917 0.8386, 2.3425 -0.3917 0.8386, 2.2638 -0.379 0.8403, 2.3425 -0.379 0.8403, 2.2638 -0.3671 0.8452, 2.3425 -0.3671 0.8452, 2.2638 -0.3569 0.853, 2.3425 -0.3569 0.853, 2.2638 -0.3491 0.8632, 2.3425 -0.3491 0.8632, 2.2638 -0.3442 0.8751, 2.3425 -0.3442 0.8751, 2.2638 -0.3426 0.8858, 2.3425 -0.3425 0.8878, 2.3425 -0.3917 0.937, 2.2638 -0.3917 0.937, 2.3425 -0.379 0.9353, 2.2638 -0.379 0.9353, 2.3425 -0.3671 0.9304, 2.2638 -0.3671 0.9304, 2.3425 -0.3569 0.9226, 2.2638 -0.3569 0.9226, 2.3425 -0.3491 0.9124, 2.2638 -0.3491 0.9124, 2.3425 -0.3442 0.9005, 2.2638 -0.3442 0.9005, 2.2638 -0.3425 0.8878
            ]
        }
        coordIndex [
            0,1,2,-1,2,1,3,-1,4,5,6,-1,6,5,7,-1,6,7,8,-1,8,7,9,-1,8,9,10,-1,10,9,11,-1,10,11,12,-1,12,11,13,-1,12,13,14,-1,14,13,15,-1,14,15,16,-1,16,15,17,-1,16,17,18,-1,18,17,19,-1,20,21,22,-1,22,21,23,-1,22,23,24,-1,24,23,25,-1,24,25,26,-1,26,25,27,-1,26,27,28,-1,28,27,29,-1,28,29,19,-1,19,29,30,-1,19,30,18,-1,31,32,33,-1,33,32,34,-1,33,34,35,-1,35,34,36,-1,35,36,37,-1,37,36,38,-1,37,38,39,-1,39,38,40,-1,39,40,41,-1,41,40,42,-1,41,42,43,-1,43,42,44,-1,45,46,47,-1,47,46,48,-1,47,48,49,-1,49,48,50,-1,49,50,51,-1,51,50,52,-1,51,52,53,-1,53,52,54,-1,53,54,55,-1,55,54,56,-1,55,56,44,-1,44,56,57,-1,44,57,43,-1,
        ]
    }
}
Shape{
    appearance Appearance {
        material  Material 	{
            diffuseColor 0.2 0.2 0.2
            specularColor 0.2 0.2 0.2
            ambientIntensity 0.2
            transparency 0.0
            shininess 0.5
        }
    }
    geometry IndexedFaceSet {
        ccw TRUE
        solid FALSE
        coord DEF co Coordinate {
            point [
                -2.2638 0.3829 0.9353, -2.2638 0.3957 0.937, -2.2638 0.3957 1.2795, -2.2638 0.3481 0.9005, -2.2638 0.353 0.9124, -2.2638 -0.3917 1.2795, -2.2638 0.3609 0.9226, -2.2638 0.3711 0.9304, -2.2638 -0.3425 0.8878, -2.2638 -0.3426 0.8858, -2.2638 0.3465 0.8858, -2.2638 -0.3917 0.937, -2.2638 -0.379 0.9353, -2.2638 -0.3671 0.9304, -2.2638 -0.3569 0.9226, -2.2638 -0.3491 0.9124, -2.2638 -0.3442 0.9005, -2.2638 0.3465 0.8878
            ]
        }
        coordIndex [
            0,1,2,-1,3,4,5,-1,5,4,6,-1,5,6,2,-1,2,6,7,-1,2,7,0,-1,8,9,10,-1,11,12,5,-1,5,12,13,-1,5,13,3,-1,3,13,14,-1,3,14,15,-1,15,16,3,-1,3,16,8,-1,3,8,17,-1,17,8,10,-1,
        ]
    }
}
Shape{
    appearance Appearance {
        material  Material 	{
            diffuseColor 0.7529411764705882 0.7529411764705882 0.7529411764705882
            specularColor 0.7529411764705882 0.7529411764705882 0.7529411764705882
            ambientIntensity 0.7529
            transparency 0.0
            shininess 0.5
        }
    }
    geometry IndexedFaceSet {
        ccw TRUE
        solid FALSE
        coord DEF co Coordinate {
            point [
                -2.2638 -0.6831 0.566, -2.3425 -0.6831 0.566, -2.3425 -0.6746 0.5482, -2.2638 -0.6746 0.5482, -2.3425 -0.6621 0.533, -2.2638 -0.6621 0.533, -2.3425 -0.6461 0.5215, -2.2638 -0.6461 0.5215, -2.3425 -0.6278 0.5143, -2.2638 -0.6278 0.5143, -2.3425 -0.6083 0.5118, -2.2638 -0.6083 0.5118, -2.2638 0.6122 0.5118, -2.3425 0.6122 0.5118, -2.3425 0.6317 0.5143, -2.2638 0.6317 0.5143, -2.3425 0.65 0.5215, -2.2638 0.65 0.5215, -2.3425 0.666 0.533, -2.2638 0.666 0.533, -2.3425 0.6786 0.5482, -2.2638 0.6786 0.5482, -2.3425 0.687 0.566, -2.2638 0.687 0.566, -2.3425 0.687 0.8386, -2.3425 0.3957 0.8386, -2.2638 0.687 0.8386, -2.2638 0.3957 0.8386, -2.2638 0.3829 0.8403, -2.3425 0.3829 0.8403, -2.2638 0.3711 0.8452, -2.3425 0.3711 0.8452, -2.2638 0.3609 0.853, -2.3425 0.3609 0.853, -2.2638 0.353 0.8632, -2.3425 0.353 0.8632, -2.2638 0.3481 0.8751, -2.3425 0.3481 0.8751, -2.2638 0.3465 0.8858, -2.3425 0.3465 0.8878, -2.3425 0.3957 0.937, -2.2638 0.3957 0.937, -2.3425 0.3829 0.9353, -2.2638 0.3829 0.9353, -2.3425 0.3711 0.9304, -2.2638 0.3711 0.9304, -2.3425 0.3609 0.9226, -2.2638 0.3609 0.9226, -2.3425 0.353 0.9124, -2.2638 0.353 0.9124, -2.3425 0.3481 0.9005, -2.2638 0.3481 0.9005, -2.2638 0.3465 0.8878, -2.2638 -0.3917 0.937, -2.3425 -0.3917 0.937, -2.2638 -0.379 0.9353, -2.3425 -0.379 0.9353, -2.2638 -0.3671 0.9304, -2.3425 -0.3671 0.9304, -2.2638 -0.3569 0.9226, -2.3425 -0.3569 0.9226, -2.2638 -0.3491 0.9124, -2.3425 -0.3491 0.9124, -2.2638 -0.3442 0.9005, -2.3425 -0.3442 0.9005, -2.2638 -0.3425 0.8878, -2.3425 -0.3425 0.8878, -2.2638 -0.3426 0.8858, -2.3425 -0.3442 0.8751, -2.3425 -0.3917 0.8386, -2.2638 -0.3917 0.8386, -2.3425 -0.379 0.8403, -2.2638 -0.379 0.8403, -2.3425 -0.3671 0.8452, -2.2638 -0.3671 0.8452, -2.3425 -0.3569 0.853, -2.2638 -0.3569 0.853, -2.3425 -0.3491 0.8632, -2.2638 -0.3491 0.8632, -2.2638 -0.3442 0.8751, -2.2638 -0.6831 0.8386, -2.3425 -0.6831 0.8386, -2.2468 -0.5186 1.3581, -2.2441 -0.5226 1.3583, -2.2518 0.5143 1.358, -2.2441 0.5265 1.3583, -2.2468 0.5226 1.3581, -2.2553 0.5103 1.3576, -2.2568 0.5061 1.3574, -2.2618 0.4925 1.3567, -2.2623 0.4876 1.3566, -2.2606 0.4958 1.3568, -2.2638 0.4744 1.3563, -2.2641 0.4676 1.3562, -2.2606 -0.4925 1.3569, -2.2568 -0.5021 1.3574, -2.255 -0.5069 1.3577, -2.2653 0.4614 1.3559, -2.2675 0.4503 1.3553, -2.2708 0.4432 1.3542, -2.2832 0.4231 1.3496, -2.2834 -0.419 1.3496, -2.2805 0.4267 1.3507, -2.2803 -0.4222 1.351, -2.2746 0.4345 1.353, -2.2801 -0.4225 1.3511, -2.2716 -0.4362 1.3541, -2.2638 -0.4705 1.3563, -2.2622 -0.4836 1.3566, -2.2614 -0.4881 1.3567, -2.2706 -0.4391 1.3544, -2.2659 -0.4522 1.3557, -2.2653 -0.4575 1.3559, -2.2613 -0.4907 1.3568, -2.3026 -0.4026 1.3387, -2.2937 -0.409 1.3445, -2.2915 -0.4105 1.3458, -2.2937 0.413 1.3442, -2.2968 0.4103 1.3426, -2.3044 -0.4018 1.3372, -2.2851 0.4205 1.3488, -2.3154 -0.3965 1.327, -2.3078 0.4037 1.3344, -2.3211 -0.395 1.3198, -2.31 0.4029 1.3321, -2.3213 0.3986 1.32, -2.3043 0.4058 1.337, -2.31 -0.3991 1.332, -2.3283 0.3972 1.3092, -2.3336 -0.3924 1.2993, -2.3218 0.3984 1.3196, -2.3282 -0.393 1.3105, -2.3281 -0.3931 1.3108, -2.3332 0.3962 1.3013, -2.3339 0.3962 1.2994, -2.3373 -0.3919 1.2915, -2.3405 0.3957 1.2795, -2.3405 -0.3917 1.2795, -2.3411 -0.3917 1.2763, -2.3411 0.3957 1.2763, -2.3425 0.3957 1.2598, -2.3425 -0.3917 1.2598, 2.3425 -0.3917 1.2598, 2.3425 0.3957 1.2598, 2.3411 0.3957 1.2763, 2.2618 -0.4885 1.3567, 2.2623 -0.4836 1.3566, 2.2606 -0.4919 1.3568, 2.2638 -0.4705 1.3563, 2.2641 -0.4637 1.3562, 2.2653 -0.4575 1.3559, 2.2606 0.4964 1.3569, 2.2675 -0.4464 1.3553, 2.2708 -0.4392 1.3542, 2.2832 -0.4191 1.3496, 2.2834 0.4229 1.3496, 2.2805 -0.4228 1.3507, 2.2803 0.4261 1.351, 2.2746 -0.4306 1.353, 2.2801 0.4264 1.3511, 2.2716 0.4401 1.3541, 2.2638 0.4744 1.3563, 2.2622 0.4875 1.3566, 2.2614 0.492 1.3567, 2.2706 0.443 1.3544, 2.2659 0.4561 1.3557, 2.2653 0.4614 1.3559, 2.2613 0.4946 1.3568, 2.3026 0.4065 1.3387, 2.2937 0.4129 1.3445, 2.2915 0.4145 1.3458, 2.2937 -0.409 1.3442, 2.2968 -0.4063 1.3426, 2.3044 0.4057 1.3372, 2.2851 -0.4166 1.3488, 2.3154 0.4005 1.327, 2.3078 -0.3998 1.3344, 2.3211 0.3989 1.3198, 2.31 -0.399 1.3321, 2.3213 -0.3947 1.32, 2.3043 -0.4019 1.337, 2.31 0.403 1.332, 2.3283 -0.3932 1.3092, 2.3336 0.3963 1.2993, 2.3218 -0.3945 1.3196, 2.3282 0.397 1.3105, 2.3281 0.397 1.3108, 2.3332 -0.3923 1.3013, 2.3339 -0.3922 1.2994, 2.3373 0.3958 1.2915, 2.3405 -0.3917 1.2795, 2.3405 0.3957 1.2795, 2.3411 -0.3917 1.2763, 2.2468 -0.5186 1.3581, 2.2553 -0.5064 1.3576, 2.2568 -0.5021 1.3574, 2.2441 -0.5226 1.3583, 2.2441 0.5265 1.3583, 2.2468 0.5226 1.3581, 2.255 0.5109 1.3577, 2.2568 0.5061 1.3574, -1.0827 -0.5886 1.0039, -1.0827 -0.5886 1.2795, 1.0827 -0.5886 1.0039, 1.0827 -0.5886 1.2795, 1.0433 -0.5886 0.9357, 1.0243 -0.5886 0.9279, 1.0039 -0.5886 0.9252, -1.0039 -0.5886 0.9252, 1.0596 -0.5886 0.9483, 1.08 -0.5886 0.9836, 1.0721 -0.5886 0.9646, -1.0433 -0.5886 0.9357, -1.0596 -0.5886 0.9483, -1.0243 -0.5886 0.9279, -1.0721 -0.5886 0.9646, -1.08 -0.5886 0.9836, -1.0039 -0.6673 0.9252, -1.0243 -0.6673 0.9279, -1.0433 -0.6673 0.9357, -1.0596 -0.6673 0.9483, -1.0721 -0.6673 0.9646, -1.08 -0.6673 0.9836, -1.0827 -0.6673 1.0039, 1.0039 -0.6673 0.9252, 1.0827 -0.6673 1.0039, 1.08 -0.6673 0.9836, 1.0721 -0.6673 0.9646, 1.0596 -0.6673 0.9483, 1.0433 -0.6673 0.9357, 1.0243 -0.6673 0.9279, 1.0827 -0.6673 1.2402, -1.0827 -0.6673 1.2402, -1.087 -0.5689 1.3564, -1.0858 -0.5724 1.3557, 1.0827 -0.5968 1.3482, 1.0827 -0.5886 1.3515, 1.0832 -0.5842 1.3528, 1.0839 -0.5775 1.3547, -1.084 -0.5773 1.3548, -1.0832 -0.5842 1.3528, -1.0827 -0.5886 1.3515, -1.0989 -0.5524 1.3581, -1.0932 -0.5581 1.3578, 1.0877 -0.5669 1.3568, 1.0857 -0.5724 1.3557, 1.087 -0.5689 1.3564, -1.0879 -0.5665 1.3569, -1.091 -0.5616 1.3574, 1.0911 -0.5617 1.3574, -1.1024 -0.5492 1.3583, -1.1011 -0.5502 1.3583, 1.0939 -0.5573 1.3579, 1.0989 -0.5525 1.3581, 1.1024 -0.5492 1.3583, -1.0827 -0.5968 1.3482, -1.0827 -0.6218 1.3333, 1.0827 -0.6218 1.3333, -1.0827 -0.6424 1.3128, 1.0827 -0.6424 1.3128, -1.0827 -0.6573 1.2878, 1.0827 -0.6573 1.2878, -1.0827 -0.6657 1.2599, 1.0827 -0.6657 1.2599, 1.4961 0.5925 0.9252, 1.158 0.5925 1.1845, 1.1417 0.5925 1.172, 1.5354 0.5925 0.9357, 1.5517 0.5925 0.9483, 1.1706 0.5925 1.2008, 1.5643 0.5925 0.9646, 1.5721 0.5925 0.9836, 1.1784 0.5925 1.2198, 1.5748 0.5925 1.0039, 1.1811 0.5925 1.2402, 1.5748 0.5925 1.2795, 1.1811 0.5925 1.2795, 0.3149 0.5925 1.1614, 0.3149 0.5925 0.9252, 1.1024 0.5925 1.1614, 1.1227 0.5925 1.1641, 1.5164 0.5925 0.9279, 1.4961 0.6713 0.9252, 1.5164 0.6713 0.9279, 1.5354 0.6713 0.9357, 1.5517 0.6713 0.9483, 1.5643 0.6713 0.9646, 1.5721 0.6713 0.9836, 1.5748 0.6713 1.0039, -0.2264 0.5653 0.9252, -0.1582 0.6137 0.9252, -0.2024 0.5453 0.9252, -0.1207 0.5784 0.9252, -0.1525 0.5048 0.9252, 0.2799 0.6713 0.9252, -0.0948 0.4765 0.9252, -0.0756 0.5535 0.9252, -0.0321 0.4621 0.9252, -0.0258 0.5406 0.9252, 0.0321 0.4621 0.9252, 0.0258 0.5406 0.9252, 0.0948 0.4765 0.9252, 0.0756 0.5535 0.9252, 0.1525 0.5048 0.9252, 0.1207 0.5784 0.9252, 0.2024 0.5453 0.9252, 0.1582 0.6137 0.9252, 0.2264 0.5653 0.9252, 0.183 0.638 0.9252, 0.2539 0.5802 0.9252, -1.4961 0.5925 0.9252, -1.4961 0.6713 0.9252, -0.3149 0.5925 0.9252, -0.2799 0.6713 0.9252, -0.2838 0.5894 0.9252, -0.2454 0.6674 0.9252, -0.2539 0.5802 0.9252, -0.2126 0.6562 0.9252, -0.183 0.638 0.9252, 0.2838 0.5894 0.9252, 0.2454 0.6674 0.9252, 0.2126 0.6562 0.9252, 0.2264 0.5653 1.1614, 0.1582 0.6137 1.1614, 0.2024 0.5453 1.1614, 0.1207 0.5784 1.1614, 0.1525 0.5048 1.1614, -0.2799 0.6713 1.1614, -1.1024 0.6713 1.1614, -1.1024 0.5925 1.1614, 0.0948 0.4765 1.1614, 0.0756 0.5535 1.1614, 0.0321 0.4621 1.1614, 0.0258 0.5406 1.1614, -0.0321 0.4621 1.1614, -0.0258 0.5406 1.1614, -0.0948 0.4765 1.1614, -0.0756 0.5535 1.1614, -0.1525 0.5048 1.1614, -0.1207 0.5784 1.1614, -0.2024 0.5453 1.1614, -0.1582 0.6137 1.1614, -0.2264 0.5653 1.1614, -0.183 0.638 1.1614, -0.2539 0.5802 1.1614, 1.1024 0.6713 1.1614, 0.2799 0.6713 1.1614, 0.2838 0.5894 1.1614, 0.2454 0.6674 1.1614, 0.2539 0.5802 1.1614, 0.2126 0.6562 1.1614, 0.183 0.638 1.1614, -0.3149 0.5925 1.1614, -0.2838 0.5894 1.1614, -0.2454 0.6674 1.1614, -0.2126 0.6562 1.1614, 1.1811 0.6713 1.2402, 1.1784 0.6713 1.2198, 1.1706 0.6713 1.2008, 1.158 0.6713 1.1845, 1.1417 0.6713 1.172, 1.1227 0.6713 1.1641, -1.1227 0.5925 1.1641, -1.1706 0.5925 1.2008, -1.5643 0.5925 0.9646, -1.5517 0.5925 0.9483, -1.5721 0.5925 0.9836, -1.1784 0.5925 1.2198, -1.5748 0.5925 1.0039, -1.5748 0.5925 1.2795, -1.1811 0.5925 1.2402, -1.1811 0.5925 1.2795, -1.1417 0.5925 1.172, -1.158 0.5925 1.1845, -1.5164 0.5925 0.9279, -1.5354 0.5925 0.9357, -1.5748 0.6713 1.0039, -1.5721 0.6713 0.9836, -1.5643 0.6713 0.9646, -1.5517 0.6713 0.9483, -1.5354 0.6713 0.9357, -1.5164 0.6713 0.9279, -1.1227 0.6713 1.1641, -1.1417 0.6713 1.172, -1.158 0.6713 1.1845, -1.1706 0.6713 1.2008, -1.1784 0.6713 1.2198, -1.1811 0.6713 1.2402, 1.5748 0.6713 1.2795, 1.1811 0.6713 1.2795, 1.1811 0.6686 1.2999, 1.5748 0.6686 1.2999, 1.1811 0.6607 1.3189, 1.5748 0.6607 1.3189, 1.1811 0.6482 1.3352, 1.5748 0.6482 1.3352, 1.1811 0.6319 1.3477, 1.5748 0.6319 1.3477, 1.1811 0.6129 1.3556, 1.5748 0.6129 1.3556, 1.1811 0.5925 1.3583, 1.5748 0.5925 1.3583, -1.1811 0.6713 1.2795, -1.5748 0.6713 1.2795, -1.5748 0.6686 1.2999, -1.1811 0.6686 1.2999, -1.5748 0.6607 1.3189, -1.1811 0.6607 1.3189, -1.5748 0.6482 1.3352, -1.1811 0.6482 1.3352, -1.5748 0.6319 1.3477, -1.1811 0.6319 1.3477, -1.5748 0.6129 1.3556, -1.1811 0.6129 1.3556, -1.5748 0.5925 1.3583, -1.1811 0.5925 1.3583, 1.4567 0.5335 0.5118, 1.6929 0.5335 0.5118, 1.6929 0.5742 0.5064, 1.4567 0.5742 0.5064, 1.6929 0.6122 0.4907, 1.4567 0.6122 0.4907, 1.6929 0.6448 0.4657, 1.4567 0.6448 0.4657, 1.6929 0.6698 0.4331, 1.4567 0.6698 0.4331, 1.4567 0.6795 0.4134, 1.6929 0.6795 0.4134, 1.4567 0.6856 0.3951, 1.6929 0.6856 0.3951, 1.6929 0.6909 0.3543, 1.4567 0.6909 0.3543, 1.4567 0.6909 0.1575, 1.6929 0.6909 0.1575, 1.6929 0.6856 0.1167, 1.4567 0.6856 0.1167, 1.6929 0.6698 0.0787, 1.4567 0.6698 0.0787, 1.6929 0.6448 0.0461, 1.4567 0.6448 0.0461, 1.6929 0.6122 0.0211, 1.4567 0.6122 0.0211, 1.6929 0.5742 0.0054, 1.4567 0.5742 0.0054, 1.6929 0.5335 0.0, 1.4567 0.5335 0.0, 1.4567 0.2972 0.0, 1.6929 0.2972 0.0, 1.4567 0.2972 0.0984, 1.6929 0.2972 0.0984, 1.4567 0.5335 0.0984, 1.6929 0.5335 0.0984, 1.4567 0.5487 0.1004, 1.6929 0.5487 0.1004, 1.4567 0.563 0.1063, 1.6929 0.563 0.1063, 1.4567 0.5752 0.1157, 1.6929 0.5752 0.1157, 1.4567 0.5846 0.128, 1.6929 0.5846 0.128, 1.4567 0.5905 0.1422, 1.6929 0.5905 0.1422, 1.4567 0.5925 0.1575, 1.6929 0.5925 0.1575, 1.4567 0.5925 0.374, 1.6929 0.5925 0.374, 1.4567 0.5912 0.3842, 1.6929 0.5912 0.3842, 1.4567 0.5872 0.3937, 1.6929 0.5872 0.3937, 1.4567 0.581 0.4019, 1.6929 0.581 0.4019, 1.4567 0.5728 0.4081, 1.6929 0.5728 0.4081, 1.4567 0.5633 0.412, 1.6929 0.5633 0.412, 1.4567 0.5531 0.4134, 1.6929 0.5531 0.4134, -0.6693 -0.5886 0.374, -0.9055 -0.5886 0.374, -0.6693 -0.5872 0.3842, -0.9055 -0.5872 0.3842, -0.6693 -0.5833 0.3937, -0.9055 -0.5833 0.3937, -0.6693 -0.5771 0.4019, -0.9055 -0.5771 0.4019, -0.6693 -0.5689 0.4081, -0.9055 -0.5689 0.4081, -0.6693 -0.5594 0.412, -0.9055 -0.5594 0.412, -0.6693 -0.5492 0.4134, -0.9055 -0.5492 0.4134, -0.6693 -0.5886 0.1575, -0.9055 -0.5886 0.1575
            ]
        }
        coordIndex [
            0,1,2,-1,0,2,3,-1,3,2,4,-1,3,4,5,-1,5,4,6,-1,5,6,7,-1,7,6,8,-1,7,8,9,-1,9,8,10,-1,9,10,11,-1,12,11,13,-1,13,11,10,-1,12,13,14,-1,12,14,15,-1,15,14,16,-1,15,16,17,-1,17,16,18,-1,17,18,19,-1,19,18,20,-1,19,20,21,-1,21,20,22,-1,21,22,23,-1,24,25,26,-1,26,25,27,-1,27,25,28,-1,28,25,29,-1,28,29,30,-1,30,29,31,-1,30,31,32,-1,32,31,33,-1,32,33,34,-1,34,33,35,-1,34,35,36,-1,36,35,37,-1,36,37,38,-1,38,37,39,-1,40,41,42,-1,42,41,43,-1,42,43,44,-1,44,43,45,-1,44,45,46,-1,46,45,47,-1,46,47,48,-1,48,47,49,-1,48,49,50,-1,50,49,51,-1,50,51,39,-1,39,51,52,-1,39,52,38,-1,53,54,55,-1,55,54,56,-1,55,56,57,-1,57,56,58,-1,57,58,59,-1,59,58,60,-1,59,60,61,-1,61,60,62,-1,61,62,63,-1,63,62,64,-1,63,64,65,-1,65,64,66,-1,65,66,67,-1,67,66,68,-1,69,70,71,-1,71,70,72,-1,71,72,73,-1,73,72,74,-1,73,74,75,-1,75,74,76,-1,75,76,77,-1,77,76,78,-1,77,78,68,-1,68,78,79,-1,68,79,67,-1,80,70,81,-1,81,70,69,-1,82,83,84,-1,83,85,86,-1,83,86,84,-1,84,86,87,-1,84,87,88,-1,89,90,91,-1,91,90,92,-1,92,93,91,-1,91,93,94,-1,91,94,88,-1,88,94,95,-1,88,95,84,-1,84,95,96,-1,84,96,82,-1,93,97,94,-1,94,97,98,-1,94,98,99,-1,100,101,102,-1,102,101,103,-1,102,103,104,-1,104,103,105,-1,104,105,106,-1,107,108,109,-1,106,110,104,-1,104,110,111,-1,104,111,109,-1,109,111,112,-1,109,112,107,-1,108,113,109,-1,109,113,94,-1,109,94,104,-1,104,94,99,-1,114,115,100,-1,100,115,116,-1,100,116,101,-1,117,118,119,-1,114,100,119,-1,119,100,120,-1,119,120,117,-1,121,122,123,-1,123,122,124,-1,123,124,125,-1,118,126,119,-1,119,126,122,-1,119,122,127,-1,127,122,121,-1,128,129,130,-1,130,129,131,-1,130,131,125,-1,125,131,132,-1,125,132,123,-1,128,133,129,-1,129,133,134,-1,129,134,135,-1,135,134,136,-1,135,136,137,-1,137,136,138,-1,136,139,138,-1,138,139,140,-1,138,140,141,-1,142,143,144,-1,145,146,147,-1,147,146,148,-1,149,150,151,-1,151,150,152,-1,151,152,153,-1,154,155,156,-1,156,155,157,-1,156,157,158,-1,158,157,159,-1,158,159,160,-1,161,162,163,-1,160,164,158,-1,158,164,165,-1,158,165,163,-1,163,165,166,-1,163,166,161,-1,162,167,163,-1,163,167,151,-1,163,151,158,-1,158,151,153,-1,168,169,154,-1,154,169,170,-1,154,170,155,-1,171,172,173,-1,168,154,173,-1,173,154,174,-1,173,174,171,-1,175,176,177,-1,177,176,178,-1,177,178,179,-1,172,180,173,-1,173,180,176,-1,173,176,181,-1,181,176,175,-1,182,183,184,-1,184,183,185,-1,184,185,179,-1,179,185,186,-1,179,186,177,-1,182,187,183,-1,183,187,188,-1,183,188,189,-1,189,188,190,-1,189,190,191,-1,191,190,144,-1,144,190,192,-1,144,192,142,-1,193,194,195,-1,196,193,197,-1,197,193,195,-1,197,195,198,-1,198,195,199,-1,148,149,147,-1,147,149,151,-1,147,151,195,-1,195,151,200,-1,195,200,199,-1,201,202,203,-1,203,202,204,-1,205,206,203,-1,203,206,207,-1,203,207,201,-1,201,207,208,-1,205,203,209,-1,209,203,210,-1,209,210,211,-1,212,213,214,-1,214,213,215,-1,214,215,208,-1,208,215,216,-1,208,216,201,-1,208,217,218,-1,208,218,214,-1,214,218,219,-1,214,219,212,-1,212,219,220,-1,212,220,213,-1,213,220,221,-1,213,221,215,-1,215,221,222,-1,215,222,216,-1,216,222,223,-1,216,223,201,-1,208,207,217,-1,217,207,224,-1,203,225,226,-1,203,226,210,-1,210,226,227,-1,210,227,211,-1,211,227,228,-1,211,228,209,-1,209,228,229,-1,209,229,205,-1,205,229,230,-1,205,230,206,-1,206,230,224,-1,206,224,207,-1,231,232,225,-1,225,232,223,-1,223,217,225,-1,225,217,224,-1,225,224,230,-1,230,229,225,-1,225,229,228,-1,225,228,226,-1,226,228,227,-1,223,222,217,-1,217,222,221,-1,217,221,218,-1,218,221,220,-1,218,220,219,-1,233,234,235,-1,235,236,233,-1,233,236,237,-1,233,237,238,-1,234,239,235,-1,235,239,240,-1,235,240,241,-1,242,243,244,-1,238,245,233,-1,233,245,246,-1,233,246,247,-1,247,246,244,-1,247,244,248,-1,248,244,243,-1,249,250,244,-1,244,250,251,-1,244,251,242,-1,249,252,250,-1,250,252,253,-1,250,253,254,-1,241,255,235,-1,235,255,256,-1,235,256,257,-1,257,256,258,-1,257,258,259,-1,259,258,260,-1,259,260,261,-1,261,260,262,-1,261,262,263,-1,263,262,232,-1,263,232,231,-1,264,265,266,-1,267,268,269,-1,268,270,269,-1,269,270,271,-1,269,271,272,-1,272,271,273,-1,272,273,274,-1,274,273,275,-1,274,275,276,-1,277,278,279,-1,279,278,264,-1,279,264,280,-1,280,264,266,-1,265,264,269,-1,269,264,281,-1,269,281,267,-1,264,282,283,-1,264,283,281,-1,281,283,284,-1,281,284,267,-1,267,284,285,-1,267,285,268,-1,268,285,286,-1,268,286,270,-1,270,286,287,-1,270,287,271,-1,271,287,288,-1,271,288,273,-1,289,290,291,-1,291,290,292,-1,291,292,293,-1,294,282,264,-1,293,292,295,-1,295,292,296,-1,295,296,297,-1,297,296,298,-1,297,298,299,-1,299,298,300,-1,299,300,301,-1,301,300,302,-1,301,302,303,-1,303,302,304,-1,303,304,305,-1,305,304,306,-1,305,306,307,-1,307,306,308,-1,307,308,309,-1,310,311,312,-1,312,311,313,-1,312,313,314,-1,314,313,315,-1,314,315,316,-1,316,315,317,-1,316,317,289,-1,289,317,318,-1,289,318,290,-1,264,278,294,-1,294,278,319,-1,294,319,320,-1,320,319,309,-1,320,309,321,-1,321,309,308,-1,322,323,324,-1,324,323,325,-1,324,325,326,-1,327,328,329,-1,326,325,330,-1,330,325,331,-1,330,331,332,-1,332,331,333,-1,332,333,334,-1,334,333,335,-1,334,335,336,-1,336,335,337,-1,336,337,338,-1,338,337,339,-1,338,339,340,-1,340,339,341,-1,340,341,342,-1,342,341,343,-1,342,343,344,-1,279,345,277,-1,277,345,346,-1,277,346,347,-1,347,346,348,-1,347,348,349,-1,349,348,350,-1,349,350,322,-1,322,350,351,-1,322,351,323,-1,329,352,327,-1,327,352,353,-1,327,353,354,-1,354,353,344,-1,354,344,355,-1,355,344,343,-1,274,356,272,-1,272,356,357,-1,272,357,269,-1,269,357,358,-1,269,358,265,-1,265,358,359,-1,265,359,266,-1,266,359,360,-1,266,360,280,-1,280,360,361,-1,280,361,279,-1,279,361,345,-1,312,352,310,-1,310,352,329,-1,310,329,362,-1,363,364,365,-1,364,363,366,-1,366,363,367,-1,366,367,368,-1,368,367,369,-1,369,367,370,-1,369,370,371,-1,362,372,310,-1,310,372,373,-1,310,373,374,-1,374,373,363,-1,374,363,375,-1,375,363,365,-1,368,376,377,-1,368,377,366,-1,366,377,378,-1,366,378,364,-1,364,378,379,-1,364,379,365,-1,365,379,380,-1,365,380,375,-1,375,380,381,-1,375,381,374,-1,374,381,311,-1,374,311,310,-1,329,328,362,-1,362,328,382,-1,362,382,372,-1,372,382,383,-1,372,383,373,-1,373,383,384,-1,373,384,363,-1,363,384,385,-1,363,385,367,-1,367,385,386,-1,367,386,370,-1,370,386,387,-1,291,340,289,-1,289,340,342,-1,289,342,316,-1,316,342,344,-1,316,344,314,-1,314,344,353,-1,314,353,312,-1,312,353,352,-1,305,324,326,-1,305,326,303,-1,303,326,330,-1,303,330,301,-1,301,330,332,-1,301,332,299,-1,299,332,334,-1,299,334,297,-1,297,334,336,-1,297,336,295,-1,295,336,338,-1,295,338,293,-1,293,338,340,-1,293,340,291,-1,278,277,319,-1,319,277,347,-1,319,347,309,-1,309,347,349,-1,309,349,307,-1,307,349,322,-1,307,322,305,-1,305,322,324,-1,306,323,351,-1,306,351,308,-1,308,351,350,-1,308,350,321,-1,321,350,348,-1,321,348,320,-1,320,348,346,-1,320,346,294,-1,290,341,292,-1,292,341,339,-1,292,339,296,-1,296,339,337,-1,296,337,298,-1,298,337,335,-1,298,335,300,-1,300,335,333,-1,300,333,302,-1,302,333,331,-1,302,331,304,-1,304,331,325,-1,304,325,306,-1,306,325,323,-1,313,327,354,-1,313,354,315,-1,315,354,355,-1,315,355,317,-1,317,355,343,-1,317,343,318,-1,318,343,341,-1,318,341,290,-1,388,389,390,-1,388,390,391,-1,391,390,392,-1,391,392,393,-1,393,392,394,-1,393,394,395,-1,395,394,396,-1,395,396,397,-1,397,396,398,-1,397,398,399,-1,399,398,400,-1,399,400,401,-1,402,403,404,-1,402,404,405,-1,405,404,406,-1,405,406,407,-1,407,406,408,-1,407,408,409,-1,409,408,410,-1,409,410,411,-1,411,410,412,-1,411,412,413,-1,413,412,414,-1,413,414,415,-1,416,417,418,-1,416,418,419,-1,419,418,420,-1,419,420,421,-1,421,420,422,-1,421,422,423,-1,423,422,424,-1,423,424,425,-1,425,424,426,-1,426,424,427,-1,426,427,428,-1,427,429,428,-1,428,429,430,-1,428,430,431,-1,432,431,433,-1,433,431,430,-1,432,433,434,-1,432,434,435,-1,435,434,436,-1,435,436,437,-1,437,436,438,-1,437,438,439,-1,439,438,440,-1,439,440,441,-1,441,440,442,-1,441,442,443,-1,443,442,444,-1,443,444,445,-1,446,445,447,-1,447,445,444,-1,448,446,449,-1,449,446,447,-1,450,448,451,-1,451,448,449,-1,450,451,452,-1,452,451,453,-1,452,453,454,-1,454,453,455,-1,454,455,456,-1,456,455,457,-1,456,457,458,-1,458,457,459,-1,458,459,460,-1,460,459,461,-1,460,461,462,-1,462,461,463,-1,464,462,465,-1,465,462,463,-1,464,465,466,-1,466,465,467,-1,466,467,468,-1,468,467,469,-1,468,469,470,-1,470,469,471,-1,470,471,472,-1,472,471,473,-1,472,473,474,-1,474,473,475,-1,474,475,476,-1,476,475,477,-1,477,475,427,-1,427,475,473,-1,427,473,471,-1,471,469,427,-1,427,469,467,-1,427,467,429,-1,429,467,465,-1,429,465,430,-1,430,465,463,-1,449,447,451,-1,451,447,444,-1,451,444,453,-1,453,444,442,-1,453,442,455,-1,455,442,440,-1,455,440,457,-1,457,440,438,-1,457,438,459,-1,459,438,436,-1,459,436,461,-1,461,436,434,-1,461,434,463,-1,463,434,433,-1,463,433,430,-1,476,426,474,-1,474,426,472,-1,464,466,426,-1,466,468,426,-1,426,468,470,-1,426,470,472,-1,446,448,445,-1,445,448,450,-1,445,450,443,-1,443,450,452,-1,443,452,441,-1,441,452,454,-1,441,454,439,-1,439,454,456,-1,439,456,437,-1,437,456,458,-1,437,458,435,-1,435,458,460,-1,435,460,432,-1,432,460,462,-1,432,462,431,-1,431,462,464,-1,431,464,428,-1,428,464,426,-1,478,479,480,-1,480,479,481,-1,480,481,482,-1,482,481,483,-1,482,483,484,-1,484,483,485,-1,484,485,486,-1,486,485,487,-1,486,487,488,-1,488,487,489,-1,488,489,490,-1,490,489,491,-1,478,492,479,-1,479,492,493,-1,
        ]
    }
}
Shape{
    appearance Appearance {
        material  Material 	{
            diffuseColor 0.2 0.2 0.2
            specularColor 0.2 0.2 0.2
            ambientIntensity 0.2
            transparency 0.0
            shininess 0.5
        }
    }
    geometry IndexedFaceSet {
        ccw TRUE
        solid FALSE
        coord DEF co Coordinate {
            point [
                -0.6693 -0.5295 0.0984, -0.9055 -0.5295 0.0984, -0.6693 -0.5448 0.1004, -0.9055 -0.5448 0.1004, -0.6693 -0.5591 0.1063, -0.9055 -0.5591 0.1063, -0.6693 -0.5713 0.1157, -0.9055 -0.5713 0.1157, -0.6693 -0.5807 0.128, -0.9055 -0.5807 0.128, -0.6693 -0.5866 0.1422, -0.9055 -0.5866 0.1422, -0.6693 -0.5886 0.1575, -0.9055 -0.5886 0.1575
            ]
        }
        coordIndex [
            0,1,2,-1,2,1,3,-1,2,3,4,-1,4,3,5,-1,4,5,6,-1,6,5,7,-1,6,7,8,-1,8,7,9,-1,8,9,10,-1,10,9,11,-1,10,11,12,-1,12,11,13,-1,
        ]
    }
}
Shape{
    appearance Appearance {
        material  Material 	{
            diffuseColor 0.7529411764705882 0.7529411764705882 0.7529411764705882
            specularColor 0.7529411764705882 0.7529411764705882 0.7529411764705882
            ambientIntensity 0.7529
            transparency 0.0
            shininess 0.5
        }
    }
    geometry IndexedFaceSet {
        ccw TRUE
        solid FALSE
        coord DEF co Coordinate {
            point [
                -0.6693 -0.5295 0.0984, -0.6693 -0.2933 0.0984, -0.9055 -0.5295 0.0984, -0.9055 -0.2933 0.0984, -0.6693 -0.2933 0.0, -0.9055 -0.2933 0.0, -0.6693 -0.5295 0.0, -0.9055 -0.5295 0.0, -0.6693 -0.687 0.1575, -0.9055 -0.687 0.1575, -0.9055 -0.6816 0.1167, -0.6693 -0.6816 0.1167, -0.9055 -0.6659 0.0787, -0.6693 -0.6659 0.0787, -0.9055 -0.6409 0.0461, -0.6693 -0.6409 0.0461, -0.9055 -0.6083 0.0211, -0.6693 -0.6083 0.0211, -0.9055 -0.5703 0.0054, -0.6693 -0.5703 0.0054, -0.6693 -0.687 0.3543, -0.9055 -0.687 0.3543, -0.6693 -0.5295 0.5118, -0.9055 -0.5295 0.5118, -0.9055 -0.5703 0.5064, -0.6693 -0.5703 0.5064, -0.9055 -0.6083 0.4907, -0.6693 -0.6083 0.4907, -0.9055 -0.6409 0.4657, -0.6693 -0.6409 0.4657, -0.9055 -0.6659 0.4331, -0.6693 -0.6659 0.4331, -0.6693 -0.6755 0.4134, -0.9055 -0.6755 0.4134, -0.6693 -0.6816 0.3951, -0.9055 -0.6816 0.3951, -0.9055 -0.5492 0.4134, -0.9055 -0.5594 0.412, -0.9055 -0.5689 0.4081, -0.9055 -0.5771 0.4019, -0.9055 -0.5833 0.3937, -0.9055 -0.5872 0.3842, -0.9055 -0.5886 0.374, -0.9055 -0.5886 0.1575, -0.9055 -0.5448 0.1004, -0.9055 -0.5591 0.1063, -0.9055 -0.5713 0.1157, -0.9055 -0.5807 0.128, -0.9055 -0.5866 0.1422, -0.6693 -0.5771 0.4019, -0.6693 -0.5689 0.4081, -0.6693 -0.5594 0.412, -0.6693 -0.5492 0.4134, -0.6693 -0.5886 0.374, -0.6693 -0.5872 0.3842, -0.6693 -0.5833 0.3937, -0.6693 -0.5448 0.1004, -0.6693 -0.5591 0.1063, -0.6693 -0.5713 0.1157, -0.6693 -0.5807 0.128, -0.6693 -0.5866 0.1422, -0.6693 -0.5886 0.1575, 0.6693 -0.5492 0.4134, 0.9055 -0.5492 0.4134, 0.6693 -0.5594 0.412, 0.9055 -0.5594 0.412, 0.6693 -0.5689 0.4081, 0.9055 -0.5689 0.4081, 0.6693 -0.5771 0.4019, 0.9055 -0.5771 0.4019, 0.6693 -0.5833 0.3937, 0.9055 -0.5833 0.3937, 0.6693 -0.5872 0.3842, 0.9055 -0.5872 0.3842, 0.6693 -0.5886 0.374, 0.9055 -0.5886 0.374, 0.6693 -0.5886 0.1575, 0.9055 -0.5886 0.1575
            ]
        }
        coordIndex [
            0,1,2,-1,2,1,3,-1,1,4,3,-1,3,4,5,-1,4,6,5,-1,5,6,7,-1,8,9,10,-1,8,10,11,-1,11,10,12,-1,11,12,13,-1,13,12,14,-1,13,14,15,-1,15,14,16,-1,15,16,17,-1,17,16,18,-1,17,18,19,-1,19,18,7,-1,19,7,6,-1,8,20,9,-1,9,20,21,-1,22,23,24,-1,22,24,25,-1,25,24,26,-1,25,26,27,-1,27,26,28,-1,27,28,29,-1,29,28,30,-1,29,30,31,-1,31,30,32,-1,32,30,33,-1,32,33,34,-1,33,35,34,-1,34,35,21,-1,34,21,20,-1,36,37,33,-1,33,37,38,-1,33,38,39,-1,39,40,33,-1,33,40,41,-1,33,41,35,-1,35,41,42,-1,35,42,21,-1,21,42,43,-1,3,5,2,-1,2,5,7,-1,2,7,44,-1,44,7,18,-1,44,18,45,-1,45,18,16,-1,45,16,46,-1,46,16,14,-1,46,14,47,-1,47,14,12,-1,47,12,48,-1,48,12,10,-1,48,10,43,-1,43,10,9,-1,43,9,21,-1,49,50,32,-1,32,50,51,-1,32,51,52,-1,53,54,32,-1,32,54,55,-1,32,55,49,-1,4,1,6,-1,6,1,0,-1,6,0,19,-1,19,0,56,-1,19,56,17,-1,17,56,57,-1,17,57,15,-1,15,57,58,-1,15,58,13,-1,13,58,59,-1,13,59,11,-1,11,59,60,-1,11,60,8,-1,8,60,61,-1,8,61,20,-1,20,61,53,-1,20,53,34,-1,34,53,32,-1,62,63,64,-1,64,63,65,-1,64,65,66,-1,66,65,67,-1,66,67,68,-1,68,67,69,-1,68,69,70,-1,70,69,71,-1,70,71,72,-1,72,71,73,-1,72,73,74,-1,74,73,75,-1,76,74,77,-1,77,74,75,-1,
        ]
    }
}
Shape{
    appearance Appearance {
        material  Material 	{
            diffuseColor 0.2 0.2 0.2
            specularColor 0.2 0.2 0.2
            ambientIntensity 0.2
            transparency 0.0
            shininess 0.5
        }
    }
    geometry IndexedFaceSet {
        ccw TRUE
        solid FALSE
        coord DEF co Coordinate {
            point [
                0.6693 -0.5886 0.1575, 0.9055 -0.5886 0.1575, 0.6693 -0.5866 0.1422, 0.9055 -0.5866 0.1422, 0.6693 -0.5807 0.128, 0.9055 -0.5807 0.128, 0.6693 -0.5713 0.1157, 0.9055 -0.5713 0.1157, 0.6693 -0.5591 0.1063, 0.9055 -0.5591 0.1063, 0.6693 -0.5448 0.1004, 0.9055 -0.5448 0.1004, 0.6693 -0.5295 0.0984, 0.9055 -0.5295 0.0984
            ]
        }
        coordIndex [
            0,1,2,-1,2,1,3,-1,2,3,4,-1,4,3,5,-1,4,5,6,-1,6,5,7,-1,6,7,8,-1,8,7,9,-1,8,9,10,-1,10,9,11,-1,10,11,12,-1,12,11,13,-1,
        ]
    }
}
Shape{
    appearance Appearance {
        material  Material 	{
            diffuseColor 0.7529411764705882 0.7529411764705882 0.7529411764705882
            specularColor 0.7529411764705882 0.7529411764705882 0.7529411764705882
            ambientIntensity 0.7529
            transparency 0.0
            shininess 0.5
        }
    }
    geometry IndexedFaceSet {
        ccw TRUE
        solid FALSE
        coord DEF co Coordinate {
            point [
                0.6693 -0.2933 0.0984, 0.6693 -0.5295 0.0984, 0.9055 -0.2933 0.0984, 0.9055 -0.5295 0.0984, 0.6693 -0.2933 0.0, 0.9055 -0.2933 0.0, 0.6693 -0.5295 0.0, 0.9055 -0.5295 0.0, 0.9055 -0.5703 0.0054, 0.6693 -0.5703 0.0054, 0.9055 -0.6083 0.0211, 0.6693 -0.6083 0.0211, 0.9055 -0.6409 0.0461, 0.6693 -0.6409 0.0461, 0.9055 -0.6659 0.0787, 0.6693 -0.6659 0.0787, 0.9055 -0.6816 0.1167, 0.6693 -0.6816 0.1167, 0.9055 -0.687 0.1575, 0.6693 -0.687 0.1575, 0.6693 -0.687 0.3543, 0.9055 -0.687 0.3543, 0.9055 -0.6816 0.3951, 0.6693 -0.6816 0.3951, 0.6693 -0.6755 0.4134, 0.9055 -0.6755 0.4134, 0.6693 -0.6659 0.4331, 0.9055 -0.6659 0.4331, 0.9055 -0.6409 0.4657, 0.6693 -0.6409 0.4657, 0.9055 -0.6083 0.4907, 0.6693 -0.6083 0.4907, 0.9055 -0.5703 0.5064, 0.6693 -0.5703 0.5064, 0.9055 -0.5295 0.5118, 0.6693 -0.5295 0.5118, 0.9055 -0.5771 0.4019, 0.9055 -0.5689 0.4081, 0.9055 -0.5594 0.412, 0.9055 -0.5492 0.4134, 0.9055 -0.5886 0.374, 0.9055 -0.5872 0.3842, 0.9055 -0.5833 0.3937, 0.9055 -0.5448 0.1004, 0.9055 -0.5591 0.1063, 0.9055 -0.5713 0.1157, 0.9055 -0.5807 0.128, 0.9055 -0.5866 0.1422, 0.9055 -0.5886 0.1575, 0.6693 -0.5492 0.4134, 0.6693 -0.5594 0.412, 0.6693 -0.5689 0.4081, 0.6693 -0.5771 0.4019, 0.6693 -0.5833 0.3937, 0.6693 -0.5872 0.3842, 0.6693 -0.5886 0.374, 0.6693 -0.5886 0.1575, 0.6693 -0.5448 0.1004, 0.6693 -0.5591 0.1063, 0.6693 -0.5713 0.1157, 0.6693 -0.5807 0.128, 0.6693 -0.5866 0.1422, -1.6929 0.5335 0.5118, -1.4567 0.5335 0.5118, -1.4567 0.5742 0.5064, -1.6929 0.5742 0.5064, -1.4567 0.6122 0.4907, -1.6929 0.6122 0.4907, -1.4567 0.6448 0.4657, -1.6929 0.6448 0.4657, -1.4567 0.6698 0.4331, -1.6929 0.6698 0.4331, -1.6929 0.6795 0.4134, -1.4567 0.6795 0.4134, -1.6929 0.6856 0.3951, -1.4567 0.6856 0.3951, -1.4567 0.6909 0.3543, -1.6929 0.6909 0.3543, -1.6929 0.6909 0.1575, -1.4567 0.6909 0.1575, -1.4567 0.6856 0.1167, -1.6929 0.6856 0.1167, -1.4567 0.6698 0.0787, -1.6929 0.6698 0.0787, -1.4567 0.6448 0.0461, -1.6929 0.6448 0.0461, -1.4567 0.6122 0.0211, -1.6929 0.6122 0.0211, -1.4567 0.5742 0.0054, -1.6929 0.5742 0.0054, -1.4567 0.5335 0.0, -1.6929 0.5335 0.0, -1.6929 0.2972 0.0, -1.4567 0.2972 0.0, -1.6929 0.2972 0.0984, -1.4567 0.2972 0.0984, -1.6929 0.5335 0.0984, -1.4567 0.5335 0.0984, -1.6929 0.5487 0.1004, -1.4567 0.5487 0.1004, -1.6929 0.563 0.1063, -1.4567 0.563 0.1063, -1.6929 0.5752 0.1157, -1.4567 0.5752 0.1157, -1.6929 0.5846 0.128, -1.4567 0.5846 0.128, -1.6929 0.5905 0.1422, -1.4567 0.5905 0.1422, -1.6929 0.5925 0.1575, -1.4567 0.5925 0.1575, -1.6929 0.5925 0.374, -1.4567 0.5925 0.374, -1.6929 0.5912 0.3842, -1.4567 0.5912 0.3842, -1.6929 0.5872 0.3937, -1.4567 0.5872 0.3937, -1.6929 0.581 0.4019, -1.4567 0.581 0.4019, -1.6929 0.5728 0.4081, -1.4567 0.5728 0.4081, -1.6929 0.5633 0.412, -1.4567 0.5633 0.412, -1.6929 0.5531 0.4134, -1.4567 0.5531 0.4134, -2.3425 0.687 0.8386, -2.2638 0.687 0.8386, -2.3425 0.687 0.566, -2.2638 0.687 0.566, 2.3425 0.687 0.8386, 2.3425 0.687 0.566, 2.2638 0.687 0.8386, 2.2638 0.687 0.566, -2.2638 -0.6831 0.8386, -2.3425 -0.6831 0.8386, -2.2638 -0.6831 0.566, -2.3425 -0.6831 0.566, 2.2638 -0.6831 0.8386, 2.2638 -0.6831 0.566, 2.3425 -0.6831 0.8386, 2.3425 -0.6831 0.566
            ]
        }
        coordIndex [
            0,1,2,-1,2,1,3,-1,4,0,5,-1,5,0,2,-1,6,4,7,-1,7,4,5,-1,6,7,8,-1,6,8,9,-1,9,8,10,-1,9,10,11,-1,11,10,12,-1,11,12,13,-1,13,12,14,-1,13,14,15,-1,15,14,16,-1,15,16,17,-1,17,16,18,-1,17,18,19,-1,20,19,21,-1,21,19,18,-1,21,22,20,-1,20,22,23,-1,23,22,24,-1,24,22,25,-1,24,25,26,-1,25,27,26,-1,26,27,28,-1,26,28,29,-1,29,28,30,-1,29,30,31,-1,31,30,32,-1,31,32,33,-1,33,32,34,-1,33,34,35,-1,36,37,25,-1,25,37,38,-1,25,38,39,-1,40,41,25,-1,25,41,42,-1,25,42,36,-1,5,2,7,-1,7,2,3,-1,7,3,8,-1,8,3,43,-1,8,43,10,-1,10,43,44,-1,10,44,12,-1,12,44,45,-1,12,45,14,-1,14,45,46,-1,14,46,16,-1,16,46,47,-1,16,47,18,-1,18,47,48,-1,18,48,21,-1,21,48,40,-1,21,40,22,-1,22,40,25,-1,49,50,24,-1,24,50,51,-1,24,51,52,-1,52,53,24,-1,24,53,54,-1,24,54,23,-1,23,54,55,-1,23,55,20,-1,20,55,56,-1,0,4,1,-1,1,4,6,-1,1,6,57,-1,57,6,9,-1,57,9,58,-1,58,9,11,-1,58,11,59,-1,59,11,13,-1,59,13,60,-1,60,13,15,-1,60,15,61,-1,61,15,17,-1,61,17,56,-1,56,17,19,-1,56,19,20,-1,62,63,64,-1,62,64,65,-1,65,64,66,-1,65,66,67,-1,67,66,68,-1,67,68,69,-1,69,68,70,-1,69,70,71,-1,71,70,72,-1,72,70,73,-1,72,73,74,-1,73,75,74,-1,74,75,76,-1,74,76,77,-1,78,77,79,-1,79,77,76,-1,78,79,80,-1,78,80,81,-1,81,80,82,-1,81,82,83,-1,83,82,84,-1,83,84,85,-1,85,84,86,-1,85,86,87,-1,87,86,88,-1,87,88,89,-1,89,88,90,-1,89,90,91,-1,92,91,93,-1,93,91,90,-1,94,92,95,-1,95,92,93,-1,96,94,97,-1,97,94,95,-1,96,97,98,-1,98,97,99,-1,98,99,100,-1,100,99,101,-1,100,101,102,-1,102,101,103,-1,102,103,104,-1,104,103,105,-1,104,105,106,-1,106,105,107,-1,106,107,108,-1,108,107,109,-1,110,108,111,-1,111,108,109,-1,110,111,112,-1,112,111,113,-1,112,113,114,-1,114,113,115,-1,114,115,116,-1,116,115,117,-1,116,117,118,-1,118,117,119,-1,118,119,120,-1,120,119,121,-1,120,121,122,-1,122,121,123,-1,123,121,73,-1,73,121,119,-1,73,119,117,-1,117,115,73,-1,73,115,113,-1,73,113,75,-1,75,113,111,-1,75,111,76,-1,76,111,109,-1,95,93,97,-1,97,93,90,-1,97,90,99,-1,99,90,88,-1,99,88,101,-1,101,88,86,-1,101,86,103,-1,103,86,84,-1,103,84,105,-1,105,84,82,-1,105,82,107,-1,107,82,80,-1,107,80,109,-1,109,80,79,-1,109,79,76,-1,122,72,120,-1,120,72,118,-1,110,112,72,-1,112,114,72,-1,72,114,116,-1,72,116,118,-1,92,94,91,-1,91,94,96,-1,91,96,89,-1,89,96,98,-1,89,98,87,-1,87,98,100,-1,87,100,85,-1,85,100,102,-1,85,102,83,-1,83,102,104,-1,83,104,81,-1,81,104,106,-1,81,106,78,-1,78,106,108,-1,78,108,77,-1,77,108,110,-1,77,110,74,-1,74,110,72,-1,124,125,126,-1,126,125,127,-1,128,129,130,-1,130,129,131,-1,132,133,134,-1,134,133,135,-1,136,137,138,-1,138,137,139,-1,
        ]
    }
}
Shape{
    appearance Appearance {
        material  Material 	{
            diffuseColor 1.0 1.0 1.0
            specularColor 0.5019607843137255 0.5019607843137255 0.5019607843137255
            ambientIntensity 1.0
            transparency 0.0
            shininess 0.5
        }
    }
    geometry IndexedFaceSet {
        ccw TRUE
        solid FALSE
        coord DEF co Coordinate {
            point [
                0.0087 -0.6909 0.677, 0.0087 -0.6909 0.6679, 0.0087 -0.687 0.677, 0.0087 -0.687 0.6679, -0.0232 -0.6909 0.677, -0.0232 -0.687 0.677, -0.0232 -0.6909 0.7479, -0.0232 -0.687 0.7479, -0.0335 -0.6909 0.7479, -0.0335 -0.687 0.7479, -0.0335 -0.6909 0.6679, -0.0335 -0.687 0.6679, 0.0719 -0.687 0.6712, 0.0719 -0.6909 0.6712, 0.0705 -0.6909 0.6705, 0.0497 -0.6909 0.6665, 0.0497 -0.687 0.6665, 0.0619 -0.687 0.6677, 0.0619 -0.6909 0.6677, 0.0685 -0.687 0.6698, 0.0705 -0.687 0.6705, 0.0719 -0.6909 0.6811, 0.0719 -0.687 0.6811, 0.0653 -0.6909 0.678, 0.0685 -0.687 0.6795, 0.0653 -0.687 0.678, 0.0565 -0.687 0.676, 0.0565 -0.6909 0.676, 0.0512 -0.687 0.6757, 0.0512 -0.6909 0.6757, 0.044 -0.687 0.6765, 0.044 -0.6909 0.6765, 0.0382 -0.687 0.6786, 0.0382 -0.6909 0.6786, 0.0328 -0.687 0.6821, 0.0328 -0.6909 0.6821, 0.0307 -0.687 0.6842, 0.0307 -0.6909 0.6842, 0.0269 -0.687 0.6893, 0.0269 -0.6909 0.6893, 0.0243 -0.687 0.6957, 0.0243 -0.6909 0.6957, 0.0229 -0.687 0.7037, 0.0229 -0.6909 0.7037, 0.0228 -0.687 0.707, 0.0228 -0.6909 0.707, 0.0241 -0.687 0.718, 0.0241 -0.6909 0.718, 0.0268 -0.687 0.7249, 0.0268 -0.6909 0.7249, 0.0307 -0.687 0.7305, 0.0307 -0.6909 0.7305, 0.0312 -0.687 0.7311, 0.0312 -0.6909 0.7311, 0.0363 -0.687 0.7354, 0.0363 -0.6909 0.7354, 0.0426 -0.687 0.7384, 0.0426 -0.6909 0.7384, 0.0495 -0.687 0.7398, 0.0495 -0.6909 0.7398, 0.053 -0.687 0.74, 0.053 -0.6909 0.74, 0.0629 -0.687 0.7388, 0.0685 -0.687 0.7367, 0.071 -0.6909 0.7357, 0.0629 -0.6909 0.7388, 0.071 -0.687 0.7357, 0.0719 -0.687 0.7352, 0.0719 -0.6909 0.7352, 0.0719 -0.6909 0.746, 0.0719 -0.687 0.746, 0.0685 -0.687 0.747, 0.0634 -0.6909 0.7485, 0.0529 -0.687 0.7493, 0.0529 -0.6909 0.7493, 0.0615 -0.687 0.7486, 0.0634 -0.687 0.7485, 0.0474 -0.687 0.7486, 0.0414 -0.6909 0.7479, 0.0414 -0.687 0.7479, 0.033 -0.687 0.7447, 0.033 -0.6909 0.7447, 0.0255 -0.687 0.7394, 0.0255 -0.6909 0.7394, 0.0235 -0.687 0.7375, 0.0235 -0.6909 0.7375, 0.0177 -0.687 0.7299, 0.0155 -0.687 0.7248, 0.0139 -0.6909 0.721, 0.0177 -0.6909 0.7299, 0.0139 -0.687 0.721, 0.0121 -0.687 0.7106, 0.0121 -0.6909 0.7106, 0.012 -0.687 0.7064, 0.012 -0.6909 0.7064, 0.0135 -0.687 0.6934, 0.0155 -0.687 0.6882, 0.0168 -0.6909 0.685, 0.0135 -0.6909 0.6934, 0.0168 -0.687 0.685, 0.0215 -0.687 0.6782, 0.0215 -0.6909 0.6782, 0.0222 -0.687 0.6775, 0.0222 -0.6909 0.6775, 0.0277 -0.687 0.6727, 0.0277 -0.6909 0.6727, 0.0352 -0.687 0.6689, 0.0352 -0.6909 0.6689, 0.0436 -0.687 0.6669, 0.0436 -0.6909 0.6669, 0.131 -0.6909 0.677, 0.131 -0.6909 0.6679, 0.131 -0.687 0.677, 0.131 -0.687 0.6679, 0.0983 -0.687 0.677, 0.0983 -0.6909 0.677, 0.1199 -0.687 0.677, 0.0983 -0.6909 0.7039, 0.0983 -0.687 0.7039, 0.1269 -0.6909 0.7039, 0.1199 -0.687 0.7039, 0.1269 -0.687 0.7039, 0.1269 -0.6909 0.7131, 0.1269 -0.687 0.7131, 0.0983 -0.687 0.7131, 0.0983 -0.6909 0.7131, 0.1199 -0.687 0.7131, 0.0983 -0.6909 0.7387, 0.0983 -0.687 0.7387, 0.1292 -0.6909 0.7387, 0.1199 -0.687 0.7387, 0.1292 -0.687 0.7387, 0.1292 -0.6909 0.7479, 0.1292 -0.687 0.7479, 0.0879 -0.687 0.7479, 0.0879 -0.6909 0.7479, 0.1199 -0.687 0.7479, 0.0879 -0.6909 0.6679, 0.0879 -0.687 0.6679, 0.1199 -0.687 0.6679, 0.1958 -0.6909 0.6902, 0.1919 -0.6909 0.6854, 0.1992 -0.6909 0.6791, 0.1909 -0.6909 0.6845, 0.1908 -0.6909 0.6731, 0.1858 -0.6909 0.6809, 0.1817 -0.6909 0.6695, 0.1791 -0.6909 0.6783, 0.1681 -0.6909 0.6679, 0.1681 -0.6909 0.677, 0.1461 -0.6909 0.6679, 0.1565 -0.6909 0.677, 0.1461 -0.6909 0.7479, 0.1565 -0.6909 0.7387, 0.169 -0.6909 0.7479, 0.1686 -0.6909 0.7387, 0.1812 -0.6909 0.7466, 0.1794 -0.6909 0.7375, 0.1909 -0.6909 0.7431, 0.1862 -0.6909 0.7349, 0.1992 -0.6909 0.7373, 0.1917 -0.6909 0.7312, 0.2021 -0.6909 0.7346, 0.1939 -0.6909 0.729, 0.207 -0.6909 0.7276, 0.197 -0.6909 0.7245, 0.21 -0.6909 0.7199, 0.1993 -0.6909 0.7186, 0.2113 -0.6909 0.7089, 0.2004 -0.6909 0.7086, 0.2111 -0.6909 0.7038, 0.2002 -0.6909 0.7034, 0.2091 -0.6909 0.6944, 0.1986 -0.6909 0.6961, 0.2052 -0.6909 0.6862, 0.1681 -0.687 0.6679, 0.1461 -0.687 0.6679, 0.1817 -0.687 0.6695, 0.1908 -0.687 0.6731, 0.1992 -0.687 0.6791, 0.2052 -0.687 0.6862, 0.2091 -0.687 0.6944, 0.2111 -0.687 0.7038, 0.2113 -0.687 0.7089, 0.21 -0.687 0.7199, 0.207 -0.687 0.7276, 0.2021 -0.687 0.7346, 0.1992 -0.687 0.7373, 0.1909 -0.687 0.7431, 0.1812 -0.687 0.7466, 0.169 -0.687 0.7479, 0.1461 -0.687 0.7479, 0.1686 -0.687 0.7387, 0.1565 -0.687 0.7387, 0.1565 -0.687 0.677, 0.1681 -0.687 0.677, 0.1919 -0.687 0.6854, 0.1909 -0.687 0.6845, 0.1858 -0.687 0.6809, 0.1791 -0.687 0.6783, 0.2004 -0.687 0.7086, 0.2002 -0.687 0.7034, 0.1986 -0.687 0.6961, 0.1958 -0.687 0.6902, 0.1917 -0.687 0.7312, 0.1939 -0.687 0.729, 0.197 -0.687 0.7245, 0.1993 -0.687 0.7186, 0.1794 -0.687 0.7375, 0.1862 -0.687 0.7349
            ]
        }
        coordIndex [
            0,1,2,-1,2,1,3,-1,4,0,5,-1,5,0,2,-1,6,4,7,-1,7,4,5,-1,8,6,9,-1,9,6,7,-1,10,8,11,-1,11,8,9,-1,1,10,3,-1,3,10,11,-1,6,8,4,-1,4,8,10,-1,4,10,0,-1,0,10,1,-1,12,13,14,-1,15,16,17,-1,15,17,18,-1,18,17,19,-1,18,19,14,-1,14,19,20,-1,14,20,12,-1,21,13,22,-1,22,13,12,-1,21,22,23,-1,23,22,24,-1,24,25,23,-1,23,25,26,-1,23,26,27,-1,27,26,28,-1,27,28,29,-1,29,28,30,-1,29,30,31,-1,31,30,32,-1,31,32,33,-1,33,32,34,-1,33,34,35,-1,35,34,36,-1,35,36,37,-1,37,36,38,-1,37,38,39,-1,39,38,40,-1,39,40,41,-1,41,40,42,-1,41,42,43,-1,43,42,44,-1,43,44,45,-1,45,44,46,-1,45,46,47,-1,47,46,48,-1,47,48,49,-1,49,48,50,-1,49,50,51,-1,51,50,52,-1,51,52,53,-1,53,52,54,-1,53,54,55,-1,55,54,56,-1,55,56,57,-1,57,56,58,-1,57,58,59,-1,59,58,60,-1,59,60,61,-1,61,60,62,-1,63,64,62,-1,62,64,65,-1,62,65,61,-1,63,66,64,-1,64,66,67,-1,64,67,68,-1,69,68,70,-1,70,68,67,-1,69,70,71,-1,69,71,72,-1,73,74,75,-1,75,74,72,-1,75,72,76,-1,76,72,71,-1,74,73,77,-1,74,77,78,-1,77,79,78,-1,78,79,80,-1,78,80,81,-1,81,80,82,-1,81,82,83,-1,83,82,84,-1,83,84,85,-1,85,84,86,-1,87,88,86,-1,86,88,89,-1,86,89,85,-1,87,90,88,-1,88,90,91,-1,88,91,92,-1,92,91,93,-1,92,93,94,-1,94,93,95,-1,96,97,95,-1,95,97,98,-1,95,98,94,-1,96,99,97,-1,97,99,100,-1,97,100,101,-1,101,100,102,-1,101,102,103,-1,103,102,104,-1,103,104,105,-1,105,104,106,-1,105,106,107,-1,107,106,108,-1,107,108,109,-1,109,108,16,-1,109,16,15,-1,85,53,83,-1,83,53,55,-1,83,55,81,-1,94,45,92,-1,92,45,47,-1,92,47,88,-1,88,47,89,-1,89,47,49,-1,89,49,85,-1,85,49,51,-1,85,51,53,-1,81,55,78,-1,78,55,57,-1,78,57,74,-1,13,21,14,-1,14,21,23,-1,14,23,18,-1,18,23,27,-1,18,27,15,-1,15,27,29,-1,15,29,109,-1,109,29,31,-1,109,31,107,-1,107,31,33,-1,107,33,105,-1,105,33,35,-1,105,35,103,-1,103,35,37,-1,103,37,101,-1,101,37,39,-1,101,39,97,-1,97,39,98,-1,98,39,41,-1,98,41,94,-1,94,41,43,-1,94,43,45,-1,57,59,74,-1,74,59,61,-1,74,61,72,-1,72,61,65,-1,72,65,69,-1,69,65,64,-1,69,64,68,-1,110,111,112,-1,112,111,113,-1,114,115,116,-1,116,115,110,-1,116,110,112,-1,117,115,118,-1,118,115,114,-1,117,118,119,-1,119,118,120,-1,119,120,121,-1,122,119,123,-1,123,119,121,-1,124,125,126,-1,126,125,122,-1,126,122,123,-1,127,125,128,-1,128,125,124,-1,127,128,129,-1,129,128,130,-1,129,130,131,-1,132,129,133,-1,133,129,131,-1,134,135,136,-1,136,135,132,-1,136,132,133,-1,137,135,138,-1,138,135,134,-1,137,138,111,-1,111,138,139,-1,111,139,113,-1,137,111,110,-1,110,115,137,-1,137,115,117,-1,137,117,135,-1,129,132,127,-1,127,132,135,-1,127,135,125,-1,125,135,117,-1,125,117,122,-1,122,117,119,-1,140,141,142,-1,142,141,143,-1,142,143,144,-1,144,143,145,-1,144,145,146,-1,146,145,147,-1,146,147,148,-1,148,147,149,-1,148,149,150,-1,150,149,151,-1,150,151,152,-1,152,151,153,-1,152,153,154,-1,154,153,155,-1,154,155,156,-1,156,155,157,-1,156,157,158,-1,158,157,159,-1,158,159,160,-1,160,159,161,-1,160,161,162,-1,162,161,163,-1,162,163,164,-1,164,163,165,-1,164,165,166,-1,166,165,167,-1,166,167,168,-1,168,167,169,-1,168,169,170,-1,170,169,171,-1,170,171,172,-1,172,171,173,-1,172,173,174,-1,174,173,140,-1,174,140,142,-1,148,150,175,-1,175,150,176,-1,148,175,177,-1,148,177,146,-1,146,177,178,-1,146,178,144,-1,144,178,179,-1,144,179,142,-1,142,179,180,-1,142,180,174,-1,174,180,181,-1,174,181,172,-1,172,181,182,-1,172,182,170,-1,170,182,183,-1,170,183,168,-1,168,183,184,-1,168,184,166,-1,166,184,185,-1,166,185,164,-1,164,185,186,-1,164,186,162,-1,162,186,187,-1,162,187,160,-1,160,187,188,-1,160,188,158,-1,158,188,189,-1,158,189,156,-1,156,189,190,-1,156,190,154,-1,152,154,191,-1,191,154,190,-1,150,152,176,-1,176,152,191,-1,155,153,192,-1,192,153,193,-1,153,151,193,-1,193,151,194,-1,151,149,194,-1,194,149,195,-1,141,196,197,-1,141,197,143,-1,143,197,198,-1,143,198,145,-1,145,198,199,-1,145,199,147,-1,147,199,195,-1,147,195,149,-1,169,200,201,-1,169,201,171,-1,171,201,202,-1,171,202,173,-1,173,202,203,-1,173,203,140,-1,140,203,196,-1,140,196,141,-1,161,204,205,-1,161,205,163,-1,163,205,206,-1,163,206,165,-1,165,206,207,-1,165,207,167,-1,167,207,200,-1,167,200,169,-1,155,192,208,-1,155,208,157,-1,157,208,209,-1,157,209,159,-1,159,209,204,-1,159,204,161,-1,
        ]
    }
}
Shape{
    appearance Appearance {
        material  Material 	{
            diffuseColor 0.2 0.2 0.2
            specularColor 0.2 0.2 0.2
            ambientIntensity 0.2
            transparency 0.0
            shininess 0.5
        }
    }
    geometry IndexedFaceSet {
        ccw TRUE
        solid FALSE
        coord DEF co Coordinate {
            point [
                0.1565 -0.687 0.7387, 0.1565 -0.687 0.677, 0.1686 -0.687 0.7387, 0.1681 -0.687 0.677, 0.1791 -0.687 0.6783, 0.1858 -0.687 0.6809, 0.1909 -0.687 0.6845, 0.1919 -0.687 0.6854, 0.1958 -0.687 0.6902, 0.1986 -0.687 0.6961, 0.2004 -0.687 0.7086, 0.1917 -0.687 0.7312, 0.1862 -0.687 0.7349, 0.1993 -0.687 0.7186, 0.197 -0.687 0.7245, 0.1939 -0.687 0.729, 0.2002 -0.687 0.7034, 0.1794 -0.687 0.7375
            ]
        }
        coordIndex [
            0,1,2,-1,2,1,3,-1,3,4,2,-1,2,4,5,-1,2,5,6,-1,6,7,2,-1,2,7,8,-1,2,8,9,-1,10,11,12,-1,13,14,10,-1,10,14,15,-1,10,15,11,-1,9,16,2,-1,2,16,10,-1,2,10,17,-1,17,10,12,-1,
        ]
    }
}
Shape{
    appearance Appearance {
        material  Material 	{
            diffuseColor 1.0 1.0 1.0
            specularColor 0.5019607843137255 0.5019607843137255 0.5019607843137255
            ambientIntensity 1.0
            transparency 0.0
            shininess 0.5
        }
    }
    geometry IndexedFaceSet {
        ccw TRUE
        solid FALSE
        coord DEF co Coordinate {
            point [
                0.2381 -0.6909 0.6988, 0.2349 -0.6909 0.6898, 0.265 -0.6909 0.6988, 0.2682 -0.6909 0.6898, 0.2501 -0.6909 0.7321, 0.2463 -0.6909 0.7479, 0.2158 -0.6909 0.6679, 0.2272 -0.6909 0.6679, 0.2508 -0.6909 0.7345, 0.2514 -0.6909 0.7377, 0.2573 -0.6909 0.7479, 0.2517 -0.6909 0.7377, 0.2523 -0.6909 0.7343, 0.2529 -0.6909 0.7321, 0.2878 -0.6909 0.6679, 0.2764 -0.6909 0.6679, 0.2573 -0.687 0.7479, 0.2878 -0.687 0.6679, 0.2463 -0.687 0.7479, 0.2158 -0.687 0.6679, 0.2388 -0.687 0.7285, 0.2272 -0.687 0.6679, 0.2349 -0.687 0.6898, 0.2682 -0.687 0.6898, 0.2388 -0.687 0.6898, 0.2764 -0.687 0.6679, 0.2381 -0.687 0.6988, 0.265 -0.687 0.6988, 0.2529 -0.687 0.7321, 0.2517 -0.687 0.7377, 0.2523 -0.687 0.7343, 0.2514 -0.687 0.7377, 0.2501 -0.687 0.7321, 0.2508 -0.687 0.7345
            ]
        }
        coordIndex [
            0,1,2,-1,2,1,3,-1,4,5,0,-1,0,5,6,-1,0,6,1,-1,1,6,7,-1,4,8,5,-1,5,8,9,-1,5,9,10,-1,10,9,11,-1,10,11,12,-1,12,13,10,-1,10,13,2,-1,10,2,14,-1,14,2,3,-1,14,3,15,-1,10,14,16,-1,16,14,17,-1,5,10,18,-1,18,10,16,-1,19,6,20,-1,20,6,5,-1,20,5,18,-1,7,6,21,-1,21,6,19,-1,1,7,22,-1,22,7,21,-1,23,3,24,-1,24,3,1,-1,24,1,22,-1,15,3,25,-1,25,3,23,-1,14,15,17,-1,17,15,25,-1,0,2,26,-1,26,2,27,-1,2,13,27,-1,27,13,28,-1,11,29,30,-1,11,30,12,-1,12,30,28,-1,12,28,13,-1,11,9,29,-1,29,9,31,-1,4,32,33,-1,4,33,8,-1,8,33,31,-1,8,31,9,-1,4,0,32,-1,32,0,26,-1,
        ]
    }
}
Shape{
    appearance Appearance {
        material  Material 	{
            diffuseColor 0.2 0.2 0.2
            specularColor 0.2 0.2 0.2
            ambientIntensity 0.2
            transparency 0.0
            shininess 0.5
        }
    }
    geometry IndexedFaceSet {
        ccw TRUE
        solid FALSE
        coord DEF co Coordinate {
            point [
                0.2517 -0.687 0.7377, 0.2514 -0.687 0.7377, 0.2523 -0.687 0.7343, 0.2508 -0.687 0.7345, 0.2529 -0.687 0.7321, 0.2501 -0.687 0.7321, 0.265 -0.687 0.6988, 0.2381 -0.687 0.6988
            ]
        }
        coordIndex [
            0,1,2,-1,2,1,3,-1,2,3,4,-1,4,3,5,-1,4,5,6,-1,6,5,7,-1,
        ]
    }
}
Shape{
    appearance Appearance {
        material  Material 	{
            diffuseColor 1.0 1.0 1.0
            specularColor 0.5019607843137255 0.5019607843137255 0.5019607843137255
            ambientIntensity 1.0
            transparency 0.0
            shininess 0.5
        }
    }
    geometry IndexedFaceSet {
        ccw TRUE
        solid FALSE
        coord DEF co Coordinate {
            point [
                0.0095 -0.6909 0.55, 0.0095 -0.6909 0.5408, 0.0095 -0.687 0.55, 0.0095 -0.687 0.5408, -0.0232 -0.6909 0.55, -0.0232 -0.687 0.55, -0.0232 -0.6909 0.5769, -0.0232 -0.687 0.5769, 0.0054 -0.6909 0.5769, 0.0054 -0.687 0.5769, 0.0054 -0.6909 0.5861, 0.0054 -0.687 0.5861, -0.0232 -0.6909 0.5861, -0.0232 -0.687 0.5861, -0.0232 -0.6909 0.6117, -0.0232 -0.687 0.6117, 0.0077 -0.6909 0.6117, 0.0077 -0.687 0.6117, 0.0077 -0.6909 0.6209, 0.0077 -0.687 0.6209, -0.0335 -0.6909 0.6209, -0.0335 -0.687 0.6209, -0.0335 -0.6909 0.5408, -0.0335 -0.687 0.5408, 0.0548 -0.6909 0.5497, 0.055 -0.6909 0.5497, 0.0544 -0.6909 0.5589, 0.055 -0.6909 0.5634, 0.0651 -0.6909 0.5777, 0.055 -0.6909 0.5641, 0.055 -0.6909 0.5695, 0.055 -0.6909 0.5408, 0.0651 -0.6909 0.5408, 0.0294 -0.6909 0.5586, 0.0299 -0.6909 0.5609, 0.0212 -0.6909 0.5653, 0.0529 -0.6909 0.5553, 0.0507 -0.6909 0.5524, 0.0532 -0.6909 0.5472, 0.0495 -0.6909 0.5512, 0.05 -0.6909 0.5439, 0.0467 -0.6909 0.5493, 0.0465 -0.6909 0.5416, 0.0436 -0.6909 0.5481, 0.0425 -0.6909 0.5401, 0.0399 -0.6909 0.5477, 0.0373 -0.6909 0.5395, 0.0365 -0.6909 0.5481, 0.0313 -0.6909 0.5402, 0.0342 -0.6909 0.5489, 0.0274 -0.6909 0.5416, 0.0322 -0.6909 0.5503, 0.024 -0.6909 0.544, 0.0314 -0.6909 0.5512, 0.0232 -0.6909 0.5682, 0.0308 -0.6909 0.5627, 0.0263 -0.6909 0.5708, 0.032 -0.6909 0.5642, 0.0306 -0.6909 0.573, 0.0332 -0.6909 0.5652, 0.0355 -0.6909 0.5663, 0.0381 -0.6909 0.5748, 0.0417 -0.6909 0.5677, 0.055 -0.6909 0.5772, 0.0198 -0.6909 0.5618, 0.0192 -0.6909 0.5575, 0.0293 -0.6909 0.557, 0.0191 -0.6909 0.5562, 0.0296 -0.6909 0.5547, 0.0196 -0.6909 0.5516, 0.0302 -0.6909 0.5529, 0.0208 -0.6909 0.5482, 0.0229 -0.6909 0.5451, 0.0247 -0.6909 0.594, 0.0247 -0.6909 0.5843, 0.0268 -0.6909 0.5952, 0.0308 -0.6909 0.5882, 0.0343 -0.6909 0.5981, 0.0371 -0.6909 0.5905, 0.0444 -0.6909 0.5993, 0.0435 -0.6909 0.5912, 0.0504 -0.6909 0.5988, 0.0469 -0.6909 0.5908, 0.0547 -0.6909 0.5975, 0.0492 -0.6909 0.59, 0.058 -0.6909 0.5956, 0.051 -0.6909 0.5889, 0.0607 -0.6909 0.5931, 0.0525 -0.6909 0.5873, 0.0627 -0.6909 0.5898, 0.0537 -0.6909 0.5852, 0.0643 -0.6909 0.5852, 0.0547 -0.6909 0.5816, 0.0444 -0.687 0.5993, 0.0343 -0.687 0.5981, 0.0268 -0.687 0.5952, 0.0247 -0.687 0.594, 0.0247 -0.687 0.5843, 0.0308 -0.687 0.5882, 0.0371 -0.687 0.5905, 0.0435 -0.687 0.5912, 0.0469 -0.687 0.5908, 0.0492 -0.687 0.59, 0.051 -0.687 0.5889, 0.0525 -0.687 0.5873, 0.0537 -0.687 0.5852, 0.0547 -0.687 0.5816, 0.055 -0.687 0.5772, 0.0381 -0.687 0.5748, 0.0306 -0.687 0.573, 0.0263 -0.687 0.5708, 0.0232 -0.687 0.5682, 0.0212 -0.687 0.5653, 0.0198 -0.687 0.5618, 0.0192 -0.687 0.5575, 0.0191 -0.687 0.5562, 0.0196 -0.687 0.5516, 0.0208 -0.687 0.5482, 0.0229 -0.687 0.5451, 0.024 -0.687 0.544, 0.0373 -0.687 0.5395, 0.0314 -0.687 0.5402, 0.0313 -0.687 0.5402, 0.0274 -0.687 0.5416, 0.0425 -0.687 0.5401, 0.0427 -0.687 0.5402, 0.0465 -0.687 0.5416, 0.05 -0.687 0.5439, 0.0532 -0.687 0.5472, 0.0548 -0.687 0.5497, 0.055 -0.687 0.5497, 0.055 -0.687 0.5408, 0.0651 -0.687 0.5408, 0.0651 -0.687 0.5777, 0.0643 -0.687 0.5852, 0.0627 -0.687 0.5898, 0.0607 -0.687 0.5931, 0.058 -0.687 0.5956, 0.0547 -0.687 0.5975, 0.0504 -0.687 0.5988, 0.032 -0.687 0.5642, 0.0332 -0.687 0.5652, 0.0355 -0.687 0.5663, 0.0417 -0.687 0.5677, 0.0293 -0.687 0.557, 0.0294 -0.687 0.5586, 0.0299 -0.687 0.5609, 0.0308 -0.687 0.5627, 0.0322 -0.687 0.5503, 0.0314 -0.687 0.5512, 0.0302 -0.687 0.5529, 0.0296 -0.687 0.5547, 0.0399 -0.687 0.5477, 0.0365 -0.687 0.5481, 0.0342 -0.687 0.5489, 0.0507 -0.687 0.5524, 0.0495 -0.687 0.5512, 0.0467 -0.687 0.5493, 0.0436 -0.687 0.5481, 0.055 -0.687 0.5641, 0.055 -0.687 0.5634, 0.0544 -0.687 0.5589, 0.0529 -0.687 0.5553, 0.055 -0.687 0.5695
            ]
        }
        coordIndex [
            0,1,2,-1,2,1,3,-1,4,0,5,-1,5,0,2,-1,6,4,7,-1,7,4,5,-1,8,6,9,-1,9,6,7,-1,10,8,11,-1,11,8,9,-1,12,10,13,-1,13,10,11,-1,14,12,15,-1,15,12,13,-1,16,14,17,-1,17,14,15,-1,18,16,19,-1,19,16,17,-1,20,18,21,-1,21,18,19,-1,22,20,23,-1,23,20,21,-1,1,22,3,-1,3,22,23,-1,22,1,0,-1,0,4,22,-1,22,4,6,-1,22,6,20,-1,16,18,14,-1,14,18,20,-1,14,20,12,-1,12,20,6,-1,12,6,10,-1,10,6,8,-1,24,25,26,-1,27,28,29,-1,29,28,30,-1,31,32,25,-1,25,32,28,-1,25,28,26,-1,26,28,27,-1,33,34,35,-1,26,36,24,-1,24,36,37,-1,24,37,38,-1,38,37,39,-1,38,39,40,-1,40,39,41,-1,40,41,42,-1,42,41,43,-1,42,43,44,-1,44,43,45,-1,44,45,46,-1,46,45,47,-1,46,47,48,-1,48,47,49,-1,48,49,50,-1,50,49,51,-1,50,51,52,-1,52,51,53,-1,35,34,54,-1,54,34,55,-1,54,55,56,-1,56,55,57,-1,56,57,58,-1,57,59,58,-1,58,59,60,-1,58,60,61,-1,61,60,62,-1,61,62,63,-1,35,64,33,-1,33,64,65,-1,33,65,66,-1,66,65,67,-1,66,67,68,-1,68,67,69,-1,68,69,70,-1,70,69,71,-1,70,71,53,-1,53,71,72,-1,53,72,52,-1,73,74,75,-1,75,74,76,-1,75,76,77,-1,77,76,78,-1,77,78,79,-1,79,78,80,-1,79,80,81,-1,81,80,82,-1,81,82,83,-1,83,82,84,-1,83,84,85,-1,85,84,86,-1,85,86,87,-1,87,86,88,-1,87,88,89,-1,89,88,90,-1,89,90,91,-1,91,90,92,-1,91,92,28,-1,28,92,63,-1,28,63,30,-1,30,63,62,-1,79,93,94,-1,79,94,77,-1,77,94,95,-1,77,95,75,-1,75,95,96,-1,75,96,73,-1,74,73,97,-1,97,73,96,-1,74,97,98,-1,74,98,76,-1,76,98,99,-1,76,99,78,-1,78,99,100,-1,78,100,80,-1,80,100,101,-1,80,101,82,-1,82,101,102,-1,82,102,84,-1,84,102,103,-1,84,103,86,-1,86,103,104,-1,86,104,88,-1,88,104,105,-1,88,105,90,-1,90,105,106,-1,90,106,92,-1,92,106,107,-1,92,107,63,-1,61,63,108,-1,108,63,107,-1,61,108,109,-1,61,109,58,-1,58,109,110,-1,58,110,56,-1,56,110,111,-1,56,111,54,-1,54,111,112,-1,54,112,35,-1,35,112,113,-1,35,113,64,-1,64,113,114,-1,64,114,65,-1,65,114,115,-1,65,115,67,-1,67,115,116,-1,67,116,69,-1,69,116,117,-1,69,117,71,-1,71,117,118,-1,71,118,72,-1,72,118,119,-1,72,119,52,-1,120,46,121,-1,121,46,48,-1,121,48,122,-1,122,48,50,-1,122,50,123,-1,123,50,52,-1,123,52,119,-1,46,120,124,-1,46,124,44,-1,44,124,125,-1,44,125,42,-1,125,126,42,-1,42,126,127,-1,42,127,40,-1,40,127,128,-1,40,128,38,-1,38,128,129,-1,38,129,24,-1,25,24,130,-1,130,24,129,-1,31,25,131,-1,131,25,130,-1,32,31,132,-1,132,31,131,-1,28,32,133,-1,133,32,132,-1,28,133,134,-1,28,134,91,-1,91,134,135,-1,91,135,89,-1,89,135,136,-1,89,136,87,-1,87,136,137,-1,87,137,85,-1,85,137,138,-1,85,138,83,-1,83,138,139,-1,83,139,81,-1,81,139,93,-1,81,93,79,-1,57,140,141,-1,57,141,59,-1,59,141,142,-1,59,142,60,-1,60,142,143,-1,60,143,62,-1,66,144,145,-1,66,145,33,-1,33,145,146,-1,33,146,34,-1,34,146,147,-1,34,147,55,-1,55,147,140,-1,55,140,57,-1,51,148,149,-1,51,149,53,-1,53,149,150,-1,53,150,70,-1,70,150,151,-1,70,151,68,-1,68,151,144,-1,68,144,66,-1,45,152,153,-1,45,153,47,-1,47,153,154,-1,47,154,49,-1,49,154,148,-1,49,148,51,-1,37,155,156,-1,37,156,39,-1,39,156,157,-1,39,157,41,-1,41,157,158,-1,41,158,43,-1,43,158,152,-1,43,152,45,-1,29,159,160,-1,29,160,27,-1,27,160,161,-1,27,161,26,-1,26,161,162,-1,26,162,36,-1,36,162,155,-1,36,155,37,-1,29,30,159,-1,159,30,163,-1,30,62,163,-1,163,62,143,-1,
        ]
    }
}
Shape{
    appearance Appearance {
        material  Material 	{
            diffuseColor 0.2 0.2 0.2
            specularColor 0.2 0.2 0.2
            ambientIntensity 0.2
            transparency 0.0
            shininess 0.5
        }
    }
    geometry IndexedFaceSet {
        ccw TRUE
        solid FALSE
        coord DEF co Coordinate {
            point [
                0.055 -0.687 0.5634, 0.055 -0.687 0.5641, 0.032 -0.687 0.5642, 0.055 -0.687 0.5695, 0.0417 -0.687 0.5677, 0.0355 -0.687 0.5663, 0.0332 -0.687 0.5652, 0.0544 -0.687 0.5589, 0.0308 -0.687 0.5627, 0.0529 -0.687 0.5553, 0.0314 -0.687 0.5512, 0.0322 -0.687 0.5503, 0.0495 -0.687 0.5512, 0.0302 -0.687 0.5529, 0.0467 -0.687 0.5493, 0.0436 -0.687 0.5481, 0.0399 -0.687 0.5477, 0.0299 -0.687 0.5609, 0.0294 -0.687 0.5586, 0.0507 -0.687 0.5524, 0.0293 -0.687 0.557, 0.0296 -0.687 0.5547, 0.0342 -0.687 0.5489, 0.0365 -0.687 0.5481
            ]
        }
        coordIndex [
            0,1,2,-1,1,3,4,-1,4,5,1,-1,1,5,6,-1,1,6,2,-1,0,2,7,-1,7,2,8,-1,7,8,9,-1,10,11,12,-1,10,12,13,-1,14,12,15,-1,15,12,16,-1,8,17,9,-1,9,17,18,-1,9,18,19,-1,19,18,20,-1,19,20,12,-1,12,20,21,-1,12,21,13,-1,11,22,12,-1,12,22,23,-1,12,23,16,-1,
        ]
    }
}
Shape{
    appearance Appearance {
        material  Material 	{
            diffuseColor 1.0 1.0 1.0
            specularColor 0.5019607843137255 0.5019607843137255 0.5019607843137255
            ambientIntensity 1.0
            transparency 0.0
            shininess 0.5
        }
    }
    geometry IndexedFaceSet {
        ccw TRUE
        solid FALSE
        coord DEF co Coordinate {
            point [
                0.0787 -0.687 0.5532, 0.0787 -0.6909 0.5532, 0.0825 -0.6909 0.5508, 0.0952 -0.6909 0.5477, 0.0952 -0.687 0.5477, 0.0888 -0.687 0.5484, 0.0888 -0.6909 0.5484, 0.0833 -0.687 0.5505, 0.0825 -0.687 0.5508, 0.0787 -0.6909 0.5429, 0.0787 -0.687 0.5429, 0.0833 -0.687 0.5412, 0.085 -0.6909 0.5405, 0.0942 -0.687 0.5395, 0.0942 -0.6909 0.5395, 0.0883 -0.687 0.5402, 0.085 -0.687 0.5405, 0.101 -0.687 0.5402, 0.102 -0.6909 0.5403, 0.102 -0.687 0.5403, 0.1076 -0.687 0.5421, 0.1076 -0.6909 0.5421, 0.1108 -0.687 0.544, 0.1108 -0.6909 0.544, 0.1137 -0.687 0.5466, 0.1137 -0.6909 0.5466, 0.1156 -0.687 0.5492, 0.1156 -0.6909 0.5492, 0.1168 -0.687 0.5524, 0.1168 -0.6909 0.5524, 0.1173 -0.687 0.5564, 0.1173 -0.6909 0.5564, 0.1169 -0.687 0.5601, 0.1169 -0.6909 0.5601, 0.1158 -0.687 0.5631, 0.1158 -0.6909 0.5631, 0.1139 -0.687 0.5659, 0.1139 -0.6909 0.5659, 0.1115 -0.687 0.568, 0.1115 -0.6909 0.568, 0.1049 -0.687 0.5717, 0.1049 -0.6909 0.5717, 0.101 -0.687 0.5733, 0.101 -0.6909 0.5733, 0.0948 -0.687 0.576, 0.0948 -0.6909 0.576, 0.0913 -0.687 0.5782, 0.0913 -0.6909 0.5782, 0.0903 -0.687 0.5793, 0.0903 -0.6909 0.5793, 0.0896 -0.687 0.5806, 0.0896 -0.6909 0.5806, 0.0892 -0.687 0.5822, 0.0892 -0.6909 0.5822, 0.0891 -0.687 0.5835, 0.0891 -0.6909 0.5835, 0.0892 -0.687 0.5851, 0.0892 -0.6909 0.5851, 0.0897 -0.687 0.5865, 0.0897 -0.6909 0.5865, 0.0906 -0.687 0.5877, 0.0906 -0.6909 0.5877, 0.0921 -0.687 0.5891, 0.0921 -0.6909 0.5891, 0.0944 -0.687 0.5903, 0.0944 -0.6909 0.5903, 0.097 -0.687 0.591, 0.097 -0.6909 0.591, 0.1 -0.687 0.5912, 0.1 -0.6909 0.5912, 0.1066 -0.687 0.5904, 0.1066 -0.6909 0.5904, 0.1123 -0.687 0.5884, 0.1123 -0.6909 0.5884, 0.1145 -0.687 0.5871, 0.1145 -0.6909 0.5871, 0.1145 -0.6909 0.5968, 0.1145 -0.687 0.5968, 0.1078 -0.687 0.5988, 0.1078 -0.6909 0.5988, 0.101 -0.687 0.5993, 0.101 -0.6909 0.5993, 0.0938 -0.687 0.5986, 0.0938 -0.6909 0.5986, 0.0882 -0.687 0.5966, 0.0882 -0.6909 0.5966, 0.0852 -0.687 0.5948, 0.0852 -0.6909 0.5948, 0.0833 -0.687 0.5931, 0.0822 -0.6909 0.5921, 0.0822 -0.687 0.5921, 0.0803 -0.687 0.5894, 0.0803 -0.6909 0.5894, 0.0791 -0.687 0.5862, 0.0791 -0.6909 0.5862, 0.0787 -0.687 0.5826, 0.0787 -0.6909 0.5826, 0.0792 -0.687 0.5787, 0.0792 -0.6909 0.5787, 0.0803 -0.687 0.5756, 0.0803 -0.6909 0.5756, 0.0816 -0.687 0.5736, 0.0816 -0.6909 0.5736, 0.0939 -0.687 0.566, 0.0939 -0.6909 0.566, 0.0879 -0.6909 0.5687, 0.0832 -0.687 0.5718, 0.0832 -0.6909 0.5718, 0.0833 -0.687 0.5718, 0.0879 -0.687 0.5687, 0.1005 -0.687 0.5632, 0.1005 -0.6909 0.5632, 0.1044 -0.687 0.5609, 0.1044 -0.6909 0.5609, 0.1057 -0.687 0.5596, 0.1057 -0.6909 0.5596, 0.1064 -0.687 0.5582, 0.1064 -0.6909 0.5582, 0.1069 -0.687 0.5567, 0.1069 -0.6909 0.5567, 0.107 -0.687 0.5554, 0.107 -0.6909 0.5554, 0.1068 -0.687 0.5535, 0.1068 -0.6909 0.5535, 0.1063 -0.687 0.5521, 0.1063 -0.6909 0.5521, 0.1054 -0.687 0.5508, 0.1054 -0.6909 0.5508, 0.1042 -0.687 0.5498, 0.1042 -0.6909 0.5498, 0.1033 -0.687 0.5492, 0.1033 -0.6909 0.5492, 0.1007 -0.687 0.5483, 0.1007 -0.6909 0.5483, 0.0956 -0.687 0.5477, 0.0956 -0.6909 0.5477, 0.167 -0.6909 0.598, 0.1774 -0.6909 0.598, 0.167 -0.687 0.598, 0.1774 -0.687 0.598, 0.1514 -0.6909 0.555, 0.1514 -0.687 0.555, 0.1506 -0.687 0.5523, 0.1506 -0.6909 0.5523, 0.1502 -0.687 0.5503, 0.1502 -0.6909 0.5503, 0.1499 -0.6909 0.5503, 0.1499 -0.687 0.5503, 0.1487 -0.6909 0.5551, 0.1487 -0.687 0.5551, 0.1337 -0.687 0.598, 0.1337 -0.6909 0.598, 0.1386 -0.687 0.5841, 0.1225 -0.6909 0.598, 0.1225 -0.687 0.598, 0.1449 -0.687 0.541, 0.1449 -0.6909 0.541, 0.1386 -0.687 0.5572, 0.1405 -0.687 0.5306, 0.1405 -0.6909 0.5306, 0.1446 -0.687 0.5402, 0.1386 -0.687 0.527, 0.1386 -0.6909 0.527, 0.1367 -0.687 0.5249, 0.1367 -0.6909 0.5249, 0.1349 -0.687 0.5236, 0.1349 -0.6909 0.5236, 0.1327 -0.687 0.5228, 0.1327 -0.6909 0.5228, 0.1303 -0.687 0.5225, 0.1303 -0.6909 0.5225, 0.1266 -0.687 0.523, 0.1266 -0.6909 0.523, 0.1246 -0.687 0.5237, 0.1246 -0.6909 0.5237, 0.1246 -0.6909 0.5147, 0.1246 -0.687 0.5147, 0.1288 -0.687 0.514, 0.1288 -0.6909 0.514, 0.131 -0.687 0.5139, 0.131 -0.6909 0.5139, 0.1351 -0.687 0.5144, 0.1351 -0.6909 0.5144, 0.1386 -0.687 0.5157, 0.1391 -0.6909 0.5159, 0.1391 -0.687 0.5159, 0.1426 -0.687 0.5183, 0.1426 -0.6909 0.5183, 0.1432 -0.687 0.519, 0.1432 -0.6909 0.519, 0.1469 -0.687 0.5234, 0.1469 -0.6909 0.5234, 0.1514 -0.687 0.5322, 0.1514 -0.6909 0.5322, 0.1546 -0.687 0.5402, 0.2313 -0.6909 0.55, 0.2313 -0.6909 0.5408, 0.2313 -0.687 0.55, 0.2313 -0.687 0.5408, 0.1985 -0.687 0.55, 0.1985 -0.6909 0.55, 0.2135 -0.687 0.55, 0.1985 -0.6909 0.5769, 0.1985 -0.687 0.5769, 0.2272 -0.687 0.5769, 0.2272 -0.6909 0.5769, 0.2135 -0.687 0.5769, 0.2272 -0.6909 0.5861, 0.2272 -0.687 0.5861, 0.1985 -0.687 0.5861, 0.1985 -0.6909 0.5861, 0.2135 -0.687 0.5861, 0.1985 -0.6909 0.6117, 0.1985 -0.687 0.6117, 0.2294 -0.687 0.6117, 0.2294 -0.6909 0.6117, 0.2135 -0.687 0.6117, 0.2294 -0.6909 0.6209, 0.2294 -0.687 0.6209, 0.1882 -0.687 0.6209, 0.1882 -0.6909 0.6209, 0.2135 -0.687 0.6209, 0.1882 -0.6909 0.5408, 0.1882 -0.687 0.5408, 0.2135 -0.687 0.5408, 0.2961 -0.6909 0.5632, 0.2922 -0.6909 0.5583, 0.2995 -0.6909 0.5521, 0.2912 -0.6909 0.5574, 0.2911 -0.6909 0.546, 0.286 -0.6909 0.5538, 0.282 -0.6909 0.5425, 0.2794 -0.6909 0.5513, 0.2684 -0.6909 0.5408, 0.2684 -0.6909 0.55, 0.2464 -0.6909 0.5408, 0.2567 -0.6909 0.55, 0.2464 -0.6909 0.6209, 0.2567 -0.6909 0.6117, 0.2692 -0.6909 0.6209, 0.2688 -0.6909 0.6117, 0.2815 -0.6909 0.6196, 0.2797 -0.6909 0.6104, 0.2911 -0.6909 0.616, 0.2865 -0.6909 0.6079, 0.2995 -0.6909 0.6103, 0.2919 -0.6909 0.6042, 0.3024 -0.6909 0.6075, 0.2942 -0.6909 0.6019, 0.3073 -0.6909 0.6005, 0.2973 -0.6909 0.5974, 0.3103 -0.6909 0.5929, 0.2995 -0.6909 0.5916, 0.3116 -0.6909 0.5819, 0.3007 -0.6909 0.5816, 0.3113 -0.6909 0.5768, 0.3004 -0.6909 0.5764, 0.3094 -0.6909 0.5674, 0.2989 -0.6909 0.5691, 0.3055 -0.6909 0.5591, 0.2684 -0.687 0.5408, 0.2464 -0.687 0.5408, 0.282 -0.687 0.5425, 0.2911 -0.687 0.546, 0.2995 -0.687 0.5521, 0.3055 -0.687 0.5591, 0.3094 -0.687 0.5674, 0.3113 -0.687 0.5768, 0.3116 -0.687 0.5819, 0.3103 -0.687 0.5929, 0.3073 -0.687 0.6005, 0.3024 -0.687 0.6075, 0.2995 -0.687 0.6103, 0.2911 -0.687 0.616, 0.2815 -0.687 0.6196, 0.2692 -0.687 0.6209, 0.2464 -0.687 0.6209, 0.2688 -0.687 0.6117, 0.2567 -0.687 0.6117, 0.2567 -0.687 0.55, 0.2684 -0.687 0.55, 0.2922 -0.687 0.5583, 0.2912 -0.687 0.5574, 0.286 -0.687 0.5538, 0.2794 -0.687 0.5513, 0.3007 -0.687 0.5816, 0.3004 -0.687 0.5764, 0.2989 -0.687 0.5691, 0.2961 -0.687 0.5632, 0.2919 -0.687 0.6042, 0.2942 -0.687 0.6019, 0.2973 -0.687 0.5974, 0.2995 -0.687 0.5916, 0.2797 -0.687 0.6104, 0.2865 -0.687 0.6079
            ]
        }
        coordIndex [
            0,1,2,-1,3,4,5,-1,3,5,6,-1,6,5,7,-1,6,7,2,-1,2,7,8,-1,2,8,0,-1,9,1,10,-1,10,1,0,-1,10,11,9,-1,9,11,12,-1,13,14,15,-1,15,14,12,-1,15,12,16,-1,16,12,11,-1,13,17,14,-1,14,17,18,-1,17,19,18,-1,18,19,20,-1,18,20,21,-1,21,20,22,-1,21,22,23,-1,23,22,24,-1,23,24,25,-1,25,24,26,-1,25,26,27,-1,27,26,28,-1,27,28,29,-1,29,28,30,-1,29,30,31,-1,31,30,32,-1,31,32,33,-1,33,32,34,-1,33,34,35,-1,35,34,36,-1,35,36,37,-1,37,36,38,-1,37,38,39,-1,39,38,40,-1,39,40,41,-1,41,40,42,-1,41,42,43,-1,43,42,44,-1,43,44,45,-1,45,44,46,-1,45,46,47,-1,47,46,48,-1,47,48,49,-1,49,48,50,-1,49,50,51,-1,51,50,52,-1,51,52,53,-1,53,52,54,-1,53,54,55,-1,55,54,56,-1,55,56,57,-1,57,56,58,-1,57,58,59,-1,59,58,60,-1,59,60,61,-1,61,60,62,-1,61,62,63,-1,63,62,64,-1,63,64,65,-1,65,64,66,-1,65,66,67,-1,67,66,68,-1,67,68,69,-1,69,68,70,-1,69,70,71,-1,71,70,72,-1,71,72,73,-1,73,72,74,-1,73,74,75,-1,76,75,77,-1,77,75,74,-1,76,77,78,-1,76,78,79,-1,79,78,80,-1,79,80,81,-1,81,80,82,-1,81,82,83,-1,83,82,84,-1,83,84,85,-1,85,84,86,-1,85,86,87,-1,86,88,87,-1,87,88,89,-1,88,90,89,-1,89,90,91,-1,89,91,92,-1,92,91,93,-1,92,93,94,-1,94,93,95,-1,94,95,96,-1,96,95,97,-1,96,97,98,-1,98,97,99,-1,98,99,100,-1,100,99,101,-1,100,101,102,-1,103,104,105,-1,102,101,106,-1,102,106,107,-1,107,106,108,-1,107,108,105,-1,105,108,109,-1,105,109,103,-1,104,103,110,-1,104,110,111,-1,111,110,112,-1,111,112,113,-1,113,112,114,-1,113,114,115,-1,115,114,116,-1,115,116,117,-1,117,116,118,-1,117,118,119,-1,119,118,120,-1,119,120,121,-1,121,120,122,-1,121,122,123,-1,123,122,124,-1,123,124,125,-1,125,124,126,-1,125,126,127,-1,127,126,128,-1,127,128,129,-1,129,128,130,-1,129,130,131,-1,131,130,132,-1,131,132,133,-1,133,132,134,-1,133,134,135,-1,135,134,4,-1,135,4,3,-1,61,63,85,-1,85,63,83,-1,45,104,43,-1,43,104,111,-1,43,111,41,-1,14,3,12,-1,12,3,6,-1,12,6,9,-1,9,6,2,-1,9,2,1,-1,63,65,83,-1,83,65,67,-1,83,67,81,-1,81,67,69,-1,81,69,79,-1,79,69,71,-1,79,71,76,-1,76,71,73,-1,76,73,75,-1,41,111,39,-1,39,111,113,-1,39,113,37,-1,37,113,115,-1,37,115,35,-1,35,115,117,-1,35,117,33,-1,33,117,119,-1,33,119,31,-1,31,119,121,-1,31,121,29,-1,29,121,123,-1,29,123,27,-1,27,123,125,-1,27,125,25,-1,25,125,127,-1,25,127,23,-1,23,127,129,-1,23,129,21,-1,21,129,131,-1,21,131,18,-1,18,131,133,-1,18,133,14,-1,14,133,135,-1,14,135,3,-1,85,87,61,-1,61,87,89,-1,61,89,59,-1,59,89,92,-1,59,92,57,-1,57,92,94,-1,57,94,55,-1,55,94,96,-1,55,96,53,-1,53,96,98,-1,53,98,51,-1,51,98,100,-1,51,100,49,-1,49,100,102,-1,49,102,47,-1,47,102,107,-1,47,107,45,-1,45,107,105,-1,45,105,104,-1,136,137,138,-1,138,137,139,-1,140,136,141,-1,141,136,138,-1,140,141,142,-1,140,142,143,-1,143,142,144,-1,143,144,145,-1,146,145,147,-1,147,145,144,-1,148,146,149,-1,149,146,147,-1,150,151,152,-1,152,151,148,-1,152,148,149,-1,153,151,154,-1,154,151,150,-1,155,156,157,-1,157,156,153,-1,157,153,154,-1,158,159,160,-1,160,159,156,-1,160,156,155,-1,159,158,161,-1,159,161,162,-1,162,161,163,-1,162,163,164,-1,164,163,165,-1,164,165,166,-1,166,165,167,-1,166,167,168,-1,168,167,169,-1,168,169,170,-1,170,169,171,-1,170,171,172,-1,172,171,173,-1,172,173,174,-1,175,174,176,-1,176,174,173,-1,175,176,177,-1,175,177,178,-1,178,177,179,-1,178,179,180,-1,180,179,181,-1,180,181,182,-1,182,181,183,-1,182,183,184,-1,183,185,184,-1,184,185,186,-1,184,186,187,-1,187,186,188,-1,187,188,189,-1,189,188,190,-1,189,190,191,-1,191,190,192,-1,191,192,193,-1,139,137,194,-1,194,137,193,-1,194,193,192,-1,143,145,193,-1,137,136,193,-1,193,136,140,-1,193,140,143,-1,151,153,148,-1,148,153,156,-1,148,156,146,-1,174,175,172,-1,172,175,178,-1,172,178,170,-1,170,178,180,-1,170,180,168,-1,168,180,182,-1,168,182,166,-1,166,182,184,-1,166,184,164,-1,145,146,193,-1,193,146,156,-1,193,156,191,-1,156,159,191,-1,191,159,162,-1,191,162,189,-1,189,162,164,-1,189,164,187,-1,187,164,184,-1,195,196,197,-1,197,196,198,-1,199,200,201,-1,201,200,195,-1,201,195,197,-1,202,200,203,-1,203,200,199,-1,204,205,206,-1,206,205,202,-1,206,202,203,-1,207,205,208,-1,208,205,204,-1,209,210,211,-1,211,210,207,-1,211,207,208,-1,212,210,213,-1,213,210,209,-1,214,215,216,-1,216,215,212,-1,216,212,213,-1,217,215,218,-1,218,215,214,-1,219,220,221,-1,221,220,217,-1,221,217,218,-1,222,220,223,-1,223,220,219,-1,198,196,224,-1,224,196,222,-1,224,222,223,-1,222,196,195,-1,195,200,222,-1,222,200,202,-1,222,202,220,-1,215,217,212,-1,212,217,220,-1,212,220,210,-1,210,220,202,-1,210,202,207,-1,207,202,205,-1,225,226,227,-1,227,226,228,-1,227,228,229,-1,229,228,230,-1,229,230,231,-1,231,230,232,-1,231,232,233,-1,233,232,234,-1,233,234,235,-1,235,234,236,-1,235,236,237,-1,237,236,238,-1,237,238,239,-1,239,238,240,-1,239,240,241,-1,241,240,242,-1,241,242,243,-1,243,242,244,-1,243,244,245,-1,245,244,246,-1,245,246,247,-1,247,246,248,-1,247,248,249,-1,249,248,250,-1,249,250,251,-1,251,250,252,-1,251,252,253,-1,253,252,254,-1,253,254,255,-1,255,254,256,-1,255,256,257,-1,257,256,258,-1,257,258,259,-1,259,258,225,-1,259,225,227,-1,233,235,260,-1,260,235,261,-1,233,260,262,-1,233,262,231,-1,231,262,263,-1,231,263,229,-1,229,263,264,-1,229,264,227,-1,227,264,265,-1,227,265,259,-1,259,265,266,-1,259,266,257,-1,257,266,267,-1,257,267,255,-1,255,267,268,-1,255,268,253,-1,253,268,269,-1,253,269,251,-1,251,269,270,-1,251,270,249,-1,249,270,271,-1,249,271,247,-1,247,271,272,-1,247,272,245,-1,245,272,273,-1,245,273,243,-1,243,273,274,-1,243,274,241,-1,241,274,275,-1,241,275,239,-1,237,239,276,-1,276,239,275,-1,235,237,261,-1,261,237,276,-1,240,238,277,-1,277,238,278,-1,238,236,278,-1,278,236,279,-1,236,234,279,-1,279,234,280,-1,226,281,282,-1,226,282,228,-1,228,282,283,-1,228,283,230,-1,230,283,284,-1,230,284,232,-1,232,284,280,-1,232,280,234,-1,254,285,286,-1,254,286,256,-1,256,286,287,-1,256,287,258,-1,258,287,288,-1,258,288,225,-1,225,288,281,-1,225,281,226,-1,246,289,290,-1,246,290,248,-1,248,290,291,-1,248,291,250,-1,250,291,292,-1,250,292,252,-1,252,292,285,-1,252,285,254,-1,240,277,293,-1,240,293,242,-1,242,293,294,-1,242,294,244,-1,244,294,289,-1,244,289,246,-1,
        ]
    }
}
Shape{
    appearance Appearance {
        material  Material 	{
            diffuseColor 0.2 0.2 0.2
            specularColor 0.2 0.2 0.2
            ambientIntensity 0.2
            transparency 0.0
            shininess 0.5
        }
    }
    geometry IndexedFaceSet {
        ccw TRUE
        solid FALSE
        coord DEF co Coordinate {
            point [
                0.2567 -0.687 0.6117, 0.2567 -0.687 0.55, 0.2688 -0.687 0.6117, 0.2684 -0.687 0.55, 0.2794 -0.687 0.5513, 0.286 -0.687 0.5538, 0.2912 -0.687 0.5574, 0.2922 -0.687 0.5583, 0.2961 -0.687 0.5632, 0.2989 -0.687 0.5691, 0.3007 -0.687 0.5816, 0.2919 -0.687 0.6042, 0.2865 -0.687 0.6079, 0.2995 -0.687 0.5916, 0.2973 -0.687 0.5974, 0.2942 -0.687 0.6019, 0.3004 -0.687 0.5764, 0.2797 -0.687 0.6104
            ]
        }
        coordIndex [
            0,1,2,-1,2,1,3,-1,3,4,2,-1,2,4,5,-1,2,5,6,-1,6,7,2,-1,2,7,8,-1,2,8,9,-1,10,11,12,-1,13,14,10,-1,10,14,15,-1,10,15,11,-1,9,16,2,-1,2,16,10,-1,2,10,17,-1,17,10,12,-1,
        ]
    }
}
Shape{
    appearance Appearance {
        material  Material 	{
            diffuseColor 1.0 1.0 1.0
            specularColor 0.5019607843137255 0.5019607843137255 0.5019607843137255
            ambientIntensity 1.0
            transparency 0.0
            shininess 0.5
        }
    }
    geometry IndexedFaceSet {
        ccw TRUE
        solid FALSE
        coord DEF co Coordinate {
            point [
                0.3384 -0.6909 0.5718, 0.3351 -0.6909 0.5628, 0.3653 -0.6909 0.5718, 0.3685 -0.6909 0.5628, 0.3504 -0.6909 0.6051, 0.3465 -0.6909 0.6209, 0.316 -0.6909 0.5408, 0.3274 -0.6909 0.5408, 0.3511 -0.6909 0.6075, 0.3517 -0.6909 0.6107, 0.3576 -0.6909 0.6209, 0.3519 -0.6909 0.6107, 0.3526 -0.6909 0.6073, 0.3532 -0.6909 0.6051, 0.3881 -0.6909 0.5408, 0.3767 -0.6909 0.5408, 0.3576 -0.687 0.6209, 0.3881 -0.687 0.5408, 0.3465 -0.687 0.6209, 0.316 -0.687 0.5408, 0.3274 -0.687 0.5408, 0.3351 -0.687 0.5628, 0.3685 -0.687 0.5628, 0.3767 -0.687 0.5408, 0.3384 -0.687 0.5718, 0.3653 -0.687 0.5718, 0.3532 -0.687 0.6051, 0.3519 -0.687 0.6107, 0.3526 -0.687 0.6073, 0.3517 -0.687 0.6107, 0.3504 -0.687 0.6051, 0.3511 -0.687 0.6075
            ]
        }
        coordIndex [
            0,1,2,-1,2,1,3,-1,4,5,0,-1,0,5,6,-1,0,6,1,-1,1,6,7,-1,4,8,5,-1,5,8,9,-1,5,9,10,-1,10,9,11,-1,10,11,12,-1,12,13,10,-1,10,13,2,-1,10,2,14,-1,14,2,3,-1,14,3,15,-1,10,14,16,-1,16,14,17,-1,5,10,18,-1,18,10,16,-1,6,5,19,-1,19,5,18,-1,7,6,20,-1,20,6,19,-1,1,7,21,-1,21,7,20,-1,3,1,22,-1,22,1,21,-1,15,3,23,-1,23,3,22,-1,14,15,17,-1,17,15,23,-1,0,2,24,-1,24,2,25,-1,2,13,25,-1,25,13,26,-1,11,27,28,-1,11,28,12,-1,12,28,26,-1,12,26,13,-1,11,9,27,-1,27,9,29,-1,4,30,31,-1,4,31,8,-1,8,31,29,-1,8,29,9,-1,4,0,30,-1,30,0,24,-1,
        ]
    }
}
Shape{
    appearance Appearance {
        material  Material 	{
            diffuseColor 0.2 0.2 0.2
            specularColor 0.2 0.2 0.2
            ambientIntensity 0.2
            transparency 0.0
            shininess 0.5
        }
    }
    geometry IndexedFaceSet {
        ccw TRUE
        solid FALSE
        coord DEF co Coordinate {
            point [
                0.3519 -0.687 0.6107, 0.3517 -0.687 0.6107, 0.3526 -0.687 0.6073, 0.3511 -0.687 0.6075, 0.3532 -0.687 0.6051, 0.3504 -0.687 0.6051, 0.3653 -0.687 0.5718, 0.3384 -0.687 0.5718
            ]
        }
        coordIndex [
            0,1,2,-1,2,1,3,-1,2,3,4,-1,4,3,5,-1,4,5,6,-1,6,5,7,-1,
        ]
    }
}
Shape{
    appearance Appearance {
        material  Material 	{
            diffuseColor 1.0 1.0 1.0
            specularColor 0.5019607843137255 0.5019607843137255 0.5019607843137255
            ambientIntensity 1.0
            transparency 0.0
            shininess 0.5
        }
    }
    geometry IndexedFaceSet {
        ccw TRUE
        solid FALSE
        coord DEF co Coordinate {
            point [
                -0.4022 -0.6909 0.6788, -0.3895 -0.6909 0.6855, -0.3925 -0.6909 0.7205, -0.2922 -0.6909 0.5273, -0.2855 -0.6909 0.5399, -0.2822 -0.6909 0.554, -0.357 -0.6909 0.7222, -0.3394 -0.6909 0.6806, -0.3307 -0.6909 0.6986, -0.3604 -0.6909 0.5524, -0.3615 -0.6909 0.5577, -0.3923 -0.6909 0.5799, -0.3929 -0.6909 0.5417, -0.4001 -0.6909 0.5439, -0.4047 -0.6909 0.5875, -0.3701 -0.6909 0.7233, -0.2022 -0.6909 0.6077, -0.2198 -0.6909 0.6379, -0.2819 -0.6909 0.5656, -0.2961 -0.6909 0.5981, -0.2819 -0.6909 0.5599, -0.3123 -0.6909 0.5096, -0.301 -0.6909 0.5175, -0.3582 -0.6909 0.5476, -0.3787 -0.6909 0.519, -0.3872 -0.6909 0.5295, -0.1834 -0.6909 0.6641, -0.1788 -0.6909 0.6641, -0.1555 -0.6909 0.6948, -0.168 -0.6909 0.6628, -0.1527 -0.6909 0.6939, -0.158 -0.6909 0.6589, -0.1357 -0.6909 0.6855, -0.1203 -0.6909 0.6724, -0.3453 -0.6909 0.7358, -0.3179 -0.6909 0.7139, -0.332 -0.6909 0.7472, -0.3026 -0.6909 0.725, -0.3166 -0.6909 0.7566, -0.3755 -0.6909 0.6888, -0.3695 -0.6909 0.6892, -0.3635 -0.6909 0.723, -0.3562 -0.6909 0.6875, -0.3434 -0.6909 0.6828, -0.3212 -0.6909 0.5467, -0.3245 -0.6909 0.5429, -0.3288 -0.6909 0.5398, -0.325 -0.6909 0.5047, -0.3337 -0.6909 0.5379, -0.3388 -0.6909 0.503, -0.3394 -0.6909 0.5372, -0.341 -0.6909 0.503, -0.3403 -0.6909 0.5372, -0.3544 -0.6909 0.5051, -0.3454 -0.6909 0.538, -0.3675 -0.6909 0.5106, -0.3506 -0.6909 0.5402, -0.3549 -0.6909 0.5436, -0.3185 -0.6909 0.567, -0.3173 -0.6909 0.5618, -0.3173 -0.6909 0.5571, -0.3186 -0.6909 0.5516, -0.1202 -0.6909 0.5662, -0.1467 -0.6909 0.5888, -0.1357 -0.6909 0.5531, -0.1551 -0.6909 0.5819, -0.153 -0.6909 0.5446, -0.1652 -0.6909 0.5773, -0.172 -0.6909 0.5406, -0.1754 -0.6909 0.5753, -0.2056 -0.6909 0.5406, -0.201 -0.6909 0.5753, -0.2088 -0.6909 0.5411, -0.3612 -0.6909 0.5633, -0.3595 -0.6909 0.5686, -0.386 -0.6909 0.5921, -0.3566 -0.6909 0.5733, -0.3766 -0.6909 0.6029, -0.3543 -0.6909 0.5757, -0.365 -0.6909 0.6109, -0.3499 -0.6909 0.5789, -0.3524 -0.6909 0.6157, -0.3449 -0.6909 0.5808, -0.3388 -0.6909 0.6174, -0.3394 -0.6909 0.5816, -0.3319 -0.6909 0.617, -0.3343 -0.6909 0.581, -0.3181 -0.6909 0.6136, -0.3291 -0.6909 0.579, -0.306 -0.6909 0.6071, -0.3245 -0.6909 0.5759, -0.3209 -0.6909 0.5717, -0.1492 -0.6909 0.6528, -0.1427 -0.6909 0.6455, -0.1087 -0.6909 0.6562, -0.1374 -0.6909 0.6356, -0.1017 -0.6909 0.6389, -0.1347 -0.6909 0.6247, -0.0991 -0.6909 0.6203, -0.1344 -0.6909 0.6197, -0.1017 -0.6909 0.6, -0.1358 -0.6909 0.6086, -0.1089 -0.6909 0.5819, -0.1397 -0.6909 0.5985, -0.146 -0.6909 0.5896, -0.1862 -0.6909 0.7398, -0.2085 -0.6909 0.7137, -0.167 -0.6909 0.7175, -0.1956 -0.6909 0.6983, -0.1869 -0.6909 0.68, -0.4248 -0.6909 0.646, -0.4622 -0.6909 0.6366, -0.4265 -0.6909 0.6322, -0.4623 -0.6909 0.6311, -0.4258 -0.6909 0.6234, -0.4596 -0.6909 0.6088, -0.4217 -0.6909 0.6095, -0.4514 -0.6909 0.5876, -0.4149 -0.6909 0.598, -0.4384 -0.6909 0.569, -0.4206 -0.6909 0.5539, -0.2902 -0.6909 0.7663, -0.284 -0.6909 0.7326, -0.2636 -0.6909 0.7694, -0.2631 -0.6909 0.7353, -0.2376 -0.6909 0.7664, -0.2438 -0.6909 0.7329, -0.2093 -0.6909 0.7557, -0.2259 -0.6909 0.7261, -0.2099 -0.6909 0.715, -0.4136 -0.6909 0.7124, -0.4317 -0.6909 0.6996, -0.412 -0.6909 0.67, -0.4356 -0.6909 0.696, -0.4199 -0.6909 0.6587, -0.4492 -0.6909 0.6784, -0.4583 -0.6909 0.658, -0.2039 -0.6909 0.5758, -0.2176 -0.6909 0.5465, -0.2162 -0.6909 0.5452, -0.2022 -0.6909 0.5754, -0.2125 -0.6909 0.5426, -0.2221 -0.6909 0.5582, -0.2215 -0.6909 0.554, -0.22 -0.6909 0.5501, -0.2088 -0.6909 0.5753, -0.2128 -0.6909 0.5738, -0.2219 -0.6909 0.5605, -0.2163 -0.6909 0.5713, -0.2186 -0.6909 0.5687, -0.2208 -0.6909 0.5648, -0.2044 -0.6909 0.5759, -0.0991 -0.687 0.6203, -0.1017 -0.687 0.6389, -0.1037 -0.687 0.6437, -0.1087 -0.687 0.6562, -0.1203 -0.687 0.6724, -0.1357 -0.687 0.6855, -0.1527 -0.687 0.6939, -0.1555 -0.687 0.6948, -0.167 -0.687 0.7175, -0.1862 -0.687 0.7398, -0.199 -0.687 0.7486, -0.2093 -0.687 0.7557, -0.2376 -0.687 0.7664, -0.2636 -0.687 0.7694, -0.2902 -0.687 0.7663, -0.3166 -0.687 0.7566, -0.3297 -0.687 0.7486, -0.332 -0.687 0.7472, -0.3453 -0.687 0.7358, -0.357 -0.687 0.7222, -0.3635 -0.687 0.723, -0.3701 -0.687 0.7233, -0.3925 -0.687 0.7205, -0.4136 -0.687 0.7124, -0.4317 -0.687 0.6996, -0.4356 -0.687 0.696, -0.4583 -0.687 0.658, -0.4492 -0.687 0.6784, -0.4609 -0.687 0.6437, -0.4622 -0.687 0.6366, -0.4623 -0.687 0.6311, -0.4596 -0.687 0.6088, -0.4514 -0.687 0.5876, -0.4384 -0.687 0.569, -0.4206 -0.687 0.5539, -0.4001 -0.687 0.5439, -0.3929 -0.687 0.5417, -0.3921 -0.687 0.5402, -0.3872 -0.687 0.5295, -0.3787 -0.687 0.519, -0.3675 -0.687 0.5106, -0.3623 -0.687 0.5085, -0.3544 -0.687 0.5051, -0.341 -0.687 0.503, -0.3388 -0.687 0.503, -0.2819 -0.687 0.5599, -0.325 -0.687 0.5047, -0.3152 -0.687 0.5085, -0.3123 -0.687 0.5096, -0.301 -0.687 0.5175, -0.2922 -0.687 0.5273, -0.2855 -0.687 0.5399, -0.2854 -0.687 0.5402, -0.2822 -0.687 0.554, -0.2819 -0.687 0.5656, -0.2022 -0.687 0.6077, -0.2198 -0.687 0.6379, -0.2961 -0.687 0.5981, -0.306 -0.687 0.6071, -0.3181 -0.687 0.6136, -0.3319 -0.687 0.617, -0.3388 -0.687 0.6174, -0.3524 -0.687 0.6157, -0.365 -0.687 0.6109, -0.3766 -0.687 0.6029, -0.386 -0.687 0.5921, -0.3923 -0.687 0.5799, -0.4047 -0.687 0.5875, -0.4149 -0.687 0.598, -0.4217 -0.687 0.6095, -0.4258 -0.687 0.6234, -0.4265 -0.687 0.6322, -0.425 -0.687 0.6437, -0.4248 -0.687 0.646, -0.4199 -0.687 0.6587, -0.412 -0.687 0.67, -0.4022 -0.687 0.6788, -0.3895 -0.687 0.6855, -0.3755 -0.687 0.6888, -0.3695 -0.687 0.6892, -0.3562 -0.687 0.6875, -0.3434 -0.687 0.6828, -0.3394 -0.687 0.6806, -0.3307 -0.687 0.6986, -0.3179 -0.687 0.7139, -0.3026 -0.687 0.725, -0.284 -0.687 0.7326, -0.2631 -0.687 0.7353, -0.2438 -0.687 0.7329, -0.2259 -0.687 0.7261, -0.2099 -0.687 0.715, -0.2085 -0.687 0.7137, -0.1956 -0.687 0.6983, -0.1869 -0.687 0.68, -0.1834 -0.687 0.6641, -0.1788 -0.687 0.6641, -0.168 -0.687 0.6628, -0.158 -0.687 0.6589, -0.1492 -0.687 0.6528, -0.1427 -0.687 0.6455, -0.1417 -0.687 0.6437, -0.1374 -0.687 0.6356, -0.1347 -0.687 0.6247, -0.1344 -0.687 0.6197, -0.1358 -0.687 0.6086, -0.1397 -0.687 0.5985, -0.146 -0.687 0.5896, -0.1467 -0.687 0.5888, -0.1551 -0.687 0.5819, -0.1652 -0.687 0.5773, -0.1754 -0.687 0.5753, -0.201 -0.687 0.5753, -0.2022 -0.687 0.5754, -0.2039 -0.687 0.5758, -0.2044 -0.687 0.5759, -0.2088 -0.687 0.5753, -0.2128 -0.687 0.5738, -0.2163 -0.687 0.5713, -0.2186 -0.687 0.5687, -0.2208 -0.687 0.5648, -0.2219 -0.687 0.5605, -0.2221 -0.687 0.5582, -0.2215 -0.687 0.554, -0.22 -0.687 0.5501, -0.2176 -0.687 0.5465, -0.2162 -0.687 0.5452, -0.2125 -0.687 0.5426, -0.2088 -0.687 0.5411, -0.2056 -0.687 0.5406, -0.172 -0.687 0.5406, -0.153 -0.687 0.5446, -0.1357 -0.687 0.5531, -0.1202 -0.687 0.5662, -0.1089 -0.687 0.5819, -0.1017 -0.687 0.6, -0.3394 -0.687 0.5816, -0.3343 -0.687 0.581, -0.3291 -0.687 0.579, -0.3245 -0.687 0.5759, -0.3209 -0.687 0.5717, -0.3185 -0.687 0.567, -0.3173 -0.687 0.5618, -0.3173 -0.687 0.5571, -0.3186 -0.687 0.5516, -0.3212 -0.687 0.5467, -0.3245 -0.687 0.5429, -0.3288 -0.687 0.5398, -0.3337 -0.687 0.5379, -0.3394 -0.687 0.5372, -0.3403 -0.687 0.5372, -0.3454 -0.687 0.538, -0.3506 -0.687 0.5402, -0.3549 -0.687 0.5436, -0.3582 -0.687 0.5476, -0.3604 -0.687 0.5524, -0.3615 -0.687 0.5577, -0.3612 -0.687 0.5633, -0.3595 -0.687 0.5686, -0.3566 -0.687 0.5733, -0.3543 -0.687 0.5757, -0.3499 -0.687 0.5789, -0.3449 -0.687 0.5808
            ]
        }
        coordIndex [
            0,1,2,-1,3,4,5,-1,6,7,8,-1,9,10,11,-1,12,11,13,-1,13,11,14,-1,2,1,15,-1,16,17,18,-1,18,17,19,-1,18,19,20,-1,20,19,21,-1,20,21,5,-1,5,21,22,-1,5,22,3,-1,23,9,24,-1,24,9,11,-1,24,11,25,-1,25,11,12,-1,26,27,28,-1,28,27,29,-1,28,29,30,-1,30,29,31,-1,30,31,32,-1,32,31,33,-1,6,8,34,-1,34,8,35,-1,34,35,36,-1,36,35,37,-1,36,37,38,-1,1,39,15,-1,15,39,40,-1,15,40,41,-1,41,40,42,-1,41,42,6,-1,6,42,43,-1,6,43,7,-1,44,45,21,-1,21,45,46,-1,21,46,47,-1,47,46,48,-1,47,48,49,-1,49,48,50,-1,49,50,51,-1,51,50,52,-1,51,52,53,-1,53,52,54,-1,53,54,55,-1,55,54,56,-1,55,56,24,-1,24,56,57,-1,24,57,23,-1,58,59,19,-1,19,59,60,-1,19,60,21,-1,21,60,61,-1,21,61,44,-1,62,63,64,-1,64,63,65,-1,64,65,66,-1,66,65,67,-1,66,67,68,-1,68,67,69,-1,68,69,70,-1,70,69,71,-1,70,71,72,-1,10,73,11,-1,11,73,74,-1,11,74,75,-1,75,74,76,-1,75,76,77,-1,77,76,78,-1,77,78,79,-1,79,78,80,-1,79,80,81,-1,81,80,82,-1,81,82,83,-1,83,82,84,-1,83,84,85,-1,85,84,86,-1,85,86,87,-1,87,86,88,-1,87,88,89,-1,89,88,90,-1,89,90,19,-1,19,90,91,-1,19,91,58,-1,31,92,33,-1,33,92,93,-1,33,93,94,-1,94,93,95,-1,94,95,96,-1,96,95,97,-1,96,97,98,-1,98,97,99,-1,98,99,100,-1,100,99,101,-1,100,101,102,-1,102,101,103,-1,102,103,62,-1,62,103,104,-1,62,104,63,-1,105,106,107,-1,107,106,108,-1,107,108,28,-1,28,108,109,-1,28,109,26,-1,110,111,112,-1,112,111,113,-1,112,113,114,-1,114,113,115,-1,114,115,116,-1,116,115,117,-1,116,117,118,-1,118,117,119,-1,118,119,14,-1,14,119,120,-1,14,120,13,-1,38,37,121,-1,121,37,122,-1,121,122,123,-1,123,122,124,-1,123,124,125,-1,125,124,126,-1,125,126,127,-1,127,126,128,-1,127,128,105,-1,105,128,129,-1,105,129,106,-1,2,130,0,-1,0,130,131,-1,0,131,132,-1,132,131,133,-1,132,133,134,-1,134,133,135,-1,134,135,110,-1,110,135,136,-1,110,136,111,-1,137,138,139,-1,71,140,72,-1,72,140,137,-1,72,137,141,-1,141,137,139,-1,142,143,137,-1,137,143,144,-1,137,144,138,-1,145,146,147,-1,146,148,147,-1,147,148,149,-1,147,149,150,-1,142,137,147,-1,147,137,151,-1,147,151,145,-1,98,152,153,-1,98,153,96,-1,96,153,154,-1,96,154,94,-1,154,155,94,-1,94,155,156,-1,94,156,33,-1,33,156,157,-1,33,157,32,-1,32,157,158,-1,32,158,30,-1,30,158,159,-1,30,159,28,-1,28,159,160,-1,28,160,107,-1,107,160,161,-1,107,161,105,-1,127,105,162,-1,162,105,161,-1,162,163,127,-1,127,163,164,-1,127,164,125,-1,125,164,165,-1,125,165,123,-1,123,165,166,-1,123,166,121,-1,121,166,167,-1,121,167,38,-1,38,167,36,-1,36,167,168,-1,36,168,169,-1,36,169,170,-1,36,170,34,-1,34,170,171,-1,34,171,6,-1,6,171,172,-1,6,172,41,-1,41,172,173,-1,41,173,15,-1,15,173,174,-1,15,174,2,-1,2,174,175,-1,2,175,130,-1,130,175,176,-1,130,176,131,-1,131,176,177,-1,131,177,133,-1,178,135,179,-1,179,135,133,-1,179,133,177,-1,180,111,178,-1,178,111,136,-1,178,136,135,-1,180,181,111,-1,111,181,182,-1,111,182,113,-1,113,182,183,-1,113,183,115,-1,115,183,184,-1,115,184,117,-1,117,184,185,-1,117,185,119,-1,119,185,186,-1,119,186,120,-1,120,186,187,-1,120,187,13,-1,13,187,188,-1,13,188,12,-1,12,188,189,-1,12,189,25,-1,189,190,25,-1,25,190,191,-1,25,191,24,-1,24,191,192,-1,24,192,55,-1,55,192,193,-1,55,193,53,-1,193,194,53,-1,53,194,195,-1,53,195,51,-1,51,195,196,-1,51,196,49,-1,197,20,5,-1,49,196,198,-1,199,21,198,-1,198,21,47,-1,198,47,49,-1,199,200,21,-1,21,200,201,-1,21,201,22,-1,22,201,202,-1,22,202,3,-1,3,202,203,-1,3,203,4,-1,4,203,204,-1,4,204,5,-1,5,204,205,-1,5,205,197,-1,18,20,206,-1,206,20,197,-1,16,18,207,-1,207,18,206,-1,17,16,208,-1,208,16,207,-1,19,17,209,-1,209,17,208,-1,19,209,210,-1,19,210,89,-1,89,210,211,-1,89,211,87,-1,87,211,212,-1,87,212,85,-1,85,212,213,-1,85,213,83,-1,83,213,214,-1,83,214,81,-1,81,214,215,-1,81,215,79,-1,79,215,216,-1,79,216,77,-1,77,216,217,-1,77,217,75,-1,75,217,218,-1,75,218,11,-1,11,218,219,-1,11,219,14,-1,14,219,220,-1,14,220,118,-1,118,220,221,-1,118,221,116,-1,116,221,222,-1,116,222,114,-1,114,222,223,-1,114,223,112,-1,112,223,110,-1,110,223,224,-1,224,225,110,-1,110,225,226,-1,110,226,134,-1,134,226,227,-1,134,227,132,-1,132,227,228,-1,132,228,0,-1,0,228,229,-1,0,229,1,-1,1,229,230,-1,1,230,39,-1,39,230,231,-1,39,231,40,-1,40,231,232,-1,40,232,42,-1,42,232,233,-1,42,233,43,-1,43,233,234,-1,43,234,7,-1,7,234,235,-1,7,235,8,-1,8,235,236,-1,8,236,35,-1,35,236,237,-1,35,237,37,-1,37,237,238,-1,37,238,122,-1,122,238,239,-1,122,239,124,-1,124,239,240,-1,124,240,126,-1,126,240,241,-1,126,241,128,-1,128,241,242,-1,128,242,129,-1,129,242,243,-1,129,243,106,-1,106,243,244,-1,106,244,108,-1,108,244,245,-1,108,245,109,-1,109,245,246,-1,109,246,26,-1,27,26,247,-1,247,26,246,-1,27,247,248,-1,27,248,29,-1,29,248,249,-1,29,249,31,-1,31,249,250,-1,31,250,92,-1,92,250,251,-1,92,251,93,-1,93,251,252,-1,93,252,95,-1,252,253,95,-1,95,253,254,-1,95,254,97,-1,97,254,255,-1,97,255,99,-1,99,255,256,-1,99,256,101,-1,101,256,257,-1,101,257,103,-1,103,257,258,-1,103,258,104,-1,104,258,259,-1,104,259,63,-1,63,259,260,-1,63,260,65,-1,65,260,261,-1,65,261,67,-1,67,261,262,-1,67,262,69,-1,71,69,263,-1,263,69,262,-1,71,263,264,-1,71,264,140,-1,140,264,265,-1,140,265,137,-1,137,265,266,-1,137,266,151,-1,151,266,267,-1,151,267,145,-1,145,267,268,-1,145,268,146,-1,146,268,269,-1,146,269,148,-1,148,269,270,-1,148,270,149,-1,149,270,271,-1,149,271,150,-1,150,271,272,-1,150,272,147,-1,147,272,273,-1,147,273,142,-1,142,273,274,-1,142,274,143,-1,143,274,275,-1,143,275,144,-1,144,275,276,-1,144,276,138,-1,138,276,277,-1,138,277,139,-1,139,277,278,-1,139,278,141,-1,141,278,279,-1,141,279,72,-1,72,279,280,-1,72,280,70,-1,68,70,281,-1,281,70,280,-1,68,281,282,-1,68,282,66,-1,66,282,283,-1,66,283,64,-1,64,283,284,-1,64,284,62,-1,62,284,285,-1,62,285,102,-1,102,285,286,-1,102,286,100,-1,100,286,152,-1,100,152,98,-1,84,287,288,-1,84,288,86,-1,86,288,289,-1,86,289,88,-1,88,289,290,-1,88,290,90,-1,90,290,291,-1,90,291,91,-1,91,291,292,-1,91,292,58,-1,58,292,293,-1,58,293,59,-1,59,293,294,-1,59,294,60,-1,60,294,295,-1,60,295,61,-1,61,295,296,-1,61,296,44,-1,44,296,297,-1,44,297,45,-1,45,297,298,-1,45,298,46,-1,46,298,299,-1,46,299,48,-1,48,299,300,-1,48,300,50,-1,50,300,301,-1,50,301,52,-1,52,301,302,-1,52,302,54,-1,54,302,303,-1,54,303,56,-1,56,303,304,-1,56,304,57,-1,57,304,305,-1,57,305,23,-1,23,305,306,-1,23,306,9,-1,9,306,307,-1,9,307,10,-1,10,307,308,-1,10,308,73,-1,73,308,309,-1,73,309,74,-1,74,309,310,-1,74,310,76,-1,76,310,311,-1,76,311,78,-1,78,311,312,-1,78,312,80,-1,80,312,313,-1,80,313,82,-1,82,313,287,-1,82,287,84,-1,
        ]
    }
}
Shape{
    appearance Appearance {
        material  Material 	{
            diffuseColor 0.2 0.2 0.2
            specularColor 0.2 0.2 0.2
            ambientIntensity 0.2
            transparency 0.0
            shininess 0.5
        }
    }
    geometry IndexedFaceSet {
        ccw TRUE
        solid FALSE
        coord DEF co Coordinate {
            point [
                -0.3449 -0.687 0.5808, -0.3499 -0.687 0.5789, -0.3403 -0.687 0.5372, -0.3543 -0.687 0.5757, -0.3566 -0.687 0.5733, -0.3604 -0.687 0.5524, -0.3582 -0.687 0.5476, -0.3549 -0.687 0.5436, -0.3394 -0.687 0.5372, -0.3209 -0.687 0.5717, -0.3245 -0.687 0.5759, -0.3337 -0.687 0.5379, -0.3173 -0.687 0.5618, -0.3185 -0.687 0.567, -0.3288 -0.687 0.5398, -0.3245 -0.687 0.5429, -0.3173 -0.687 0.5571, -0.3212 -0.687 0.5467, -0.3186 -0.687 0.5516, -0.3291 -0.687 0.579, -0.3343 -0.687 0.581, -0.3394 -0.687 0.5816, -0.3595 -0.687 0.5686, -0.3612 -0.687 0.5633, -0.3615 -0.687 0.5577, -0.3506 -0.687 0.5402, -0.3454 -0.687 0.538
            ]
        }
        coordIndex [
            0,1,2,-1,2,1,3,-1,2,3,4,-1,5,6,4,-1,4,6,7,-1,8,9,10,-1,11,12,8,-1,8,12,13,-1,8,13,9,-1,11,14,12,-1,12,14,15,-1,12,15,16,-1,16,15,17,-1,16,17,18,-1,10,19,8,-1,8,19,20,-1,8,20,2,-1,2,20,21,-1,2,21,0,-1,22,23,4,-1,4,23,24,-1,4,24,5,-1,7,25,4,-1,4,25,26,-1,4,26,2,-1,
        ]
    }
}